{
"type": "FeatureCollection",
"name": "ams-gentrification-hotspots",
"crs": { "type": "name", "properties": { "name": "urn:ogc:def:crs:OGC:1.3:CRS84" } },
"xy_coordinate_resolution": 1e-06,
"features": [
{ "type": "Feature", "properties": { "id": 550, "name": "Anjeliersbuurt-Zuid", "g_score_2022": 0.6518, "g_score_2010": 0.6098, "g_diff": 0.042, "gi_star_z": 0.2374, "class_196": "not significant", "class_140": "not significant" }, "geometry": { "type": "Polygon", "coordinates": [ [ [ 4.877603, 52.375206 ], [ 4.877796, 52.375198 ], [ 4.884272, 52.376599 ], [ 4.884472, 52.376605 ], [ 4.884779, 52.37653 ], [ 4.886206, 52.378089 ], [ 4.887129, 52.379096 ], [ 4.879359, 52.377669 ], [ 4.879183, 52.377706 ], [ 4.877603, 52.375206 ] ] ] } },
{ "type": "Feature", "properties": { "id": 463, "name": "Park Haagseweg", "g_score_2022": 0.9304, "g_score_2010": 0.9503, "g_diff": -0.02, "gi_star_z": -0.7939, "class_196": "not significant", "class_140": "not significant" }, "geometry": { "type": "Polygon", "coordinates": [ [ [ 4.820827, 52.343299 ], [ 4.820779, 52.343205 ], [ 4.820765, 52.343116 ], [ 4.820876, 52.342051 ], [ 4.822054, 52.342116 ], [ 4.822828, 52.342119 ], [ 4.823204, 52.342141 ], [ 4.823973, 52.34221 ], [ 4.825007, 52.342375 ], [ 4.825677, 52.342491 ], [ 4.826368, 52.342581 ], [ 4.826536, 52.342596 ], [ 4.826906, 52.342609 ], [ 4.827714, 52.342609 ], [ 4.827749, 52.343418 ], [ 4.827743, 52.343815 ], [ 4.827703, 52.344305 ], [ 4.827623, 52.344744 ], [ 4.827595, 52.345157 ], [ 4.826771, 52.345142 ], [ 4.82639, 52.345125 ], [ 4.825929, 52.345085 ], [ 4.825688, 52.345054 ], [ 4.825134, 52.344952 ], [ 4.824435, 52.344779 ], [ 4.824319, 52.344723 ], [ 4.824227, 52.344666 ], [ 4.823937, 52.344641 ], [ 4.823796, 52.344636 ], [ 4.823666, 52.344642 ], [ 4.82344, 52.344675 ], [ 4.823316, 52.344708 ], [ 4.822944, 52.34484 ], [ 4.822904, 52.344714 ], [ 4.822837, 52.344593 ], [ 4.822743, 52.344479 ], [ 4.822626, 52.344374 ], [ 4.822478, 52.344274 ], [ 4.821004, 52.343459 ], [ 4.820894, 52.343377 ], [ 4.820827, 52.343299 ] ] ] } },
{ "type": "Feature", "properties": { "id": 230, "name": "Sarphatistrook", "g_score_2022": 0.7046, "g_score_2010": 0.6697, "g_diff": 0.0349, "gi_star_z": 0.1248, "class_196": "not significant", "class_140": "not significant" }, "geometry": { "type": "Polygon", "coordinates": [ [ [ 4.903415, 52.36153 ], [ 4.904205, 52.359948 ], [ 4.904634, 52.359212 ], [ 4.905163, 52.359348 ], [ 4.905975, 52.359499 ], [ 4.906171, 52.35955 ], [ 4.906505, 52.359664 ], [ 4.906642, 52.359724 ], [ 4.906922, 52.359877 ], [ 4.907104, 52.360005 ], [ 4.907379, 52.36022 ], [ 4.90751, 52.3603 ], [ 4.907645, 52.360371 ], [ 4.907784, 52.360431 ], [ 4.907974, 52.360499 ], [ 4.908327, 52.360591 ], [ 4.908567, 52.360641 ], [ 4.90881, 52.36066 ], [ 4.909038, 52.360651 ], [ 4.909355, 52.360599 ], [ 4.909644, 52.360579 ], [ 4.90996, 52.360587 ], [ 4.910257, 52.360624 ], [ 4.910565, 52.360697 ], [ 4.910838, 52.360796 ], [ 4.911089, 52.360926 ], [ 4.911205, 52.361004 ], [ 4.91129, 52.361075 ], [ 4.911371, 52.361126 ], [ 4.911492, 52.361181 ], [ 4.911627, 52.361222 ], [ 4.911781, 52.361248 ], [ 4.912851, 52.361359 ], [ 4.914036, 52.361496 ], [ 4.91508, 52.361787 ], [ 4.915781, 52.36198 ], [ 4.916005, 52.362028 ], [ 4.916241, 52.362068 ], [ 4.916415, 52.362089 ], [ 4.91749, 52.362131 ], [ 4.916779, 52.363423 ], [ 4.916566, 52.36337 ], [ 4.916385, 52.363351 ], [ 4.916155, 52.363356 ], [ 4.915976, 52.363383 ], [ 4.915891, 52.363404 ], [ 4.915144, 52.363661 ], [ 4.915112, 52.363708 ], [ 4.914387, 52.363945 ], [ 4.914224, 52.363769 ], [ 4.91078, 52.363092 ], [ 4.905049, 52.361987 ], [ 4.905117, 52.361852 ], [ 4.903415, 52.36153 ] ] ] } },
{ "type": "Feature", "properties": { "id": 231, "name": "Alexanderplein e.o.", "g_score_2022": 0.8051, "g_score_2010": 0.7789, "g_diff": 0.0261, "gi_star_z": 0.2415, "class_196": "not significant", "class_140": "not significant" }, "geometry": { "type": "Polygon", "coordinates": [ [ [ 4.916779, 52.363423 ], [ 4.91749, 52.362131 ], [ 4.91781, 52.362145 ], [ 4.918131, 52.362192 ], [ 4.918427, 52.362267 ], [ 4.918707, 52.362374 ], [ 4.918873, 52.362457 ], [ 4.919029, 52.362554 ], [ 4.919719, 52.363137 ], [ 4.919878, 52.363221 ], [ 4.920047, 52.363289 ], [ 4.920213, 52.363337 ], [ 4.920388, 52.363372 ], [ 4.921105, 52.363432 ], [ 4.921485, 52.363479 ], [ 4.921766, 52.363522 ], [ 4.921918, 52.363561 ], [ 4.922067, 52.363616 ], [ 4.922201, 52.363684 ], [ 4.922313, 52.363759 ], [ 4.920552, 52.36482 ], [ 4.920365, 52.364701 ], [ 4.919635, 52.364364 ], [ 4.918457, 52.363884 ], [ 4.916779, 52.363423 ] ] ] } },
{ "type": "Feature", "properties": { "id": 235, "name": "Oostenburg", "g_score_2022": 0.6591, "g_score_2010": 0.6193, "g_diff": 0.0397, "gi_star_z": -0.3803, "class_196": "not significant", "class_140": "not significant" }, "geometry": { "type": "Polygon", "coordinates": [ [ [ 4.9202, 52.368751 ], [ 4.922299, 52.368051 ], [ 4.923761, 52.367555 ], [ 4.92402, 52.367491 ], [ 4.924297, 52.367443 ], [ 4.925362, 52.368096 ], [ 4.925797, 52.368374 ], [ 4.925872, 52.368331 ], [ 4.926129, 52.368489 ], [ 4.926052, 52.368538 ], [ 4.926542, 52.36885 ], [ 4.928833, 52.370259 ], [ 4.92981, 52.37082 ], [ 4.931974, 52.372156 ], [ 4.931749, 52.37235 ], [ 4.931432, 52.372586 ], [ 4.931178, 52.372751 ], [ 4.93088, 52.37292 ], [ 4.930551, 52.373077 ], [ 4.930191, 52.373225 ], [ 4.929855, 52.373345 ], [ 4.929403, 52.373475 ], [ 4.928551, 52.373681 ], [ 4.927907, 52.373853 ], [ 4.927864, 52.373761 ], [ 4.923741, 52.371176 ], [ 4.922496, 52.370224 ], [ 4.92128, 52.369463 ], [ 4.921064, 52.369546 ], [ 4.920706, 52.369309 ], [ 4.9202, 52.368751 ] ] ] } },
{ "type": "Feature", "properties": { "id": 226, "name": "Den Texbuurt", "g_score_2022": 0.7694, "g_score_2010": 0.6928, "g_diff": 0.0766, "gi_star_z": 0.4508, "class_196": "not significant", "class_140": "not significant" }, "geometry": { "type": "Polygon", "coordinates": [ [ [ 4.8863, 52.36078 ], [ 4.887389, 52.360232 ], [ 4.887686, 52.360074 ], [ 4.88795, 52.359896 ], [ 4.888175, 52.359705 ], [ 4.888292, 52.359585 ], [ 4.888412, 52.359441 ], [ 4.888644, 52.35923 ], [ 4.888931, 52.359019 ], [ 4.889253, 52.358828 ], [ 4.889405, 52.358752 ], [ 4.889605, 52.358667 ], [ 4.889807, 52.358594 ], [ 4.890008, 52.358532 ], [ 4.890216, 52.358479 ], [ 4.890437, 52.358432 ], [ 4.890655, 52.358397 ], [ 4.89088, 52.358369 ], [ 4.896177, 52.358047 ], [ 4.89639, 52.359529 ], [ 4.896388, 52.359683 ], [ 4.896185, 52.359696 ], [ 4.890777, 52.360025 ], [ 4.89012, 52.360071 ], [ 4.890016, 52.36009 ], [ 4.886983, 52.361539 ], [ 4.886786, 52.361331 ], [ 4.886551, 52.360986 ], [ 4.886442, 52.360887 ], [ 4.8863, 52.36078 ] ] ] } },
{ "type": "Feature", "properties": { "id": 227, "name": "Frederikspleinbuurt", "g_score_2022": 0.8096, "g_score_2010": 0.7978, "g_diff": 0.0118, "gi_star_z": 0.3322, "class_196": "not significant", "class_140": "not significant" }, "geometry": { "type": "Polygon", "coordinates": [ [ [ 4.896177, 52.358047 ], [ 4.898039, 52.357935 ], [ 4.898259, 52.357948 ], [ 4.898511, 52.357973 ], [ 4.89876, 52.358006 ], [ 4.899006, 52.358049 ], [ 4.899246, 52.3581 ], [ 4.901674, 52.358595 ], [ 4.904, 52.359049 ], [ 4.904634, 52.359212 ], [ 4.904205, 52.359948 ], [ 4.903415, 52.36153 ], [ 4.903351, 52.361656 ], [ 4.901194, 52.361227 ], [ 4.896181, 52.360253 ], [ 4.896211, 52.359874 ], [ 4.896185, 52.359696 ], [ 4.896388, 52.359683 ], [ 4.89639, 52.359529 ], [ 4.896177, 52.358047 ] ] ] } },
{ "type": "Feature", "properties": { "id": 228, "name": "Weesperbuurt", "g_score_2022": 0.6953, "g_score_2010": 0.6633, "g_diff": 0.032, "gi_star_z": 0.0298, "class_196": "not significant", "class_140": "not significant" }, "geometry": { "type": "Polygon", "coordinates": [ [ [ 4.901217, 52.365779 ], [ 4.901557, 52.365162 ], [ 4.90277, 52.362805 ], [ 4.903351, 52.361656 ], [ 4.903415, 52.36153 ], [ 4.905117, 52.361852 ], [ 4.905049, 52.361987 ], [ 4.91078, 52.363092 ], [ 4.914224, 52.363769 ], [ 4.914387, 52.363945 ], [ 4.913342, 52.364287 ], [ 4.91126, 52.365003 ], [ 4.91055, 52.365256 ], [ 4.908877, 52.365816 ], [ 4.908245, 52.365698 ], [ 4.908099, 52.365987 ], [ 4.907931, 52.366112 ], [ 4.907733, 52.366227 ], [ 4.907553, 52.366307 ], [ 4.90736, 52.366375 ], [ 4.90722, 52.366413 ], [ 4.906323, 52.366618 ], [ 4.906116, 52.366765 ], [ 4.906035, 52.366726 ], [ 4.905631, 52.366613 ], [ 4.901835, 52.36589 ], [ 4.901217, 52.365779 ] ] ] } },
{ "type": "Feature", "properties": { "id": 229, "name": "Plantage", "g_score_2022": 0.7884, "g_score_2010": 0.7199, "g_diff": 0.0685, "gi_star_z": -0.1215, "class_196": "not significant", "class_140": "not significant" }, "geometry": { "type": "Polygon", "coordinates": [ [ [ 4.906116, 52.366765 ], [ 4.906323, 52.366618 ], [ 4.90722, 52.366413 ], [ 4.90736, 52.366375 ], [ 4.907553, 52.366307 ], [ 4.907733, 52.366227 ], [ 4.907931, 52.366112 ], [ 4.908099, 52.365987 ], [ 4.908245, 52.365698 ], [ 4.908877, 52.365816 ], [ 4.91055, 52.365256 ], [ 4.91126, 52.365003 ], [ 4.913342, 52.364287 ], [ 4.914387, 52.363945 ], [ 4.915112, 52.363708 ], [ 4.915144, 52.363661 ], [ 4.915891, 52.363404 ], [ 4.915976, 52.363383 ], [ 4.916155, 52.363356 ], [ 4.916385, 52.363351 ], [ 4.916566, 52.36337 ], [ 4.916779, 52.363423 ], [ 4.918457, 52.363884 ], [ 4.919635, 52.364364 ], [ 4.920365, 52.364701 ], [ 4.920552, 52.36482 ], [ 4.921268, 52.365276 ], [ 4.921623, 52.365575 ], [ 4.921243, 52.366102 ], [ 4.910685, 52.3697 ], [ 4.910038, 52.369315 ], [ 4.909685, 52.369068 ], [ 4.907105, 52.367342 ], [ 4.906546, 52.366984 ], [ 4.90637, 52.366888 ], [ 4.906116, 52.366765 ] ] ] } },
{ "type": "Feature", "properties": { "id": 54, "name": "Woon- en Groengebied Sloterdijk", "g_score_2022": 0.8968, "g_score_2010": 0.7604, "g_diff": 0.1363, "gi_star_z": 0.7585, "class_196": "not significant", "class_140": "not significant" }, "geometry": { "type": "Polygon", "coordinates": [ [ [ 4.844687, 52.38892 ], [ 4.844689, 52.388756 ], [ 4.844665, 52.388757 ], [ 4.844669, 52.388623 ], [ 4.844761, 52.386922 ], [ 4.844732, 52.386384 ], [ 4.844798, 52.385146 ], [ 4.844811, 52.385146 ], [ 4.844813, 52.385108 ], [ 4.845033, 52.385119 ], [ 4.845324, 52.385156 ], [ 4.845564, 52.385168 ], [ 4.846198, 52.385159 ], [ 4.84751, 52.385165 ], [ 4.852974, 52.385256 ], [ 4.855107, 52.385308 ], [ 4.855246, 52.385302 ], [ 4.855658, 52.385305 ], [ 4.856675, 52.385324 ], [ 4.860674, 52.385394 ], [ 4.864208, 52.385453 ], [ 4.863971, 52.386114 ], [ 4.86388, 52.386368 ], [ 4.863697, 52.386743 ], [ 4.863505, 52.387177 ], [ 4.86319, 52.388028 ], [ 4.864917, 52.388058 ], [ 4.864849, 52.388645 ], [ 4.86493, 52.388661 ], [ 4.864963, 52.388967 ], [ 4.864756, 52.388972 ], [ 4.862088, 52.388954 ], [ 4.862089, 52.388979 ], [ 4.861826, 52.388979 ], [ 4.861822, 52.388953 ], [ 4.859171, 52.388933 ], [ 4.853664, 52.388893 ], [ 4.850898, 52.388881 ], [ 4.850896, 52.388918 ], [ 4.849925, 52.388919 ], [ 4.849924, 52.388879 ], [ 4.847451, 52.3889 ], [ 4.84745, 52.388928 ], [ 4.847238, 52.388924 ], [ 4.847239, 52.388881 ], [ 4.845858, 52.388921 ], [ 4.844687, 52.38892 ] ] ] } },
{ "type": "Feature", "properties": { "id": 59, "name": "Spaarndammerbuurt-Noordwest", "g_score_2022": 0.6477, "g_score_2010": 0.5696, "g_diff": 0.0781, "gi_star_z": 3.0842, "class_196": "hotspot", "class_140": "hotspot" }, "geometry": { "type": "Polygon", "coordinates": [ [ [ 4.866317, 52.39312 ], [ 4.867889, 52.392431 ], [ 4.87033, 52.391303 ], [ 4.870856, 52.391071 ], [ 4.871234, 52.390918 ], [ 4.871413, 52.390962 ], [ 4.872607, 52.390435 ], [ 4.872887, 52.390665 ], [ 4.873038, 52.39074 ], [ 4.87348, 52.390882 ], [ 4.87381, 52.390973 ], [ 4.876652, 52.391826 ], [ 4.877469, 52.39222 ], [ 4.876784, 52.392692 ], [ 4.876668, 52.392743 ], [ 4.876557, 52.392777 ], [ 4.87643, 52.392804 ], [ 4.876321, 52.392816 ], [ 4.874061, 52.392853 ], [ 4.873589, 52.392871 ], [ 4.873119, 52.392905 ], [ 4.871581, 52.393058 ], [ 4.871159, 52.393087 ], [ 4.87051, 52.393118 ], [ 4.867337, 52.393189 ], [ 4.866848, 52.393176 ], [ 4.866563, 52.393152 ], [ 4.866317, 52.39312 ] ] ] } },
{ "type": "Feature", "properties": { "id": 60, "name": "Spaarndammerbuurt-Midden", "g_score_2022": 0.6645, "g_score_2010": 0.6195, "g_diff": 0.045, "gi_star_z": 1.6344, "class_196": "not significant", "class_140": "hotspot" }, "geometry": { "type": "Polygon", "coordinates": [ [ [ 4.872607, 52.390435 ], [ 4.874549, 52.389566 ], [ 4.878362, 52.390713 ], [ 4.87827, 52.390942 ], [ 4.87813, 52.391426 ], [ 4.878209, 52.391656 ], [ 4.878131, 52.3917 ], [ 4.877469, 52.39222 ], [ 4.876652, 52.391826 ], [ 4.87381, 52.390973 ], [ 4.87348, 52.390882 ], [ 4.873038, 52.39074 ], [ 4.872887, 52.390665 ], [ 4.872607, 52.390435 ] ] ] } },
{ "type": "Feature", "properties": { "id": 62, "name": "Spaarndammerbuurt-Zuidwest", "g_score_2022": 0.6438, "g_score_2010": 0.6095, "g_diff": 0.0343, "gi_star_z": 0.1684, "class_196": "not significant", "class_140": "not significant" }, "geometry": { "type": "Polygon", "coordinates": [ [ [ 4.874549, 52.389566 ], [ 4.877787, 52.388125 ], [ 4.87877, 52.387706 ], [ 4.87904, 52.387602 ], [ 4.881035, 52.386903 ], [ 4.881513, 52.386788 ], [ 4.87971, 52.389034 ], [ 4.878362, 52.390713 ], [ 4.874549, 52.389566 ] ] ] } },
{ "type": "Feature", "properties": { "id": 63, "name": "Spaarndammerbuurt-Noordoost", "g_score_2022": 0.5849, "g_score_2010": 0.5756, "g_diff": 0.0094, "gi_star_z": 1.6843, "class_196": "not significant", "class_140": "hotspot" }, "geometry": { "type": "Polygon", "coordinates": [ [ [ 4.878209, 52.391656 ], [ 4.87813, 52.391426 ], [ 4.87827, 52.390942 ], [ 4.878362, 52.390713 ], [ 4.87971, 52.389034 ], [ 4.880432, 52.389249 ], [ 4.881259, 52.389146 ], [ 4.881242, 52.389095 ], [ 4.881572, 52.388773 ], [ 4.883986, 52.388463 ], [ 4.884485, 52.38838 ], [ 4.885524, 52.390472 ], [ 4.884757, 52.390783 ], [ 4.878399, 52.391599 ], [ 4.878299, 52.391622 ], [ 4.878209, 52.391656 ] ] ] } },
{ "type": "Feature", "properties": { "id": 66, "name": "Spaarndammerbuurt-Zuidoost", "g_score_2022": 0.6863, "g_score_2010": 0.6296, "g_diff": 0.0567, "gi_star_z": -0.0503, "class_196": "not significant", "class_140": "not significant" }, "geometry": { "type": "Polygon", "coordinates": [ [ [ 4.87971, 52.389034 ], [ 4.881513, 52.386788 ], [ 4.881897, 52.386696 ], [ 4.883239, 52.386244 ], [ 4.884002, 52.387343 ], [ 4.884485, 52.38838 ], [ 4.883986, 52.388463 ], [ 4.881572, 52.388773 ], [ 4.881242, 52.389095 ], [ 4.881259, 52.389146 ], [ 4.880432, 52.389249 ], [ 4.87971, 52.389034 ] ] ] } },
{ "type": "Feature", "properties": { "id": 309, "name": "Kadijken", "g_score_2022": 0.694, "g_score_2010": 0.6867, "g_diff": 0.0074, "gi_star_z": 0.1245, "class_196": "not significant", "class_140": "not significant" }, "geometry": { "type": "Polygon", "coordinates": [ [ [ 4.910685, 52.3697 ], [ 4.921243, 52.366102 ], [ 4.921623, 52.365575 ], [ 4.922042, 52.365321 ], [ 4.923957, 52.366499 ], [ 4.925043, 52.366994 ], [ 4.925129, 52.367053 ], [ 4.9253, 52.367219 ], [ 4.924495, 52.36742 ], [ 4.924297, 52.367443 ], [ 4.92402, 52.367491 ], [ 4.923761, 52.367555 ], [ 4.922299, 52.368051 ], [ 4.9202, 52.368751 ], [ 4.919538, 52.368972 ], [ 4.917016, 52.369917 ], [ 4.915135, 52.370583 ], [ 4.914822, 52.370717 ], [ 4.914453, 52.370907 ], [ 4.913413, 52.371467 ], [ 4.911127, 52.369968 ], [ 4.910685, 52.3697 ] ] ] } },
{ "type": "Feature", "properties": { "id": 44, "name": "Hemelrijk", "g_score_2022": 0.6948, "g_score_2010": 0.636, "g_diff": 0.0588, "gi_star_z": 0.0827, "class_196": "not significant", "class_140": "not significant" }, "geometry": { "type": "Polygon", "coordinates": [ [ [ 4.892082, 52.377032 ], [ 4.8942, 52.376609 ], [ 4.894422, 52.376738 ], [ 4.894775, 52.376916 ], [ 4.894966, 52.37704 ], [ 4.895104, 52.377147 ], [ 4.895584, 52.3776 ], [ 4.895663, 52.377661 ], [ 4.895748, 52.377712 ], [ 4.89585, 52.377757 ], [ 4.895954, 52.377792 ], [ 4.896895, 52.378001 ], [ 4.897713, 52.378678 ], [ 4.897528, 52.378761 ], [ 4.895468, 52.379856 ], [ 4.895194, 52.379624 ], [ 4.894341, 52.37903 ], [ 4.894004, 52.378766 ], [ 4.893914, 52.378696 ], [ 4.892082, 52.377032 ] ] ] } },
{ "type": "Feature", "properties": { "id": 310, "name": "Kazernebuurt", "g_score_2022": 0.6769, "g_score_2010": 0.6434, "g_diff": 0.0334, "gi_star_z": 0.1157, "class_196": "not significant", "class_140": "not significant" }, "geometry": { "type": "Polygon", "coordinates": [ [ [ 4.920552, 52.36482 ], [ 4.922313, 52.363759 ], [ 4.924778, 52.365248 ], [ 4.925602, 52.365666 ], [ 4.926602, 52.36627 ], [ 4.926727, 52.366333 ], [ 4.926854, 52.366383 ], [ 4.926989, 52.366425 ], [ 4.927138, 52.36646 ], [ 4.926708, 52.367106 ], [ 4.925596, 52.367138 ], [ 4.9253, 52.367219 ], [ 4.925129, 52.367053 ], [ 4.925043, 52.366994 ], [ 4.923957, 52.366499 ], [ 4.922042, 52.365321 ], [ 4.921623, 52.365575 ], [ 4.921268, 52.365276 ], [ 4.920552, 52.36482 ] ] ] } },
{ "type": "Feature", "properties": { "id": 102, "name": "John Franklinbuurt", "g_score_2022": 0.6438, "g_score_2010": 0.5736, "g_diff": 0.0702, "gi_star_z": 0.3782, "class_196": "not significant", "class_140": "not significant" }, "geometry": { "type": "Polygon", "coordinates": [ [ [ 4.852417, 52.373402 ], [ 4.853694, 52.370636 ], [ 4.856556, 52.371126 ], [ 4.855569, 52.374358 ], [ 4.855102, 52.374295 ], [ 4.854954, 52.374267 ], [ 4.854812, 52.374229 ], [ 4.854656, 52.374175 ], [ 4.853147, 52.373556 ], [ 4.852898, 52.373485 ], [ 4.852417, 52.373402 ] ] ] } },
{ "type": "Feature", "properties": { "id": 103, "name": "Pieter van der Doesbuurt", "g_score_2022": 0.6884, "g_score_2010": 0.6359, "g_diff": 0.0525, "gi_star_z": 0.4382, "class_196": "not significant", "class_140": "not significant" }, "geometry": { "type": "Polygon", "coordinates": [ [ [ 4.855569, 52.374358 ], [ 4.856556, 52.371126 ], [ 4.856982, 52.371198 ], [ 4.857888, 52.371326 ], [ 4.858893, 52.371446 ], [ 4.859076, 52.371459 ], [ 4.859609, 52.371514 ], [ 4.859493, 52.371744 ], [ 4.859327, 52.372265 ], [ 4.859205, 52.372594 ], [ 4.858569, 52.374656 ], [ 4.857692, 52.374599 ], [ 4.855569, 52.374358 ] ] ] } },
{ "type": "Feature", "properties": { "id": 104, "name": "Trompbuurt", "g_score_2022": 0.7469, "g_score_2010": 0.693, "g_diff": 0.0539, "gi_star_z": 0.2731, "class_196": "not significant", "class_140": "not significant" }, "geometry": { "type": "Polygon", "coordinates": [ [ [ 4.858569, 52.374656 ], [ 4.859205, 52.372594 ], [ 4.859327, 52.372265 ], [ 4.859493, 52.371744 ], [ 4.859609, 52.371514 ], [ 4.859773, 52.371517 ], [ 4.859969, 52.371499 ], [ 4.862997, 52.370927 ], [ 4.863266, 52.370849 ], [ 4.863656, 52.370668 ], [ 4.863575, 52.372254 ], [ 4.863549, 52.372521 ], [ 4.863472, 52.373053 ], [ 4.863361, 52.373584 ], [ 4.863294, 52.373848 ], [ 4.862867, 52.375199 ], [ 4.862071, 52.375092 ], [ 4.860457, 52.374914 ], [ 4.859751, 52.374791 ], [ 4.858704, 52.374665 ], [ 4.858569, 52.374656 ] ] ] } },
{ "type": "Feature", "properties": { "id": 105, "name": "Geuzenhofbuurt", "g_score_2022": 0.783, "g_score_2010": 0.76, "g_diff": 0.023, "gi_star_z": 0.3083, "class_196": "not significant", "class_140": "not significant" }, "geometry": { "type": "Polygon", "coordinates": [ [ [ 4.862867, 52.375199 ], [ 4.863294, 52.373848 ], [ 4.863361, 52.373584 ], [ 4.863472, 52.373053 ], [ 4.863549, 52.372521 ], [ 4.863575, 52.372254 ], [ 4.863656, 52.370668 ], [ 4.864039, 52.370487 ], [ 4.865028, 52.370138 ], [ 4.866358, 52.371587 ], [ 4.867237, 52.372541 ], [ 4.864943, 52.374456 ], [ 4.864858, 52.374536 ], [ 4.864765, 52.374643 ], [ 4.86469, 52.374757 ], [ 4.864637, 52.374868 ], [ 4.864439, 52.375413 ], [ 4.862867, 52.375199 ] ] ] } },
{ "type": "Feature", "properties": { "id": 106, "name": "Orteliusbuurt-Midden", "g_score_2022": 0.7108, "g_score_2010": 0.6499, "g_diff": 0.0609, "gi_star_z": 0.5614, "class_196": "not significant", "class_140": "not significant" }, "geometry": { "type": "Polygon", "coordinates": [ [ [ 4.848359, 52.369716 ], [ 4.848708, 52.368959 ], [ 4.848678, 52.368932 ], [ 4.849705, 52.366706 ], [ 4.852488, 52.367188 ], [ 4.851587, 52.369145 ], [ 4.850739, 52.369 ], [ 4.850266, 52.370039 ], [ 4.848359, 52.369716 ] ] ] } },
{ "type": "Feature", "properties": { "id": 107, "name": "Balboaplein e.o.", "g_score_2022": 0.6845, "g_score_2010": 0.5897, "g_diff": 0.0948, "gi_star_z": 0.392, "class_196": "not significant", "class_140": "not significant" }, "geometry": { "type": "Polygon", "coordinates": [ [ [ 4.850266, 52.370039 ], [ 4.850739, 52.369 ], [ 4.851587, 52.369145 ], [ 4.852488, 52.367188 ], [ 4.853402, 52.367346 ], [ 4.853192, 52.36781 ], [ 4.8563, 52.368344 ], [ 4.857367, 52.368465 ], [ 4.856556, 52.371126 ], [ 4.853694, 52.370636 ], [ 4.850266, 52.370039 ] ] ] } },
{ "type": "Feature", "properties": { "id": 108, "name": "Orteliusbuurt-Zuid", "g_score_2022": 0.6947, "g_score_2010": 0.6297, "g_diff": 0.065, "gi_star_z": 0.4249, "class_196": "not significant", "class_140": "not significant" }, "geometry": { "type": "Polygon", "coordinates": [ [ [ 4.849188, 52.364225 ], [ 4.849216, 52.363367 ], [ 4.849461, 52.363367 ], [ 4.851657, 52.36337 ], [ 4.85319, 52.363553 ], [ 4.853114, 52.365794 ], [ 4.853078, 52.365905 ], [ 4.852488, 52.367188 ], [ 4.849705, 52.366706 ], [ 4.850323, 52.365366 ], [ 4.850386, 52.365376 ], [ 4.850453, 52.365216 ], [ 4.850466, 52.365157 ], [ 4.850498, 52.36424 ], [ 4.849188, 52.364225 ] ] ] } },
{ "type": "Feature", "properties": { "id": 96, "name": "Frederik Hendrikbuurt-Zuidwest", "g_score_2022": 0.746, "g_score_2010": 0.6896, "g_diff": 0.0564, "gi_star_z": 0.3114, "class_196": "not significant", "class_140": "not significant" }, "geometry": { "type": "Polygon", "coordinates": [ [ [ 4.866358, 52.371587 ], [ 4.867406, 52.371797 ], [ 4.869645, 52.372244 ], [ 4.869507, 52.372505 ], [ 4.8703, 52.373527 ], [ 4.871353, 52.374992 ], [ 4.871122, 52.375055 ], [ 4.872109, 52.376555 ], [ 4.873165, 52.378167 ], [ 4.872374, 52.378357 ], [ 4.871499, 52.377338 ], [ 4.870461, 52.37625 ], [ 4.87017, 52.375876 ], [ 4.869812, 52.375416 ], [ 4.867237, 52.372541 ], [ 4.866358, 52.371587 ] ] ] } },
{ "type": "Feature", "properties": { "id": 97, "name": "Frederik Hendrikbuurt-Zuidoost", "g_score_2022": 0.6672, "g_score_2010": 0.5641, "g_diff": 0.1032, "gi_star_z": 0.7675, "class_196": "not significant", "class_140": "not significant" }, "geometry": { "type": "Polygon", "coordinates": [ [ [ 4.872109, 52.376555 ], [ 4.871122, 52.375055 ], [ 4.871353, 52.374992 ], [ 4.8703, 52.373527 ], [ 4.869507, 52.372505 ], [ 4.869645, 52.372244 ], [ 4.875487, 52.37341 ], [ 4.875476, 52.37376 ], [ 4.875514, 52.374077 ], [ 4.875541, 52.374214 ], [ 4.875853, 52.374184 ], [ 4.875887, 52.374317 ], [ 4.875994, 52.374538 ], [ 4.876592, 52.375489 ], [ 4.872109, 52.376555 ] ] ] } },
{ "type": "Feature", "properties": { "id": 99, "name": "Orteliusbuurt-Noord", "g_score_2022": 0.6632, "g_score_2010": 0.6258, "g_diff": 0.0373, "gi_star_z": 0.4116, "class_196": "not significant", "class_140": "not significant" }, "geometry": { "type": "Polygon", "coordinates": [ [ [ 4.846784, 52.372412 ], [ 4.8469, 52.37217 ], [ 4.846949, 52.372137 ], [ 4.84717, 52.37205 ], [ 4.847315, 52.371859 ], [ 4.848359, 52.369716 ], [ 4.850266, 52.370039 ], [ 4.850169, 52.370261 ], [ 4.84888, 52.372744 ], [ 4.847124, 52.372443 ], [ 4.846784, 52.372412 ] ] ] } },
{ "type": "Feature", "properties": { "id": 100, "name": "Jan Maijenbuurt", "g_score_2022": 0.6376, "g_score_2010": 0.5895, "g_diff": 0.0481, "gi_star_z": 0.479, "class_196": "not significant", "class_140": "not significant" }, "geometry": { "type": "Polygon", "coordinates": [ [ [ 4.84888, 52.372744 ], [ 4.850169, 52.370261 ], [ 4.850266, 52.370039 ], [ 4.853694, 52.370636 ], [ 4.852417, 52.373402 ], [ 4.851123, 52.373173 ], [ 4.849994, 52.372945 ], [ 4.849314, 52.372816 ], [ 4.84888, 52.372744 ] ] ] } },
{ "type": "Feature", "properties": { "id": 185, "name": "De Wester Quartier", "g_score_2022": 0.7093, "g_score_2010": 0.6059, "g_diff": 0.1034, "gi_star_z": 0.3413, "class_196": "not significant", "class_140": "not significant" }, "geometry": { "type": "Polygon", "coordinates": [ [ [ 4.859, 52.368661 ], [ 4.859105, 52.368016 ], [ 4.859221, 52.366685 ], [ 4.859343, 52.365957 ], [ 4.859558, 52.364874 ], [ 4.859592, 52.364807 ], [ 4.859632, 52.364768 ], [ 4.859684, 52.364733 ], [ 4.859745, 52.364706 ], [ 4.860071, 52.364599 ], [ 4.861302, 52.36608 ], [ 4.862259, 52.367122 ], [ 4.863284, 52.368239 ], [ 4.861498, 52.36881 ], [ 4.859205, 52.368686 ], [ 4.859, 52.368661 ] ] ] } },
{ "type": "Feature", "properties": { "id": 186, "name": "Bellamybuurt-Noord", "g_score_2022": 0.6952, "g_score_2010": 0.6565, "g_diff": 0.0388, "gi_star_z": 0.53, "class_196": "not significant", "class_140": "not significant" }, "geometry": { "type": "Polygon", "coordinates": [ [ [ 4.862259, 52.367122 ], [ 4.865956, 52.368074 ], [ 4.867027, 52.368311 ], [ 4.867166, 52.368329 ], [ 4.867309, 52.368336 ], [ 4.868213, 52.368306 ], [ 4.868324, 52.368306 ], [ 4.868417, 52.368314 ], [ 4.868519, 52.368333 ], [ 4.869586, 52.368605 ], [ 4.867406, 52.371797 ], [ 4.866358, 52.371587 ], [ 4.865028, 52.370138 ], [ 4.863284, 52.368239 ], [ 4.862259, 52.367122 ] ] ] } },
{ "type": "Feature", "properties": { "id": 187, "name": "Bellamybuurt-Zuid", "g_score_2022": 0.7133, "g_score_2010": 0.61, "g_diff": 0.1033, "gi_star_z": 0.3991, "class_196": "not significant", "class_140": "not significant" }, "geometry": { "type": "Polygon", "coordinates": [ [ [ 4.860071, 52.364599 ], [ 4.860608, 52.364426 ], [ 4.860765, 52.364402 ], [ 4.860942, 52.364401 ], [ 4.861131, 52.36443 ], [ 4.862683, 52.364808 ], [ 4.867192, 52.365892 ], [ 4.868665, 52.366271 ], [ 4.870809, 52.36685 ], [ 4.869586, 52.368605 ], [ 4.868519, 52.368333 ], [ 4.868417, 52.368314 ], [ 4.868324, 52.368306 ], [ 4.868213, 52.368306 ], [ 4.867309, 52.368336 ], [ 4.867166, 52.368329 ], [ 4.867027, 52.368311 ], [ 4.865956, 52.368074 ], [ 4.862259, 52.367122 ], [ 4.861302, 52.36608 ], [ 4.860071, 52.364599 ] ] ] } },
{ "type": "Feature", "properties": { "id": 188, "name": "Da Costabuurt-Noord", "g_score_2022": 0.7283, "g_score_2010": 0.6799, "g_diff": 0.0484, "gi_star_z": 0.8051, "class_196": "not significant", "class_140": "not significant" }, "geometry": { "type": "Polygon", "coordinates": [ [ [ 4.867406, 52.371797 ], [ 4.869586, 52.368605 ], [ 4.870809, 52.36685 ], [ 4.873799, 52.367714 ], [ 4.876809, 52.368503 ], [ 4.876679, 52.368677 ], [ 4.876303, 52.368967 ], [ 4.875993, 52.369254 ], [ 4.875806, 52.369462 ], [ 4.875674, 52.369639 ], [ 4.875045, 52.370683 ], [ 4.874503, 52.371889 ], [ 4.874452, 52.37206 ], [ 4.87444, 52.372201 ], [ 4.874483, 52.372324 ], [ 4.874555, 52.372449 ], [ 4.874645, 52.372562 ], [ 4.874783, 52.37269 ], [ 4.874831, 52.372727 ], [ 4.875168, 52.372924 ], [ 4.875235, 52.372974 ], [ 4.875296, 52.373035 ], [ 4.875384, 52.37315 ], [ 4.875432, 52.373235 ], [ 4.875487, 52.37341 ], [ 4.869645, 52.372244 ], [ 4.867406, 52.371797 ] ] ] } },
{ "type": "Feature", "properties": { "id": 190, "name": "Paramariboplein e.o.", "g_score_2022": 0.7554, "g_score_2010": 0.71, "g_diff": 0.0454, "gi_star_z": 0.3473, "class_196": "not significant", "class_140": "not significant" }, "geometry": { "type": "Polygon", "coordinates": [ [ [ 4.85319, 52.363553 ], [ 4.853241, 52.363103 ], [ 4.853455, 52.35899 ], [ 4.853897, 52.358024 ], [ 4.854781, 52.357756 ], [ 4.854865, 52.357862 ], [ 4.856442, 52.359819 ], [ 4.856704, 52.36012 ], [ 4.856832, 52.36029 ], [ 4.85697, 52.360501 ], [ 4.857086, 52.360711 ], [ 4.857186, 52.360931 ], [ 4.85733, 52.361297 ], [ 4.857456, 52.36155 ], [ 4.857638, 52.361841 ], [ 4.857854, 52.362123 ], [ 4.859239, 52.363671 ], [ 4.858343, 52.364145 ], [ 4.858254, 52.364208 ], [ 4.857637, 52.364258 ], [ 4.856606, 52.364166 ], [ 4.855675, 52.363857 ], [ 4.85319, 52.363553 ] ] ] } },
{ "type": "Feature", "properties": { "id": 191, "name": "Lootsbuurt", "g_score_2022": 0.6315, "g_score_2010": 0.5797, "g_diff": 0.0517, "gi_star_z": 0.4713, "class_196": "not significant", "class_140": "not significant" }, "geometry": { "type": "Polygon", "coordinates": [ [ [ 4.859239, 52.363671 ], [ 4.857854, 52.362123 ], [ 4.857638, 52.361841 ], [ 4.857456, 52.36155 ], [ 4.863784, 52.363067 ], [ 4.862683, 52.364808 ], [ 4.861131, 52.36443 ], [ 4.860942, 52.364401 ], [ 4.860765, 52.364402 ], [ 4.860608, 52.364426 ], [ 4.860071, 52.364599 ], [ 4.859239, 52.363671 ] ] ] } },
{ "type": "Feature", "properties": { "id": 192, "name": "Borgerbuurt", "g_score_2022": 0.5638, "g_score_2010": 0.5297, "g_diff": 0.0341, "gi_star_z": 0.5001, "class_196": "not significant", "class_140": "not significant" }, "geometry": { "type": "Polygon", "coordinates": [ [ [ 4.862683, 52.364808 ], [ 4.863784, 52.363067 ], [ 4.866713, 52.363783 ], [ 4.869473, 52.364437 ], [ 4.871477, 52.364988 ], [ 4.871984, 52.365147 ], [ 4.870809, 52.36685 ], [ 4.868665, 52.366271 ], [ 4.867192, 52.365892 ], [ 4.862683, 52.364808 ] ] ] } },
{ "type": "Feature", "properties": { "id": 109, "name": "Columbusplein e.o.", "g_score_2022": 0.6406, "g_score_2010": 0.5654, "g_diff": 0.0751, "gi_star_z": 0.4237, "class_196": "not significant", "class_140": "not significant" }, "geometry": { "type": "Polygon", "coordinates": [ [ [ 4.852488, 52.367188 ], [ 4.853078, 52.365905 ], [ 4.853114, 52.365794 ], [ 4.85319, 52.363553 ], [ 4.855675, 52.363857 ], [ 4.856606, 52.364166 ], [ 4.857637, 52.364258 ], [ 4.858254, 52.364208 ], [ 4.858204, 52.364272 ], [ 4.858183, 52.364327 ], [ 4.857571, 52.367798 ], [ 4.857367, 52.368465 ], [ 4.8563, 52.368344 ], [ 4.853192, 52.36781 ], [ 4.853402, 52.367346 ], [ 4.852488, 52.367188 ] ] ] } },
{ "type": "Feature", "properties": { "id": 170, "name": "Filips van Almondekwartier", "g_score_2022": 0.7074, "g_score_2010": 0.6593, "g_diff": 0.048, "gi_star_z": 0.5564, "class_196": "not significant", "class_140": "not significant" }, "geometry": { "type": "Polygon", "coordinates": [ [ [ 4.856556, 52.371126 ], [ 4.857367, 52.368465 ], [ 4.859, 52.368661 ], [ 4.859021, 52.368808 ], [ 4.859242, 52.369306 ], [ 4.859257, 52.369425 ], [ 4.858893, 52.371446 ], [ 4.857888, 52.371326 ], [ 4.856982, 52.371198 ], [ 4.856556, 52.371126 ] ] ] } },
{ "type": "Feature", "properties": { "id": 183, "name": "Kortenaerkwartier", "g_score_2022": 0.7271, "g_score_2010": 0.6897, "g_diff": 0.0374, "gi_star_z": 0.3205, "class_196": "not significant", "class_140": "not significant" }, "geometry": { "type": "Polygon", "coordinates": [ [ [ 4.858893, 52.371446 ], [ 4.859257, 52.369425 ], [ 4.859242, 52.369306 ], [ 4.859021, 52.368808 ], [ 4.859, 52.368661 ], [ 4.859205, 52.368686 ], [ 4.861498, 52.36881 ], [ 4.863284, 52.368239 ], [ 4.865028, 52.370138 ], [ 4.864039, 52.370487 ], [ 4.863656, 52.370668 ], [ 4.863266, 52.370849 ], [ 4.862997, 52.370927 ], [ 4.859969, 52.371499 ], [ 4.859773, 52.371517 ], [ 4.859609, 52.371514 ], [ 4.859076, 52.371459 ], [ 4.858893, 52.371446 ] ] ] } },
{ "type": "Feature", "properties": { "id": 184, "name": "Van Brakelkwartier", "g_score_2022": 0.7355, "g_score_2010": 0.7226, "g_diff": 0.0129, "gi_star_z": 0.6434, "class_196": "not significant", "class_140": "not significant" }, "geometry": { "type": "Polygon", "coordinates": [ [ [ 4.857367, 52.368465 ], [ 4.857571, 52.367798 ], [ 4.858183, 52.364327 ], [ 4.858204, 52.364272 ], [ 4.858254, 52.364208 ], [ 4.858343, 52.364145 ], [ 4.859239, 52.363671 ], [ 4.860071, 52.364599 ], [ 4.859745, 52.364706 ], [ 4.859684, 52.364733 ], [ 4.859632, 52.364768 ], [ 4.859592, 52.364807 ], [ 4.859558, 52.364874 ], [ 4.859343, 52.365957 ], [ 4.859221, 52.366685 ], [ 4.859105, 52.368016 ], [ 4.859, 52.368661 ], [ 4.857367, 52.368465 ] ] ] } },
{ "type": "Feature", "properties": { "id": 368, "name": "Arondeusbuurt", "g_score_2022": 0.6002, "g_score_2010": null, "g_diff": null, "gi_star_z": null, "class_196": null, "class_140": null }, "geometry": { "type": "Polygon", "coordinates": [ [ [ 4.818736, 52.384732 ], [ 4.818845, 52.382445 ], [ 4.818889, 52.382289 ], [ 4.818977, 52.38214 ], [ 4.81906, 52.382048 ], [ 4.819216, 52.381921 ], [ 4.819406, 52.381814 ], [ 4.819625, 52.38173 ], [ 4.819864, 52.38167 ], [ 4.821411, 52.381378 ], [ 4.826826, 52.380542 ], [ 4.827228, 52.381496 ], [ 4.827264, 52.381636 ], [ 4.827286, 52.381776 ], [ 4.827318, 52.381936 ], [ 4.827286, 52.382101 ], [ 4.827252, 52.382943 ], [ 4.827176, 52.384829 ], [ 4.818736, 52.384732 ] ] ] } },
{ "type": "Feature", "properties": { "id": 369, "name": "Coronelbuurt", "g_score_2022": 0.79, "g_score_2010": null, "g_diff": null, "gi_star_z": null, "class_196": null, "class_140": null }, "geometry": { "type": "Polygon", "coordinates": [ [ [ 4.827176, 52.384829 ], [ 4.827252, 52.382943 ], [ 4.832123, 52.383023 ], [ 4.832503, 52.383007 ], [ 4.832883, 52.382967 ], [ 4.833341, 52.382908 ], [ 4.833708, 52.382849 ], [ 4.839038, 52.38201 ], [ 4.839086, 52.382123 ], [ 4.839098, 52.382121 ], [ 4.839131, 52.3822 ], [ 4.839141, 52.382205 ], [ 4.839306, 52.382696 ], [ 4.839297, 52.382697 ], [ 4.839405, 52.383166 ], [ 4.839391, 52.383167 ], [ 4.83944, 52.38356 ], [ 4.839454, 52.383559 ], [ 4.839461, 52.38363 ], [ 4.839446, 52.38363 ], [ 4.839456, 52.383843 ], [ 4.839448, 52.384042 ], [ 4.83946, 52.384044 ], [ 4.839419, 52.384431 ], [ 4.839445, 52.384431 ], [ 4.839418, 52.384588 ], [ 4.839362, 52.384588 ], [ 4.839258, 52.385018 ], [ 4.836014, 52.38495 ], [ 4.831523, 52.38488 ], [ 4.827176, 52.384829 ] ] ] } },
{ "type": "Feature", "properties": { "id": 372, "name": "Meerwaldtbuurt", "g_score_2022": 0.5368, "g_score_2010": null, "g_diff": null, "gi_star_z": null, "class_196": null, "class_140": null }, "geometry": { "type": "Polygon", "coordinates": [ [ [ 4.826826, 52.380542 ], [ 4.837724, 52.37886 ], [ 4.837811, 52.379068 ], [ 4.837823, 52.379065 ], [ 4.837854, 52.37914 ], [ 4.837874, 52.379137 ], [ 4.838116, 52.379718 ], [ 4.838107, 52.37972 ], [ 4.838208, 52.379978 ], [ 4.838225, 52.379976 ], [ 4.838313, 52.380183 ], [ 4.838296, 52.380186 ], [ 4.838446, 52.380544 ], [ 4.838461, 52.380542 ], [ 4.838546, 52.380747 ], [ 4.838528, 52.38075 ], [ 4.838677, 52.381102 ], [ 4.838694, 52.381099 ], [ 4.838782, 52.381306 ], [ 4.838764, 52.381309 ], [ 4.838896, 52.381624 ], [ 4.838915, 52.381621 ], [ 4.838944, 52.381691 ], [ 4.838923, 52.381694 ], [ 4.838968, 52.381795 ], [ 4.838949, 52.381798 ], [ 4.839038, 52.38201 ], [ 4.833708, 52.382849 ], [ 4.833341, 52.382908 ], [ 4.832883, 52.382967 ], [ 4.832503, 52.383007 ], [ 4.832123, 52.383023 ], [ 4.827252, 52.382943 ], [ 4.827286, 52.382101 ], [ 4.827318, 52.381936 ], [ 4.827286, 52.381776 ], [ 4.827264, 52.381636 ], [ 4.827228, 52.381496 ], [ 4.826826, 52.380542 ] ] ] } },
{ "type": "Feature", "properties": { "id": 360, "name": "Eendrachtspark", "g_score_2022": 0.5485, "g_score_2010": 0.7121, "g_diff": -0.1637, "gi_star_z": -0.8237, "class_196": "not significant", "class_140": "not significant" }, "geometry": { "type": "Polygon", "coordinates": [ [ [ 4.807091, 52.384601 ], [ 4.807142, 52.383505 ], [ 4.807105, 52.38326 ], [ 4.807118, 52.382986 ], [ 4.807254, 52.382609 ], [ 4.807952, 52.382731 ], [ 4.80806, 52.382504 ], [ 4.808159, 52.380343 ], [ 4.809385, 52.380369 ], [ 4.8101, 52.380535 ], [ 4.812171, 52.380564 ], [ 4.81201, 52.384656 ], [ 4.807091, 52.384601 ] ] ] } },
{ "type": "Feature", "properties": { "id": 361, "name": "Van Tijenbuurt", "g_score_2022": 0.7415, "g_score_2010": 0.7297, "g_diff": 0.0118, "gi_star_z": -0.7268, "class_196": "not significant", "class_140": "not significant" }, "geometry": { "type": "Polygon", "coordinates": [ [ [ 4.793949, 52.378247 ], [ 4.793729, 52.377434 ], [ 4.793695, 52.377357 ], [ 4.793617, 52.377257 ], [ 4.793474, 52.377152 ], [ 4.793222, 52.377057 ], [ 4.791657, 52.376131 ], [ 4.791577, 52.376073 ], [ 4.791502, 52.375984 ], [ 4.791477, 52.375928 ], [ 4.791465, 52.375863 ], [ 4.791474, 52.375785 ], [ 4.791507, 52.375714 ], [ 4.792136, 52.374846 ], [ 4.792729, 52.374021 ], [ 4.793002, 52.373794 ], [ 4.793906, 52.37379 ], [ 4.801288, 52.373063 ], [ 4.801789, 52.375208 ], [ 4.801456, 52.375241 ], [ 4.79749, 52.375635 ], [ 4.797907, 52.377161 ], [ 4.797994, 52.377494 ], [ 4.798012, 52.377629 ], [ 4.798007, 52.378207 ], [ 4.797931, 52.380163 ], [ 4.794435, 52.380113 ], [ 4.793949, 52.378247 ] ] ] } },
{ "type": "Feature", "properties": { "id": 362, "name": "Dudokbuurt", "g_score_2022": 0.6485, "g_score_2010": null, "g_diff": null, "gi_star_z": null, "class_196": null, "class_140": null }, "geometry": { "type": "Polygon", "coordinates": [ [ [ 4.797931, 52.380163 ], [ 4.798007, 52.378207 ], [ 4.798012, 52.377629 ], [ 4.797994, 52.377494 ], [ 4.797907, 52.377161 ], [ 4.79749, 52.375635 ], [ 4.801456, 52.375241 ], [ 4.801906, 52.376977 ], [ 4.801842, 52.376983 ], [ 4.801737, 52.38023 ], [ 4.797931, 52.380163 ] ] ] } },
{ "type": "Feature", "properties": { "id": 363, "name": "Bakemabuurt", "g_score_2022": 0.7519, "g_score_2010": null, "g_diff": null, "gi_star_z": null, "class_196": null, "class_140": null }, "geometry": { "type": "Polygon", "coordinates": [ [ [ 4.801737, 52.38023 ], [ 4.801842, 52.376983 ], [ 4.801906, 52.376977 ], [ 4.808603, 52.376296 ], [ 4.808716, 52.376726 ], [ 4.809382, 52.379248 ], [ 4.809407, 52.379394 ], [ 4.809427, 52.379519 ], [ 4.809385, 52.380369 ], [ 4.808159, 52.380343 ], [ 4.801737, 52.38023 ] ] ] } },
{ "type": "Feature", "properties": { "id": 364, "name": "Wegener Sleeswijkbuurt", "g_score_2022": 0.6498, "g_score_2010": null, "g_diff": null, "gi_star_z": null, "class_196": null, "class_140": null }, "geometry": { "type": "Polygon", "coordinates": [ [ [ 4.801288, 52.373063 ], [ 4.805275, 52.372668 ], [ 4.807584, 52.37244 ], [ 4.808603, 52.376296 ], [ 4.801906, 52.376977 ], [ 4.801456, 52.375241 ], [ 4.801789, 52.375208 ], [ 4.801288, 52.373063 ] ] ] } },
{ "type": "Feature", "properties": { "id": 365, "name": "Jan de Louterbuurt", "g_score_2022": 0.6885, "g_score_2010": 0.7228, "g_diff": -0.0343, "gi_star_z": -1.1824, "class_196": "not significant", "class_140": "not significant" }, "geometry": { "type": "Polygon", "coordinates": [ [ [ 4.809385, 52.380369 ], [ 4.809427, 52.379519 ], [ 4.809407, 52.379394 ], [ 4.811818, 52.379438 ], [ 4.812559, 52.379492 ], [ 4.813375, 52.379394 ], [ 4.820138, 52.378333 ], [ 4.820648, 52.379554 ], [ 4.821411, 52.381378 ], [ 4.819864, 52.38167 ], [ 4.819625, 52.38173 ], [ 4.819406, 52.381814 ], [ 4.819216, 52.381921 ], [ 4.81906, 52.382048 ], [ 4.818977, 52.38214 ], [ 4.818889, 52.382289 ], [ 4.818845, 52.382445 ], [ 4.818736, 52.384732 ], [ 4.81201, 52.384656 ], [ 4.812171, 52.380564 ], [ 4.8101, 52.380535 ], [ 4.809385, 52.380369 ] ] ] } },
{ "type": "Feature", "properties": { "id": 366, "name": "Lodewijk van Deysselbuurt", "g_score_2022": 0.633, "g_score_2010": 0.6435, "g_diff": -0.0105, "gi_star_z": -0.2744, "class_196": "not significant", "class_140": "not significant" }, "geometry": { "type": "Polygon", "coordinates": [ [ [ 4.808716, 52.376726 ], [ 4.817201, 52.375979 ], [ 4.817779, 52.375908 ], [ 4.819042, 52.37571 ], [ 4.820138, 52.378333 ], [ 4.813375, 52.379394 ], [ 4.812559, 52.379492 ], [ 4.811818, 52.379438 ], [ 4.809407, 52.379394 ], [ 4.809382, 52.379248 ], [ 4.808716, 52.376726 ] ] ] } },
{ "type": "Feature", "properties": { "id": 367, "name": "Confuciusbuurt", "g_score_2022": 0.6452, "g_score_2010": 0.62, "g_diff": 0.0252, "gi_star_z": -0.2348, "class_196": "not significant", "class_140": "not significant" }, "geometry": { "type": "Polygon", "coordinates": [ [ [ 4.807584, 52.37244 ], [ 4.81361, 52.371838 ], [ 4.813767, 52.372426 ], [ 4.816394, 52.372148 ], [ 4.817368, 52.371969 ], [ 4.817706, 52.372589 ], [ 4.819042, 52.37571 ], [ 4.817779, 52.375908 ], [ 4.817201, 52.375979 ], [ 4.808716, 52.376726 ], [ 4.808603, 52.376296 ], [ 4.807584, 52.37244 ] ] ] } },
{ "type": "Feature", "properties": { "id": 438, "name": "Osdorp-Zuidoost", "g_score_2022": 0.6579, "g_score_2010": 0.7099, "g_diff": -0.0519, "gi_star_z": -0.4906, "class_196": "not significant", "class_140": "not significant" }, "geometry": { "type": "Polygon", "coordinates": [ [ [ 4.802242, 52.352503 ], [ 4.803607, 52.349977 ], [ 4.808161, 52.350896 ], [ 4.811102, 52.351487 ], [ 4.811713, 52.35158 ], [ 4.812232, 52.351633 ], [ 4.812666, 52.351659 ], [ 4.812956, 52.351668 ], [ 4.814195, 52.35166 ], [ 4.820438, 52.351746 ], [ 4.818066, 52.356174 ], [ 4.818624, 52.356303 ], [ 4.818584, 52.357527 ], [ 4.81818, 52.357513 ], [ 4.817748, 52.357484 ], [ 4.816896, 52.357369 ], [ 4.816516, 52.357304 ], [ 4.812288, 52.356446 ], [ 4.812482, 52.356081 ], [ 4.810099, 52.355602 ], [ 4.809983, 52.355818 ], [ 4.808554, 52.355526 ], [ 4.809374, 52.354003 ], [ 4.808359, 52.353796 ], [ 4.807562, 52.353596 ], [ 4.807318, 52.353541 ], [ 4.803193, 52.352706 ], [ 4.802242, 52.352503 ] ] ] } },
{ "type": "Feature", "properties": { "id": 439, "name": "Oostoever Sloterplas", "g_score_2022": 0.7764, "g_score_2010": 0.8299, "g_diff": -0.0535, "gi_star_z": -0.1994, "class_196": "not significant", "class_140": "not significant" }, "geometry": { "type": "Polygon", "coordinates": [ [ [ 4.817191, 52.363889 ], [ 4.827049, 52.363987 ], [ 4.83388, 52.364057 ], [ 4.833851, 52.366391 ], [ 4.833887, 52.367131 ], [ 4.833973, 52.36787 ], [ 4.83436, 52.370107 ], [ 4.834419, 52.370378 ], [ 4.833694, 52.370488 ], [ 4.833579, 52.37052 ], [ 4.833387, 52.370598 ], [ 4.833255, 52.370635 ], [ 4.832818, 52.370705 ], [ 4.832651, 52.370744 ], [ 4.832319, 52.370795 ], [ 4.832221, 52.370561 ], [ 4.831969, 52.370141 ], [ 4.831053, 52.369875 ], [ 4.830902, 52.369798 ], [ 4.830793, 52.369698 ], [ 4.829905, 52.369915 ], [ 4.829949, 52.369968 ], [ 4.829319, 52.370305 ], [ 4.829265, 52.370359 ], [ 4.829247, 52.370422 ], [ 4.829263, 52.370477 ], [ 4.82933, 52.37056 ], [ 4.827161, 52.372128 ], [ 4.825654, 52.37088 ], [ 4.817191, 52.363889 ] ] ] } },
{ "type": "Feature", "properties": { "id": 440, "name": "Emanuel van Meterenbuurt", "g_score_2022": 0.6972, "g_score_2010": 0.7328, "g_diff": -0.0356, "gi_star_z": -0.5381, "class_196": "not significant", "class_140": "not significant" }, "geometry": { "type": "Polygon", "coordinates": [ [ [ 4.812184, 52.359726 ], [ 4.813055, 52.35803 ], [ 4.815431, 52.35851 ], [ 4.815476, 52.358426 ], [ 4.816528, 52.358653 ], [ 4.816692, 52.358699 ], [ 4.816954, 52.358805 ], [ 4.817073, 52.358863 ], [ 4.817207, 52.358945 ], [ 4.818559, 52.358276 ], [ 4.818577, 52.357716 ], [ 4.825811, 52.357799 ], [ 4.825817, 52.357604 ], [ 4.827256, 52.35762 ], [ 4.827049, 52.363987 ], [ 4.817191, 52.363889 ], [ 4.812184, 52.359726 ] ] ] } },
{ "type": "Feature", "properties": { "id": 441, "name": "Jacob Geelbuurt", "g_score_2022": 0.6479, "g_score_2010": 0.65, "g_diff": -0.0021, "gi_star_z": -0.1088, "class_196": "not significant", "class_140": "not significant" }, "geometry": { "type": "Polygon", "coordinates": [ [ [ 4.827049, 52.363987 ], [ 4.827256, 52.35762 ], [ 4.828262, 52.357632 ], [ 4.828257, 52.357826 ], [ 4.834198, 52.357892 ], [ 4.834161, 52.358488 ], [ 4.834072, 52.359274 ], [ 4.834032, 52.359622 ], [ 4.833963, 52.360678 ], [ 4.833905, 52.362465 ], [ 4.83388, 52.364057 ], [ 4.827049, 52.363987 ] ] ] } },
{ "type": "Feature", "properties": { "id": 443, "name": "Overtoomse Veld-Noord", "g_score_2022": 0.74, "g_score_2010": 0.7326, "g_diff": 0.0073, "gi_star_z": -0.36, "class_196": "not significant", "class_140": "not significant" }, "geometry": { "type": "Polygon", "coordinates": [ [ [ 4.83436, 52.370107 ], [ 4.833973, 52.36787 ], [ 4.833887, 52.367131 ], [ 4.833851, 52.366391 ], [ 4.83388, 52.364057 ], [ 4.842315, 52.364144 ], [ 4.842162, 52.36931 ], [ 4.840909, 52.369301 ], [ 4.840471, 52.369308 ], [ 4.840095, 52.369331 ], [ 4.83929, 52.369404 ], [ 4.838858, 52.36945 ], [ 4.838315, 52.369525 ], [ 4.83436, 52.370107 ] ] ] } },
{ "type": "Feature", "properties": { "id": 432, "name": "Zuidwestkwadrant-Zuid", "g_score_2022": 0.76, "g_score_2010": 0.77, "g_diff": -0.01, "gi_star_z": -0.6749, "class_196": "not significant", "class_140": "not significant" }, "geometry": { "type": "Polygon", "coordinates": [ [ [ 4.791896, 52.353042 ], [ 4.792395, 52.352157 ], [ 4.793047, 52.350915 ], [ 4.793303, 52.350449 ], [ 4.793418, 52.350193 ], [ 4.794113, 52.349037 ], [ 4.794751, 52.347733 ], [ 4.795576, 52.346254 ], [ 4.796155, 52.347072 ], [ 4.796714, 52.347633 ], [ 4.797164, 52.347975 ], [ 4.797445, 52.348163 ], [ 4.797751, 52.348352 ], [ 4.798017, 52.348498 ], [ 4.7985, 52.348724 ], [ 4.798895, 52.348884 ], [ 4.799435, 52.349074 ], [ 4.7999, 52.349207 ], [ 4.80055, 52.349366 ], [ 4.801146, 52.34948 ], [ 4.803607, 52.349977 ], [ 4.802242, 52.352503 ], [ 4.800974, 52.354849 ], [ 4.798975, 52.354445 ], [ 4.798672, 52.354454 ], [ 4.794715, 52.353612 ], [ 4.791896, 52.353042 ] ] ] } },
{ "type": "Feature", "properties": { "id": 433, "name": "Wildeman", "g_score_2022": 0.5539, "g_score_2010": 0.6038, "g_diff": -0.0499, "gi_star_z": -0.2758, "class_196": "not significant", "class_140": "not significant" }, "geometry": { "type": "Polygon", "coordinates": [ [ [ 4.795325, 52.364443 ], [ 4.796917, 52.361488 ], [ 4.79816, 52.359183 ], [ 4.806727, 52.360916 ], [ 4.805727, 52.362795 ], [ 4.805638, 52.362897 ], [ 4.805579, 52.362943 ], [ 4.805486, 52.362988 ], [ 4.805375, 52.363017 ], [ 4.805277, 52.363028 ], [ 4.80516, 52.363024 ], [ 4.80364, 52.362713 ], [ 4.802012, 52.365807 ], [ 4.795325, 52.364443 ] ] ] } },
{ "type": "Feature", "properties": { "id": 434, "name": "Meer en Oever", "g_score_2022": 0.7656, "g_score_2010": 0.8, "g_diff": -0.0344, "gi_star_z": -0.4558, "class_196": "not significant", "class_140": "not significant" }, "geometry": { "type": "Polygon", "coordinates": [ [ [ 4.802012, 52.365807 ], [ 4.80364, 52.362713 ], [ 4.80516, 52.363024 ], [ 4.805277, 52.363028 ], [ 4.805375, 52.363017 ], [ 4.805486, 52.362988 ], [ 4.805579, 52.362943 ], [ 4.805638, 52.362897 ], [ 4.805727, 52.362795 ], [ 4.806727, 52.360916 ], [ 4.808023, 52.361177 ], [ 4.808188, 52.361193 ], [ 4.808402, 52.361196 ], [ 4.808565, 52.361185 ], [ 4.808745, 52.361159 ], [ 4.808893, 52.361125 ], [ 4.80916, 52.361033 ], [ 4.81129, 52.361465 ], [ 4.810473, 52.363055 ], [ 4.810386, 52.363198 ], [ 4.810269, 52.363298 ], [ 4.810145, 52.363361 ], [ 4.809993, 52.363408 ], [ 4.809847, 52.363425 ], [ 4.809742, 52.363447 ], [ 4.809611, 52.363487 ], [ 4.809529, 52.363521 ], [ 4.809427, 52.363577 ], [ 4.809358, 52.363627 ], [ 4.809301, 52.36368 ], [ 4.809241, 52.363754 ], [ 4.808904, 52.364359 ], [ 4.808853, 52.364488 ], [ 4.808814, 52.364634 ], [ 4.808799, 52.364804 ], [ 4.808803, 52.364904 ], [ 4.808828, 52.365047 ], [ 4.808887, 52.365203 ], [ 4.808903, 52.365318 ], [ 4.808881, 52.365499 ], [ 4.808813, 52.365658 ], [ 4.808769, 52.365725 ], [ 4.808671, 52.365838 ], [ 4.807973, 52.366334 ], [ 4.807617, 52.366786 ], [ 4.807539, 52.366918 ], [ 4.802012, 52.365807 ] ] ] } },
{ "type": "Feature", "properties": { "id": 435, "name": "Osdorpplein e.o.", "g_score_2022": 0.728, "g_score_2010": 0.6898, "g_diff": 0.0382, "gi_star_z": -0.808, "class_196": "not significant", "class_140": "not significant" }, "geometry": { "type": "Polygon", "coordinates": [ [ [ 4.79816, 52.359183 ], [ 4.799257, 52.358035 ], [ 4.8008, 52.355183 ], [ 4.809054, 52.35685 ], [ 4.808871, 52.35719 ], [ 4.813055, 52.35803 ], [ 4.812184, 52.359726 ], [ 4.81129, 52.361465 ], [ 4.80916, 52.361033 ], [ 4.808893, 52.361125 ], [ 4.808745, 52.361159 ], [ 4.808565, 52.361185 ], [ 4.808402, 52.361196 ], [ 4.808188, 52.361193 ], [ 4.808023, 52.361177 ], [ 4.806727, 52.360916 ], [ 4.79816, 52.359183 ] ] ] } },
{ "type": "Feature", "properties": { "id": 436, "name": "Calandlaan/Lelylaan", "g_score_2022": 0.604, "g_score_2010": 0.6139, "g_diff": -0.0099, "gi_star_z": -0.5843, "class_196": "not significant", "class_140": "not significant" }, "geometry": { "type": "Polygon", "coordinates": [ [ [ 4.8008, 52.355183 ], [ 4.800974, 52.354849 ], [ 4.802242, 52.352503 ], [ 4.803193, 52.352706 ], [ 4.807318, 52.353541 ], [ 4.807562, 52.353596 ], [ 4.808359, 52.353796 ], [ 4.809374, 52.354003 ], [ 4.808554, 52.355526 ], [ 4.809983, 52.355818 ], [ 4.810099, 52.355602 ], [ 4.812482, 52.356081 ], [ 4.812288, 52.356446 ], [ 4.816516, 52.357304 ], [ 4.816896, 52.357369 ], [ 4.817748, 52.357484 ], [ 4.81818, 52.357513 ], [ 4.818584, 52.357527 ], [ 4.818577, 52.357716 ], [ 4.818559, 52.358276 ], [ 4.817207, 52.358945 ], [ 4.817073, 52.358863 ], [ 4.816954, 52.358805 ], [ 4.816692, 52.358699 ], [ 4.816528, 52.358653 ], [ 4.815476, 52.358426 ], [ 4.815431, 52.35851 ], [ 4.813055, 52.35803 ], [ 4.808871, 52.35719 ], [ 4.809054, 52.35685 ], [ 4.8008, 52.355183 ] ] ] } },
{ "type": "Feature", "properties": { "id": 447, "name": "Johan Jongkindbuurt", "g_score_2022": 0.5772, "g_score_2010": 0.5722, "g_diff": 0.005, "gi_star_z": 0.1955, "class_196": "not significant", "class_140": "not significant" }, "geometry": { "type": "Polygon", "coordinates": [ [ [ 4.834072, 52.359274 ], [ 4.834161, 52.358488 ], [ 4.834198, 52.357892 ], [ 4.842496, 52.357983 ], [ 4.842456, 52.359352 ], [ 4.834072, 52.359274 ] ] ] } },
{ "type": "Feature", "properties": { "id": 448, "name": "Louis Crispijnbuurt", "g_score_2022": 0.6739, "g_score_2010": 0.6798, "g_diff": -0.006, "gi_star_z": -0.8137, "class_196": "not significant", "class_140": "not significant" }, "geometry": { "type": "Polygon", "coordinates": [ [ [ 4.818584, 52.357527 ], [ 4.818624, 52.356303 ], [ 4.818066, 52.356174 ], [ 4.820438, 52.351746 ], [ 4.821179, 52.351739 ], [ 4.827421, 52.351815 ], [ 4.827256, 52.35762 ], [ 4.825817, 52.357604 ], [ 4.825811, 52.357799 ], [ 4.818577, 52.357716 ], [ 4.818584, 52.357527 ] ] ] } },
{ "type": "Feature", "properties": { "id": 449, "name": "Jacques Veltmanbuurt", "g_score_2022": 0.7039, "g_score_2010": 0.74, "g_diff": -0.0361, "gi_star_z": -0.2391, "class_196": "not significant", "class_140": "not significant" }, "geometry": { "type": "Polygon", "coordinates": [ [ [ 4.827256, 52.35762 ], [ 4.827421, 52.351815 ], [ 4.834204, 52.351897 ], [ 4.834175, 52.352862 ], [ 4.834089, 52.354512 ], [ 4.834118, 52.355542 ], [ 4.834157, 52.356048 ], [ 4.834177, 52.356316 ], [ 4.834201, 52.357327 ], [ 4.834198, 52.357892 ], [ 4.828257, 52.357826 ], [ 4.828262, 52.357632 ], [ 4.827256, 52.35762 ] ] ] } },
{ "type": "Feature", "properties": { "id": 450, "name": "Medisch Centrum Slotervaart", "g_score_2022": 0.3569, "g_score_2010": 0.4877, "g_diff": -0.1308, "gi_star_z": -0.3742, "class_196": "not significant", "class_140": "not significant" }, "geometry": { "type": "Polygon", "coordinates": [ [ [ 4.821179, 52.351739 ], [ 4.821265, 52.348972 ], [ 4.821296, 52.348644 ], [ 4.82136, 52.34844 ], [ 4.822227, 52.346779 ], [ 4.822097, 52.346701 ], [ 4.82208, 52.346655 ], [ 4.822101, 52.346529 ], [ 4.822127, 52.346185 ], [ 4.822106, 52.34602 ], [ 4.822124, 52.345944 ], [ 4.822219, 52.345833 ], [ 4.822703, 52.345447 ], [ 4.82283, 52.345304 ], [ 4.822934, 52.34515 ], [ 4.822946, 52.34511 ], [ 4.822956, 52.344906 ], [ 4.822944, 52.34484 ], [ 4.823316, 52.344708 ], [ 4.82344, 52.344675 ], [ 4.823666, 52.344642 ], [ 4.823796, 52.344636 ], [ 4.823937, 52.344641 ], [ 4.824227, 52.344666 ], [ 4.824319, 52.344723 ], [ 4.824435, 52.344779 ], [ 4.825134, 52.344952 ], [ 4.825688, 52.345054 ], [ 4.825929, 52.345085 ], [ 4.82639, 52.345125 ], [ 4.826771, 52.345142 ], [ 4.827595, 52.345157 ], [ 4.827574, 52.345594 ], [ 4.827421, 52.351815 ], [ 4.821179, 52.351739 ] ] ] } },
{ "type": "Feature", "properties": { "id": 451, "name": "Koningin Wilhelminaplein", "g_score_2022": 0.8681, "g_score_2010": 0.8586, "g_diff": 0.0094, "gi_star_z": 0.1922, "class_196": "not significant", "class_140": "not significant" }, "geometry": { "type": "Polygon", "coordinates": [ [ [ 4.834157, 52.356048 ], [ 4.834118, 52.355542 ], [ 4.834089, 52.354512 ], [ 4.834175, 52.352862 ], [ 4.834204, 52.351897 ], [ 4.8358, 52.351907 ], [ 4.836515, 52.351975 ], [ 4.84042, 52.352001 ], [ 4.840544, 52.352062 ], [ 4.842633, 52.352078 ], [ 4.842649, 52.352452 ], [ 4.842643, 52.353001 ], [ 4.84255, 52.356139 ], [ 4.834157, 52.356048 ] ] ] } },
{ "type": "Feature", "properties": { "id": 452, "name": "Andreasterrein", "g_score_2022": 0.8497, "g_score_2010": 0.8372, "g_diff": 0.0125, "gi_star_z": 0.1874, "class_196": "not significant", "class_140": "not significant" }, "geometry": { "type": "Polygon", "coordinates": [ [ [ 4.842496, 52.357983 ], [ 4.84255, 52.356139 ], [ 4.842643, 52.353001 ], [ 4.842649, 52.352452 ], [ 4.842633, 52.352078 ], [ 4.844793, 52.352095 ], [ 4.84474, 52.355481 ], [ 4.848933, 52.355507 ], [ 4.848892, 52.357914 ], [ 4.848885, 52.358045 ], [ 4.842496, 52.357983 ] ] ] } },
{ "type": "Feature", "properties": { "id": 221, "name": "Schipluidenbuurt", "g_score_2022": 0.7016, "g_score_2010": 0.5, "g_diff": 0.2016, "gi_star_z": -0.3981, "class_196": "not significant", "class_140": "not significant" }, "geometry": { "type": "Polygon", "coordinates": [ [ [ 4.834198, 52.357892 ], [ 4.834201, 52.357327 ], [ 4.834177, 52.356316 ], [ 4.834157, 52.356048 ], [ 4.84255, 52.356139 ], [ 4.842496, 52.357983 ], [ 4.834198, 52.357892 ] ] ] } },
{ "type": "Feature", "properties": { "id": 437, "name": "Staalmanbuurt", "g_score_2022": 0.7135, "g_score_2010": 0.6765, "g_diff": 0.037, "gi_star_z": -0.7497, "class_196": "not significant", "class_140": "not significant" }, "geometry": { "type": "Polygon", "coordinates": [ [ [ 4.827421, 52.351815 ], [ 4.827574, 52.345594 ], [ 4.830435, 52.345591 ], [ 4.834413, 52.345635 ], [ 4.834409, 52.345779 ], [ 4.834261, 52.348435 ], [ 4.834193, 52.350481 ], [ 4.834209, 52.351034 ], [ 4.834204, 52.351897 ], [ 4.827421, 52.351815 ] ] ] } },
{ "type": "Feature", "properties": { "id": 445, "name": "Overtoomse Veld-Zuid", "g_score_2022": 0.7679, "g_score_2010": 0.7069, "g_diff": 0.061, "gi_star_z": -0.5002, "class_196": "not significant", "class_140": "not significant" }, "geometry": { "type": "Polygon", "coordinates": [ [ [ 4.83388, 52.364057 ], [ 4.833905, 52.362465 ], [ 4.833963, 52.360678 ], [ 4.834032, 52.359622 ], [ 4.834072, 52.359274 ], [ 4.842456, 52.359352 ], [ 4.842315, 52.364144 ], [ 4.83388, 52.364057 ] ] ] } },
{ "type": "Feature", "properties": { "id": 446, "name": "Rembrandtpark-Zuid", "g_score_2022": 0.8169, "g_score_2010": 0.82, "g_diff": -0.003, "gi_star_z": 0.4812, "class_196": "not significant", "class_140": "not significant" }, "geometry": { "type": "Polygon", "coordinates": [ [ [ 4.842315, 52.364144 ], [ 4.842456, 52.359352 ], [ 4.842496, 52.357983 ], [ 4.848885, 52.358045 ], [ 4.84889, 52.360759 ], [ 4.849516, 52.36095 ], [ 4.849461, 52.363367 ], [ 4.849216, 52.363367 ], [ 4.849188, 52.364225 ], [ 4.842315, 52.364144 ] ] ] } },
{ "type": "Feature", "properties": { "id": 484, "name": "Banpleinbuurt", "g_score_2022": 0.8634, "g_score_2010": 0.889, "g_diff": -0.0256, "gi_star_z": 0.104, "class_196": "not significant", "class_140": "not significant" }, "geometry": { "type": "Polygon", "coordinates": [ [ [ 4.869945, 52.353088 ], [ 4.870076, 52.353005 ], [ 4.870409, 52.35254 ], [ 4.870566, 52.352072 ], [ 4.87086, 52.352119 ], [ 4.871924, 52.352218 ], [ 4.873, 52.352214 ], [ 4.873547, 52.352175 ], [ 4.877493, 52.351472 ], [ 4.877931, 52.352404 ], [ 4.876249, 52.354804 ], [ 4.870223, 52.353201 ], [ 4.869945, 52.353088 ] ] ] } },
{ "type": "Feature", "properties": { "id": 485, "name": "Johannes Vermeerbuurt", "g_score_2022": 0.8587, "g_score_2010": 0.8402, "g_diff": 0.0185, "gi_star_z": 0.3935, "class_196": "not significant", "class_140": "not significant" }, "geometry": { "type": "Polygon", "coordinates": [ [ [ 4.879992, 52.356138 ], [ 4.880392, 52.355517 ], [ 4.88172, 52.353691 ], [ 4.882819, 52.353894 ], [ 4.884277, 52.354189 ], [ 4.88438, 52.354255 ], [ 4.886282, 52.354593 ], [ 4.886476, 52.354615 ], [ 4.886759, 52.354622 ], [ 4.886698, 52.355295 ], [ 4.886582, 52.356853 ], [ 4.886603, 52.357267 ], [ 4.886724, 52.358732 ], [ 4.884799, 52.358982 ], [ 4.88438, 52.357843 ], [ 4.883893, 52.357929 ], [ 4.883511, 52.358024 ], [ 4.882649, 52.356925 ], [ 4.881374, 52.356096 ], [ 4.880609, 52.356231 ], [ 4.880507, 52.356241 ], [ 4.880422, 52.356239 ], [ 4.880338, 52.356227 ], [ 4.879992, 52.356138 ] ] ] } },
{ "type": "Feature", "properties": { "id": 486, "name": "Duivelseiland", "g_score_2022": 0.7812, "g_score_2010": 0.7296, "g_diff": 0.0516, "gi_star_z": 0.1405, "class_196": "not significant", "class_140": "not significant" }, "geometry": { "type": "Polygon", "coordinates": [ [ [ 4.88172, 52.353691 ], [ 4.882146, 52.353087 ], [ 4.882264, 52.352987 ], [ 4.882336, 52.352944 ], [ 4.882459, 52.352889 ], [ 4.883362, 52.352569 ], [ 4.883754, 52.352468 ], [ 4.884058, 52.35241 ], [ 4.884266, 52.35238 ], [ 4.884599, 52.352349 ], [ 4.886074, 52.352248 ], [ 4.886485, 52.352236 ], [ 4.886499, 52.352767 ], [ 4.886518, 52.352889 ], [ 4.886567, 52.353029 ], [ 4.886624, 52.353149 ], [ 4.886773, 52.35338 ], [ 4.886768, 52.35355 ], [ 4.886786, 52.353938 ], [ 4.886778, 52.354412 ], [ 4.886759, 52.354622 ], [ 4.886476, 52.354615 ], [ 4.886282, 52.354593 ], [ 4.88438, 52.354255 ], [ 4.884277, 52.354189 ], [ 4.882819, 52.353894 ], [ 4.88172, 52.353691 ] ] ] } },
{ "type": "Feature", "properties": { "id": 487, "name": "Harmoniehofbuurt", "g_score_2022": 0.8108, "g_score_2010": 0.8199, "g_diff": -0.0091, "gi_star_z": 0.1788, "class_196": "not significant", "class_140": "not significant" }, "geometry": { "type": "Polygon", "coordinates": [ [ [ 4.879053, 52.351194 ], [ 4.883684, 52.350366 ], [ 4.884782, 52.349557 ], [ 4.886281, 52.348474 ], [ 4.886526, 52.350656 ], [ 4.886485, 52.352236 ], [ 4.886074, 52.352248 ], [ 4.884599, 52.352349 ], [ 4.884266, 52.35238 ], [ 4.884058, 52.35241 ], [ 4.883754, 52.352468 ], [ 4.883362, 52.352569 ], [ 4.882459, 52.352889 ], [ 4.882293, 52.352768 ], [ 4.882137, 52.352685 ], [ 4.879337, 52.351506 ], [ 4.87923, 52.351439 ], [ 4.879146, 52.351362 ], [ 4.879105, 52.351305 ], [ 4.879053, 52.351194 ] ] ] } },
{ "type": "Feature", "properties": { "id": 488, "name": "Frans Halsbuurt", "g_score_2022": 0.7214, "g_score_2010": 0.6361, "g_diff": 0.0853, "gi_star_z": 0.4502, "class_196": "not significant", "class_140": "not significant" }, "geometry": { "type": "Polygon", "coordinates": [ [ [ 4.886724, 52.358732 ], [ 4.886603, 52.357267 ], [ 4.886582, 52.356853 ], [ 4.886698, 52.355295 ], [ 4.889074, 52.355163 ], [ 4.890417, 52.355436 ], [ 4.890464, 52.355579 ], [ 4.890843, 52.357948 ], [ 4.89088, 52.358369 ], [ 4.890655, 52.358397 ], [ 4.890437, 52.358432 ], [ 4.890216, 52.358479 ], [ 4.890008, 52.358532 ], [ 4.889807, 52.358594 ], [ 4.889605, 52.358667 ], [ 4.889405, 52.358752 ], [ 4.889253, 52.358828 ], [ 4.888931, 52.359019 ], [ 4.888644, 52.35923 ], [ 4.888412, 52.359441 ], [ 4.888292, 52.359585 ], [ 4.888175, 52.359705 ], [ 4.88795, 52.359896 ], [ 4.887686, 52.360074 ], [ 4.887389, 52.360232 ], [ 4.886964, 52.359925 ], [ 4.886795, 52.359601 ], [ 4.886724, 52.358732 ] ] ] } },
{ "type": "Feature", "properties": { "id": 489, "name": "Gerard Doubuurt", "g_score_2022": 0.6631, "g_score_2010": 0.6158, "g_diff": 0.0473, "gi_star_z": 0.5385, "class_196": "not significant", "class_140": "not significant" }, "geometry": { "type": "Polygon", "coordinates": [ [ [ 4.890417, 52.355436 ], [ 4.895452, 52.356468 ], [ 4.898512, 52.357361 ], [ 4.898259, 52.357948 ], [ 4.898039, 52.357935 ], [ 4.896177, 52.358047 ], [ 4.89088, 52.358369 ], [ 4.890843, 52.357948 ], [ 4.890464, 52.355579 ], [ 4.890417, 52.355436 ] ] ] } },
{ "type": "Feature", "properties": { "id": 490, "name": "Hercules Seghersbuurt", "g_score_2022": 0.6732, "g_score_2010": 0.6056, "g_diff": 0.0676, "gi_star_z": 0.314, "class_196": "not significant", "class_140": "not significant" }, "geometry": { "type": "Polygon", "coordinates": [ [ [ 4.886485, 52.352236 ], [ 4.886803, 52.352231 ], [ 4.887065, 52.352247 ], [ 4.891135, 52.352792 ], [ 4.890688, 52.353993 ], [ 4.890332, 52.35484 ], [ 4.890315, 52.354943 ], [ 4.890316, 52.355031 ], [ 4.890356, 52.355267 ], [ 4.890417, 52.355436 ], [ 4.889074, 52.355163 ], [ 4.886698, 52.355295 ], [ 4.886759, 52.354622 ], [ 4.886778, 52.354412 ], [ 4.886786, 52.353938 ], [ 4.886768, 52.35355 ], [ 4.886773, 52.35338 ], [ 4.886624, 52.353149 ], [ 4.886567, 52.353029 ], [ 4.886518, 52.352889 ], [ 4.886499, 52.352767 ], [ 4.886485, 52.352236 ] ] ] } },
{ "type": "Feature", "properties": { "id": 479, "name": "Hondecoeterbuurt", "g_score_2022": 0.8237, "g_score_2010": 0.7921, "g_diff": 0.0316, "gi_star_z": -0.126, "class_196": "not significant", "class_140": "not significant" }, "geometry": { "type": "Polygon", "coordinates": [ [ [ 4.876249, 52.354804 ], [ 4.877931, 52.352404 ], [ 4.877493, 52.351472 ], [ 4.879053, 52.351194 ], [ 4.879105, 52.351305 ], [ 4.879146, 52.351362 ], [ 4.87923, 52.351439 ], [ 4.879337, 52.351506 ], [ 4.882137, 52.352685 ], [ 4.882293, 52.352768 ], [ 4.882459, 52.352889 ], [ 4.882336, 52.352944 ], [ 4.882264, 52.352987 ], [ 4.882146, 52.353087 ], [ 4.88172, 52.353691 ], [ 4.880392, 52.355517 ], [ 4.879992, 52.356138 ], [ 4.879341, 52.355965 ], [ 4.879177, 52.355902 ], [ 4.879022, 52.355816 ], [ 4.878443, 52.355433 ], [ 4.878337, 52.355376 ], [ 4.878224, 52.355332 ], [ 4.876249, 52.354804 ] ] ] } },
{ "type": "Feature", "properties": { "id": 480, "name": "Cornelis Schuytbuurt", "g_score_2022": 0.8646, "g_score_2010": 0.8099, "g_diff": 0.0547, "gi_star_z": -0.2096, "class_196": "not significant", "class_140": "not significant" }, "geometry": { "type": "Polygon", "coordinates": [ [ [ 4.867135, 52.356104 ], [ 4.867199, 52.356017 ], [ 4.8673, 52.356029 ], [ 4.867402, 52.356021 ], [ 4.8675, 52.35598 ], [ 4.867588, 52.355917 ], [ 4.86764, 52.355852 ], [ 4.867979, 52.355269 ], [ 4.868163, 52.355321 ], [ 4.868916, 52.354367 ], [ 4.869043, 52.354164 ], [ 4.869795, 52.353183 ], [ 4.869945, 52.353088 ], [ 4.870223, 52.353201 ], [ 4.876249, 52.354804 ], [ 4.873875, 52.358139 ], [ 4.87369, 52.358089 ], [ 4.873326, 52.357963 ], [ 4.873128, 52.357917 ], [ 4.872738, 52.357856 ], [ 4.872532, 52.357806 ], [ 4.87234, 52.35773 ], [ 4.872225, 52.357649 ], [ 4.872071, 52.357676 ], [ 4.872005, 52.357717 ], [ 4.871692, 52.357633 ], [ 4.871707, 52.357599 ], [ 4.871705, 52.357575 ], [ 4.871625, 52.357489 ], [ 4.871572, 52.357493 ], [ 4.871428, 52.357487 ], [ 4.871246, 52.357456 ], [ 4.870988, 52.357377 ], [ 4.870593, 52.357232 ], [ 4.870342, 52.357163 ], [ 4.870254, 52.357252 ], [ 4.869965, 52.35715 ], [ 4.870026, 52.357086 ], [ 4.869746, 52.35703 ], [ 4.86932, 52.35692 ], [ 4.869049, 52.356826 ], [ 4.868742, 52.35669 ], [ 4.868392, 52.356553 ], [ 4.868204, 52.356501 ], [ 4.867866, 52.356424 ], [ 4.86779, 52.356431 ], [ 4.867756, 52.356448 ], [ 4.867736, 52.35647 ], [ 4.867566, 52.356433 ], [ 4.867552, 52.356381 ], [ 4.867498, 52.35634 ], [ 4.867194, 52.356266 ], [ 4.867135, 52.356104 ] ] ] } },
{ "type": "Feature", "properties": { "id": 481, "name": "Concertgebouwbuurt", "g_score_2022": 0.837, "g_score_2010": 0.81, "g_diff": 0.0271, "gi_star_z": 0.2203, "class_196": "not significant", "class_140": "not significant" }, "geometry": { "type": "Polygon", "coordinates": [ [ [ 4.873875, 52.358139 ], [ 4.876249, 52.354804 ], [ 4.878224, 52.355332 ], [ 4.878337, 52.355376 ], [ 4.878443, 52.355433 ], [ 4.879022, 52.355816 ], [ 4.879177, 52.355902 ], [ 4.879341, 52.355965 ], [ 4.879992, 52.356138 ], [ 4.879825, 52.356412 ], [ 4.878568, 52.358153 ], [ 4.877154, 52.360101 ], [ 4.87696, 52.360065 ], [ 4.876673, 52.359932 ], [ 4.87646, 52.35985 ], [ 4.875796, 52.359659 ], [ 4.875975, 52.359402 ], [ 4.875252, 52.359213 ], [ 4.875242, 52.359227 ], [ 4.87508, 52.359183 ], [ 4.875284, 52.358901 ], [ 4.875333, 52.358878 ], [ 4.87532, 52.358875 ], [ 4.875384, 52.35878 ], [ 4.875001, 52.358679 ], [ 4.87515, 52.358473 ], [ 4.873875, 52.358139 ] ] ] } },
{ "type": "Feature", "properties": { "id": 482, "name": "P.C. Hooftbuurt", "g_score_2022": 0.8339, "g_score_2010": 0.71, "g_diff": 0.1239, "gi_star_z": 0.0284, "class_196": "not significant", "class_140": "not significant" }, "geometry": { "type": "Polygon", "coordinates": [ [ [ 4.877154, 52.360101 ], [ 4.878568, 52.358153 ], [ 4.883359, 52.359432 ], [ 4.883405, 52.35945 ], [ 4.883482, 52.359496 ], [ 4.883536, 52.359554 ], [ 4.883563, 52.359618 ], [ 4.883561, 52.359684 ], [ 4.883273, 52.360145 ], [ 4.883226, 52.36029 ], [ 4.884275, 52.360568 ], [ 4.884488, 52.360643 ], [ 4.88465, 52.360727 ], [ 4.885386, 52.361236 ], [ 4.884404, 52.361727 ], [ 4.884235, 52.361794 ], [ 4.884046, 52.361849 ], [ 4.883846, 52.361888 ], [ 4.883639, 52.36191 ], [ 4.882635, 52.361928 ], [ 4.882511, 52.361938 ], [ 4.882398, 52.361957 ], [ 4.882324, 52.361581 ], [ 4.882398, 52.361478 ], [ 4.880494, 52.360974 ], [ 4.880378, 52.36092 ], [ 4.877922, 52.360277 ], [ 4.877154, 52.360101 ] ] ] } },
{ "type": "Feature", "properties": { "id": 493, "name": "Cornelis Troostbuurt", "g_score_2022": 0.7165, "g_score_2010": 0.65, "g_diff": 0.0665, "gi_star_z": 0.1681, "class_196": "not significant", "class_140": "not significant" }, "geometry": { "type": "Polygon", "coordinates": [ [ [ 4.886281, 52.348474 ], [ 4.891281, 52.348228 ], [ 4.891595, 52.350535 ], [ 4.891597, 52.350614 ], [ 4.891579, 52.350751 ], [ 4.891362, 52.351404 ], [ 4.891358, 52.351484 ], [ 4.891395, 52.351993 ], [ 4.891379, 52.352135 ], [ 4.891204, 52.352577 ], [ 4.891135, 52.352792 ], [ 4.887065, 52.352247 ], [ 4.886803, 52.352231 ], [ 4.886485, 52.352236 ], [ 4.886526, 52.350656 ], [ 4.886281, 52.348474 ] ] ] } },
{ "type": "Feature", "properties": { "id": 494, "name": "Lizzy Ansinghbuurt", "g_score_2022": 0.6939, "g_score_2010": 0.6497, "g_diff": 0.0441, "gi_star_z": 0.3004, "class_196": "not significant", "class_140": "not significant" }, "geometry": { "type": "Polygon", "coordinates": [ [ [ 4.891135, 52.352792 ], [ 4.891204, 52.352577 ], [ 4.891379, 52.352135 ], [ 4.891395, 52.351993 ], [ 4.891358, 52.351484 ], [ 4.891362, 52.351404 ], [ 4.891579, 52.350751 ], [ 4.891597, 52.350614 ], [ 4.891595, 52.350535 ], [ 4.891281, 52.348228 ], [ 4.895262, 52.348013 ], [ 4.895296, 52.348268 ], [ 4.894641, 52.350028 ], [ 4.894542, 52.350439 ], [ 4.894559, 52.350571 ], [ 4.894747, 52.351322 ], [ 4.894774, 52.351429 ], [ 4.8946, 52.351888 ], [ 4.894912, 52.351936 ], [ 4.894837, 52.352628 ], [ 4.894788, 52.352895 ], [ 4.894556, 52.35325 ], [ 4.891135, 52.352792 ] ] ] } },
{ "type": "Feature", "properties": { "id": 495, "name": "Van der Helstpleinbuurt", "g_score_2022": 0.72, "g_score_2010": 0.67, "g_diff": 0.05, "gi_star_z": 0.1728, "class_196": "not significant", "class_140": "not significant" }, "geometry": { "type": "Polygon", "coordinates": [ [ [ 4.894556, 52.35325 ], [ 4.894788, 52.352895 ], [ 4.894837, 52.352628 ], [ 4.894912, 52.351936 ], [ 4.8946, 52.351888 ], [ 4.894774, 52.351429 ], [ 4.894747, 52.351322 ], [ 4.897588, 52.351724 ], [ 4.897679, 52.351778 ], [ 4.898092, 52.351837 ], [ 4.898961, 52.351597 ], [ 4.903033, 52.352171 ], [ 4.902823, 52.352776 ], [ 4.902665, 52.353067 ], [ 4.902547, 52.353258 ], [ 4.901999, 52.353916 ], [ 4.901626, 52.354327 ], [ 4.901246, 52.354828 ], [ 4.89909, 52.354149 ], [ 4.894556, 52.35325 ] ] ] } },
{ "type": "Feature", "properties": { "id": 496, "name": "Willibrordusbuurt", "g_score_2022": 0.6233, "g_score_2010": 0.6038, "g_diff": 0.0195, "gi_star_z": 0.3522, "class_196": "not significant", "class_140": "not significant" }, "geometry": { "type": "Polygon", "coordinates": [ [ [ 4.901246, 52.354828 ], [ 4.901626, 52.354327 ], [ 4.901999, 52.353916 ], [ 4.902547, 52.353258 ], [ 4.902665, 52.353067 ], [ 4.902823, 52.352776 ], [ 4.903033, 52.352171 ], [ 4.904176, 52.352373 ], [ 4.905214, 52.352607 ], [ 4.908364, 52.35339 ], [ 4.906552, 52.355385 ], [ 4.906056, 52.356169 ], [ 4.904997, 52.355994 ], [ 4.904811, 52.355952 ], [ 4.901246, 52.354828 ] ] ] } },
{ "type": "Feature", "properties": { "id": 497, "name": "BurgemeesterTellegenbuurt-West", "g_score_2022": 0.5754, "g_score_2010": 0.5498, "g_diff": 0.0256, "gi_star_z": 0.0875, "class_196": "not significant", "class_140": "not significant" }, "geometry": { "type": "Polygon", "coordinates": [ [ [ 4.894747, 52.351322 ], [ 4.894559, 52.350571 ], [ 4.894542, 52.350439 ], [ 4.894641, 52.350028 ], [ 4.895296, 52.348268 ], [ 4.895262, 52.348013 ], [ 4.896227, 52.347966 ], [ 4.899805, 52.348464 ], [ 4.89927, 52.349919 ], [ 4.89822, 52.350128 ], [ 4.897938, 52.350886 ], [ 4.897855, 52.351014 ], [ 4.897588, 52.351724 ], [ 4.894747, 52.351322 ] ] ] } },
{ "type": "Feature", "properties": { "id": 498, "name": "Burgemeester Tellegenbuurt-Oost", "g_score_2022": 0.6273, "g_score_2010": 0.6159, "g_diff": 0.0114, "gi_star_z": 0.086, "class_196": "not significant", "class_140": "not significant" }, "geometry": { "type": "Polygon", "coordinates": [ [ [ 4.897588, 52.351724 ], [ 4.897855, 52.351014 ], [ 4.897938, 52.350886 ], [ 4.89822, 52.350128 ], [ 4.89927, 52.349919 ], [ 4.899805, 52.348464 ], [ 4.904194, 52.349075 ], [ 4.903033, 52.352171 ], [ 4.898961, 52.351597 ], [ 4.898092, 52.351837 ], [ 4.897679, 52.351778 ], [ 4.897588, 52.351724 ] ] ] } },
{ "type": "Feature", "properties": { "id": 500, "name": "Bertelmanpleinbuurt", "g_score_2022": 0.6168, "g_score_2010": 0.5793, "g_diff": 0.0375, "gi_star_z": 0.2949, "class_196": "not significant", "class_140": "not significant" }, "geometry": { "type": "Polygon", "coordinates": [ [ [ 4.857413, 52.349831 ], [ 4.857459, 52.349744 ], [ 4.857533, 52.347948 ], [ 4.857573, 52.347419 ], [ 4.858856, 52.347627 ], [ 4.860126, 52.348741 ], [ 4.86111, 52.349603 ], [ 4.861583, 52.349728 ], [ 4.860918, 52.350766 ], [ 4.857413, 52.349831 ] ] ] } },
{ "type": "Feature", "properties": { "id": 501, "name": "Olympisch Stadion e.o.", "g_score_2022": 0.8123, "g_score_2010": 0.7798, "g_diff": 0.0325, "gi_star_z": 0.6719, "class_196": "not significant", "class_140": "not significant" }, "geometry": { "type": "Polygon", "coordinates": [ [ [ 4.857573, 52.347419 ], [ 4.853504, 52.346858 ], [ 4.853179, 52.346782 ], [ 4.852929, 52.346696 ], [ 4.852811, 52.346645 ], [ 4.852633, 52.346554 ], [ 4.852424, 52.346418 ], [ 4.852218, 52.346265 ], [ 4.852008, 52.346094 ], [ 4.851838, 52.345924 ], [ 4.851719, 52.345785 ], [ 4.85159, 52.3456 ], [ 4.851546, 52.345515 ], [ 4.851487, 52.345349 ], [ 4.85147, 52.345266 ], [ 4.851442, 52.344705 ], [ 4.851521, 52.344375 ], [ 4.851637, 52.34404 ], [ 4.851916, 52.343632 ], [ 4.852022, 52.3434 ], [ 4.852444, 52.342405 ], [ 4.852857, 52.34165 ], [ 4.8573, 52.342254 ], [ 4.858055, 52.34236 ], [ 4.857773, 52.343183 ], [ 4.858697, 52.343301 ], [ 4.858045, 52.345229 ], [ 4.857693, 52.345181 ], [ 4.857679, 52.345656 ], [ 4.857583, 52.346963 ], [ 4.857573, 52.347419 ] ] ] } },
{ "type": "Feature", "properties": { "id": 502, "name": "Marathonbuurt-West", "g_score_2022": 0.568, "g_score_2010": 0.4996, "g_diff": 0.0685, "gi_star_z": 0.189, "class_196": "not significant", "class_140": "not significant" }, "geometry": { "type": "Polygon", "coordinates": [ [ [ 4.857573, 52.347419 ], [ 4.857583, 52.346963 ], [ 4.857679, 52.345656 ], [ 4.857693, 52.345181 ], [ 4.858045, 52.345229 ], [ 4.865672, 52.34626 ], [ 4.865576, 52.346519 ], [ 4.865533, 52.346569 ], [ 4.865471, 52.346611 ], [ 4.860126, 52.348741 ], [ 4.858856, 52.347627 ], [ 4.857573, 52.347419 ] ] ] } },
{ "type": "Feature", "properties": { "id": 491, "name": "Sarphatiparkbuurt", "g_score_2022": 0.7014, "g_score_2010": 0.6299, "g_diff": 0.0715, "gi_star_z": 0.348, "class_196": "not significant", "class_140": "not significant" }, "geometry": { "type": "Polygon", "coordinates": [ [ [ 4.890417, 52.355436 ], [ 4.890356, 52.355267 ], [ 4.890316, 52.355031 ], [ 4.890315, 52.354943 ], [ 4.890332, 52.35484 ], [ 4.890688, 52.353993 ], [ 4.891135, 52.352792 ], [ 4.894556, 52.35325 ], [ 4.89909, 52.354149 ], [ 4.901246, 52.354828 ], [ 4.899795, 52.356662 ], [ 4.899333, 52.357704 ], [ 4.899246, 52.3581 ], [ 4.899006, 52.358049 ], [ 4.89876, 52.358006 ], [ 4.898511, 52.357973 ], [ 4.898259, 52.357948 ], [ 4.898512, 52.357361 ], [ 4.895452, 52.356468 ], [ 4.890417, 52.355436 ] ] ] } },
{ "type": "Feature", "properties": { "id": 492, "name": "Hemonybuurt", "g_score_2022": 0.7514, "g_score_2010": 0.6999, "g_diff": 0.0515, "gi_star_z": 0.1696, "class_196": "not significant", "class_140": "not significant" }, "geometry": { "type": "Polygon", "coordinates": [ [ [ 4.899246, 52.3581 ], [ 4.899333, 52.357704 ], [ 4.899795, 52.356662 ], [ 4.901246, 52.354828 ], [ 4.904811, 52.355952 ], [ 4.904997, 52.355994 ], [ 4.906056, 52.356169 ], [ 4.90489, 52.358751 ], [ 4.904634, 52.359212 ], [ 4.904, 52.359049 ], [ 4.901674, 52.358595 ], [ 4.899246, 52.3581 ] ] ] } },
{ "type": "Feature", "properties": { "id": 524, "name": "Prinses Irenebuurt", "g_score_2022": 0.8981, "g_score_2010": 0.9011, "g_diff": -0.003, "gi_star_z": 0.6902, "class_196": "not significant", "class_140": "not significant" }, "geometry": { "type": "Polygon", "coordinates": [ [ [ 4.864804, 52.343159 ], [ 4.864983, 52.341396 ], [ 4.876052, 52.341808 ], [ 4.877146, 52.34182 ], [ 4.878318, 52.341793 ], [ 4.878175, 52.343594 ], [ 4.878476, 52.344007 ], [ 4.878404, 52.344679 ], [ 4.876601, 52.344619 ], [ 4.871176, 52.344411 ], [ 4.870996, 52.344394 ], [ 4.867976, 52.343981 ], [ 4.867198, 52.343874 ], [ 4.866912, 52.343819 ], [ 4.864804, 52.343159 ] ] ] } },
{ "type": "Feature", "properties": { "id": 527, "name": "Zuidas-Noord", "g_score_2022": 0.9029, "g_score_2010": 0.6721, "g_diff": 0.2308, "gi_star_z": -0.8036, "class_196": "not significant", "class_140": "not significant" }, "geometry": { "type": "Polygon", "coordinates": [ [ [ 4.857095, 52.338902 ], [ 4.857099, 52.338829 ], [ 4.85758, 52.338853 ], [ 4.857617, 52.337863 ], [ 4.857599, 52.336999 ], [ 4.858214, 52.336994 ], [ 4.858585, 52.336946 ], [ 4.859137, 52.336909 ], [ 4.859848, 52.336833 ], [ 4.859989, 52.336826 ], [ 4.86031, 52.336831 ], [ 4.860473, 52.336846 ], [ 4.860605, 52.336881 ], [ 4.860766, 52.336942 ], [ 4.860953, 52.337033 ], [ 4.861029, 52.337075 ], [ 4.861213, 52.337207 ], [ 4.86132, 52.337268 ], [ 4.861628, 52.337474 ], [ 4.86174, 52.33754 ], [ 4.861975, 52.337656 ], [ 4.86208, 52.3377 ], [ 4.862262, 52.337755 ], [ 4.862388, 52.33778 ], [ 4.862669, 52.337809 ], [ 4.863263, 52.337846 ], [ 4.86461, 52.337913 ], [ 4.86601, 52.337973 ], [ 4.866697, 52.33801 ], [ 4.866927, 52.338029 ], [ 4.868686, 52.33811 ], [ 4.872006, 52.33828 ], [ 4.873434, 52.338339 ], [ 4.875216, 52.338367 ], [ 4.876645, 52.338368 ], [ 4.87928, 52.338375 ], [ 4.880617, 52.338368 ], [ 4.881925, 52.338325 ], [ 4.88312, 52.33827 ], [ 4.883961, 52.338202 ], [ 4.884227, 52.338173 ], [ 4.884628, 52.338116 ], [ 4.88507, 52.341242 ], [ 4.885297, 52.341233 ], [ 4.885405, 52.342006 ], [ 4.879039, 52.341776 ], [ 4.878318, 52.341793 ], [ 4.877146, 52.34182 ], [ 4.876052, 52.341808 ], [ 4.864983, 52.341396 ], [ 4.864804, 52.343159 ], [ 4.863005, 52.342605 ], [ 4.86282, 52.34256 ], [ 4.862657, 52.342534 ], [ 4.862507, 52.342518 ], [ 4.862289, 52.342512 ], [ 4.859679, 52.342549 ], [ 4.859471, 52.342546 ], [ 4.859174, 52.342518 ], [ 4.858055, 52.34236 ], [ 4.8573, 52.342254 ], [ 4.85734, 52.342144 ], [ 4.857334, 52.342101 ], [ 4.857435, 52.341771 ], [ 4.857462, 52.341537 ], [ 4.857414, 52.34122 ], [ 4.857326, 52.340846 ], [ 4.857199, 52.340164 ], [ 4.857159, 52.339883 ], [ 4.857137, 52.33957 ], [ 4.857163, 52.339161 ], [ 4.857159, 52.339088 ], [ 4.857116, 52.338921 ], [ 4.857095, 52.338902 ] ] ] } },
{ "type": "Feature", "properties": { "id": 82, "name": "Veluwebuurt", "g_score_2022": 0.6357, "g_score_2010": 0.5898, "g_diff": 0.046, "gi_star_z": 0.3327, "class_196": "not significant", "class_140": "not significant" }, "geometry": { "type": "Polygon", "coordinates": [ [ [ 4.894431, 52.340751 ], [ 4.894155, 52.338402 ], [ 4.899142, 52.338168 ], [ 4.901467, 52.338057 ], [ 4.901764, 52.34038 ], [ 4.897433, 52.340612 ], [ 4.896711, 52.34065 ], [ 4.894431, 52.340751 ] ] ] } },
{ "type": "Feature", "properties": { "id": 515, "name": "Scheldebuurt-Oost", "g_score_2022": 0.8157, "g_score_2010": 0.7599, "g_diff": 0.0558, "gi_star_z": 0.114, "class_196": "not significant", "class_140": "not significant" }, "geometry": { "type": "Polygon", "coordinates": [ [ [ 4.899992, 52.346699 ], [ 4.899974, 52.346408 ], [ 4.899822, 52.345534 ], [ 4.900615, 52.344746 ], [ 4.901036, 52.344297 ], [ 4.902104, 52.343191 ], [ 4.902065, 52.342866 ], [ 4.904458, 52.342758 ], [ 4.90581, 52.342708 ], [ 4.906282, 52.342772 ], [ 4.906548, 52.342791 ], [ 4.905237, 52.346292 ], [ 4.903934, 52.346109 ], [ 4.902779, 52.346562 ], [ 4.899992, 52.346699 ] ] ] } },
{ "type": "Feature", "properties": { "id": 516, "name": "Kop Zuidas", "g_score_2022": 0.9264, "g_score_2010": 0.8276, "g_diff": 0.0988, "gi_star_z": -0.9337, "class_196": "not significant", "class_140": "not significant" }, "geometry": { "type": "Polygon", "coordinates": [ [ [ 4.890135, 52.336176 ], [ 4.891559, 52.335481 ], [ 4.891907, 52.335292 ], [ 4.892464, 52.334967 ], [ 4.892579, 52.334883 ], [ 4.892663, 52.33479 ], [ 4.892715, 52.3347 ], [ 4.892746, 52.33458 ], [ 4.899142, 52.338168 ], [ 4.894155, 52.338402 ], [ 4.894431, 52.340751 ], [ 4.892289, 52.340845 ], [ 4.891931, 52.337773 ], [ 4.891886, 52.337619 ], [ 4.891774, 52.337454 ], [ 4.891636, 52.337321 ], [ 4.890297, 52.336339 ], [ 4.890237, 52.336287 ], [ 4.890135, 52.336176 ] ] ] } },
{ "type": "Feature", "properties": { "id": 517, "name": "IJselbuurt-West", "g_score_2022": 0.6466, "g_score_2010": 0.6161, "g_diff": 0.0305, "gi_star_z": 0.0845, "class_196": "not significant", "class_140": "not significant" }, "geometry": { "type": "Polygon", "coordinates": [ [ [ 4.895121, 52.346939 ], [ 4.899992, 52.346699 ], [ 4.902779, 52.346562 ], [ 4.903934, 52.346109 ], [ 4.905237, 52.346292 ], [ 4.904194, 52.349075 ], [ 4.899805, 52.348464 ], [ 4.896227, 52.347966 ], [ 4.895262, 52.348013 ], [ 4.895121, 52.346939 ] ] ] } },
{ "type": "Feature", "properties": { "id": 520, "name": "Rijnbuurt-West", "g_score_2022": 0.5147, "g_score_2010": 0.4844, "g_diff": 0.0302, "gi_star_z": 0.1974, "class_196": "not significant", "class_140": "not significant" }, "geometry": { "type": "Polygon", "coordinates": [ [ [ 4.897189, 52.342382 ], [ 4.897564, 52.34199 ], [ 4.897594, 52.341945 ], [ 4.897607, 52.341896 ], [ 4.897433, 52.340612 ], [ 4.901764, 52.34038 ], [ 4.901866, 52.341297 ], [ 4.902065, 52.342866 ], [ 4.90126, 52.342902 ], [ 4.901038, 52.342868 ], [ 4.899572, 52.342934 ], [ 4.899359, 52.343 ], [ 4.899027, 52.343015 ], [ 4.897189, 52.342382 ] ] ] } },
{ "type": "Feature", "properties": { "id": 521, "name": "Rijnbuurt-Midden", "g_score_2022": 0.7499, "g_score_2010": 0.7069, "g_diff": 0.0429, "gi_star_z": 0.3854, "class_196": "not significant", "class_140": "not significant" }, "geometry": { "type": "Polygon", "coordinates": [ [ [ 4.899142, 52.338168 ], [ 4.900362, 52.337609 ], [ 4.901434, 52.337201 ], [ 4.901563, 52.337167 ], [ 4.901705, 52.337142 ], [ 4.901928, 52.33714 ], [ 4.902223, 52.337125 ], [ 4.90251, 52.337083 ], [ 4.902784, 52.337016 ], [ 4.903231, 52.336865 ], [ 4.903645, 52.336778 ], [ 4.903864, 52.33672 ], [ 4.905009, 52.336332 ], [ 4.905385, 52.33622 ], [ 4.905578, 52.336172 ], [ 4.905975, 52.336091 ], [ 4.906797, 52.335962 ], [ 4.906859, 52.336163 ], [ 4.9069, 52.336408 ], [ 4.90719, 52.337616 ], [ 4.907237, 52.337717 ], [ 4.90731, 52.337819 ], [ 4.907411, 52.337916 ], [ 4.907485, 52.337963 ], [ 4.907748, 52.338117 ], [ 4.907963, 52.338219 ], [ 4.909266, 52.338706 ], [ 4.909422, 52.338773 ], [ 4.908208, 52.339834 ], [ 4.908073, 52.339932 ], [ 4.907885, 52.340086 ], [ 4.907664, 52.340303 ], [ 4.907479, 52.340533 ], [ 4.907332, 52.340773 ], [ 4.907247, 52.340958 ], [ 4.906548, 52.342791 ], [ 4.906282, 52.342772 ], [ 4.90581, 52.342708 ], [ 4.904458, 52.342758 ], [ 4.902065, 52.342866 ], [ 4.901866, 52.341297 ], [ 4.901764, 52.34038 ], [ 4.901467, 52.338057 ], [ 4.899142, 52.338168 ] ] ] } },
{ "type": "Feature", "properties": { "id": 131, "name": "Oostpoort", "g_score_2022": 0.7212, "g_score_2010": 0.5446, "g_diff": 0.1766, "gi_star_z": 0.2175, "class_196": "not significant", "class_140": "not significant" }, "geometry": { "type": "Polygon", "coordinates": [ [ [ 4.926691, 52.357866 ], [ 4.926948, 52.35747 ], [ 4.927375, 52.356696 ], [ 4.927825, 52.355965 ], [ 4.928203, 52.355368 ], [ 4.928232, 52.355337 ], [ 4.929878, 52.356067 ], [ 4.933244, 52.356815 ], [ 4.936627, 52.357529 ], [ 4.937021, 52.35758 ], [ 4.937147, 52.357691 ], [ 4.937432, 52.35774 ], [ 4.937307, 52.357792 ], [ 4.937322, 52.357806 ], [ 4.937263, 52.357845 ], [ 4.936754, 52.358059 ], [ 4.935998, 52.358401 ], [ 4.935342, 52.358704 ], [ 4.935168, 52.358799 ], [ 4.935052, 52.358788 ], [ 4.935018, 52.358767 ], [ 4.93486, 52.358839 ], [ 4.934889, 52.358869 ], [ 4.934878, 52.358894 ], [ 4.934286, 52.359241 ], [ 4.934171, 52.359316 ], [ 4.933912, 52.359497 ], [ 4.933765, 52.359621 ], [ 4.933562, 52.359767 ], [ 4.933343, 52.359945 ], [ 4.93297, 52.360303 ], [ 4.932823, 52.360481 ], [ 4.932733, 52.360566 ], [ 4.932501, 52.36083 ], [ 4.932389, 52.360852 ], [ 4.93234, 52.360921 ], [ 4.932314, 52.360914 ], [ 4.93212, 52.361198 ], [ 4.932029, 52.361346 ], [ 4.932046, 52.361346 ], [ 4.932031, 52.361372 ], [ 4.932039, 52.3614 ], [ 4.932084, 52.361428 ], [ 4.932073, 52.361461 ], [ 4.931874, 52.361764 ], [ 4.931727, 52.362119 ], [ 4.931704, 52.362144 ], [ 4.93166, 52.362249 ], [ 4.931477, 52.362798 ], [ 4.931472, 52.362887 ], [ 4.931408, 52.363218 ], [ 4.931138, 52.36253 ], [ 4.931102, 52.362238 ], [ 4.931058, 52.36202 ], [ 4.930975, 52.361732 ], [ 4.930866, 52.361447 ], [ 4.930517, 52.360739 ], [ 4.93028, 52.360308 ], [ 4.930101, 52.360042 ], [ 4.929892, 52.359785 ], [ 4.929602, 52.359489 ], [ 4.929276, 52.35921 ], [ 4.928868, 52.358902 ], [ 4.928463, 52.358633 ], [ 4.927995, 52.358375 ], [ 4.927592, 52.358188 ], [ 4.927168, 52.358022 ], [ 4.926691, 52.357866 ] ] ] } },
{ "type": "Feature", "properties": { "id": 132, "name": "Timorpleinbuurt-Noord", "g_score_2022": 0.7011, "g_score_2010": 0.6534, "g_diff": 0.0478, "gi_star_z": -0.2289, "class_196": "not significant", "class_140": "not significant" }, "geometry": { "type": "Polygon", "coordinates": [ [ [ 4.932096, 52.366572 ], [ 4.931725, 52.365947 ], [ 4.931794, 52.365919 ], [ 4.93181, 52.365898 ], [ 4.931783, 52.365807 ], [ 4.931774, 52.365808 ], [ 4.93175, 52.365775 ], [ 4.931454, 52.365233 ], [ 4.931356, 52.364958 ], [ 4.931325, 52.364961 ], [ 4.931263, 52.364617 ], [ 4.931305, 52.364614 ], [ 4.931278, 52.36454 ], [ 4.931268, 52.364226 ], [ 4.931291, 52.36385 ], [ 4.931335, 52.363561 ], [ 4.931271, 52.363544 ], [ 4.931249, 52.363521 ], [ 4.93125, 52.363491 ], [ 4.931216, 52.363487 ], [ 4.931228, 52.363382 ], [ 4.931622, 52.363425 ], [ 4.932291, 52.363524 ], [ 4.932966, 52.363604 ], [ 4.933656, 52.363667 ], [ 4.93435, 52.36371 ], [ 4.935204, 52.363737 ], [ 4.939542, 52.363782 ], [ 4.939465, 52.366648 ], [ 4.932371, 52.36655 ], [ 4.932096, 52.366572 ] ] ] } },
{ "type": "Feature", "properties": { "id": 133, "name": "Timorpleinbuurt-Zuid", "g_score_2022": 0.6927, "g_score_2010": 0.6435, "g_diff": 0.0491, "gi_star_z": 0.5306, "class_196": "not significant", "class_140": "not significant" }, "geometry": { "type": "Polygon", "coordinates": [ [ [ 4.931228, 52.363382 ], [ 4.931241, 52.363273 ], [ 4.931274, 52.363277 ], [ 4.931283, 52.363246 ], [ 4.93132, 52.363222 ], [ 4.931353, 52.363216 ], [ 4.931408, 52.363218 ], [ 4.931472, 52.362887 ], [ 4.931477, 52.362798 ], [ 4.93166, 52.362249 ], [ 4.931704, 52.362144 ], [ 4.931727, 52.362119 ], [ 4.931874, 52.361764 ], [ 4.932073, 52.361461 ], [ 4.932084, 52.361428 ], [ 4.932039, 52.3614 ], [ 4.932031, 52.361372 ], [ 4.932046, 52.361346 ], [ 4.932029, 52.361346 ], [ 4.93212, 52.361198 ], [ 4.936375, 52.361171 ], [ 4.939744, 52.361645 ], [ 4.939607, 52.362012 ], [ 4.939587, 52.362131 ], [ 4.939542, 52.363782 ], [ 4.935204, 52.363737 ], [ 4.93435, 52.36371 ], [ 4.933656, 52.363667 ], [ 4.932966, 52.363604 ], [ 4.932291, 52.363524 ], [ 4.931622, 52.363425 ], [ 4.931228, 52.363382 ] ] ] } },
{ "type": "Feature", "properties": { "id": 134, "name": "Ambonpleinbuurt", "g_score_2022": 0.6195, "g_score_2010": 0.5998, "g_diff": 0.0197, "gi_star_z": 0.659, "class_196": "not significant", "class_140": "not significant" }, "geometry": { "type": "Polygon", "coordinates": [ [ [ 4.93212, 52.361198 ], [ 4.932314, 52.360914 ], [ 4.93234, 52.360921 ], [ 4.932389, 52.360852 ], [ 4.932501, 52.36083 ], [ 4.932733, 52.360566 ], [ 4.932823, 52.360481 ], [ 4.93297, 52.360303 ], [ 4.933343, 52.359945 ], [ 4.933562, 52.359767 ], [ 4.933765, 52.359621 ], [ 4.933912, 52.359497 ], [ 4.934171, 52.359316 ], [ 4.934286, 52.359241 ], [ 4.934878, 52.358894 ], [ 4.934889, 52.358869 ], [ 4.93486, 52.358839 ], [ 4.935018, 52.358767 ], [ 4.935052, 52.358788 ], [ 4.935168, 52.358799 ], [ 4.935342, 52.358704 ], [ 4.935998, 52.358401 ], [ 4.936754, 52.358059 ], [ 4.937263, 52.357845 ], [ 4.937322, 52.357806 ], [ 4.937307, 52.357792 ], [ 4.937432, 52.35774 ], [ 4.937798, 52.357788 ], [ 4.940465, 52.358381 ], [ 4.940705, 52.358405 ], [ 4.940948, 52.358414 ], [ 4.939744, 52.361645 ], [ 4.936375, 52.361171 ], [ 4.93212, 52.361198 ] ] ] } },
{ "type": "Feature", "properties": { "id": 135, "name": "Makassarpleinbuurt", "g_score_2022": 0.6174, "g_score_2010": 0.57, "g_diff": 0.0475, "gi_star_z": -0.3607, "class_196": "not significant", "class_140": "not significant" }, "geometry": { "type": "Polygon", "coordinates": [ [ [ 4.939465, 52.366648 ], [ 4.939542, 52.363782 ], [ 4.939587, 52.362131 ], [ 4.939607, 52.362012 ], [ 4.939744, 52.361645 ], [ 4.945924, 52.362514 ], [ 4.946398, 52.362581 ], [ 4.946518, 52.362608 ], [ 4.946697, 52.36268 ], [ 4.946786, 52.362736 ], [ 4.946858, 52.362802 ], [ 4.946936, 52.362923 ], [ 4.947564, 52.36458 ], [ 4.947622, 52.364692 ], [ 4.947708, 52.364809 ], [ 4.947777, 52.364884 ], [ 4.947879, 52.364974 ], [ 4.94799, 52.365054 ], [ 4.948097, 52.365117 ], [ 4.948211, 52.365167 ], [ 4.948353, 52.365218 ], [ 4.948501, 52.365259 ], [ 4.947922, 52.365898 ], [ 4.947804, 52.365986 ], [ 4.947625, 52.366076 ], [ 4.947418, 52.36614 ], [ 4.947194, 52.366175 ], [ 4.946158, 52.366179 ], [ 4.946146, 52.366676 ], [ 4.939465, 52.366648 ] ] ] } },
{ "type": "Feature", "properties": { "id": 125, "name": "Oosterparkbuurt-Zuidwest", "g_score_2022": 0.6264, "g_score_2010": 0.5796, "g_diff": 0.0467, "gi_star_z": 0.1215, "class_196": "not significant", "class_140": "not significant" }, "geometry": { "type": "Polygon", "coordinates": [ [ [ 4.910879, 52.3564 ], [ 4.91133, 52.355636 ], [ 4.912022, 52.355806 ], [ 4.912291, 52.355673 ], [ 4.91261, 52.355534 ], [ 4.912951, 52.355413 ], [ 4.913128, 52.355361 ], [ 4.913494, 52.355273 ], [ 4.913681, 52.355237 ], [ 4.913871, 52.355206 ], [ 4.914309, 52.355155 ], [ 4.914594, 52.35488 ], [ 4.915754, 52.354322 ], [ 4.91609, 52.354539 ], [ 4.916455, 52.354738 ], [ 4.916845, 52.354918 ], [ 4.917049, 52.355 ], [ 4.917473, 52.35515 ], [ 4.919185, 52.355656 ], [ 4.917445, 52.358044 ], [ 4.910879, 52.3564 ] ] ] } },
{ "type": "Feature", "properties": { "id": 126, "name": "Oosterparkbuurt-Zuidoost", "g_score_2022": 0.7054, "g_score_2010": 0.6398, "g_diff": 0.0655, "gi_star_z": 0.5152, "class_196": "not significant", "class_140": "not significant" }, "geometry": { "type": "Polygon", "coordinates": [ [ [ 4.917445, 52.358044 ], [ 4.919185, 52.355656 ], [ 4.926691, 52.357866 ], [ 4.926393, 52.358288 ], [ 4.925426, 52.359847 ], [ 4.925295, 52.360027 ], [ 4.917772, 52.358142 ], [ 4.917445, 52.358044 ] ] ] } },
{ "type": "Feature", "properties": { "id": 127, "name": "Transvaalbuurt-West", "g_score_2022": 0.6585, "g_score_2010": 0.6337, "g_diff": 0.0249, "gi_star_z": 0.5338, "class_196": "not significant", "class_140": "not significant" }, "geometry": { "type": "Polygon", "coordinates": [ [ [ 4.915754, 52.354322 ], [ 4.915899, 52.354252 ], [ 4.915614, 52.354035 ], [ 4.915462, 52.353904 ], [ 4.915204, 52.353626 ], [ 4.915113, 52.353515 ], [ 4.914943, 52.353275 ], [ 4.914728, 52.352833 ], [ 4.914651, 52.352616 ], [ 4.914593, 52.352374 ], [ 4.914564, 52.352153 ], [ 4.914562, 52.351831 ], [ 4.914597, 52.351565 ], [ 4.914654, 52.351354 ], [ 4.914644, 52.351329 ], [ 4.91463, 52.351326 ], [ 4.91472, 52.351092 ], [ 4.916499, 52.350026 ], [ 4.921619, 52.352331 ], [ 4.920174, 52.353525 ], [ 4.920152, 52.353571 ], [ 4.920156, 52.35362 ], [ 4.920278, 52.353805 ], [ 4.920304, 52.353914 ], [ 4.920301, 52.353969 ], [ 4.92025, 52.354177 ], [ 4.920179, 52.354375 ], [ 4.920101, 52.354519 ], [ 4.920021, 52.354636 ], [ 4.919185, 52.355656 ], [ 4.917473, 52.35515 ], [ 4.917049, 52.355 ], [ 4.916845, 52.354918 ], [ 4.916455, 52.354738 ], [ 4.91609, 52.354539 ], [ 4.915754, 52.354322 ] ] ] } },
{ "type": "Feature", "properties": { "id": 128, "name": "Transvaalbuurt-Oost", "g_score_2022": 0.678, "g_score_2010": 0.63, "g_diff": 0.048, "gi_star_z": 0.7796, "class_196": "not significant", "class_140": "not significant" }, "geometry": { "type": "Polygon", "coordinates": [ [ [ 4.919185, 52.355656 ], [ 4.920021, 52.354636 ], [ 4.920101, 52.354519 ], [ 4.920179, 52.354375 ], [ 4.92025, 52.354177 ], [ 4.920301, 52.353969 ], [ 4.920304, 52.353914 ], [ 4.920278, 52.353805 ], [ 4.920156, 52.35362 ], [ 4.920152, 52.353571 ], [ 4.920174, 52.353525 ], [ 4.921619, 52.352331 ], [ 4.926929, 52.354726 ], [ 4.928232, 52.355337 ], [ 4.928203, 52.355368 ], [ 4.927825, 52.355965 ], [ 4.927375, 52.356696 ], [ 4.926948, 52.35747 ], [ 4.926691, 52.357866 ], [ 4.919185, 52.355656 ] ] ] } },
{ "type": "Feature", "properties": { "id": 129, "name": "Dapperbuurt-Noord", "g_score_2022": 0.6552, "g_score_2010": 0.6237, "g_diff": 0.0315, "gi_star_z": -0.1841, "class_196": "not significant", "class_140": "not significant" }, "geometry": { "type": "Polygon", "coordinates": [ [ [ 4.922313, 52.363759 ], [ 4.923405, 52.362977 ], [ 4.923497, 52.362896 ], [ 4.923577, 52.362782 ], [ 4.923984, 52.361931 ], [ 4.930343, 52.363286 ], [ 4.931228, 52.363382 ], [ 4.931216, 52.363487 ], [ 4.93125, 52.363491 ], [ 4.931249, 52.363521 ], [ 4.931271, 52.363544 ], [ 4.931335, 52.363561 ], [ 4.931291, 52.36385 ], [ 4.931268, 52.364226 ], [ 4.931278, 52.36454 ], [ 4.931305, 52.364614 ], [ 4.931263, 52.364617 ], [ 4.931325, 52.364961 ], [ 4.931356, 52.364958 ], [ 4.931454, 52.365233 ], [ 4.93175, 52.365775 ], [ 4.931774, 52.365808 ], [ 4.931783, 52.365807 ], [ 4.93181, 52.365898 ], [ 4.931794, 52.365919 ], [ 4.931725, 52.365947 ], [ 4.932096, 52.366572 ], [ 4.931586, 52.366569 ], [ 4.927514, 52.366501 ], [ 4.92732, 52.366487 ], [ 4.927138, 52.36646 ], [ 4.926989, 52.366425 ], [ 4.926854, 52.366383 ], [ 4.926727, 52.366333 ], [ 4.926602, 52.36627 ], [ 4.925602, 52.365666 ], [ 4.924778, 52.365248 ], [ 4.922313, 52.363759 ] ] ] } },
{ "type": "Feature", "properties": { "id": 130, "name": "Dapperbuurt-Zuid", "g_score_2022": 0.6311, "g_score_2010": 0.5756, "g_diff": 0.0556, "gi_star_z": 0.6433, "class_196": "not significant", "class_140": "not significant" }, "geometry": { "type": "Polygon", "coordinates": [ [ [ 4.923984, 52.361931 ], [ 4.924128, 52.361643 ], [ 4.924624, 52.360936 ], [ 4.925295, 52.360027 ], [ 4.925426, 52.359847 ], [ 4.926393, 52.358288 ], [ 4.926691, 52.357866 ], [ 4.927168, 52.358022 ], [ 4.927592, 52.358188 ], [ 4.927995, 52.358375 ], [ 4.928463, 52.358633 ], [ 4.928868, 52.358902 ], [ 4.929276, 52.35921 ], [ 4.929602, 52.359489 ], [ 4.929892, 52.359785 ], [ 4.930101, 52.360042 ], [ 4.93028, 52.360308 ], [ 4.930517, 52.360739 ], [ 4.930866, 52.361447 ], [ 4.930975, 52.361732 ], [ 4.931058, 52.36202 ], [ 4.931102, 52.362238 ], [ 4.931138, 52.36253 ], [ 4.931408, 52.363218 ], [ 4.931353, 52.363216 ], [ 4.93132, 52.363222 ], [ 4.931283, 52.363246 ], [ 4.931274, 52.363277 ], [ 4.931241, 52.363273 ], [ 4.931228, 52.363382 ], [ 4.930343, 52.363286 ], [ 4.923984, 52.361931 ] ] ] } },
{ "type": "Feature", "properties": { "id": 148, "name": "Steigereiland-Noord", "g_score_2022": 0.8481, "g_score_2010": 0.8493, "g_diff": -0.0012, "gi_star_z": -0.4233, "class_196": "not significant", "class_140": "not significant" }, "geometry": { "type": "Polygon", "coordinates": [ [ [ 4.976645, 52.365136 ], [ 4.977721, 52.364564 ], [ 4.979064, 52.363892 ], [ 4.979619, 52.363599 ], [ 4.985662, 52.360388 ], [ 4.986417, 52.359966 ], [ 4.986613, 52.360073 ], [ 4.997863, 52.366616 ], [ 4.996454, 52.36823 ], [ 4.993873, 52.368245 ], [ 4.991406, 52.368379 ], [ 4.989042, 52.368666 ], [ 4.986541, 52.369125 ], [ 4.984198, 52.369728 ], [ 4.976645, 52.365136 ] ] ] } },
{ "type": "Feature", "properties": { "id": 149, "name": "Rieteilanden-West", "g_score_2022": 0.9361, "g_score_2010": 0.9199, "g_diff": 0.0161, "gi_star_z": -0.4116, "class_196": "not significant", "class_140": "not significant" }, "geometry": { "type": "Polygon", "coordinates": [ [ [ 4.984528, 52.358933 ], [ 4.98549, 52.358458 ], [ 4.985623, 52.358384 ], [ 4.985745, 52.358303 ], [ 4.985904, 52.35817 ], [ 4.985994, 52.358074 ], [ 4.98607, 52.357975 ], [ 4.986132, 52.357871 ], [ 4.986178, 52.357765 ], [ 4.986219, 52.357602 ], [ 4.98628, 52.356266 ], [ 4.986307, 52.356111 ], [ 4.986346, 52.356009 ], [ 4.986434, 52.355863 ], [ 4.986556, 52.355725 ], [ 4.986709, 52.3556 ], [ 4.986889, 52.35549 ], [ 4.987818, 52.354993 ], [ 4.991575, 52.352682 ], [ 4.994513, 52.350949 ], [ 4.994968, 52.350726 ], [ 4.995451, 52.350527 ], [ 4.99596, 52.350353 ], [ 4.99649, 52.350206 ], [ 4.998028, 52.349642 ], [ 4.998511, 52.35073 ], [ 5.000747, 52.352303 ], [ 4.991883, 52.357016 ], [ 4.988267, 52.358939 ], [ 4.986417, 52.359966 ], [ 4.984528, 52.358933 ] ] ] } },
{ "type": "Feature", "properties": { "id": 150, "name": "Joris Ivenspleinbuurt", "g_score_2022": 0.7837, "g_score_2010": 0.8001, "g_diff": -0.0164, "gi_star_z": -0.3155, "class_196": "not significant", "class_140": "not significant" }, "geometry": { "type": "Polygon", "coordinates": [ [ [ 4.986417, 52.359966 ], [ 4.988267, 52.358939 ], [ 4.991883, 52.357016 ], [ 4.995003, 52.359156 ], [ 4.996061, 52.358619 ], [ 5.001559, 52.362384 ], [ 4.997863, 52.366616 ], [ 4.986613, 52.360073 ], [ 4.986417, 52.359966 ] ] ] } },
{ "type": "Feature", "properties": { "id": 151, "name": "Ed Pelsterparkbuurt", "g_score_2022": 0.8512, "g_score_2010": 0.8401, "g_diff": 0.0111, "gi_star_z": -0.3575, "class_196": "not significant", "class_140": "not significant" }, "geometry": { "type": "Polygon", "coordinates": [ [ [ 4.991883, 52.357016 ], [ 5.000747, 52.352303 ], [ 5.003886, 52.35451 ], [ 5.005355, 52.353757 ], [ 5.007452, 52.355632 ], [ 5.001559, 52.362384 ], [ 4.996061, 52.358619 ], [ 4.995003, 52.359156 ], [ 4.991883, 52.357016 ] ] ] } },
{ "type": "Feature", "properties": { "id": 90, "name": "Havenkwartier IJburg", "g_score_2022": 0.8044, "g_score_2010": 0.8019, "g_diff": 0.0025, "gi_star_z": -0.1717, "class_196": "not significant", "class_140": "not significant" }, "geometry": { "type": "Polygon", "coordinates": [ [ [ 5.000747, 52.352303 ], [ 5.003491, 52.350843 ], [ 5.009977, 52.352739 ], [ 5.009435, 52.353352 ], [ 5.007452, 52.355632 ], [ 5.005355, 52.353757 ], [ 5.003886, 52.35451 ], [ 5.000747, 52.352303 ] ] ] } },
{ "type": "Feature", "properties": { "id": 136, "name": "Zeeburgerdijk-Oost", "g_score_2022": 0.8471, "g_score_2010": 0.8805, "g_diff": -0.0334, "gi_star_z": -0.1663, "class_196": "not significant", "class_140": "not significant" }, "geometry": { "type": "Polygon", "coordinates": [ [ [ 4.946146, 52.366676 ], [ 4.946158, 52.366179 ], [ 4.947194, 52.366175 ], [ 4.947418, 52.36614 ], [ 4.947625, 52.366076 ], [ 4.947804, 52.365986 ], [ 4.947922, 52.365898 ], [ 4.948501, 52.365259 ], [ 4.948739, 52.365307 ], [ 4.948942, 52.365327 ], [ 4.950702, 52.365354 ], [ 4.951238, 52.365375 ], [ 4.951773, 52.365407 ], [ 4.957306, 52.3659 ], [ 4.95698, 52.367271 ], [ 4.956573, 52.368462 ], [ 4.955945, 52.367946 ], [ 4.955769, 52.36783 ], [ 4.955605, 52.367746 ], [ 4.955426, 52.367673 ], [ 4.955137, 52.36758 ], [ 4.954902, 52.36752 ], [ 4.954643, 52.367471 ], [ 4.954381, 52.367439 ], [ 4.951878, 52.367412 ], [ 4.951887, 52.367003 ], [ 4.949988, 52.366706 ], [ 4.946146, 52.366676 ] ] ] } },
{ "type": "Feature", "properties": { "id": 137, "name": "Sumatraplantsoenbuurt", "g_score_2022": 0.6852, "g_score_2010": 0.6299, "g_diff": 0.0553, "gi_star_z": 0.1498, "class_196": "not significant", "class_140": "not significant" }, "geometry": { "type": "Polygon", "coordinates": [ [ [ 4.939744, 52.361645 ], [ 4.940948, 52.358414 ], [ 4.941153, 52.358411 ], [ 4.944681, 52.358264 ], [ 4.945924, 52.362514 ], [ 4.939744, 52.361645 ] ] ] } },
{ "type": "Feature", "properties": { "id": 141, "name": "Sportheldenbuurt", "g_score_2022": 0.7927, "g_score_2010": null, "g_diff": null, "gi_star_z": null, "class_196": null, "class_140": null }, "geometry": { "type": "Polygon", "coordinates": [ [ [ 4.966616, 52.378229 ], [ 4.964175, 52.376415 ], [ 4.963971, 52.376253 ], [ 4.9637, 52.376013 ], [ 4.963453, 52.375763 ], [ 4.96323, 52.375506 ], [ 4.963026, 52.375233 ], [ 4.962826, 52.374919 ], [ 4.962633, 52.374536 ], [ 4.962489, 52.374143 ], [ 4.962415, 52.373845 ], [ 4.962382, 52.373645 ], [ 4.962356, 52.373344 ], [ 4.962332, 52.372529 ], [ 4.962353, 52.372052 ], [ 4.963228, 52.371871 ], [ 4.963828, 52.371719 ], [ 4.964406, 52.371541 ], [ 4.964962, 52.371336 ], [ 4.96523, 52.371224 ], [ 4.965618, 52.371045 ], [ 4.967977, 52.369798 ], [ 4.974089, 52.37426 ], [ 4.970327, 52.376261 ], [ 4.966616, 52.378229 ] ] ] } },
{ "type": "Feature", "properties": { "id": 147, "name": "Steigereiland-Zuid", "g_score_2022": 0.8504, "g_score_2010": 0.8614, "g_diff": -0.011, "gi_star_z": -0.3768, "class_196": "not significant", "class_140": "not significant" }, "geometry": { "type": "Polygon", "coordinates": [ [ [ 4.972026, 52.362606 ], [ 4.974406, 52.360815 ], [ 4.974681, 52.360654 ], [ 4.974786, 52.360516 ], [ 4.975603, 52.35931 ], [ 4.975685, 52.359212 ], [ 4.975783, 52.35912 ], [ 4.975928, 52.359016 ], [ 4.976095, 52.358924 ], [ 4.976457, 52.35876 ], [ 4.976726, 52.358668 ], [ 4.976931, 52.358617 ], [ 4.977101, 52.358586 ], [ 4.979959, 52.358164 ], [ 4.980117, 52.358134 ], [ 4.980334, 52.358112 ], [ 4.980555, 52.358109 ], [ 4.980773, 52.358127 ], [ 4.980933, 52.358153 ], [ 4.984528, 52.358933 ], [ 4.986417, 52.359966 ], [ 4.985662, 52.360388 ], [ 4.979619, 52.363599 ], [ 4.979064, 52.363892 ], [ 4.977721, 52.364564 ], [ 4.976645, 52.365136 ], [ 4.972026, 52.362606 ] ] ] } },
{ "type": "Feature", "properties": { "id": 252, "name": "Tuindorp Oostzaan-West", "g_score_2022": 0.6852, "g_score_2010": 0.6598, "g_diff": 0.0254, "gi_star_z": -0.5986, "class_196": "not significant", "class_140": "not significant" }, "geometry": { "type": "Polygon", "coordinates": [ [ [ 4.879269, 52.419086 ], [ 4.878403, 52.419021 ], [ 4.878244, 52.418997 ], [ 4.878145, 52.418968 ], [ 4.878013, 52.418909 ], [ 4.877939, 52.41886 ], [ 4.87503, 52.416543 ], [ 4.874993, 52.416364 ], [ 4.874996, 52.416233 ], [ 4.875014, 52.416129 ], [ 4.875047, 52.416035 ], [ 4.8751, 52.415932 ], [ 4.875227, 52.415771 ], [ 4.875399, 52.415626 ], [ 4.875609, 52.415502 ], [ 4.877947, 52.4144 ], [ 4.877977, 52.414399 ], [ 4.878168, 52.414459 ], [ 4.878198, 52.414456 ], [ 4.879191, 52.413992 ], [ 4.879222, 52.413992 ], [ 4.879352, 52.41393 ], [ 4.883022, 52.416801 ], [ 4.882677, 52.416977 ], [ 4.882097, 52.417579 ], [ 4.881049, 52.418082 ], [ 4.880821, 52.418209 ], [ 4.880621, 52.418332 ], [ 4.879269, 52.419086 ] ] ] } },
{ "type": "Feature", "properties": { "id": 253, "name": "Tuindorp Oostzaan-Oost", "g_score_2022": 0.704, "g_score_2010": 0.7199, "g_diff": -0.016, "gi_star_z": -0.096, "class_196": "not significant", "class_140": "not significant" }, "geometry": { "type": "Polygon", "coordinates": [ [ [ 4.879352, 52.41393 ], [ 4.879551, 52.413835 ], [ 4.87945, 52.41375 ], [ 4.879416, 52.413701 ], [ 4.879412, 52.413648 ], [ 4.879444, 52.413603 ], [ 4.879848, 52.413361 ], [ 4.880132, 52.413191 ], [ 4.880511, 52.412979 ], [ 4.881891, 52.412317 ], [ 4.881862, 52.412303 ], [ 4.882309, 52.412072 ], [ 4.882885, 52.411813 ], [ 4.884147, 52.411212 ], [ 4.884978, 52.41085 ], [ 4.88589, 52.410426 ], [ 4.885955, 52.410409 ], [ 4.886049, 52.410403 ], [ 4.886085, 52.410318 ], [ 4.886099, 52.41031 ], [ 4.890066, 52.408431 ], [ 4.890097, 52.408409 ], [ 4.890116, 52.408383 ], [ 4.890114, 52.408332 ], [ 4.890261, 52.40827 ], [ 4.890308, 52.408279 ], [ 4.890365, 52.408271 ], [ 4.890513, 52.408196 ], [ 4.89192, 52.40931 ], [ 4.891985, 52.409393 ], [ 4.892031, 52.409552 ], [ 4.89209, 52.409616 ], [ 4.892741, 52.410177 ], [ 4.893469, 52.410754 ], [ 4.893718, 52.411358 ], [ 4.89383, 52.411469 ], [ 4.894176, 52.411757 ], [ 4.894193, 52.411817 ], [ 4.894039, 52.414115 ], [ 4.894061, 52.414342 ], [ 4.894198, 52.414555 ], [ 4.894231, 52.414586 ], [ 4.895915, 52.415895 ], [ 4.895192, 52.415787 ], [ 4.894808, 52.415599 ], [ 4.894414, 52.415338 ], [ 4.894277, 52.415278 ], [ 4.894181, 52.415258 ], [ 4.893524, 52.415176 ], [ 4.893426, 52.415174 ], [ 4.893317, 52.415195 ], [ 4.892681, 52.415485 ], [ 4.892579, 52.41551 ], [ 4.892451, 52.415515 ], [ 4.889076, 52.414908 ], [ 4.888194, 52.414831 ], [ 4.887619, 52.414875 ], [ 4.886164, 52.41473 ], [ 4.886005, 52.414725 ], [ 4.88591, 52.414736 ], [ 4.88582, 52.414756 ], [ 4.885712, 52.414797 ], [ 4.885642, 52.414837 ], [ 4.884741, 52.41562 ], [ 4.884561, 52.415763 ], [ 4.88327, 52.416674 ], [ 4.883022, 52.416801 ], [ 4.879352, 52.41393 ] ] ] } },
{ "type": "Feature", "properties": { "id": 254, "name": "Terrasdorp", "g_score_2022": 0.6223, "g_score_2010": 0.6099, "g_diff": 0.0124, "gi_star_z": -0.1512, "class_196": "not significant", "class_140": "not significant" }, "geometry": { "type": "Polygon", "coordinates": [ [ [ 4.890513, 52.408196 ], [ 4.891632, 52.407615 ], [ 4.892369, 52.40719 ], [ 4.892548, 52.407066 ], [ 4.892644, 52.406986 ], [ 4.892773, 52.406853 ], [ 4.892884, 52.406703 ], [ 4.892972, 52.40653 ], [ 4.89302, 52.406368 ], [ 4.893172, 52.405161 ], [ 4.893223, 52.405023 ], [ 4.893276, 52.404929 ], [ 4.893513, 52.404625 ], [ 4.89393, 52.404435 ], [ 4.894615, 52.404145 ], [ 4.900195, 52.401475 ], [ 4.900273, 52.401539 ], [ 4.900816, 52.402304 ], [ 4.902116, 52.403784 ], [ 4.899033, 52.405167 ], [ 4.899386, 52.405971 ], [ 4.899297, 52.406127 ], [ 4.902045, 52.412294 ], [ 4.900097, 52.4137 ], [ 4.898843, 52.414747 ], [ 4.897849, 52.415291 ], [ 4.895915, 52.415895 ], [ 4.894231, 52.414586 ], [ 4.894198, 52.414555 ], [ 4.894061, 52.414342 ], [ 4.894039, 52.414115 ], [ 4.894193, 52.411817 ], [ 4.894176, 52.411757 ], [ 4.89383, 52.411469 ], [ 4.893718, 52.411358 ], [ 4.893469, 52.410754 ], [ 4.892741, 52.410177 ], [ 4.89209, 52.409616 ], [ 4.892031, 52.409552 ], [ 4.891985, 52.409393 ], [ 4.89192, 52.40931 ], [ 4.890513, 52.408196 ] ] ] } },
{ "type": "Feature", "properties": { "id": 255, "name": "De Bongerd", "g_score_2022": 0.9058, "g_score_2010": 0.8598, "g_diff": 0.046, "gi_star_z": -0.2494, "class_196": "not significant", "class_140": "not significant" }, "geometry": { "type": "Polygon", "coordinates": [ [ [ 4.902045, 52.412294 ], [ 4.899297, 52.406127 ], [ 4.899386, 52.405971 ], [ 4.899033, 52.405167 ], [ 4.902116, 52.403784 ], [ 4.902411, 52.404053 ], [ 4.902684, 52.404256 ], [ 4.90523, 52.405601 ], [ 4.906054, 52.406041 ], [ 4.906301, 52.406216 ], [ 4.906475, 52.406378 ], [ 4.906615, 52.406552 ], [ 4.907315, 52.407615 ], [ 4.907376, 52.407754 ], [ 4.907391, 52.407898 ], [ 4.907374, 52.407999 ], [ 4.907331, 52.408101 ], [ 4.906951, 52.408617 ], [ 4.90675, 52.408857 ], [ 4.906571, 52.409049 ], [ 4.906281, 52.409324 ], [ 4.905994, 52.409563 ], [ 4.905551, 52.409878 ], [ 4.904644, 52.410406 ], [ 4.902045, 52.412294 ] ] ] } },
{ "type": "Feature", "properties": { "id": 256, "name": "Twiske-Oost", "g_score_2022": 0.8242, "g_score_2010": 0.8399, "g_diff": -0.0157, "gi_star_z": -0.9256, "class_196": "not significant", "class_140": "not significant" }, "geometry": { "type": "Polygon", "coordinates": [ [ [ 4.898746, 52.424462 ], [ 4.898766, 52.424199 ], [ 4.898607, 52.422023 ], [ 4.898596, 52.421556 ], [ 4.898667, 52.421109 ], [ 4.898571, 52.420569 ], [ 4.898581, 52.420569 ], [ 4.900007, 52.42055 ], [ 4.901893, 52.420506 ], [ 4.90294, 52.420078 ], [ 4.903295, 52.41998 ], [ 4.903403, 52.41994 ], [ 4.9037, 52.41985 ], [ 4.903858, 52.419855 ], [ 4.904147, 52.41995 ], [ 4.90445, 52.42012 ], [ 4.906315, 52.420191 ], [ 4.906618, 52.420364 ], [ 4.907053, 52.420143 ], [ 4.907134, 52.420055 ], [ 4.907159, 52.419956 ], [ 4.907379, 52.420066 ], [ 4.907482, 52.42015 ], [ 4.907867, 52.42079 ], [ 4.907914, 52.420887 ], [ 4.907969, 52.420874 ], [ 4.908038, 52.421016 ], [ 4.908071, 52.421077 ], [ 4.908089, 52.421125 ], [ 4.907619, 52.421227 ], [ 4.907538, 52.421248 ], [ 4.907308, 52.421353 ], [ 4.906934, 52.421531 ], [ 4.906485, 52.421738 ], [ 4.906332, 52.421811 ], [ 4.905995, 52.421983 ], [ 4.905935, 52.422017 ], [ 4.905906, 52.422029 ], [ 4.905711, 52.422123 ], [ 4.905677, 52.422143 ], [ 4.905646, 52.422154 ], [ 4.905621, 52.422166 ], [ 4.905579, 52.422182 ], [ 4.905389, 52.422259 ], [ 4.90535, 52.422277 ], [ 4.905288, 52.422309 ], [ 4.905179, 52.422353 ], [ 4.905063, 52.422407 ], [ 4.904993, 52.422434 ], [ 4.904944, 52.42246 ], [ 4.904738, 52.422543 ], [ 4.904647, 52.422585 ], [ 4.904372, 52.422698 ], [ 4.904335, 52.422717 ], [ 4.904134, 52.422803 ], [ 4.903957, 52.422876 ], [ 4.903752, 52.422957 ], [ 4.903659, 52.422998 ], [ 4.903342, 52.423111 ], [ 4.90326, 52.423145 ], [ 4.903006, 52.423239 ], [ 4.902951, 52.423262 ], [ 4.90292, 52.42327 ], [ 4.902778, 52.423324 ], [ 4.902587, 52.423389 ], [ 4.902495, 52.423418 ], [ 4.902424, 52.423443 ], [ 4.902367, 52.423461 ], [ 4.902289, 52.423489 ], [ 4.902228, 52.423506 ], [ 4.902186, 52.423522 ], [ 4.902055, 52.423569 ], [ 4.901892, 52.423624 ], [ 4.901469, 52.423756 ], [ 4.901327, 52.423795 ], [ 4.901263, 52.423816 ], [ 4.901127, 52.423855 ], [ 4.901095, 52.423868 ], [ 4.901032, 52.423885 ], [ 4.900967, 52.423909 ], [ 4.90089, 52.423928 ], [ 4.900838, 52.423947 ], [ 4.900763, 52.423965 ], [ 4.900529, 52.424042 ], [ 4.900477, 52.424054 ], [ 4.900327, 52.424102 ], [ 4.900277, 52.424112 ], [ 4.90023, 52.424129 ], [ 4.900063, 52.424176 ], [ 4.899945, 52.424205 ], [ 4.899904, 52.424219 ], [ 4.89985, 52.42423 ], [ 4.899765, 52.424257 ], [ 4.899669, 52.424281 ], [ 4.899622, 52.424295 ], [ 4.899578, 52.424303 ], [ 4.899496, 52.424322 ], [ 4.899361, 52.42436 ], [ 4.899086, 52.424419 ], [ 4.899016, 52.424432 ], [ 4.898748, 52.42449 ], [ 4.898746, 52.424462 ] ] ] } },
{ "type": "Feature", "properties": { "id": 243, "name": "Circus/Kermisbuurt", "g_score_2022": 0.7902, "g_score_2010": 0.8219, "g_diff": -0.0317, "gi_star_z": -1.1108, "class_196": "not significant", "class_140": "not significant" }, "geometry": { "type": "Polygon", "coordinates": [ [ [ 4.883612, 52.420976 ], [ 4.883463, 52.420948 ], [ 4.881557, 52.420399 ], [ 4.879977, 52.419957 ], [ 4.880155, 52.419794 ], [ 4.881626, 52.418444 ], [ 4.88171, 52.418394 ], [ 4.882265, 52.417886 ], [ 4.882605, 52.417588 ], [ 4.882868, 52.417374 ], [ 4.883117, 52.417186 ], [ 4.884841, 52.415941 ], [ 4.885749, 52.415228 ], [ 4.885876, 52.415135 ], [ 4.885991, 52.415076 ], [ 4.886128, 52.415032 ], [ 4.886278, 52.415008 ], [ 4.886397, 52.415005 ], [ 4.886598, 52.415018 ], [ 4.888946, 52.415373 ], [ 4.889238, 52.415409 ], [ 4.889534, 52.415431 ], [ 4.889413, 52.415808 ], [ 4.888845, 52.415723 ], [ 4.888505, 52.415712 ], [ 4.888221, 52.415716 ], [ 4.887945, 52.415749 ], [ 4.887424, 52.415871 ], [ 4.885501, 52.418834 ], [ 4.885046, 52.419576 ], [ 4.884358, 52.421115 ], [ 4.883612, 52.420976 ] ] ] } },
{ "type": "Feature", "properties": { "id": 244, "name": "Molenwijk", "g_score_2022": 0.6419, "g_score_2010": 0.693, "g_diff": -0.0511, "gi_star_z": -0.8314, "class_196": "not significant", "class_140": "not significant" }, "geometry": { "type": "Polygon", "coordinates": [ [ [ 4.884358, 52.421115 ], [ 4.885046, 52.419576 ], [ 4.885501, 52.418834 ], [ 4.887424, 52.415871 ], [ 4.887945, 52.415749 ], [ 4.888221, 52.415716 ], [ 4.888505, 52.415712 ], [ 4.888845, 52.415723 ], [ 4.889413, 52.415808 ], [ 4.892753, 52.416245 ], [ 4.893599, 52.41639 ], [ 4.894544, 52.416526 ], [ 4.894544, 52.417341 ], [ 4.894501, 52.417489 ], [ 4.894413, 52.41763 ], [ 4.894311, 52.417733 ], [ 4.894218, 52.417803 ], [ 4.893232, 52.418437 ], [ 4.89291, 52.418716 ], [ 4.892641, 52.418968 ], [ 4.892586, 52.419034 ], [ 4.89255, 52.419106 ], [ 4.892534, 52.41918 ], [ 4.892539, 52.419255 ], [ 4.892587, 52.419364 ], [ 4.892644, 52.419431 ], [ 4.892719, 52.419491 ], [ 4.892444, 52.419729 ], [ 4.892078, 52.42008 ], [ 4.891938, 52.420065 ], [ 4.89193, 52.420106 ], [ 4.891943, 52.420147 ], [ 4.89203, 52.420173 ], [ 4.891948, 52.420281 ], [ 4.891619, 52.420211 ], [ 4.891501, 52.420334 ], [ 4.891447, 52.420479 ], [ 4.890685, 52.421409 ], [ 4.890598, 52.421488 ], [ 4.890486, 52.421548 ], [ 4.890317, 52.421597 ], [ 4.890115, 52.421619 ], [ 4.888774, 52.421641 ], [ 4.888482, 52.421639 ], [ 4.888093, 52.42162 ], [ 4.887899, 52.421605 ], [ 4.885267, 52.421253 ], [ 4.884358, 52.421115 ] ] ] } },
{ "type": "Feature", "properties": { "id": 249, "name": "Buiksloterham-Noord", "g_score_2022": 0.8949, "g_score_2010": null, "g_diff": null, "gi_star_z": null, "class_196": null, "class_140": null }, "geometry": { "type": "Polygon", "coordinates": [ [ [ 4.896029, 52.398066 ], [ 4.908563, 52.393328 ], [ 4.909564, 52.39295 ], [ 4.910887, 52.392858 ], [ 4.912738, 52.392146 ], [ 4.912824, 52.392244 ], [ 4.912886, 52.392348 ], [ 4.912923, 52.392457 ], [ 4.912935, 52.392568 ], [ 4.91285, 52.393215 ], [ 4.912807, 52.393385 ], [ 4.912746, 52.393553 ], [ 4.912677, 52.393696 ], [ 4.912592, 52.39384 ], [ 4.911999, 52.394708 ], [ 4.910672, 52.396987 ], [ 4.910606, 52.397074 ], [ 4.910523, 52.397154 ], [ 4.91043, 52.397224 ], [ 4.910317, 52.397289 ], [ 4.910204, 52.39734 ], [ 4.909179, 52.397742 ], [ 4.903092, 52.400042 ], [ 4.900195, 52.401475 ], [ 4.896923, 52.398774 ], [ 4.896029, 52.398066 ] ] ] } },
{ "type": "Feature", "properties": { "id": 281, "name": "Werengouw-Noord", "g_score_2022": 0.7835, "g_score_2010": 0.861, "g_diff": -0.0775, "gi_star_z": -0.2297, "class_196": "not significant", "class_140": "not significant" }, "geometry": { "type": "Polygon", "coordinates": [ [ [ 4.940938, 52.394468 ], [ 4.943377, 52.393741 ], [ 4.944212, 52.393493 ], [ 4.946491, 52.396361 ], [ 4.949139, 52.395578 ], [ 4.950756, 52.397611 ], [ 4.947338, 52.398631 ], [ 4.946564, 52.397908 ], [ 4.945764, 52.39775 ], [ 4.944787, 52.398066 ], [ 4.942371, 52.395808 ], [ 4.940938, 52.394468 ] ] ] } },
{ "type": "Feature", "properties": { "id": 282, "name": "Werengouw-Midden", "g_score_2022": 0.6579, "g_score_2010": 0.6599, "g_diff": -0.0021, "gi_star_z": -0.5998, "class_196": "not significant", "class_140": "not significant" }, "geometry": { "type": "Polygon", "coordinates": [ [ [ 4.944212, 52.393493 ], [ 4.951605, 52.391292 ], [ 4.951935, 52.390709 ], [ 4.95731, 52.392185 ], [ 4.954541, 52.39596 ], [ 4.954343, 52.396181 ], [ 4.954187, 52.396321 ], [ 4.954014, 52.396452 ], [ 4.953725, 52.396632 ], [ 4.953403, 52.396791 ], [ 4.953173, 52.396884 ], [ 4.952931, 52.396965 ], [ 4.950756, 52.397611 ], [ 4.949139, 52.395578 ], [ 4.946491, 52.396361 ], [ 4.944212, 52.393493 ] ] ] } },
{ "type": "Feature", "properties": { "id": 284, "name": "Bloemenbuurt-Noord", "g_score_2022": 0.6632, "g_score_2010": 0.6298, "g_diff": 0.0334, "gi_star_z": -0.2669, "class_196": "not significant", "class_140": "not significant" }, "geometry": { "type": "Polygon", "coordinates": [ [ [ 4.908921, 52.400948 ], [ 4.909141, 52.399805 ], [ 4.910842, 52.399992 ], [ 4.911014, 52.399601 ], [ 4.911107, 52.399465 ], [ 4.911236, 52.39932 ], [ 4.911396, 52.39918 ], [ 4.91217, 52.398648 ], [ 4.912548, 52.398354 ], [ 4.912925, 52.398013 ], [ 4.913284, 52.397621 ], [ 4.913595, 52.397214 ], [ 4.913879, 52.396756 ], [ 4.913984, 52.396546 ], [ 4.91414, 52.396061 ], [ 4.921318, 52.394574 ], [ 4.921747, 52.395406 ], [ 4.922214, 52.396276 ], [ 4.922257, 52.396401 ], [ 4.922276, 52.396529 ], [ 4.92227, 52.396657 ], [ 4.922241, 52.396784 ], [ 4.922189, 52.396908 ], [ 4.922113, 52.397027 ], [ 4.922037, 52.397119 ], [ 4.921202, 52.398003 ], [ 4.920861, 52.398408 ], [ 4.92083, 52.398476 ], [ 4.920816, 52.398546 ], [ 4.920829, 52.398652 ], [ 4.920881, 52.398752 ], [ 4.92097, 52.398843 ], [ 4.921047, 52.398895 ], [ 4.921137, 52.398939 ], [ 4.921544, 52.399074 ], [ 4.921423, 52.399211 ], [ 4.921329, 52.399296 ], [ 4.921266, 52.399338 ], [ 4.921213, 52.399359 ], [ 4.921129, 52.399377 ], [ 4.920926, 52.399376 ], [ 4.920807, 52.399395 ], [ 4.919915, 52.399894 ], [ 4.919769, 52.39996 ], [ 4.919581, 52.400021 ], [ 4.916498, 52.400773 ], [ 4.9161, 52.400858 ], [ 4.915657, 52.400927 ], [ 4.91544, 52.400947 ], [ 4.915154, 52.400943 ], [ 4.914837, 52.4009 ], [ 4.913999, 52.40077 ], [ 4.91375, 52.400788 ], [ 4.913638, 52.400777 ], [ 4.913566, 52.400779 ], [ 4.913439, 52.400797 ], [ 4.913314, 52.400829 ], [ 4.913254, 52.400834 ], [ 4.910672, 52.400785 ], [ 4.910327, 52.400835 ], [ 4.909804, 52.400894 ], [ 4.909452, 52.400923 ], [ 4.908921, 52.400948 ] ] ] } },
{ "type": "Feature", "properties": { "id": 237, "name": "Werengouw-Zuid", "g_score_2022": 0.7596, "g_score_2010": 0.7801, "g_diff": -0.0205, "gi_star_z": -0.1678, "class_196": "not significant", "class_140": "not significant" }, "geometry": { "type": "Polygon", "coordinates": [ [ [ 4.951935, 52.390709 ], [ 4.952429, 52.389831 ], [ 4.952429, 52.386721 ], [ 4.952429, 52.386309 ], [ 4.95391, 52.386748 ], [ 4.959986, 52.388209 ], [ 4.960056, 52.388236 ], [ 4.960123, 52.38828 ], [ 4.960234, 52.388433 ], [ 4.960304, 52.388491 ], [ 4.960132, 52.388579 ], [ 4.959989, 52.388685 ], [ 4.959814, 52.388853 ], [ 4.95942, 52.38931 ], [ 4.959002, 52.389846 ], [ 4.958634, 52.390383 ], [ 4.957678, 52.391658 ], [ 4.95731, 52.392185 ], [ 4.951935, 52.390709 ] ] ] } },
{ "type": "Feature", "properties": { "id": 273, "name": "De Kleine Wereld", "g_score_2022": 0.6779, "g_score_2010": 0.7271, "g_diff": -0.0493, "gi_star_z": -0.3031, "class_196": "not significant", "class_140": "not significant" }, "geometry": { "type": "Polygon", "coordinates": [ [ [ 4.94546, 52.399189 ], [ 4.947358, 52.400996 ], [ 4.947368, 52.401057 ], [ 4.939954, 52.404029 ], [ 4.939902, 52.404043 ], [ 4.939829, 52.404051 ], [ 4.939736, 52.404044 ], [ 4.939668, 52.404025 ], [ 4.939612, 52.403995 ], [ 4.935853, 52.401074 ], [ 4.936326, 52.400866 ], [ 4.940161, 52.399317 ], [ 4.94029, 52.399274 ], [ 4.940381, 52.399253 ], [ 4.940524, 52.399232 ], [ 4.940669, 52.399224 ], [ 4.940816, 52.39923 ], [ 4.940959, 52.399249 ], [ 4.941095, 52.399281 ], [ 4.942444, 52.399714 ], [ 4.942591, 52.399747 ], [ 4.94282, 52.399779 ], [ 4.942976, 52.399789 ], [ 4.943133, 52.39979 ], [ 4.943366, 52.399774 ], [ 4.943519, 52.399752 ], [ 4.943667, 52.39972 ], [ 4.94546, 52.399189 ] ] ] } },
{ "type": "Feature", "properties": { "id": 274, "name": "Loenermark", "g_score_2022": 0.6459, "g_score_2010": 0.6799, "g_diff": -0.0341, "gi_star_z": -1.4168, "class_196": "not significant", "class_140": "coldspot" }, "geometry": { "type": "Polygon", "coordinates": [ [ [ 4.926614, 52.397437 ], [ 4.92806, 52.3969 ], [ 4.929722, 52.396187 ], [ 4.930848, 52.397187 ], [ 4.931713, 52.397843 ], [ 4.933078, 52.398898 ], [ 4.933538, 52.399264 ], [ 4.933984, 52.399627 ], [ 4.935853, 52.401074 ], [ 4.935108, 52.4014 ], [ 4.934347, 52.401713 ], [ 4.933571, 52.40201 ], [ 4.932779, 52.402293 ], [ 4.928015, 52.3986 ], [ 4.927131, 52.397883 ], [ 4.926614, 52.397437 ] ] ] } },
{ "type": "Feature", "properties": { "id": 275, "name": "Buikslotermeerplein", "g_score_2022": 0.6071, "g_score_2010": 0.5094, "g_diff": 0.0976, "gi_star_z": -0.983, "class_196": "not significant", "class_140": "not significant" }, "geometry": { "type": "Polygon", "coordinates": [ [ [ 4.933538, 52.399264 ], [ 4.939367, 52.396952 ], [ 4.942371, 52.395808 ], [ 4.944787, 52.398066 ], [ 4.945764, 52.39775 ], [ 4.946564, 52.397908 ], [ 4.947338, 52.398631 ], [ 4.94546, 52.399189 ], [ 4.943667, 52.39972 ], [ 4.943519, 52.399752 ], [ 4.943366, 52.399774 ], [ 4.943133, 52.39979 ], [ 4.942976, 52.399789 ], [ 4.94282, 52.399779 ], [ 4.942591, 52.399747 ], [ 4.942444, 52.399714 ], [ 4.941095, 52.399281 ], [ 4.940959, 52.399249 ], [ 4.940816, 52.39923 ], [ 4.940669, 52.399224 ], [ 4.940524, 52.399232 ], [ 4.940381, 52.399253 ], [ 4.94029, 52.399274 ], [ 4.940161, 52.399317 ], [ 4.936326, 52.400866 ], [ 4.935853, 52.401074 ], [ 4.933984, 52.399627 ], [ 4.933538, 52.399264 ] ] ] } },
{ "type": "Feature", "properties": { "id": 276, "name": "Plan van Gool", "g_score_2022": 0.7057, "g_score_2010": 0.7001, "g_diff": 0.0056, "gi_star_z": -0.2252, "class_196": "not significant", "class_140": "not significant" }, "geometry": { "type": "Polygon", "coordinates": [ [ [ 4.929722, 52.396187 ], [ 4.931783, 52.395303 ], [ 4.933334, 52.394725 ], [ 4.933748, 52.394552 ], [ 4.934313, 52.394333 ], [ 4.934746, 52.394178 ], [ 4.935335, 52.393984 ], [ 4.935784, 52.393848 ], [ 4.936777, 52.393569 ], [ 4.939964, 52.394691 ], [ 4.940081, 52.394702 ], [ 4.940198, 52.394688 ], [ 4.940938, 52.394468 ], [ 4.942371, 52.395808 ], [ 4.939367, 52.396952 ], [ 4.933538, 52.399264 ], [ 4.933078, 52.398898 ], [ 4.931713, 52.397843 ], [ 4.930848, 52.397187 ], [ 4.929722, 52.396187 ] ] ] } },
{ "type": "Feature", "properties": { "id": 278, "name": "Markengouw-Noord", "g_score_2022": 0.8086, "g_score_2010": 0.8597, "g_diff": -0.0511, "gi_star_z": -0.2839, "class_196": "not significant", "class_140": "not significant" }, "geometry": { "type": "Polygon", "coordinates": [ [ [ 4.947338, 52.398631 ], [ 4.950756, 52.397611 ], [ 4.953966, 52.401648 ], [ 4.953185, 52.402079 ], [ 4.952566, 52.402409 ], [ 4.951803, 52.402799 ], [ 4.947338, 52.398631 ] ] ] } },
{ "type": "Feature", "properties": { "id": 279, "name": "Markengouw-Midden", "g_score_2022": 0.7715, "g_score_2010": 0.7099, "g_diff": 0.0617, "gi_star_z": -0.7658, "class_196": "not significant", "class_140": "not significant" }, "geometry": { "type": "Polygon", "coordinates": [ [ [ 4.950756, 52.397611 ], [ 4.952931, 52.396965 ], [ 4.953173, 52.396884 ], [ 4.953403, 52.396791 ], [ 4.953725, 52.396632 ], [ 4.954014, 52.396452 ], [ 4.954187, 52.396321 ], [ 4.954343, 52.396181 ], [ 4.954541, 52.39596 ], [ 4.95731, 52.392185 ], [ 4.963548, 52.393891 ], [ 4.962814, 52.394743 ], [ 4.961982, 52.39565 ], [ 4.961668, 52.395973 ], [ 4.961232, 52.396401 ], [ 4.960517, 52.397063 ], [ 4.959711, 52.397756 ], [ 4.958961, 52.398361 ], [ 4.95863, 52.398614 ], [ 4.957664, 52.39932 ], [ 4.956568, 52.400064 ], [ 4.955712, 52.400613 ], [ 4.954919, 52.401093 ], [ 4.953966, 52.401648 ], [ 4.950756, 52.397611 ] ] ] } },
{ "type": "Feature", "properties": { "id": 280, "name": "Markengouw-Zuid", "g_score_2022": 0.7428, "g_score_2010": 0.7297, "g_diff": 0.0131, "gi_star_z": -0.1302, "class_196": "not significant", "class_140": "not significant" }, "geometry": { "type": "Polygon", "coordinates": [ [ [ 4.95731, 52.392185 ], [ 4.957678, 52.391658 ], [ 4.958634, 52.390383 ], [ 4.959002, 52.389846 ], [ 4.95942, 52.38931 ], [ 4.959814, 52.388853 ], [ 4.959989, 52.388685 ], [ 4.960132, 52.388579 ], [ 4.960304, 52.388491 ], [ 4.960365, 52.388522 ], [ 4.960445, 52.388547 ], [ 4.962965, 52.389071 ], [ 4.966862, 52.390001 ], [ 4.963548, 52.393891 ], [ 4.95731, 52.392185 ] ] ] } },
{ "type": "Feature", "properties": { "id": 305, "name": "Ransdorp", "g_score_2022": 0.922, "g_score_2010": 0.9088, "g_diff": 0.0133, "gi_star_z": -0.2861, "class_196": "not significant", "class_140": "not significant" }, "geometry": { "type": "Polygon", "coordinates": [ [ [ 4.984631, 52.393755 ], [ 4.984278, 52.393654 ], [ 4.98441, 52.393145 ], [ 4.984701, 52.391853 ], [ 4.984958, 52.391185 ], [ 4.985598, 52.390368 ], [ 4.986058, 52.389853 ], [ 4.98678, 52.389084 ], [ 4.987171, 52.388698 ], [ 4.986759, 52.388552 ], [ 4.98588, 52.38821 ], [ 4.98524, 52.387936 ], [ 4.985504, 52.387748 ], [ 4.987103, 52.38638 ], [ 4.987342, 52.38622 ], [ 4.988493, 52.38521 ], [ 4.988619, 52.385134 ], [ 4.988918, 52.38481 ], [ 4.989216, 52.384832 ], [ 4.990158, 52.384924 ], [ 4.991054, 52.384984 ], [ 4.991786, 52.385015 ], [ 4.99207, 52.385005 ], [ 4.993047, 52.384888 ], [ 4.993182, 52.384885 ], [ 4.993393, 52.384902 ], [ 4.993583, 52.384928 ], [ 4.993767, 52.384966 ], [ 4.995333, 52.385373 ], [ 4.996165, 52.385509 ], [ 4.996259, 52.385513 ], [ 4.996353, 52.385506 ], [ 4.99704, 52.385396 ], [ 4.997126, 52.385391 ], [ 4.997225, 52.385396 ], [ 4.997758, 52.385481 ], [ 4.99791, 52.385516 ], [ 4.998621, 52.385807 ], [ 4.998767, 52.38585 ], [ 4.998912, 52.385869 ], [ 4.999902, 52.385951 ], [ 5.000021, 52.385955 ], [ 5.000139, 52.385948 ], [ 5.001726, 52.385775 ], [ 5.002233, 52.385733 ], [ 5.002445, 52.385722 ], [ 5.002685, 52.385728 ], [ 5.00266, 52.386151 ], [ 5.002558, 52.386659 ], [ 5.002556, 52.386737 ], [ 5.002593, 52.38688 ], [ 5.002743, 52.387154 ], [ 5.002782, 52.387248 ], [ 5.002806, 52.387366 ], [ 5.002805, 52.387514 ], [ 5.003116, 52.38753 ], [ 5.003268, 52.387555 ], [ 5.003871, 52.387723 ], [ 5.005696, 52.38821 ], [ 5.00882, 52.388998 ], [ 5.024517, 52.388305 ], [ 5.014599, 52.396218 ], [ 5.013543, 52.396122 ], [ 5.013159, 52.396108 ], [ 5.012874, 52.396082 ], [ 5.012685, 52.396073 ], [ 5.011744, 52.396081 ], [ 5.011016, 52.396037 ], [ 5.01064, 52.396033 ], [ 5.010381, 52.396019 ], [ 5.008854, 52.396047 ], [ 5.008479, 52.396065 ], [ 5.007969, 52.396072 ], [ 5.007313, 52.396119 ], [ 5.006702, 52.396143 ], [ 5.006341, 52.396175 ], [ 5.006088, 52.396205 ], [ 5.00531, 52.396258 ], [ 5.005025, 52.396293 ], [ 5.004404, 52.396404 ], [ 5.004114, 52.396444 ], [ 5.001905, 52.396641 ], [ 5.001555, 52.396656 ], [ 5.0006, 52.396658 ], [ 5.000069, 52.396672 ], [ 4.999569, 52.396711 ], [ 4.998753, 52.396748 ], [ 4.99854, 52.396751 ], [ 4.998298, 52.396742 ], [ 4.998132, 52.396721 ], [ 4.997981, 52.396687 ], [ 4.997015, 52.396389 ], [ 4.996567, 52.396234 ], [ 4.995707, 52.39589 ], [ 4.995374, 52.395783 ], [ 4.994989, 52.395686 ], [ 4.994654, 52.395622 ], [ 4.994242, 52.395478 ], [ 4.993159, 52.395154 ], [ 4.993009, 52.395117 ], [ 4.992697, 52.395066 ], [ 4.989303, 52.394705 ], [ 4.988995, 52.394637 ], [ 4.988393, 52.394443 ], [ 4.988151, 52.394376 ], [ 4.98626, 52.393941 ], [ 4.985213, 52.393744 ], [ 4.984982, 52.393719 ], [ 4.984892, 52.393715 ], [ 4.984758, 52.393726 ], [ 4.984631, 52.393755 ] ] ] } },
{ "type": "Feature", "properties": { "id": 308, "name": "Dorp Driemond", "g_score_2022": 0.839, "g_score_2010": null, "g_diff": null, "gi_star_z": null, "class_196": null, "class_140": null }, "geometry": { "type": "Polygon", "coordinates": [ [ [ 5.00757, 52.307502 ], [ 5.008329, 52.307051 ], [ 5.009492, 52.306029 ], [ 5.009678, 52.305766 ], [ 5.009877, 52.305598 ], [ 5.009904, 52.305558 ], [ 5.009886, 52.305519 ], [ 5.009842, 52.30548 ], [ 5.009735, 52.305405 ], [ 5.009584, 52.305302 ], [ 5.009872, 52.305159 ], [ 5.010026, 52.305086 ], [ 5.010426, 52.304853 ], [ 5.010442, 52.304847 ], [ 5.010457, 52.304843 ], [ 5.01047, 52.304843 ], [ 5.010483, 52.304845 ], [ 5.010501, 52.304855 ], [ 5.010664, 52.304954 ], [ 5.010676, 52.304955 ], [ 5.010688, 52.304954 ], [ 5.010712, 52.304947 ], [ 5.011021, 52.304839 ], [ 5.011037, 52.304839 ], [ 5.011045, 52.304841 ], [ 5.011119, 52.304892 ], [ 5.011893, 52.304506 ], [ 5.011312, 52.304279 ], [ 5.011829, 52.303777 ], [ 5.012649, 52.30388 ], [ 5.013365, 52.303976 ], [ 5.014267, 52.303678 ], [ 5.014445, 52.303629 ], [ 5.014485, 52.303615 ], [ 5.014733, 52.303549 ], [ 5.01496, 52.303474 ], [ 5.015179, 52.303388 ], [ 5.015237, 52.303363 ], [ 5.015732, 52.303198 ], [ 5.016099, 52.303082 ], [ 5.016395, 52.302999 ], [ 5.01665, 52.302938 ], [ 5.016708, 52.302921 ], [ 5.016687, 52.302882 ], [ 5.016827, 52.302847 ], [ 5.016902, 52.302831 ], [ 5.017099, 52.302792 ], [ 5.017503, 52.302721 ], [ 5.017842, 52.302664 ], [ 5.018106, 52.302626 ], [ 5.018307, 52.302599 ], [ 5.018502, 52.30258 ], [ 5.018656, 52.302562 ], [ 5.018948, 52.302535 ], [ 5.019141, 52.302519 ], [ 5.019412, 52.302503 ], [ 5.019746, 52.302488 ], [ 5.020115, 52.302479 ], [ 5.020645, 52.302473 ], [ 5.021545, 52.302458 ], [ 5.021503, 52.30281 ], [ 5.021463, 52.303135 ], [ 5.021412, 52.303462 ], [ 5.021336, 52.303866 ], [ 5.021292, 52.304081 ], [ 5.02127, 52.304176 ], [ 5.021161, 52.304633 ], [ 5.021144, 52.304772 ], [ 5.021129, 52.304865 ], [ 5.021066, 52.305149 ], [ 5.021038, 52.305164 ], [ 5.020811, 52.306285 ], [ 5.020714, 52.306799 ], [ 5.020466, 52.308212 ], [ 5.017036, 52.308034 ], [ 5.017119, 52.307504 ], [ 5.016487, 52.307564 ], [ 5.016384, 52.307562 ], [ 5.016254, 52.307547 ], [ 5.016222, 52.30755 ], [ 5.016197, 52.307564 ], [ 5.015984, 52.307814 ], [ 5.014903, 52.307752 ], [ 5.014469, 52.30766 ], [ 5.013868, 52.308372 ], [ 5.013857, 52.308452 ], [ 5.014143, 52.30898 ], [ 5.014092, 52.309063 ], [ 5.013734, 52.309154 ], [ 5.013552, 52.308713 ], [ 5.013483, 52.308594 ], [ 5.013351, 52.308447 ], [ 5.01327, 52.308379 ], [ 5.013131, 52.308286 ], [ 5.012973, 52.308205 ], [ 5.012799, 52.308138 ], [ 5.011201, 52.307623 ], [ 5.011102, 52.307606 ], [ 5.010897, 52.307588 ], [ 5.010748, 52.308202 ], [ 5.010689, 52.308318 ], [ 5.010591, 52.308419 ], [ 5.009938, 52.308272 ], [ 5.00757, 52.307502 ] ] ] } },
{ "type": "Feature", "properties": { "id": 386, "name": "Hakfort/Huigenbos", "g_score_2022": 0.5634, "g_score_2010": 0.5344, "g_diff": 0.029, "gi_star_z": -0.1624, "class_196": "not significant", "class_140": "not significant" }, "geometry": { "type": "Polygon", "coordinates": [ [ [ 4.951546, 52.306643 ], [ 4.952096, 52.306078 ], [ 4.952491, 52.305706 ], [ 4.953137, 52.304959 ], [ 4.95506, 52.302809 ], [ 4.955332, 52.302577 ], [ 4.955402, 52.302497 ], [ 4.962492, 52.304931 ], [ 4.958689, 52.309089 ], [ 4.956452, 52.308319 ], [ 4.951546, 52.306643 ] ] ] } },
{ "type": "Feature", "properties": { "id": 388, "name": "E-buurt", "g_score_2022": 0.774, "g_score_2010": 0.7522, "g_diff": 0.0218, "gi_star_z": -0.339, "class_196": "not significant", "class_140": "not significant" }, "geometry": { "type": "Polygon", "coordinates": [ [ [ 4.956755, 52.324046 ], [ 4.959336, 52.32122 ], [ 4.961695, 52.322036 ], [ 4.9617, 52.322463 ], [ 4.962939, 52.322896 ], [ 4.964314, 52.322855 ], [ 4.964732, 52.322989 ], [ 4.965575, 52.322927 ], [ 4.966464, 52.32325 ], [ 4.967483, 52.323335 ], [ 4.96734, 52.323505 ], [ 4.967268, 52.323621 ], [ 4.967219, 52.323757 ], [ 4.967204, 52.323897 ], [ 4.968018, 52.324931 ], [ 4.968399, 52.325062 ], [ 4.968485, 52.324983 ], [ 4.968535, 52.324965 ], [ 4.969848, 52.324889 ], [ 4.970228, 52.325026 ], [ 4.970283, 52.325033 ], [ 4.970509, 52.325038 ], [ 4.970623, 52.325059 ], [ 4.971484, 52.325354 ], [ 4.971145, 52.325705 ], [ 4.970477, 52.326289 ], [ 4.970407, 52.326253 ], [ 4.970258, 52.326171 ], [ 4.969611, 52.326519 ], [ 4.96957, 52.326548 ], [ 4.969381, 52.326675 ], [ 4.969213, 52.326785 ], [ 4.968872, 52.326986 ], [ 4.967544, 52.327759 ], [ 4.964045, 52.326556 ], [ 4.962512, 52.326037 ], [ 4.961029, 52.32552 ], [ 4.957539, 52.324321 ], [ 4.956755, 52.324046 ] ] ] } },
{ "type": "Feature", "properties": { "id": 389, "name": "G-buurt-West", "g_score_2022": 0.702, "g_score_2010": 0.7301, "g_diff": -0.0281, "gi_star_z": -0.1766, "class_196": "not significant", "class_140": "not significant" }, "geometry": { "type": "Polygon", "coordinates": [ [ [ 4.959336, 52.32122 ], [ 4.961759, 52.318572 ], [ 4.963566, 52.316597 ], [ 4.964412, 52.316882 ], [ 4.964944, 52.317041 ], [ 4.965344, 52.31716 ], [ 4.966999, 52.317728 ], [ 4.967094, 52.317807 ], [ 4.9675, 52.317947 ], [ 4.967595, 52.318025 ], [ 4.970338, 52.318967 ], [ 4.96897, 52.320502 ], [ 4.974262, 52.322306 ], [ 4.974553, 52.321984 ], [ 4.975555, 52.322324 ], [ 4.975633, 52.322228 ], [ 4.977702, 52.322935 ], [ 4.976906, 52.323808 ], [ 4.975977, 52.323481 ], [ 4.975645, 52.323384 ], [ 4.974795, 52.323093 ], [ 4.97436, 52.322869 ], [ 4.973903, 52.322703 ], [ 4.973164, 52.323514 ], [ 4.970123, 52.322472 ], [ 4.969716, 52.322924 ], [ 4.969633, 52.322899 ], [ 4.969567, 52.322893 ], [ 4.967947, 52.322966 ], [ 4.967837, 52.322999 ], [ 4.967746, 52.323057 ], [ 4.967483, 52.323335 ], [ 4.966464, 52.32325 ], [ 4.965575, 52.322927 ], [ 4.964732, 52.322989 ], [ 4.964314, 52.322855 ], [ 4.962939, 52.322896 ], [ 4.9617, 52.322463 ], [ 4.961695, 52.322036 ], [ 4.959336, 52.32122 ] ] ] } },
{ "type": "Feature", "properties": { "id": 391, "name": "G-buurt-Noord", "g_score_2022": 0.4327, "g_score_2010": 0.4035, "g_diff": 0.0292, "gi_star_z": -0.4135, "class_196": "not significant", "class_140": "not significant" }, "geometry": { "type": "Polygon", "coordinates": [ [ [ 4.971484, 52.325354 ], [ 4.970623, 52.325059 ], [ 4.970509, 52.325038 ], [ 4.970283, 52.325033 ], [ 4.970228, 52.325026 ], [ 4.969848, 52.324889 ], [ 4.968535, 52.324965 ], [ 4.968485, 52.324983 ], [ 4.968399, 52.325062 ], [ 4.968018, 52.324931 ], [ 4.967204, 52.323897 ], [ 4.967219, 52.323757 ], [ 4.967268, 52.323621 ], [ 4.96734, 52.323505 ], [ 4.967483, 52.323335 ], [ 4.967746, 52.323057 ], [ 4.967837, 52.322999 ], [ 4.967947, 52.322966 ], [ 4.969567, 52.322893 ], [ 4.969633, 52.322899 ], [ 4.969716, 52.322924 ], [ 4.970123, 52.322472 ], [ 4.973164, 52.323514 ], [ 4.972148, 52.32461 ], [ 4.971484, 52.325354 ] ] ] } },
{ "type": "Feature", "properties": { "id": 349, "name": "Hoptille", "g_score_2022": 0.5306, "g_score_2010": 0.5896, "g_diff": -0.0591, "gi_star_z": -0.5559, "class_196": "not significant", "class_140": "not significant" }, "geometry": { "type": "Polygon", "coordinates": [ [ [ 4.947509, 52.310809 ], [ 4.947751, 52.310545 ], [ 4.951546, 52.306643 ], [ 4.956452, 52.308319 ], [ 4.955378, 52.309487 ], [ 4.955301, 52.309543 ], [ 4.955212, 52.309592 ], [ 4.954822, 52.309758 ], [ 4.954705, 52.309816 ], [ 4.954577, 52.309901 ], [ 4.95447, 52.309996 ], [ 4.953562, 52.311006 ], [ 4.953358, 52.311264 ], [ 4.953273, 52.311397 ], [ 4.952933, 52.312094 ], [ 4.952533, 52.31254 ], [ 4.947509, 52.310809 ] ] ] } },
{ "type": "Feature", "properties": { "id": 379, "name": "Venserpolder-Oost", "g_score_2022": 0.6178, "g_score_2010": 0.5596, "g_diff": 0.0581, "gi_star_z": null, "class_196": null, "class_140": null }, "geometry": { "type": "Polygon", "coordinates": [ [ [ 4.941879, 52.326154 ], [ 4.942634, 52.325316 ], [ 4.942827, 52.325059 ], [ 4.943062, 52.324956 ], [ 4.943358, 52.324574 ], [ 4.944591, 52.323195 ], [ 4.945043, 52.322808 ], [ 4.945372, 52.32259 ], [ 4.945821, 52.322235 ], [ 4.946935, 52.321021 ], [ 4.947238, 52.320714 ], [ 4.947314, 52.320656 ], [ 4.947401, 52.320606 ], [ 4.947501, 52.320564 ], [ 4.947609, 52.320531 ], [ 4.947696, 52.320616 ], [ 4.947811, 52.320672 ], [ 4.952864, 52.322437 ], [ 4.952679, 52.322646 ], [ 4.952374, 52.322981 ], [ 4.950756, 52.324749 ], [ 4.949836, 52.325751 ], [ 4.949447, 52.32618 ], [ 4.948585, 52.327127 ], [ 4.94821, 52.327536 ], [ 4.947662, 52.32814 ], [ 4.94472, 52.327131 ], [ 4.943797, 52.326812 ], [ 4.941879, 52.326154 ] ] ] } },
{ "type": "Feature", "properties": { "id": 381, "name": "F-buurt", "g_score_2022": 0.7549, "g_score_2010": 0.75, "g_diff": 0.0049, "gi_star_z": -0.4756, "class_196": "not significant", "class_140": "not significant" }, "geometry": { "type": "Polygon", "coordinates": [ [ [ 4.951039, 52.316532 ], [ 4.95217, 52.315292 ], [ 4.958046, 52.31731 ], [ 4.961759, 52.318572 ], [ 4.959336, 52.32122 ], [ 4.9582, 52.320832 ], [ 4.958066, 52.32098 ], [ 4.956775, 52.321058 ], [ 4.954524, 52.32029 ], [ 4.954439, 52.320201 ], [ 4.954316, 52.320023 ], [ 4.954245, 52.319833 ], [ 4.954229, 52.319737 ], [ 4.95424, 52.319543 ], [ 4.954305, 52.319353 ], [ 4.954423, 52.319173 ], [ 4.954542, 52.319035 ], [ 4.954592, 52.318917 ], [ 4.954598, 52.318836 ], [ 4.954582, 52.318756 ], [ 4.954544, 52.318678 ], [ 4.954486, 52.318606 ], [ 4.954364, 52.318511 ], [ 4.954207, 52.318437 ], [ 4.951522, 52.317554 ], [ 4.951344, 52.317328 ], [ 4.951821, 52.316805 ], [ 4.951039, 52.316532 ] ] ] } },
{ "type": "Feature", "properties": { "id": 382, "name": "Amsterdamse Poort", "g_score_2022": 0.4142, "g_score_2010": 0.4745, "g_diff": -0.0603, "gi_star_z": -0.4583, "class_196": "not significant", "class_140": "not significant" }, "geometry": { "type": "Polygon", "coordinates": [ [ [ 4.94382, 52.315024 ], [ 4.943948, 52.314881 ], [ 4.943924, 52.31482 ], [ 4.943971, 52.314672 ], [ 4.946359, 52.312063 ], [ 4.947509, 52.310809 ], [ 4.952533, 52.31254 ], [ 4.957054, 52.314098 ], [ 4.958358, 52.312671 ], [ 4.958996, 52.313108 ], [ 4.958663, 52.313673 ], [ 4.958656, 52.313722 ], [ 4.958677, 52.31376 ], [ 4.958742, 52.313802 ], [ 4.960209, 52.314308 ], [ 4.960313, 52.31436 ], [ 4.960438, 52.314439 ], [ 4.960588, 52.314576 ], [ 4.960675, 52.314703 ], [ 4.961021, 52.315509 ], [ 4.960502, 52.3156 ], [ 4.960141, 52.31559 ], [ 4.959934, 52.31561 ], [ 4.95974, 52.315657 ], [ 4.959607, 52.315708 ], [ 4.959527, 52.315749 ], [ 4.959455, 52.315796 ], [ 4.959363, 52.315874 ], [ 4.958046, 52.31731 ], [ 4.95217, 52.315292 ], [ 4.951039, 52.316532 ], [ 4.950459, 52.317168 ], [ 4.946299, 52.31574 ], [ 4.945777, 52.315592 ], [ 4.945454, 52.31551 ], [ 4.945132, 52.315449 ], [ 4.944613, 52.315295 ], [ 4.94382, 52.315024 ] ] ] } },
{ "type": "Feature", "properties": { "id": 383, "name": "Vogeltjeswei", "g_score_2022": 0.7296, "g_score_2010": 0.6925, "g_diff": 0.0371, "gi_star_z": -0.7702, "class_196": "not significant", "class_140": "not significant" }, "geometry": { "type": "Polygon", "coordinates": [ [ [ 4.958046, 52.31731 ], [ 4.959363, 52.315874 ], [ 4.959455, 52.315796 ], [ 4.959527, 52.315749 ], [ 4.959607, 52.315708 ], [ 4.95974, 52.315657 ], [ 4.959934, 52.31561 ], [ 4.960141, 52.31559 ], [ 4.960502, 52.3156 ], [ 4.961021, 52.315509 ], [ 4.961072, 52.315619 ], [ 4.961128, 52.31569 ], [ 4.961224, 52.31577 ], [ 4.961345, 52.315835 ], [ 4.963566, 52.316597 ], [ 4.961759, 52.318572 ], [ 4.958046, 52.31731 ] ] ] } },
{ "type": "Feature", "properties": { "id": 385, "name": "Rechte H-buurt", "g_score_2022": 0.5675, "g_score_2010": 0.5741, "g_diff": -0.0066, "gi_star_z": -0.8054, "class_196": "not significant", "class_140": "not significant" }, "geometry": { "type": "Polygon", "coordinates": [ [ [ 4.952533, 52.31254 ], [ 4.952933, 52.312094 ], [ 4.953273, 52.311397 ], [ 4.953358, 52.311264 ], [ 4.953562, 52.311006 ], [ 4.95447, 52.309996 ], [ 4.954577, 52.309901 ], [ 4.954705, 52.309816 ], [ 4.954822, 52.309758 ], [ 4.955212, 52.309592 ], [ 4.955301, 52.309543 ], [ 4.955378, 52.309487 ], [ 4.956452, 52.308319 ], [ 4.958689, 52.309089 ], [ 4.960929, 52.309855 ], [ 4.958358, 52.312671 ], [ 4.957054, 52.314098 ], [ 4.952533, 52.31254 ] ] ] } },
{ "type": "Feature", "properties": { "id": 46, "name": "Spuistraat-Noord", "g_score_2022": 0.707, "g_score_2010": 0.6701, "g_diff": 0.0369, "gi_star_z": 0.2965, "class_196": "not significant", "class_140": "not significant" }, "geometry": { "type": "Polygon", "coordinates": [ [ [ 4.888855, 52.37326 ], [ 4.890589, 52.373174 ], [ 4.89065, 52.373392 ], [ 4.89088, 52.373892 ], [ 4.890938, 52.373991 ], [ 4.891352, 52.374452 ], [ 4.891756, 52.374874 ], [ 4.891934, 52.375074 ], [ 4.892069, 52.375192 ], [ 4.89245, 52.375459 ], [ 4.893582, 52.376221 ], [ 4.8942, 52.376609 ], [ 4.892082, 52.377032 ], [ 4.891315, 52.376324 ], [ 4.891181, 52.376192 ], [ 4.889673, 52.37482 ], [ 4.889303, 52.374462 ], [ 4.88926, 52.374309 ], [ 4.888909, 52.37344 ], [ 4.888855, 52.37326 ] ] ] } },
{ "type": "Feature", "properties": { "id": 201, "name": "Oude Kerk e.o.", "g_score_2022": 0.5942, "g_score_2010": 0.523, "g_diff": 0.0712, "gi_star_z": 0.4789, "class_196": "not significant", "class_140": "not significant" }, "geometry": { "type": "Polygon", "coordinates": [ [ [ 4.893011, 52.372707 ], [ 4.893836, 52.372536 ], [ 4.894821, 52.372199 ], [ 4.895876, 52.37186 ], [ 4.896856, 52.372674 ], [ 4.898724, 52.374116 ], [ 4.899014, 52.374374 ], [ 4.899406, 52.374749 ], [ 4.899233, 52.374789 ], [ 4.898001, 52.375238 ], [ 4.897889, 52.37516 ], [ 4.89708, 52.375505 ], [ 4.896473, 52.375764 ], [ 4.894364, 52.374067 ], [ 4.893565, 52.373489 ], [ 4.893299, 52.3732 ], [ 4.893011, 52.372707 ] ] ] } },
{ "type": "Feature", "properties": { "id": 203, "name": "Burgwallen-Oost", "g_score_2022": 0.6196, "g_score_2010": 0.5992, "g_diff": 0.0204, "gi_star_z": 0.444, "class_196": "not significant", "class_140": "not significant" }, "geometry": { "type": "Polygon", "coordinates": [ [ [ 4.895876, 52.37186 ], [ 4.897063, 52.371438 ], [ 4.898755, 52.370995 ], [ 4.899295, 52.371577 ], [ 4.899857, 52.372224 ], [ 4.899667, 52.372276 ], [ 4.899686, 52.372341 ], [ 4.900099, 52.37291 ], [ 4.900166, 52.372968 ], [ 4.900247, 52.373008 ], [ 4.900369, 52.373035 ], [ 4.900551, 52.373044 ], [ 4.900708, 52.373018 ], [ 4.900936, 52.373494 ], [ 4.901266, 52.374174 ], [ 4.900587, 52.374402 ], [ 4.90048, 52.374418 ], [ 4.900275, 52.374486 ], [ 4.900201, 52.37449 ], [ 4.899667, 52.374678 ], [ 4.899406, 52.374749 ], [ 4.899014, 52.374374 ], [ 4.898724, 52.374116 ], [ 4.896856, 52.372674 ], [ 4.895876, 52.37186 ] ] ] } },
{ "type": "Feature", "properties": { "id": 555, "name": "Elandsgrachtbuurt", "g_score_2022": 0.6646, "g_score_2010": 0.62, "g_diff": 0.0446, "gi_star_z": 0.44, "class_196": "not significant", "class_140": "not significant" }, "geometry": { "type": "Polygon", "coordinates": [ [ [ 4.876314, 52.372314 ], [ 4.876179, 52.371903 ], [ 4.876207, 52.371843 ], [ 4.878296, 52.368852 ], [ 4.879075, 52.367745 ], [ 4.882209, 52.368764 ], [ 4.88228, 52.368767 ], [ 4.882603, 52.368756 ], [ 4.882614, 52.368932 ], [ 4.883069, 52.373992 ], [ 4.876314, 52.372314 ] ] ] } },
{ "type": "Feature", "properties": { "id": 554, "name": "Marnixbuurt-Zuid", "g_score_2022": 0.6461, "g_score_2010": 0.593, "g_diff": 0.0531, "gi_star_z": 0.3074, "class_196": "not significant", "class_140": "not significant" }, "geometry": { "type": "Polygon", "coordinates": [ [ [ 4.876809, 52.368503 ], [ 4.877088, 52.368108 ], [ 4.877199, 52.367898 ], [ 4.877265, 52.367702 ], [ 4.877319, 52.367301 ], [ 4.877349, 52.367183 ], [ 4.877431, 52.366953 ], [ 4.877518, 52.366772 ], [ 4.877726, 52.366588 ], [ 4.877889, 52.366466 ], [ 4.878137, 52.36631 ], [ 4.878397, 52.366173 ], [ 4.878534, 52.366081 ], [ 4.878701, 52.365947 ], [ 4.878817, 52.365834 ], [ 4.87896, 52.365663 ], [ 4.87907, 52.365501 ], [ 4.879136, 52.365382 ], [ 4.879186, 52.365261 ], [ 4.879219, 52.365126 ], [ 4.879232, 52.364988 ], [ 4.879225, 52.364925 ], [ 4.8801, 52.365211 ], [ 4.880719, 52.365427 ], [ 4.880913, 52.365493 ], [ 4.880867, 52.365538 ], [ 4.880491, 52.366061 ], [ 4.880247, 52.366345 ], [ 4.880024, 52.366646 ], [ 4.879889, 52.36661 ], [ 4.879075, 52.367745 ], [ 4.878296, 52.368852 ], [ 4.877616, 52.368712 ], [ 4.876809, 52.368503 ] ] ] } },
{ "type": "Feature", "properties": { "id": 553, "name": "Groenmarktkadebuurt", "g_score_2022": 0.7892, "g_score_2010": 0.6484, "g_diff": 0.1409, "gi_star_z": 0.5555, "class_196": "not significant", "class_140": "not significant" }, "geometry": { "type": "Polygon", "coordinates": [ [ [ 4.874503, 52.371889 ], [ 4.875045, 52.370683 ], [ 4.875674, 52.369639 ], [ 4.875806, 52.369462 ], [ 4.875993, 52.369254 ], [ 4.876303, 52.368967 ], [ 4.876679, 52.368677 ], [ 4.876809, 52.368503 ], [ 4.877616, 52.368712 ], [ 4.878296, 52.368852 ], [ 4.876207, 52.371843 ], [ 4.876179, 52.371903 ], [ 4.876314, 52.372314 ], [ 4.875358, 52.372083 ], [ 4.874503, 52.371889 ] ] ] } },
{ "type": "Feature", "properties": { "id": 552, "name": "Bloemgrachtbuurt", "g_score_2022": 0.7245, "g_score_2010": 0.69, "g_diff": 0.0345, "gi_star_z": 0.7046, "class_196": "not significant", "class_140": "not significant" }, "geometry": { "type": "Polygon", "coordinates": [ [ [ 4.876927, 52.373961 ], [ 4.876925, 52.373904 ], [ 4.876856, 52.37378 ], [ 4.876785, 52.373617 ], [ 4.876683, 52.373293 ], [ 4.876367, 52.372477 ], [ 4.876314, 52.372314 ], [ 4.883069, 52.373992 ], [ 4.883134, 52.374679 ], [ 4.883155, 52.374752 ], [ 4.884779, 52.37653 ], [ 4.884472, 52.376605 ], [ 4.884272, 52.376599 ], [ 4.877796, 52.375198 ], [ 4.877603, 52.375206 ], [ 4.877074, 52.374363 ], [ 4.877033, 52.374281 ], [ 4.876941, 52.374036 ], [ 4.876927, 52.373961 ] ] ] } },
{ "type": "Feature", "properties": { "id": 551, "name": "Marnixbuurt-Midden", "g_score_2022": 0.7959, "g_score_2010": 0.6765, "g_diff": 0.1195, "gi_star_z": 0.8137, "class_196": "not significant", "class_140": "not significant" }, "geometry": { "type": "Polygon", "coordinates": [ [ [ 4.875487, 52.37341 ], [ 4.875432, 52.373235 ], [ 4.875384, 52.37315 ], [ 4.875296, 52.373035 ], [ 4.875235, 52.372974 ], [ 4.875168, 52.372924 ], [ 4.874831, 52.372727 ], [ 4.874783, 52.37269 ], [ 4.874645, 52.372562 ], [ 4.874555, 52.372449 ], [ 4.874483, 52.372324 ], [ 4.87444, 52.372201 ], [ 4.874452, 52.37206 ], [ 4.874503, 52.371889 ], [ 4.875358, 52.372083 ], [ 4.876314, 52.372314 ], [ 4.876367, 52.372477 ], [ 4.876683, 52.373293 ], [ 4.876785, 52.373617 ], [ 4.876856, 52.37378 ], [ 4.876925, 52.373904 ], [ 4.876927, 52.373961 ], [ 4.876773, 52.373953 ], [ 4.875514, 52.374077 ], [ 4.875476, 52.37376 ], [ 4.875487, 52.37341 ] ] ] } },
{ "type": "Feature", "properties": { "id": 549, "name": "Zaagpoortbuurt", "g_score_2022": 0.5345, "g_score_2010": 0.419, "g_diff": 0.1155, "gi_star_z": 0.4464, "class_196": "not significant", "class_140": "not significant" }, "geometry": { "type": "Polygon", "coordinates": [ [ [ 4.875514, 52.374077 ], [ 4.876773, 52.373953 ], [ 4.876927, 52.373961 ], [ 4.876941, 52.374036 ], [ 4.877033, 52.374281 ], [ 4.877074, 52.374363 ], [ 4.877603, 52.375206 ], [ 4.879183, 52.377706 ], [ 4.878692, 52.377818 ], [ 4.878992, 52.378308 ], [ 4.878166, 52.378506 ], [ 4.8781, 52.3784 ], [ 4.878294, 52.378352 ], [ 4.878101, 52.378044 ], [ 4.878078, 52.378049 ], [ 4.877909, 52.377786 ], [ 4.878014, 52.377762 ], [ 4.876592, 52.375489 ], [ 4.875994, 52.374538 ], [ 4.875887, 52.374317 ], [ 4.875853, 52.374184 ], [ 4.875541, 52.374214 ], [ 4.875514, 52.374077 ] ] ] } },
{ "type": "Feature", "properties": { "id": 547, "name": "Marnixbuurt-Noord", "g_score_2022": 0.6208, "g_score_2010": 0.604, "g_diff": 0.0168, "gi_star_z": 0.4287, "class_196": "not significant", "class_140": "not significant" }, "geometry": { "type": "Polygon", "coordinates": [ [ [ 4.878166, 52.378506 ], [ 4.878992, 52.378308 ], [ 4.878692, 52.377818 ], [ 4.879183, 52.377706 ], [ 4.880367, 52.379582 ], [ 4.882965, 52.383652 ], [ 4.882936, 52.383702 ], [ 4.88261, 52.383893 ], [ 4.882537, 52.383924 ], [ 4.881667, 52.38418 ], [ 4.880761, 52.382709 ], [ 4.880651, 52.382565 ], [ 4.880486, 52.382412 ], [ 4.880333, 52.382306 ], [ 4.880102, 52.382185 ], [ 4.87981, 52.382068 ], [ 4.879705, 52.382 ], [ 4.879638, 52.381932 ], [ 4.879597, 52.381865 ], [ 4.879578, 52.381809 ], [ 4.879572, 52.381739 ], [ 4.879582, 52.381683 ], [ 4.879632, 52.381588 ], [ 4.879853, 52.381341 ], [ 4.879872, 52.381284 ], [ 4.879861, 52.38122 ], [ 4.878166, 52.378506 ] ] ] } },
{ "type": "Feature", "properties": { "id": 545, "name": "Haarlemmerbuurt-West", "g_score_2022": 0.6834, "g_score_2010": 0.6462, "g_diff": 0.0372, "gi_star_z": 0.0116, "class_196": "not significant", "class_140": "not significant" }, "geometry": { "type": "Polygon", "coordinates": [ [ [ 4.88261, 52.383893 ], [ 4.882936, 52.383702 ], [ 4.882965, 52.383652 ], [ 4.883067, 52.38352 ], [ 4.88807, 52.380728 ], [ 4.888437, 52.380522 ], [ 4.889908, 52.382132 ], [ 4.890156, 52.382364 ], [ 4.889387, 52.38272 ], [ 4.888524, 52.3831 ], [ 4.88815, 52.383279 ], [ 4.887781, 52.383475 ], [ 4.885036, 52.385009 ], [ 4.884653, 52.385199 ], [ 4.883929, 52.385506 ], [ 4.883518, 52.384955 ], [ 4.883023, 52.384429 ], [ 4.882826, 52.384134 ], [ 4.882653, 52.383932 ], [ 4.88261, 52.383893 ] ] ] } },
{ "type": "Feature", "properties": { "id": 556, "name": "Passeerdersgrachtbuurt", "g_score_2022": 0.6876, "g_score_2010": 0.7128, "g_diff": -0.0252, "gi_star_z": 0.1776, "class_196": "not significant", "class_140": "not significant" }, "geometry": { "type": "Polygon", "coordinates": [ [ [ 4.879075, 52.367745 ], [ 4.879889, 52.36661 ], [ 4.880024, 52.366646 ], [ 4.880247, 52.366345 ], [ 4.880491, 52.366061 ], [ 4.880867, 52.365538 ], [ 4.880913, 52.365493 ], [ 4.882798, 52.366177 ], [ 4.882742, 52.366245 ], [ 4.882548, 52.366579 ], [ 4.882433, 52.366665 ], [ 4.882424, 52.366744 ], [ 4.882603, 52.368756 ], [ 4.88228, 52.368767 ], [ 4.882209, 52.368764 ], [ 4.879075, 52.367745 ] ] ] } },
{ "type": "Feature", "properties": { "id": 222, "name": "Weteringbuurt", "g_score_2022": 0.7811, "g_score_2010": 0.7, "g_diff": 0.0811, "gi_star_z": 0.2177, "class_196": "not significant", "class_140": "not significant" }, "geometry": { "type": "Polygon", "coordinates": [ [ [ 4.886829, 52.361615 ], [ 4.886983, 52.361539 ], [ 4.890016, 52.36009 ], [ 4.89012, 52.360071 ], [ 4.890777, 52.360025 ], [ 4.896185, 52.359696 ], [ 4.896211, 52.359874 ], [ 4.896181, 52.360253 ], [ 4.896088, 52.36162 ], [ 4.895908, 52.361605 ], [ 4.888099, 52.362673 ], [ 4.888035, 52.362693 ], [ 4.887968, 52.362714 ], [ 4.887875, 52.362774 ], [ 4.887699, 52.362558 ], [ 4.886829, 52.361615 ] ] ] } },
{ "type": "Feature", "properties": { "id": 48, "name": "Leidsebuurt-Noordwest", "g_score_2022": 0.7557, "g_score_2010": 0.751, "g_diff": 0.0047, "gi_star_z": 0.176, "class_196": "not significant", "class_140": "not significant" }, "geometry": { "type": "Polygon", "coordinates": [ [ [ 4.880719, 52.365427 ], [ 4.880873, 52.365286 ], [ 4.881681, 52.364682 ], [ 4.881799, 52.36474 ], [ 4.882294, 52.364385 ], [ 4.88258, 52.36452 ], [ 4.882979, 52.364242 ], [ 4.883165, 52.364403 ], [ 4.884469, 52.365026 ], [ 4.884365, 52.365108 ], [ 4.883506, 52.365687 ], [ 4.882882, 52.366075 ], [ 4.882798, 52.366177 ], [ 4.880913, 52.365493 ], [ 4.880719, 52.365427 ] ] ] } },
{ "type": "Feature", "properties": { "id": 219, "name": "Vijzelstraatbuurt", "g_score_2022": 0.808, "g_score_2010": null, "g_diff": null, "gi_star_z": null, "class_196": null, "class_140": null }, "geometry": { "type": "Polygon", "coordinates": [ [ [ 4.888035, 52.362693 ], [ 4.888099, 52.362673 ], [ 4.895908, 52.361605 ], [ 4.896088, 52.36162 ], [ 4.895874, 52.364754 ], [ 4.892818, 52.36518 ], [ 4.89053, 52.365499 ], [ 4.890058, 52.364952 ], [ 4.888035, 52.362693 ] ] ] } },
{ "type": "Feature", "properties": { "id": 40, "name": "Leliegracht e.o.", "g_score_2022": 0.7924, "g_score_2010": 0.7601, "g_diff": 0.0324, "gi_star_z": 0.2528, "class_196": "not significant", "class_140": "not significant" }, "geometry": { "type": "Polygon", "coordinates": [ [ [ 4.883069, 52.373992 ], [ 4.883385, 52.374065 ], [ 4.885158, 52.373998 ], [ 4.88539, 52.373977 ], [ 4.885558, 52.373934 ], [ 4.885708, 52.373881 ], [ 4.885833, 52.373823 ], [ 4.886299, 52.373571 ], [ 4.886468, 52.373506 ], [ 4.88666, 52.373456 ], [ 4.886906, 52.37342 ], [ 4.888855, 52.37326 ], [ 4.888909, 52.37344 ], [ 4.88926, 52.374309 ], [ 4.889303, 52.374462 ], [ 4.889673, 52.37482 ], [ 4.891181, 52.376192 ], [ 4.891315, 52.376324 ], [ 4.8899, 52.376899 ], [ 4.889543, 52.376955 ], [ 4.886206, 52.378089 ], [ 4.884779, 52.37653 ], [ 4.883155, 52.374752 ], [ 4.883134, 52.374679 ], [ 4.883069, 52.373992 ] ] ] } },
{ "type": "Feature", "properties": { "id": 217, "name": "Rembrandtplein e.o.", "g_score_2022": 0.7466, "g_score_2010": null, "g_diff": null, "gi_star_z": null, "class_196": null, "class_140": null }, "geometry": { "type": "Polygon", "coordinates": [ [ [ 4.892818, 52.36518 ], [ 4.895874, 52.364754 ], [ 4.896908, 52.364966 ], [ 4.897537, 52.365087 ], [ 4.901217, 52.365779 ], [ 4.900752, 52.366625 ], [ 4.899284, 52.367172 ], [ 4.898795, 52.367263 ], [ 4.898242, 52.36732 ], [ 4.89725, 52.367428 ], [ 4.897128, 52.367428 ], [ 4.896077, 52.367379 ], [ 4.895268, 52.367368 ], [ 4.895052, 52.367331 ], [ 4.894831, 52.367308 ], [ 4.894323, 52.367287 ], [ 4.894147, 52.367289 ], [ 4.893881, 52.36729 ], [ 4.893807, 52.367265 ], [ 4.893466, 52.367042 ], [ 4.893296, 52.366678 ], [ 4.893155, 52.36609 ], [ 4.893008, 52.365641 ], [ 4.892898, 52.365425 ], [ 4.892818, 52.36518 ] ] ] } },
{ "type": "Feature", "properties": { "id": 216, "name": "Geelvinckbuurt", "g_score_2022": 0.7264, "g_score_2010": null, "g_diff": null, "gi_star_z": null, "class_196": null, "class_140": null }, "geometry": { "type": "Polygon", "coordinates": [ [ [ 4.888269, 52.366779 ], [ 4.888399, 52.366692 ], [ 4.890343, 52.365591 ], [ 4.89053, 52.365499 ], [ 4.892818, 52.36518 ], [ 4.892898, 52.365425 ], [ 4.893008, 52.365641 ], [ 4.893155, 52.36609 ], [ 4.893296, 52.366678 ], [ 4.893466, 52.367042 ], [ 4.893357, 52.36697 ], [ 4.89329, 52.366943 ], [ 4.893152, 52.366908 ], [ 4.892749, 52.366901 ], [ 4.891744, 52.366916 ], [ 4.89116, 52.36697 ], [ 4.8901, 52.36714 ], [ 4.889641, 52.367285 ], [ 4.889418, 52.367136 ], [ 4.888627, 52.366872 ], [ 4.8884, 52.366822 ], [ 4.888269, 52.366779 ] ] ] } },
{ "type": "Feature", "properties": { "id": 214, "name": "Waterloopleinbuurt", "g_score_2022": 0.6951, "g_score_2010": 0.6761, "g_diff": 0.019, "gi_star_z": 0.0324, "class_196": "not significant", "class_140": "not significant" }, "geometry": { "type": "Polygon", "coordinates": [ [ [ 4.898242, 52.36732 ], [ 4.898795, 52.367263 ], [ 4.899284, 52.367172 ], [ 4.900752, 52.366625 ], [ 4.901217, 52.365779 ], [ 4.901835, 52.36589 ], [ 4.905631, 52.366613 ], [ 4.906035, 52.366726 ], [ 4.906116, 52.366765 ], [ 4.90637, 52.366888 ], [ 4.906546, 52.366984 ], [ 4.907105, 52.367342 ], [ 4.905385, 52.367932 ], [ 4.903968, 52.368447 ], [ 4.903716, 52.368539 ], [ 4.902625, 52.368986 ], [ 4.901121, 52.369622 ], [ 4.901011, 52.369548 ], [ 4.900947, 52.369524 ], [ 4.900642, 52.369295 ], [ 4.900306, 52.369179 ], [ 4.900176, 52.369076 ], [ 4.900086, 52.369039 ], [ 4.898985, 52.368033 ], [ 4.898704, 52.367838 ], [ 4.898242, 52.36732 ] ] ] } },
{ "type": "Feature", "properties": { "id": 42, "name": "Leidsegracht-Noord", "g_score_2022": 0.7902, "g_score_2010": 0.7229, "g_diff": 0.0673, "gi_star_z": 0.0169, "class_196": "not significant", "class_140": "not significant" }, "geometry": { "type": "Polygon", "coordinates": [ [ [ 4.882603, 52.368756 ], [ 4.882424, 52.366744 ], [ 4.882433, 52.366665 ], [ 4.882548, 52.366579 ], [ 4.882742, 52.366245 ], [ 4.882798, 52.366177 ], [ 4.884537, 52.366784 ], [ 4.885166, 52.367012 ], [ 4.885875, 52.367246 ], [ 4.886666, 52.367546 ], [ 4.886703, 52.36804 ], [ 4.887719, 52.368392 ], [ 4.88806, 52.368499 ], [ 4.887851, 52.368726 ], [ 4.88784, 52.368764 ], [ 4.887679, 52.368756 ], [ 4.887279, 52.368762 ], [ 4.886623, 52.368792 ], [ 4.884411, 52.368862 ], [ 4.882614, 52.368932 ], [ 4.882603, 52.368756 ] ] ] } },
{ "type": "Feature", "properties": { "id": 157, "name": "Don Bosco", "g_score_2022": 0.7964, "g_score_2010": 0.78, "g_diff": 0.0164, "gi_star_z": 1.0713, "class_196": "not significant", "class_140": "not significant" }, "geometry": { "type": "Polygon", "coordinates": [ [ [ 4.921619, 52.352331 ], [ 4.921867, 52.352124 ], [ 4.922277, 52.351814 ], [ 4.925053, 52.350092 ], [ 4.92517, 52.350208 ], [ 4.928144, 52.352004 ], [ 4.92837, 52.352148 ], [ 4.928736, 52.352417 ], [ 4.929061, 52.352704 ], [ 4.92964, 52.353175 ], [ 4.93056, 52.353745 ], [ 4.929679, 52.35431 ], [ 4.928549, 52.355058 ], [ 4.928232, 52.355337 ], [ 4.926929, 52.354726 ], [ 4.921619, 52.352331 ] ] ] } },
{ "type": "Feature", "properties": { "id": 156, "name": "De Eenhoorn", "g_score_2022": 0.6557, "g_score_2010": 0.446, "g_diff": 0.2097, "gi_star_z": 0.1965, "class_196": "not significant", "class_140": "not significant" }, "geometry": { "type": "Polygon", "coordinates": [ [ [ 4.915413, 52.349538 ], [ 4.915798, 52.349056 ], [ 4.916041, 52.348736 ], [ 4.916266, 52.34841 ], [ 4.916606, 52.347884 ], [ 4.922385, 52.348688 ], [ 4.922685, 52.348712 ], [ 4.922988, 52.34872 ], [ 4.923291, 52.348712 ], [ 4.92374, 52.348668 ], [ 4.925053, 52.350092 ], [ 4.922277, 52.351814 ], [ 4.921867, 52.352124 ], [ 4.921619, 52.352331 ], [ 4.916499, 52.350026 ], [ 4.915413, 52.349538 ] ] ] } },
{ "type": "Feature", "properties": { "id": 166, "name": "Science Park-Noord", "g_score_2022": 0.7664, "g_score_2010": 0.7401, "g_diff": 0.0263, "gi_star_z": 0.2951, "class_196": "not significant", "class_140": "not significant" }, "geometry": { "type": "Polygon", "coordinates": [ [ [ 4.937147, 52.357691 ], [ 4.937644, 52.357495 ], [ 4.938581, 52.357104 ], [ 4.939708, 52.356658 ], [ 4.941895, 52.355743 ], [ 4.947582, 52.353375 ], [ 4.947698, 52.353307 ], [ 4.948802, 52.352832 ], [ 4.950476, 52.353839 ], [ 4.951422, 52.354438 ], [ 4.956467, 52.357461 ], [ 4.956497, 52.357788 ], [ 4.952941, 52.357908 ], [ 4.944681, 52.358264 ], [ 4.941153, 52.358411 ], [ 4.940948, 52.358414 ], [ 4.940705, 52.358405 ], [ 4.940465, 52.358381 ], [ 4.937798, 52.357788 ], [ 4.937432, 52.35774 ], [ 4.937147, 52.357691 ] ] ] } },
{ "type": "Feature", "properties": { "id": 165, "name": "Middenmeer-Zuid", "g_score_2022": 0.8217, "g_score_2010": 0.8284, "g_diff": -0.0067, "gi_star_z": 0.0239, "class_196": "not significant", "class_140": "not significant" }, "geometry": { "type": "Polygon", "coordinates": [ [ [ 4.935175, 52.350883 ], [ 4.935501, 52.350672 ], [ 4.937497, 52.349428 ], [ 4.93911, 52.348441 ], [ 4.939875, 52.347984 ], [ 4.940186, 52.347784 ], [ 4.944314, 52.350241 ], [ 4.946347, 52.351449 ], [ 4.946921, 52.351805 ], [ 4.94772, 52.352256 ], [ 4.94861, 52.352717 ], [ 4.948802, 52.352832 ], [ 4.947698, 52.353307 ], [ 4.947582, 52.353375 ], [ 4.941895, 52.355743 ], [ 4.940722, 52.355045 ], [ 4.941041, 52.354842 ], [ 4.936801, 52.352339 ], [ 4.937213, 52.352078 ], [ 4.935175, 52.350883 ] ] ] } },
{ "type": "Feature", "properties": { "id": 164, "name": "Middenmeer-Noord", "g_score_2022": 0.8116, "g_score_2010": 0.82, "g_diff": -0.0084, "gi_star_z": -0.0904, "class_196": "not significant", "class_140": "not significant" }, "geometry": { "type": "Polygon", "coordinates": [ [ [ 4.937644, 52.357495 ], [ 4.937053, 52.35697 ], [ 4.936748, 52.357098 ], [ 4.936645, 52.357126 ], [ 4.936577, 52.357132 ], [ 4.936487, 52.357128 ], [ 4.936422, 52.357115 ], [ 4.936345, 52.357085 ], [ 4.932689, 52.35495 ], [ 4.936801, 52.352339 ], [ 4.941041, 52.354842 ], [ 4.940722, 52.355045 ], [ 4.941895, 52.355743 ], [ 4.939708, 52.356658 ], [ 4.938581, 52.357104 ], [ 4.937644, 52.357495 ] ] ] } },
{ "type": "Feature", "properties": { "id": 163, "name": "Linnaeusparkbuurt", "g_score_2022": 0.8204, "g_score_2010": 0.7822, "g_diff": 0.0382, "gi_star_z": 0.2573, "class_196": "not significant", "class_140": "not significant" }, "geometry": { "type": "Polygon", "coordinates": [ [ [ 4.928232, 52.355337 ], [ 4.928549, 52.355058 ], [ 4.929679, 52.35431 ], [ 4.93056, 52.353745 ], [ 4.933237, 52.352062 ], [ 4.934775, 52.351143 ], [ 4.935175, 52.350883 ], [ 4.937213, 52.352078 ], [ 4.936801, 52.352339 ], [ 4.932689, 52.35495 ], [ 4.936345, 52.357085 ], [ 4.936422, 52.357115 ], [ 4.936487, 52.357128 ], [ 4.936577, 52.357132 ], [ 4.936645, 52.357126 ], [ 4.936748, 52.357098 ], [ 4.937053, 52.35697 ], [ 4.937644, 52.357495 ], [ 4.937147, 52.357691 ], [ 4.937021, 52.35758 ], [ 4.936627, 52.357529 ], [ 4.933244, 52.356815 ], [ 4.929878, 52.356067 ], [ 4.928232, 52.355337 ] ] ] } },
{ "type": "Feature", "properties": { "id": 162, "name": "Tuindorp Frankendael", "g_score_2022": 0.6095, "g_score_2010": 0.5597, "g_diff": 0.0498, "gi_star_z": -0.0912, "class_196": "not significant", "class_140": "not significant" }, "geometry": { "type": "Polygon", "coordinates": [ [ [ 4.927495, 52.346575 ], [ 4.932628, 52.34309 ], [ 4.932975, 52.343282 ], [ 4.933316, 52.343347 ], [ 4.933311, 52.343444 ], [ 4.93334, 52.343541 ], [ 4.933402, 52.343631 ], [ 4.933495, 52.34371 ], [ 4.940186, 52.347784 ], [ 4.939875, 52.347984 ], [ 4.93911, 52.348441 ], [ 4.937497, 52.349428 ], [ 4.935501, 52.350672 ], [ 4.935175, 52.350883 ], [ 4.934858, 52.350691 ], [ 4.927495, 52.346575 ] ] ] } },
{ "type": "Feature", "properties": { "id": 161, "name": "De Wetbuurt", "g_score_2022": 0.7012, "g_score_2010": 0.6898, "g_diff": 0.0115, "gi_star_z": 1.3736, "class_196": "not significant", "class_140": "not significant" }, "geometry": { "type": "Polygon", "coordinates": [ [ [ 4.921296, 52.342497 ], [ 4.927144, 52.339812 ], [ 4.932628, 52.34309 ], [ 4.927495, 52.346575 ], [ 4.92682, 52.346206 ], [ 4.926506, 52.346087 ], [ 4.926251, 52.346018 ], [ 4.925987, 52.345967 ], [ 4.925807, 52.345943 ], [ 4.925571, 52.345938 ], [ 4.925582, 52.345665 ], [ 4.926073, 52.345359 ], [ 4.921296, 52.342497 ] ] ] } },
{ "type": "Feature", "properties": { "id": 209, "name": "Rapenburg", "g_score_2022": 0.712, "g_score_2010": 0.6333, "g_diff": 0.0786, "gi_star_z": 0.3957, "class_196": "not significant", "class_140": "not significant" }, "geometry": { "type": "Polygon", "coordinates": [ [ [ 4.90637, 52.372076 ], [ 4.906674, 52.371924 ], [ 4.907323, 52.371538 ], [ 4.90831, 52.370851 ], [ 4.909154, 52.370386 ], [ 4.909647, 52.370713 ], [ 4.910507, 52.370216 ], [ 4.910789, 52.370159 ], [ 4.911127, 52.369968 ], [ 4.913413, 52.371467 ], [ 4.91352, 52.371845 ], [ 4.913587, 52.372237 ], [ 4.913608, 52.372621 ], [ 4.913585, 52.373014 ], [ 4.91352, 52.373396 ], [ 4.913413, 52.373775 ], [ 4.913263, 52.374148 ], [ 4.913067, 52.374523 ], [ 4.912723, 52.375064 ], [ 4.91138, 52.374941 ], [ 4.910917, 52.374899 ], [ 4.909575, 52.373968 ], [ 4.907869, 52.372784 ], [ 4.907201, 52.372447 ], [ 4.90637, 52.372076 ] ] ] } },
{ "type": "Feature", "properties": { "id": 210, "name": "Nieuwmarkt", "g_score_2022": 0.5857, "g_score_2010": 0.57, "g_diff": 0.0157, "gi_star_z": 0.1325, "class_196": "not significant", "class_140": "not significant" }, "geometry": { "type": "Polygon", "coordinates": [ [ [ 4.900936, 52.373494 ], [ 4.900708, 52.373018 ], [ 4.900551, 52.373044 ], [ 4.900369, 52.373035 ], [ 4.900247, 52.373008 ], [ 4.900166, 52.372968 ], [ 4.900099, 52.37291 ], [ 4.899686, 52.372341 ], [ 4.899667, 52.372276 ], [ 4.899857, 52.372224 ], [ 4.900467, 52.372089 ], [ 4.900439, 52.371992 ], [ 4.900435, 52.371851 ], [ 4.90069, 52.370119 ], [ 4.900785, 52.369877 ], [ 4.900908, 52.369712 ], [ 4.901121, 52.369622 ], [ 4.901635, 52.369967 ], [ 4.902152, 52.370282 ], [ 4.904813, 52.371415 ], [ 4.904238, 52.371761 ], [ 4.901354, 52.37337 ], [ 4.900936, 52.373494 ] ] ] } },
{ "type": "Feature", "properties": { "id": 213, "name": "Zuiderkerkbuurt", "g_score_2022": 0.6383, "g_score_2010": 0.6199, "g_diff": 0.0184, "gi_star_z": -0.0156, "class_196": "not significant", "class_140": "not significant" }, "geometry": { "type": "Polygon", "coordinates": [ [ [ 4.895268, 52.367368 ], [ 4.896077, 52.367379 ], [ 4.897128, 52.367428 ], [ 4.89725, 52.367428 ], [ 4.898242, 52.36732 ], [ 4.898704, 52.367838 ], [ 4.898985, 52.368033 ], [ 4.900086, 52.369039 ], [ 4.900176, 52.369076 ], [ 4.900306, 52.369179 ], [ 4.900642, 52.369295 ], [ 4.900947, 52.369524 ], [ 4.901011, 52.369548 ], [ 4.901121, 52.369622 ], [ 4.900908, 52.369712 ], [ 4.900785, 52.369877 ], [ 4.90069, 52.370119 ], [ 4.900435, 52.371851 ], [ 4.900439, 52.371992 ], [ 4.900467, 52.372089 ], [ 4.899857, 52.372224 ], [ 4.899295, 52.371577 ], [ 4.898755, 52.370995 ], [ 4.896366, 52.368497 ], [ 4.896231, 52.368291 ], [ 4.895786, 52.367811 ], [ 4.895474, 52.367498 ], [ 4.895372, 52.367424 ], [ 4.895268, 52.367368 ] ] ] } },
{ "type": "Feature", "properties": { "id": 116, "name": "Entrepot-Noordwest", "g_score_2022": 0.7455, "g_score_2010": 0.7797, "g_diff": -0.0343, "gi_star_z": -0.7563, "class_196": "not significant", "class_140": "not significant" }, "geometry": { "type": "Polygon", "coordinates": [ [ [ 4.932942, 52.370547 ], [ 4.932973, 52.370407 ], [ 4.932961, 52.370407 ], [ 4.932903, 52.370366 ], [ 4.932919, 52.370049 ], [ 4.93295, 52.369904 ], [ 4.932897, 52.369402 ], [ 4.932825, 52.369071 ], [ 4.932691, 52.368699 ], [ 4.93259, 52.368498 ], [ 4.932093, 52.367668 ], [ 4.932115, 52.367663 ], [ 4.932109, 52.367636 ], [ 4.932127, 52.367601 ], [ 4.93219, 52.367569 ], [ 4.931989, 52.367236 ], [ 4.934198, 52.367244 ], [ 4.934166, 52.368491 ], [ 4.934351, 52.368521 ], [ 4.934535, 52.368532 ], [ 4.935309, 52.368529 ], [ 4.936488, 52.368548 ], [ 4.93855, 52.368553 ], [ 4.93852, 52.369918 ], [ 4.938493, 52.371142 ], [ 4.933701, 52.371094 ], [ 4.933663, 52.371084 ], [ 4.933578, 52.371037 ], [ 4.932942, 52.370547 ] ] ] } },
{ "type": "Feature", "properties": { "id": 115, "name": "Borneo", "g_score_2022": 0.8472, "g_score_2010": 0.8383, "g_diff": 0.0088, "gi_star_z": 0.0562, "class_196": "not significant", "class_140": "not significant" }, "geometry": { "type": "Polygon", "coordinates": [ [ [ 4.938477, 52.371852 ], [ 4.938493, 52.371142 ], [ 4.93852, 52.369918 ], [ 4.940095, 52.369931 ], [ 4.940884, 52.369953 ], [ 4.945582, 52.370213 ], [ 4.951448, 52.370536 ], [ 4.95452, 52.373427 ], [ 4.953892, 52.37344 ], [ 4.953264, 52.373431 ], [ 4.952638, 52.373401 ], [ 4.952015, 52.37335 ], [ 4.948397, 52.372958 ], [ 4.938477, 52.371852 ] ] ] } },
{ "type": "Feature", "properties": { "id": 465, "name": "Nieuwe Meer", "g_score_2022": 0.4731, "g_score_2010": 0.3916, "g_diff": 0.0815, "gi_star_z": -0.3432, "class_196": "not significant", "class_140": "not significant" }, "geometry": { "type": "Polygon", "coordinates": [ [ [ 4.803054, 52.333036 ], [ 4.807724, 52.331094 ], [ 4.812673, 52.329054 ], [ 4.815441, 52.327896 ], [ 4.816409, 52.327409 ], [ 4.817127, 52.326928 ], [ 4.817331, 52.327077 ], [ 4.822131, 52.330824 ], [ 4.835558, 52.331007 ], [ 4.838339, 52.331485 ], [ 4.846224, 52.334129 ], [ 4.847095, 52.336285 ], [ 4.847139, 52.336904 ], [ 4.847032, 52.337693 ], [ 4.844327, 52.337554 ], [ 4.843771, 52.337537 ], [ 4.843113, 52.337531 ], [ 4.842381, 52.337544 ], [ 4.84165, 52.337579 ], [ 4.840981, 52.33763 ], [ 4.840202, 52.337711 ], [ 4.839496, 52.337804 ], [ 4.837444, 52.338116 ], [ 4.836682, 52.338212 ], [ 4.835915, 52.33829 ], [ 4.83553, 52.338322 ], [ 4.835144, 52.33835 ], [ 4.834369, 52.338393 ], [ 4.833592, 52.338417 ], [ 4.832922, 52.338426 ], [ 4.819922, 52.33852 ], [ 4.818426, 52.338524 ], [ 4.817535, 52.338509 ], [ 4.817085, 52.338491 ], [ 4.81617, 52.338434 ], [ 4.815705, 52.338391 ], [ 4.815032, 52.33831 ], [ 4.814395, 52.338218 ], [ 4.813418, 52.338037 ], [ 4.812627, 52.337856 ], [ 4.811996, 52.33769 ], [ 4.811299, 52.33748 ], [ 4.81065, 52.337258 ], [ 4.810136, 52.337064 ], [ 4.809762, 52.336909 ], [ 4.80939, 52.336748 ], [ 4.808892, 52.336508 ], [ 4.808326, 52.33622 ], [ 4.807324, 52.335645 ], [ 4.803054, 52.333036 ] ] ] } },
{ "type": "Feature", "properties": { "id": 277, "name": "Rode Kruisbuurt", "g_score_2022": 0.8991, "g_score_2010": 0.8739, "g_diff": 0.0252, "gi_star_z": -1.4263, "class_196": "not significant", "class_140": "coldspot" }, "geometry": { "type": "Polygon", "coordinates": [ [ [ 4.924547, 52.395264 ], [ 4.933643, 52.393017 ], [ 4.933897, 52.392995 ], [ 4.934148, 52.392991 ], [ 4.934389, 52.393002 ], [ 4.935021, 52.393082 ], [ 4.93543, 52.393158 ], [ 4.935893, 52.393273 ], [ 4.936211, 52.393371 ], [ 4.936777, 52.393569 ], [ 4.935784, 52.393848 ], [ 4.935335, 52.393984 ], [ 4.934746, 52.394178 ], [ 4.934313, 52.394333 ], [ 4.933748, 52.394552 ], [ 4.933334, 52.394725 ], [ 4.931783, 52.395303 ], [ 4.929722, 52.396187 ], [ 4.92806, 52.3969 ], [ 4.926614, 52.397437 ], [ 4.926162, 52.397027 ], [ 4.925693, 52.396569 ], [ 4.925309, 52.396161 ], [ 4.924838, 52.395617 ], [ 4.924547, 52.395264 ] ] ] } },
{ "type": "Feature", "properties": { "id": 114, "name": "Sporenburg", "g_score_2022": 0.8981, "g_score_2010": 0.8688, "g_diff": 0.0292, "gi_star_z": 0.1432, "class_196": "not significant", "class_140": "not significant" }, "geometry": { "type": "Polygon", "coordinates": [ [ [ 4.938707, 52.375245 ], [ 4.939522, 52.37451 ], [ 4.939821, 52.374278 ], [ 4.940154, 52.374049 ], [ 4.940193, 52.374006 ], [ 4.940218, 52.373959 ], [ 4.940225, 52.373885 ], [ 4.940196, 52.373813 ], [ 4.940158, 52.37377 ], [ 4.940077, 52.373715 ], [ 4.939974, 52.373678 ], [ 4.938441, 52.373507 ], [ 4.938477, 52.371852 ], [ 4.948397, 52.372958 ], [ 4.952015, 52.37335 ], [ 4.952638, 52.373401 ], [ 4.953264, 52.373431 ], [ 4.953892, 52.37344 ], [ 4.95452, 52.373427 ], [ 4.95514, 52.373393 ], [ 4.955756, 52.373337 ], [ 4.954989, 52.37648 ], [ 4.939941, 52.375031 ], [ 4.938707, 52.375245 ] ] ] } },
{ "type": "Feature", "properties": { "id": 113, "name": "Rietlanden", "g_score_2022": 0.8226, "g_score_2010": 0.8318, "g_diff": -0.0092, "gi_star_z": -0.2126, "class_196": "not significant", "class_140": "not significant" }, "geometry": { "type": "Polygon", "coordinates": [ [ [ 4.927698, 52.373914 ], [ 4.927907, 52.373853 ], [ 4.928551, 52.373681 ], [ 4.929403, 52.373475 ], [ 4.929855, 52.373345 ], [ 4.930191, 52.373225 ], [ 4.930551, 52.373077 ], [ 4.93088, 52.37292 ], [ 4.931178, 52.372751 ], [ 4.931432, 52.372586 ], [ 4.931749, 52.37235 ], [ 4.931974, 52.372156 ], [ 4.932106, 52.371983 ], [ 4.93218, 52.371958 ], [ 4.932259, 52.371962 ], [ 4.932396, 52.371785 ], [ 4.932332, 52.371749 ], [ 4.932321, 52.371732 ], [ 4.932325, 52.371699 ], [ 4.932507, 52.371504 ], [ 4.932628, 52.371279 ], [ 4.932768, 52.370903 ], [ 4.932778, 52.370731 ], [ 4.932817, 52.370693 ], [ 4.932849, 52.370683 ], [ 4.932895, 52.370683 ], [ 4.9329, 52.370665 ], [ 4.932915, 52.370666 ], [ 4.932942, 52.370547 ], [ 4.933578, 52.371037 ], [ 4.933663, 52.371084 ], [ 4.933701, 52.371094 ], [ 4.938493, 52.371142 ], [ 4.938477, 52.371852 ], [ 4.938441, 52.373507 ], [ 4.939974, 52.373678 ], [ 4.940077, 52.373715 ], [ 4.940158, 52.37377 ], [ 4.940196, 52.373813 ], [ 4.940225, 52.373885 ], [ 4.940218, 52.373959 ], [ 4.940193, 52.374006 ], [ 4.940154, 52.374049 ], [ 4.939821, 52.374278 ], [ 4.939522, 52.37451 ], [ 4.938707, 52.375245 ], [ 4.929052, 52.376921 ], [ 4.927698, 52.373914 ] ] ] } },
{ "type": "Feature", "properties": { "id": 288, "name": "Vliegenbos", "g_score_2022": 0.8653, "g_score_2010": 0.8158, "g_diff": 0.0496, "gi_star_z": -0.3165, "class_196": "not significant", "class_140": "not significant" }, "geometry": { "type": "Polygon", "coordinates": [ [ [ 4.924759, 52.390668 ], [ 4.925021, 52.389717 ], [ 4.92504, 52.389561 ], [ 4.925045, 52.389399 ], [ 4.92502, 52.389144 ], [ 4.924956, 52.38889 ], [ 4.924854, 52.38865 ], [ 4.924712, 52.388417 ], [ 4.925165, 52.388315 ], [ 4.925543, 52.388331 ], [ 4.92649, 52.388433 ], [ 4.926745, 52.388429 ], [ 4.926994, 52.388395 ], [ 4.927168, 52.388351 ], [ 4.927699, 52.38818 ], [ 4.929672, 52.38742 ], [ 4.932229, 52.386438 ], [ 4.932307, 52.386422 ], [ 4.932372, 52.386426 ], [ 4.932432, 52.386443 ], [ 4.932468, 52.386464 ], [ 4.9325, 52.386499 ], [ 4.932967, 52.387606 ], [ 4.933031, 52.387605 ], [ 4.933155, 52.387587 ], [ 4.937583, 52.386874 ], [ 4.938371, 52.386734 ], [ 4.938963, 52.388244 ], [ 4.939629, 52.389945 ], [ 4.938404, 52.390773 ], [ 4.934807, 52.391281 ], [ 4.934209, 52.391378 ], [ 4.934093, 52.391382 ], [ 4.934085, 52.391346 ], [ 4.933764, 52.391369 ], [ 4.933724, 52.391379 ], [ 4.933543, 52.3914 ], [ 4.933553, 52.391438 ], [ 4.933417, 52.39145 ], [ 4.933407, 52.391411 ], [ 4.93322, 52.391428 ], [ 4.933057, 52.39141 ], [ 4.93306, 52.391385 ], [ 4.932934, 52.391376 ], [ 4.932932, 52.391387 ], [ 4.932746, 52.391389 ], [ 4.931669, 52.39136 ], [ 4.931545, 52.391353 ], [ 4.931546, 52.391348 ], [ 4.930341, 52.391282 ], [ 4.929234, 52.391204 ], [ 4.928598, 52.39115 ], [ 4.927774, 52.391073 ], [ 4.927014, 52.390974 ], [ 4.926444, 52.39089 ], [ 4.926444, 52.390896 ], [ 4.925181, 52.390697 ], [ 4.925061, 52.390699 ], [ 4.924759, 52.390668 ] ] ] } },
{ "type": "Feature", "properties": { "id": 123, "name": "Oosterparkbuurt-Noordwest", "g_score_2022": 0.6533, "g_score_2010": 0.6398, "g_diff": 0.0135, "gi_star_z": 0.3886, "class_196": "not significant", "class_140": "not significant" }, "geometry": { "type": "Polygon", "coordinates": [ [ [ 4.908327, 52.360591 ], [ 4.910879, 52.3564 ], [ 4.917445, 52.358044 ], [ 4.916146, 52.35994 ], [ 4.915811, 52.360495 ], [ 4.91508, 52.361787 ], [ 4.914036, 52.361496 ], [ 4.912851, 52.361359 ], [ 4.911781, 52.361248 ], [ 4.911627, 52.361222 ], [ 4.911492, 52.361181 ], [ 4.911371, 52.361126 ], [ 4.91129, 52.361075 ], [ 4.911205, 52.361004 ], [ 4.911089, 52.360926 ], [ 4.910838, 52.360796 ], [ 4.910565, 52.360697 ], [ 4.910257, 52.360624 ], [ 4.90996, 52.360587 ], [ 4.909644, 52.360579 ], [ 4.909355, 52.360599 ], [ 4.909038, 52.360651 ], [ 4.90881, 52.36066 ], [ 4.908567, 52.360641 ], [ 4.908327, 52.360591 ] ] ] } },
{ "type": "Feature", "properties": { "id": 122, "name": "Parooldriehoek", "g_score_2022": 0.4829, "g_score_2010": 0.5129, "g_diff": -0.03, "gi_star_z": 0.3601, "class_196": "not significant", "class_140": "not significant" }, "geometry": { "type": "Polygon", "coordinates": [ [ [ 4.91133, 52.355636 ], [ 4.913598, 52.351803 ], [ 4.913707, 52.351686 ], [ 4.913849, 52.351582 ], [ 4.91472, 52.351092 ], [ 4.91463, 52.351326 ], [ 4.914644, 52.351329 ], [ 4.914654, 52.351354 ], [ 4.914597, 52.351565 ], [ 4.914562, 52.351831 ], [ 4.914564, 52.352153 ], [ 4.914593, 52.352374 ], [ 4.914651, 52.352616 ], [ 4.914728, 52.352833 ], [ 4.914943, 52.353275 ], [ 4.915113, 52.353515 ], [ 4.915204, 52.353626 ], [ 4.915462, 52.353904 ], [ 4.915614, 52.354035 ], [ 4.915899, 52.354252 ], [ 4.915754, 52.354322 ], [ 4.914594, 52.35488 ], [ 4.914309, 52.355155 ], [ 4.913871, 52.355206 ], [ 4.913681, 52.355237 ], [ 4.913494, 52.355273 ], [ 4.913128, 52.355361 ], [ 4.912951, 52.355413 ], [ 4.91261, 52.355534 ], [ 4.912291, 52.355673 ], [ 4.912022, 52.355806 ], [ 4.91133, 52.355636 ] ] ] } },
{ "type": "Feature", "properties": { "id": 121, "name": "Weesperzijde-Midden/Zuid", "g_score_2022": 0.7695, "g_score_2010": 0.6898, "g_diff": 0.0797, "gi_star_z": 0.2942, "class_196": "not significant", "class_140": "not significant" }, "geometry": { "type": "Polygon", "coordinates": [ [ [ 4.906552, 52.355385 ], [ 4.908364, 52.35339 ], [ 4.910248, 52.351366 ], [ 4.911065, 52.35003 ], [ 4.912233, 52.348115 ], [ 4.915413, 52.349538 ], [ 4.916499, 52.350026 ], [ 4.91472, 52.351092 ], [ 4.913849, 52.351582 ], [ 4.913707, 52.351686 ], [ 4.913598, 52.351803 ], [ 4.91133, 52.355636 ], [ 4.910879, 52.3564 ], [ 4.909642, 52.356088 ], [ 4.907559, 52.355587 ], [ 4.906552, 52.355385 ] ] ] } },
{ "type": "Feature", "properties": { "id": 120, "name": "Weesperzijde-Noord", "g_score_2022": 0.7867, "g_score_2010": 0.7522, "g_diff": 0.0346, "gi_star_z": 0.1655, "class_196": "not significant", "class_140": "not significant" }, "geometry": { "type": "Polygon", "coordinates": [ [ [ 4.904634, 52.359212 ], [ 4.90489, 52.358751 ], [ 4.906056, 52.356169 ], [ 4.906552, 52.355385 ], [ 4.907559, 52.355587 ], [ 4.909642, 52.356088 ], [ 4.910879, 52.3564 ], [ 4.908327, 52.360591 ], [ 4.907974, 52.360499 ], [ 4.907784, 52.360431 ], [ 4.907645, 52.360371 ], [ 4.90751, 52.3603 ], [ 4.907379, 52.36022 ], [ 4.907104, 52.360005 ], [ 4.906922, 52.359877 ], [ 4.906642, 52.359724 ], [ 4.906505, 52.359664 ], [ 4.906171, 52.35955 ], [ 4.905975, 52.359499 ], [ 4.905163, 52.359348 ], [ 4.904634, 52.359212 ] ] ] } },
{ "type": "Feature", "properties": { "id": 45, "name": "Nieuwendijk-Noord", "g_score_2022": 0.6177, "g_score_2010": 0.5782, "g_diff": 0.0395, "gi_star_z": 0.422, "class_196": "not significant", "class_140": "not significant" }, "geometry": { "type": "Polygon", "coordinates": [ [ [ 4.893582, 52.376221 ], [ 4.8951, 52.376206 ], [ 4.895342, 52.376181 ], [ 4.895472, 52.376156 ], [ 4.895622, 52.376115 ], [ 4.895702, 52.376036 ], [ 4.896266, 52.375819 ], [ 4.896473, 52.375764 ], [ 4.89708, 52.375505 ], [ 4.899141, 52.376971 ], [ 4.899692, 52.377303 ], [ 4.898867, 52.377741 ], [ 4.898667, 52.378012 ], [ 4.898562, 52.378122 ], [ 4.898442, 52.378227 ], [ 4.898062, 52.378505 ], [ 4.897931, 52.378579 ], [ 4.897713, 52.378678 ], [ 4.896895, 52.378001 ], [ 4.895954, 52.377792 ], [ 4.89585, 52.377757 ], [ 4.895748, 52.377712 ], [ 4.895663, 52.377661 ], [ 4.895584, 52.3776 ], [ 4.895104, 52.377147 ], [ 4.894966, 52.37704 ], [ 4.894775, 52.376916 ], [ 4.894422, 52.376738 ], [ 4.8942, 52.376609 ], [ 4.893582, 52.376221 ] ] ] } },
{ "type": "Feature", "properties": { "id": 119, "name": "Bedrijvengebied Zeeburgerkade", "g_score_2022": 0.701, "g_score_2010": 0.837, "g_diff": -0.1361, "gi_star_z": 0.0806, "class_196": "not significant", "class_140": "not significant" }, "geometry": { "type": "Polygon", "coordinates": [ [ [ 4.931586, 52.366569 ], [ 4.932096, 52.366572 ], [ 4.932371, 52.36655 ], [ 4.939465, 52.366648 ], [ 4.946146, 52.366676 ], [ 4.949988, 52.366706 ], [ 4.951887, 52.367003 ], [ 4.951878, 52.367412 ], [ 4.94613, 52.367362 ], [ 4.942486, 52.367309 ], [ 4.939478, 52.367286 ], [ 4.934198, 52.367244 ], [ 4.931989, 52.367236 ], [ 4.931586, 52.366569 ] ] ] } },
{ "type": "Feature", "properties": { "id": 118, "name": "Cruquiusbuurt", "g_score_2022": 0.7559, "g_score_2010": 0.625, "g_diff": 0.1309, "gi_star_z": -0.659, "class_196": "not significant", "class_140": "not significant" }, "geometry": { "type": "Polygon", "coordinates": [ [ [ 4.945582, 52.370213 ], [ 4.945657, 52.368838 ], [ 4.945709, 52.368755 ], [ 4.945805, 52.368687 ], [ 4.945925, 52.368644 ], [ 4.946098, 52.368618 ], [ 4.94613, 52.367362 ], [ 4.951878, 52.367412 ], [ 4.954381, 52.367439 ], [ 4.954643, 52.367471 ], [ 4.954902, 52.36752 ], [ 4.955137, 52.36758 ], [ 4.955426, 52.367673 ], [ 4.955605, 52.367746 ], [ 4.955769, 52.36783 ], [ 4.955945, 52.367946 ], [ 4.956573, 52.368462 ], [ 4.956653, 52.368726 ], [ 4.956698, 52.368993 ], [ 4.956709, 52.369262 ], [ 4.956685, 52.36953 ], [ 4.955756, 52.373337 ], [ 4.95514, 52.373393 ], [ 4.95452, 52.373427 ], [ 4.951448, 52.370536 ], [ 4.945582, 52.370213 ] ] ] } },
{ "type": "Feature", "properties": { "id": 117, "name": "Architectenbuurt", "g_score_2022": 0.7598, "g_score_2010": 0.7298, "g_diff": 0.03, "gi_star_z": -0.4782, "class_196": "not significant", "class_140": "not significant" }, "geometry": { "type": "Polygon", "coordinates": [ [ [ 4.93852, 52.369918 ], [ 4.93855, 52.368553 ], [ 4.939453, 52.368555 ], [ 4.939478, 52.367286 ], [ 4.942486, 52.367309 ], [ 4.94613, 52.367362 ], [ 4.946098, 52.368618 ], [ 4.945925, 52.368644 ], [ 4.945805, 52.368687 ], [ 4.945709, 52.368755 ], [ 4.945657, 52.368838 ], [ 4.945582, 52.370213 ], [ 4.940884, 52.369953 ], [ 4.940095, 52.369931 ], [ 4.93852, 52.369918 ] ] ] } },
{ "type": "Feature", "properties": { "id": 111, "name": "KNSM-eiland", "g_score_2022": 0.8107, "g_score_2010": 0.8001, "g_diff": 0.0106, "gi_star_z": -0.2231, "class_196": "not significant", "class_140": "not significant" }, "geometry": { "type": "Polygon", "coordinates": [ [ [ 4.937355, 52.382408 ], [ 4.936989, 52.377771 ], [ 4.937296, 52.376961 ], [ 4.93737, 52.376543 ], [ 4.937423, 52.376426 ], [ 4.937476, 52.376362 ], [ 4.938707, 52.375245 ], [ 4.939941, 52.375031 ], [ 4.954989, 52.37648 ], [ 4.952428, 52.382571 ], [ 4.949586, 52.382503 ], [ 4.943188, 52.38251 ], [ 4.939831, 52.382514 ], [ 4.937355, 52.382408 ] ] ] } },
{ "type": "Feature", "properties": { "id": 539, "name": "Buitenveldert-Zuidoost", "g_score_2022": 0.773, "g_score_2010": 0.8182, "g_diff": -0.0452, "gi_star_z": -0.2772, "class_196": "not significant", "class_140": "not significant" }, "geometry": { "type": "Polygon", "coordinates": [ [ [ 4.879478, 52.329385 ], [ 4.879473, 52.328216 ], [ 4.879618, 52.324823 ], [ 4.877946, 52.324791 ], [ 4.878112, 52.322094 ], [ 4.882364, 52.322169 ], [ 4.889946, 52.322316 ], [ 4.893012, 52.322373 ], [ 4.892548, 52.323073 ], [ 4.891999, 52.323798 ], [ 4.891329, 52.324507 ], [ 4.891257, 52.324613 ], [ 4.891203, 52.324734 ], [ 4.891172, 52.324858 ], [ 4.891168, 52.32498 ], [ 4.890126, 52.324961 ], [ 4.88999, 52.328531 ], [ 4.889987, 52.329398 ], [ 4.879478, 52.329385 ] ] ] } },
{ "type": "Feature", "properties": { "id": 538, "name": "Buitenveldert-Oost-Midden", "g_score_2022": 0.6992, "g_score_2010": 0.6967, "g_diff": 0.0024, "gi_star_z": -0.4784, "class_196": "not significant", "class_140": "not significant" }, "geometry": { "type": "Polygon", "coordinates": [ [ [ 4.879456, 52.333125 ], [ 4.879447, 52.331674 ], [ 4.879478, 52.329385 ], [ 4.889987, 52.329398 ], [ 4.889981, 52.33314 ], [ 4.879456, 52.333125 ] ] ] } },
{ "type": "Feature", "properties": { "id": 537, "name": "De Klenckebuurt", "g_score_2022": 0.8397, "g_score_2010": 0.8418, "g_diff": -0.0022, "gi_star_z": -1.1449, "class_196": "not significant", "class_140": "not significant" }, "geometry": { "type": "Polygon", "coordinates": [ [ [ 4.878652, 52.335088 ], [ 4.879167, 52.334426 ], [ 4.87924, 52.334305 ], [ 4.879357, 52.334057 ], [ 4.879401, 52.333931 ], [ 4.87945, 52.333715 ], [ 4.87946, 52.333613 ], [ 4.879456, 52.333125 ], [ 4.889981, 52.33314 ], [ 4.889987, 52.33469 ], [ 4.884501, 52.334701 ], [ 4.884228, 52.33472 ], [ 4.880406, 52.335158 ], [ 4.880164, 52.335178 ], [ 4.879839, 52.335189 ], [ 4.879514, 52.33518 ], [ 4.879271, 52.33516 ], [ 4.878652, 52.335088 ] ] ] } },
{ "type": "Feature", "properties": { "id": 536, "name": "Buitenveldert-Zuid-Midden", "g_score_2022": 0.8048, "g_score_2010": 0.8118, "g_diff": -0.0071, "gi_star_z": -0.6079, "class_196": "not significant", "class_140": "not significant" }, "geometry": { "type": "Polygon", "coordinates": [ [ [ 4.868863, 52.329141 ], [ 4.868884, 52.327324 ], [ 4.869148, 52.321935 ], [ 4.878112, 52.322094 ], [ 4.877946, 52.324791 ], [ 4.879618, 52.324823 ], [ 4.879473, 52.328216 ], [ 4.879478, 52.329385 ], [ 4.878678, 52.329384 ], [ 4.878678, 52.329333 ], [ 4.877266, 52.329331 ], [ 4.877267, 52.32924 ], [ 4.875987, 52.329234 ], [ 4.875988, 52.329157 ], [ 4.868863, 52.329141 ] ] ] } },
{ "type": "Feature", "properties": { "id": 535, "name": "Buitenveldert-Zuidwest", "g_score_2022": 0.6879, "g_score_2010": 0.7, "g_diff": -0.0121, "gi_star_z": -0.537, "class_196": "not significant", "class_140": "not significant" }, "geometry": { "type": "Polygon", "coordinates": [ [ [ 4.855948, 52.330258 ], [ 4.855999, 52.330079 ], [ 4.856132, 52.329683 ], [ 4.856201, 52.329683 ], [ 4.856264, 52.329502 ], [ 4.856333, 52.329318 ], [ 4.856376, 52.329173 ], [ 4.856413, 52.328963 ], [ 4.856427, 52.328848 ], [ 4.856455, 52.328034 ], [ 4.856447, 52.327808 ], [ 4.856339, 52.321765 ], [ 4.856574, 52.321769 ], [ 4.856571, 52.321565 ], [ 4.856752, 52.321557 ], [ 4.85676, 52.321416 ], [ 4.857618, 52.321431 ], [ 4.857635, 52.321637 ], [ 4.857646, 52.321673 ], [ 4.857655, 52.321692 ], [ 4.857669, 52.321704 ], [ 4.857688, 52.321717 ], [ 4.857786, 52.321732 ], [ 4.857868, 52.321737 ], [ 4.862619, 52.321826 ], [ 4.869148, 52.321935 ], [ 4.868884, 52.327324 ], [ 4.868863, 52.329141 ], [ 4.861826, 52.329131 ], [ 4.861819, 52.330335 ], [ 4.861193, 52.330328 ], [ 4.860989, 52.3303 ], [ 4.86076, 52.33024 ], [ 4.860636, 52.330216 ], [ 4.860522, 52.330203 ], [ 4.860292, 52.330196 ], [ 4.860037, 52.3302 ], [ 4.859835, 52.330214 ], [ 4.859063, 52.330307 ], [ 4.858703, 52.330332 ], [ 4.856757, 52.330327 ], [ 4.856474, 52.330314 ], [ 4.856193, 52.33029 ], [ 4.855948, 52.330258 ] ] ] } },
{ "type": "Feature", "properties": { "id": 534, "name": "Gelderlandpleinbuurt", "g_score_2022": 0.754, "g_score_2010": 0.7299, "g_diff": 0.0241, "gi_star_z": -1.0363, "class_196": "not significant", "class_140": "not significant" }, "geometry": { "type": "Polygon", "coordinates": [ [ [ 4.868863, 52.329141 ], [ 4.875988, 52.329157 ], [ 4.875987, 52.329234 ], [ 4.877267, 52.32924 ], [ 4.877266, 52.329331 ], [ 4.878678, 52.329333 ], [ 4.878678, 52.329384 ], [ 4.879478, 52.329385 ], [ 4.879447, 52.331674 ], [ 4.879456, 52.333125 ], [ 4.87946, 52.333613 ], [ 4.87945, 52.333715 ], [ 4.879401, 52.333931 ], [ 4.879357, 52.334057 ], [ 4.87924, 52.334305 ], [ 4.879167, 52.334426 ], [ 4.878652, 52.335088 ], [ 4.878113, 52.335035 ], [ 4.876905, 52.335006 ], [ 4.868831, 52.334993 ], [ 4.868846, 52.332102 ], [ 4.868863, 52.329141 ] ] ] } },
{ "type": "Feature", "properties": { "id": 533, "name": "Buitenveldert-West-Midden", "g_score_2022": 0.7898, "g_score_2010": 0.8415, "g_diff": -0.0518, "gi_star_z": -0.5678, "class_196": "not significant", "class_140": "not significant" }, "geometry": { "type": "Polygon", "coordinates": [ [ [ 4.855031, 52.33362 ], [ 4.856193, 52.33029 ], [ 4.856474, 52.330314 ], [ 4.856757, 52.330327 ], [ 4.858703, 52.330332 ], [ 4.859063, 52.330307 ], [ 4.859835, 52.330214 ], [ 4.860037, 52.3302 ], [ 4.860292, 52.330196 ], [ 4.860522, 52.330203 ], [ 4.860636, 52.330216 ], [ 4.86076, 52.33024 ], [ 4.860989, 52.3303 ], [ 4.861193, 52.330328 ], [ 4.861819, 52.330335 ], [ 4.861826, 52.329131 ], [ 4.868863, 52.329141 ], [ 4.868846, 52.332102 ], [ 4.861817, 52.332078 ], [ 4.861817, 52.332305 ], [ 4.857448, 52.332297 ], [ 4.857425, 52.333609 ], [ 4.855031, 52.33362 ] ] ] } },
{ "type": "Feature", "properties": { "id": 531, "name": "Vivaldi", "g_score_2022": 0.5621, "g_score_2010": 0.8293, "g_diff": -0.2671, "gi_star_z": 0.733, "class_196": "not significant", "class_140": "not significant" }, "geometry": { "type": "Polygon", "coordinates": [ [ [ 4.876645, 52.338368 ], [ 4.87666, 52.338086 ], [ 4.876715, 52.337804 ], [ 4.876808, 52.337527 ], [ 4.87694, 52.337256 ], [ 4.87702, 52.337123 ], [ 4.87711, 52.336993 ], [ 4.878652, 52.335088 ], [ 4.879271, 52.33516 ], [ 4.879514, 52.33518 ], [ 4.879839, 52.335189 ], [ 4.880164, 52.335178 ], [ 4.880406, 52.335158 ], [ 4.884228, 52.33472 ], [ 4.884501, 52.334701 ], [ 4.889987, 52.33469 ], [ 4.889995, 52.335861 ], [ 4.890029, 52.335992 ], [ 4.890063, 52.336068 ], [ 4.890135, 52.336176 ], [ 4.888299, 52.337079 ], [ 4.887889, 52.337258 ], [ 4.887577, 52.33738 ], [ 4.886628, 52.337689 ], [ 4.886073, 52.337839 ], [ 4.88581, 52.337899 ], [ 4.885176, 52.338026 ], [ 4.884628, 52.338116 ], [ 4.884227, 52.338173 ], [ 4.883961, 52.338202 ], [ 4.88312, 52.33827 ], [ 4.881925, 52.338325 ], [ 4.880617, 52.338368 ], [ 4.87928, 52.338375 ], [ 4.876645, 52.338368 ] ] ] } },
{ "type": "Feature", "properties": { "id": 530, "name": "Zuidas-Zuid", "g_score_2022": 0.8941, "g_score_2010": 0.8679, "g_diff": 0.0262, "gi_star_z": -0.5803, "class_196": "not significant", "class_140": "not significant" }, "geometry": { "type": "Polygon", "coordinates": [ [ [ 4.868686, 52.33811 ], [ 4.868831, 52.334993 ], [ 4.876905, 52.335006 ], [ 4.878113, 52.335035 ], [ 4.878652, 52.335088 ], [ 4.87711, 52.336993 ], [ 4.87702, 52.337123 ], [ 4.87694, 52.337256 ], [ 4.876808, 52.337527 ], [ 4.876715, 52.337804 ], [ 4.87666, 52.338086 ], [ 4.876645, 52.338368 ], [ 4.875216, 52.338367 ], [ 4.873434, 52.338339 ], [ 4.872006, 52.33828 ], [ 4.868686, 52.33811 ] ] ] } },
{ "type": "Feature", "properties": { "id": 511, "name": "Diepenbrockbuurt", "g_score_2022": 0.9022, "g_score_2010": 0.8899, "g_diff": 0.0123, "gi_star_z": -0.1135, "class_196": "not significant", "class_140": "not significant" }, "geometry": { "type": "Polygon", "coordinates": [ [ [ 4.876878, 52.346897 ], [ 4.876584, 52.34495 ], [ 4.876601, 52.344619 ], [ 4.878404, 52.344679 ], [ 4.878588, 52.344685 ], [ 4.880173, 52.345485 ], [ 4.881258, 52.346019 ], [ 4.881314, 52.345974 ], [ 4.881316, 52.345964 ], [ 4.881333, 52.345961 ], [ 4.881399, 52.345912 ], [ 4.881053, 52.345739 ], [ 4.881076, 52.345722 ], [ 4.88108, 52.345672 ], [ 4.881101, 52.345642 ], [ 4.881141, 52.345624 ], [ 4.881214, 52.345617 ], [ 4.881261, 52.345583 ], [ 4.881362, 52.345635 ], [ 4.88141, 52.345599 ], [ 4.881487, 52.345638 ], [ 4.881668, 52.345498 ], [ 4.881659, 52.345434 ], [ 4.881613, 52.345433 ], [ 4.881585, 52.345414 ], [ 4.881568, 52.345287 ], [ 4.881579, 52.345269 ], [ 4.881894, 52.345026 ], [ 4.881931, 52.345018 ], [ 4.882256, 52.345003 ], [ 4.882439, 52.345092 ], [ 4.882581, 52.344984 ], [ 4.882432, 52.344904 ], [ 4.882416, 52.344888 ], [ 4.882394, 52.344798 ], [ 4.882361, 52.344779 ], [ 4.882447, 52.344695 ], [ 4.882543, 52.344628 ], [ 4.882792, 52.3445 ], [ 4.882946, 52.344435 ], [ 4.883037, 52.344402 ], [ 4.883211, 52.344365 ], [ 4.883543, 52.344342 ], [ 4.883606, 52.344517 ], [ 4.883763, 52.344486 ], [ 4.884021, 52.344449 ], [ 4.884448, 52.344408 ], [ 4.884728, 52.344394 ], [ 4.885726, 52.344377 ], [ 4.885743, 52.344506 ], [ 4.886281, 52.348474 ], [ 4.884782, 52.349557 ], [ 4.87965, 52.347002 ], [ 4.876878, 52.346897 ] ] ] } },
{ "type": "Feature", "properties": { "id": 510, "name": "Beethovenbuurt", "g_score_2022": 0.8178, "g_score_2010": 0.8182, "g_diff": -0.0004, "gi_star_z": -0.2195, "class_196": "not significant", "class_140": "not significant" }, "geometry": { "type": "Polygon", "coordinates": [ [ [ 4.876878, 52.346897 ], [ 4.87965, 52.347002 ], [ 4.884782, 52.349557 ], [ 4.883684, 52.350366 ], [ 4.879053, 52.351194 ], [ 4.878733, 52.350532 ], [ 4.878663, 52.350402 ], [ 4.878541, 52.350265 ], [ 4.87738, 52.349207 ], [ 4.877319, 52.349146 ], [ 4.877248, 52.349051 ], [ 4.877206, 52.34897 ], [ 4.877178, 52.348886 ], [ 4.876878, 52.346897 ] ] ] } },
{ "type": "Feature", "properties": { "id": 509, "name": "Minervabuurt-Zuid", "g_score_2022": 0.8681, "g_score_2010": 0.85, "g_diff": 0.018, "gi_star_z": -0.0973, "class_196": "not significant", "class_140": "not significant" }, "geometry": { "type": "Polygon", "coordinates": [ [ [ 4.867089, 52.346451 ], [ 4.867976, 52.343981 ], [ 4.870996, 52.344394 ], [ 4.871176, 52.344411 ], [ 4.876601, 52.344619 ], [ 4.876584, 52.34495 ], [ 4.876878, 52.346897 ], [ 4.868169, 52.34656 ], [ 4.867792, 52.346546 ], [ 4.867089, 52.346451 ] ] ] } },
{ "type": "Feature", "properties": { "id": 508, "name": "Minervabuurt-Midden", "g_score_2022": 0.8753, "g_score_2010": 0.86, "g_diff": 0.0153, "gi_star_z": -0.136, "class_196": "not significant", "class_140": "not significant" }, "geometry": { "type": "Polygon", "coordinates": [ [ [ 4.867401, 52.348677 ], [ 4.868169, 52.34656 ], [ 4.876878, 52.346897 ], [ 4.877178, 52.348886 ], [ 4.877206, 52.34897 ], [ 4.877248, 52.349051 ], [ 4.867401, 52.348677 ] ] ] } },
{ "type": "Feature", "properties": { "id": 507, "name": "Minervabuurt-Noord", "g_score_2022": 0.8739, "g_score_2010": 0.8801, "g_diff": -0.0062, "gi_star_z": -0.0246, "class_196": "not significant", "class_140": "not significant" }, "geometry": { "type": "Polygon", "coordinates": [ [ [ 4.866777, 52.350394 ], [ 4.867401, 52.348677 ], [ 4.877248, 52.349051 ], [ 4.877319, 52.349146 ], [ 4.87738, 52.349207 ], [ 4.878541, 52.350265 ], [ 4.878663, 52.350402 ], [ 4.878733, 52.350532 ], [ 4.877364, 52.350776 ], [ 4.877178, 52.350788 ], [ 4.866777, 52.350394 ] ] ] } },
{ "type": "Feature", "properties": { "id": 505, "name": "IJsbaanpad e.o.", "g_score_2022": 0.8795, "g_score_2010": 0.8505, "g_diff": 0.029, "gi_star_z": 1.0644, "class_196": "not significant", "class_140": "not significant" }, "geometry": { "type": "Polygon", "coordinates": [ [ [ 4.848181, 52.342768 ], [ 4.847644, 52.342195 ], [ 4.847418, 52.341847 ], [ 4.847097, 52.341317 ], [ 4.846865, 52.340835 ], [ 4.846827, 52.340645 ], [ 4.846793, 52.340301 ], [ 4.846782, 52.339957 ], [ 4.846787, 52.339728 ], [ 4.846802, 52.339499 ], [ 4.846971, 52.338147 ], [ 4.848134, 52.338234 ], [ 4.848138, 52.338289 ], [ 4.848176, 52.338346 ], [ 4.848218, 52.338383 ], [ 4.848379, 52.338446 ], [ 4.848512, 52.338472 ], [ 4.850779, 52.338649 ], [ 4.853167, 52.338835 ], [ 4.853259, 52.338581 ], [ 4.853348, 52.338586 ], [ 4.853306, 52.33873 ], [ 4.854989, 52.338795 ], [ 4.857095, 52.338902 ], [ 4.857116, 52.338921 ], [ 4.857159, 52.339088 ], [ 4.857163, 52.339161 ], [ 4.857137, 52.33957 ], [ 4.857159, 52.339883 ], [ 4.857199, 52.340164 ], [ 4.857326, 52.340846 ], [ 4.857414, 52.34122 ], [ 4.857462, 52.341537 ], [ 4.857435, 52.341771 ], [ 4.857334, 52.342101 ], [ 4.85734, 52.342144 ], [ 4.8573, 52.342254 ], [ 4.852857, 52.34165 ], [ 4.852444, 52.342405 ], [ 4.852022, 52.3434 ], [ 4.851116, 52.343255 ], [ 4.8501, 52.343016 ], [ 4.849791, 52.342924 ], [ 4.848181, 52.342768 ] ] ] } },
{ "type": "Feature", "properties": { "id": 504, "name": "Van Tuyllbuurt", "g_score_2022": 0.784, "g_score_2010": 0.7524, "g_diff": 0.0316, "gi_star_z": 0.6053, "class_196": "not significant", "class_140": "not significant" }, "geometry": { "type": "Polygon", "coordinates": [ [ [ 4.858045, 52.345229 ], [ 4.858697, 52.343301 ], [ 4.857773, 52.343183 ], [ 4.858055, 52.34236 ], [ 4.859174, 52.342518 ], [ 4.859471, 52.342546 ], [ 4.859679, 52.342549 ], [ 4.862289, 52.342512 ], [ 4.862507, 52.342518 ], [ 4.862657, 52.342534 ], [ 4.86282, 52.34256 ], [ 4.863005, 52.342605 ], [ 4.864804, 52.343159 ], [ 4.866912, 52.343819 ], [ 4.867198, 52.343874 ], [ 4.867976, 52.343981 ], [ 4.867089, 52.346451 ], [ 4.865672, 52.34626 ], [ 4.858045, 52.345229 ] ] ] } },
{ "type": "Feature", "properties": { "id": 503, "name": "Marathonbuurt-Oost", "g_score_2022": 0.6663, "g_score_2010": 0.6098, "g_diff": 0.0565, "gi_star_z": 0.0521, "class_196": "not significant", "class_140": "not significant" }, "geometry": { "type": "Polygon", "coordinates": [ [ [ 4.860126, 52.348741 ], [ 4.865471, 52.346611 ], [ 4.865533, 52.346569 ], [ 4.865576, 52.346519 ], [ 4.865672, 52.34626 ], [ 4.867089, 52.346451 ], [ 4.867792, 52.346546 ], [ 4.868169, 52.34656 ], [ 4.867401, 52.348677 ], [ 4.866777, 52.350394 ], [ 4.866725, 52.350539 ], [ 4.866564, 52.350533 ], [ 4.86574, 52.350469 ], [ 4.865614, 52.350451 ], [ 4.865494, 52.350424 ], [ 4.865303, 52.350694 ], [ 4.861583, 52.349728 ], [ 4.86111, 52.349603 ], [ 4.860126, 52.348741 ] ] ] } },
{ "type": "Feature", "properties": { "id": 514, "name": "Scheldebuurt-Midden", "g_score_2022": 0.8112, "g_score_2010": 0.7821, "g_diff": 0.0291, "gi_star_z": 0.1557, "class_196": "not significant", "class_140": "not significant" }, "geometry": { "type": "Polygon", "coordinates": [ [ [ 4.895121, 52.346939 ], [ 4.894955, 52.345725 ], [ 4.894969, 52.345572 ], [ 4.895497, 52.344166 ], [ 4.895561, 52.34407 ], [ 4.897189, 52.342382 ], [ 4.899027, 52.343015 ], [ 4.899359, 52.343 ], [ 4.899572, 52.342934 ], [ 4.901038, 52.342868 ], [ 4.90126, 52.342902 ], [ 4.902065, 52.342866 ], [ 4.902104, 52.343191 ], [ 4.901036, 52.344297 ], [ 4.900615, 52.344746 ], [ 4.899822, 52.345534 ], [ 4.899974, 52.346408 ], [ 4.899992, 52.346699 ], [ 4.895121, 52.346939 ] ] ] } },
{ "type": "Feature", "properties": { "id": 513, "name": "Scheldebuurt-West", "g_score_2022": 0.7813, "g_score_2010": 0.76, "g_diff": 0.0213, "gi_star_z": 0.2861, "class_196": "not significant", "class_140": "not significant" }, "geometry": { "type": "Polygon", "coordinates": [ [ [ 4.890681, 52.344247 ], [ 4.890778, 52.344026 ], [ 4.890893, 52.343851 ], [ 4.890982, 52.343748 ], [ 4.89223, 52.34246 ], [ 4.892301, 52.342379 ], [ 4.892351, 52.342298 ], [ 4.892407, 52.342154 ], [ 4.892421, 52.341985 ], [ 4.892415, 52.341836 ], [ 4.892389, 52.341701 ], [ 4.892289, 52.340845 ], [ 4.894431, 52.340751 ], [ 4.896711, 52.34065 ], [ 4.897433, 52.340612 ], [ 4.897607, 52.341896 ], [ 4.897594, 52.341945 ], [ 4.897564, 52.34199 ], [ 4.897189, 52.342382 ], [ 4.895561, 52.34407 ], [ 4.895497, 52.344166 ], [ 4.894969, 52.345572 ], [ 4.894955, 52.345725 ], [ 4.895121, 52.346939 ], [ 4.895262, 52.348013 ], [ 4.891281, 52.348228 ], [ 4.891182, 52.347492 ], [ 4.890681, 52.344247 ] ] ] } },
{ "type": "Feature", "properties": { "id": 512, "name": "Wielingenbuurt", "g_score_2022": 0.8257, "g_score_2010": 0.7898, "g_diff": 0.0359, "gi_star_z": 0.0241, "class_196": "not significant", "class_140": "not significant" }, "geometry": { "type": "Polygon", "coordinates": [ [ [ 4.885743, 52.344506 ], [ 4.890681, 52.344247 ], [ 4.891182, 52.347492 ], [ 4.891281, 52.348228 ], [ 4.886281, 52.348474 ], [ 4.885743, 52.344506 ] ] ] } },
{ "type": "Feature", "properties": { "id": 472, "name": "Schinkelbuurt-Noord", "g_score_2022": 0.7656, "g_score_2010": 0.7169, "g_diff": 0.0486, "gi_star_z": 0.0869, "class_196": "not significant", "class_140": "not significant" }, "geometry": { "type": "Polygon", "coordinates": [ [ [ 4.852371, 52.350952 ], [ 4.853485, 52.350806 ], [ 4.853701, 52.350803 ], [ 4.854169, 52.350842 ], [ 4.854369, 52.350882 ], [ 4.856607, 52.351522 ], [ 4.856323, 52.35219 ], [ 4.85613, 52.352786 ], [ 4.855652, 52.354129 ], [ 4.855495, 52.354667 ], [ 4.855842, 52.354623 ], [ 4.855751, 52.354667 ], [ 4.855713, 52.354725 ], [ 4.855727, 52.35479 ], [ 4.855747, 52.354814 ], [ 4.855806, 52.354852 ], [ 4.855702, 52.355019 ], [ 4.855667, 52.355026 ], [ 4.855027, 52.356322 ], [ 4.855085, 52.35641 ], [ 4.854123, 52.356523 ], [ 4.853773, 52.355346 ], [ 4.853693, 52.355251 ], [ 4.853553, 52.354776 ], [ 4.852371, 52.350952 ] ] ] } },
{ "type": "Feature", "properties": { "id": 47, "name": "Nieuwe Kerk e.o.", "g_score_2022": 0.7246, "g_score_2010": 0.6762, "g_diff": 0.0484, "gi_star_z": 0.8053, "class_196": "not significant", "class_140": "not significant" }, "geometry": { "type": "Polygon", "coordinates": [ [ [ 4.890589, 52.373174 ], [ 4.890573, 52.372947 ], [ 4.890605, 52.372643 ], [ 4.89137, 52.372719 ], [ 4.891752, 52.372725 ], [ 4.892126, 52.372742 ], [ 4.892975, 52.372708 ], [ 4.893011, 52.372707 ], [ 4.893299, 52.3732 ], [ 4.893565, 52.373489 ], [ 4.894364, 52.374067 ], [ 4.896473, 52.375764 ], [ 4.896266, 52.375819 ], [ 4.895702, 52.376036 ], [ 4.895622, 52.376115 ], [ 4.895472, 52.376156 ], [ 4.895342, 52.376181 ], [ 4.8951, 52.376206 ], [ 4.893582, 52.376221 ], [ 4.89245, 52.375459 ], [ 4.892069, 52.375192 ], [ 4.891934, 52.375074 ], [ 4.891756, 52.374874 ], [ 4.891352, 52.374452 ], [ 4.890938, 52.373991 ], [ 4.89088, 52.373892 ], [ 4.89065, 52.373392 ], [ 4.890589, 52.373174 ] ] ] } },
{ "type": "Feature", "properties": { "id": 468, "name": "Legmeerpleinbuurt", "g_score_2022": 0.7778, "g_score_2010": 0.7497, "g_diff": 0.0282, "gi_star_z": 0.0888, "class_196": "not significant", "class_140": "not significant" }, "geometry": { "type": "Polygon", "coordinates": [ [ [ 4.850342, 52.354872 ], [ 4.850398, 52.351613 ], [ 4.850409, 52.35103 ], [ 4.851627, 52.351036 ], [ 4.851759, 52.351027 ], [ 4.852371, 52.350952 ], [ 4.853553, 52.354776 ], [ 4.85338, 52.354794 ], [ 4.852438, 52.354809 ], [ 4.852116, 52.354847 ], [ 4.851851, 52.354851 ], [ 4.851626, 52.354884 ], [ 4.850342, 52.354872 ] ] ] } },
{ "type": "Feature", "properties": { "id": 467, "name": "Surinamepleinbuurt", "g_score_2022": 0.7525, "g_score_2010": 0.7401, "g_diff": 0.0124, "gi_star_z": 0.3366, "class_196": "not significant", "class_140": "not significant" }, "geometry": { "type": "Polygon", "coordinates": [ [ [ 4.850287, 52.357917 ], [ 4.850342, 52.354872 ], [ 4.851626, 52.354884 ], [ 4.851851, 52.354851 ], [ 4.852116, 52.354847 ], [ 4.852438, 52.354809 ], [ 4.85338, 52.354794 ], [ 4.853553, 52.354776 ], [ 4.853693, 52.355251 ], [ 4.853773, 52.355346 ], [ 4.854123, 52.356523 ], [ 4.85433, 52.357183 ], [ 4.854781, 52.357756 ], [ 4.853897, 52.358024 ], [ 4.853623, 52.358093 ], [ 4.85355, 52.358097 ], [ 4.853405, 52.358074 ], [ 4.853007, 52.357989 ], [ 4.852843, 52.35794 ], [ 4.85265, 52.357915 ], [ 4.852456, 52.357908 ], [ 4.852176, 52.357924 ], [ 4.850575, 52.357912 ], [ 4.850287, 52.357917 ] ] ] } },
{ "type": "Feature", "properties": { "id": 477, "name": "Valeriusbuurt-Oost", "g_score_2022": 0.8779, "g_score_2010": 0.8603, "g_diff": 0.0176, "gi_star_z": -0.1136, "class_196": "not significant", "class_140": "not significant" }, "geometry": { "type": "Polygon", "coordinates": [ [ [ 4.863492, 52.353257 ], [ 4.864574, 52.351727 ], [ 4.865342, 52.351928 ], [ 4.866079, 52.350898 ], [ 4.87039, 52.352044 ], [ 4.870566, 52.352072 ], [ 4.870409, 52.35254 ], [ 4.870076, 52.353005 ], [ 4.869945, 52.353088 ], [ 4.869795, 52.353183 ], [ 4.869043, 52.354164 ], [ 4.868916, 52.354367 ], [ 4.868163, 52.355321 ], [ 4.867979, 52.355269 ], [ 4.867906, 52.354981 ], [ 4.867914, 52.354835 ], [ 4.867869, 52.354691 ], [ 4.867813, 52.354604 ], [ 4.867738, 52.354528 ], [ 4.867645, 52.35446 ], [ 4.867535, 52.354402 ], [ 4.867387, 52.354348 ], [ 4.866873, 52.35421 ], [ 4.86634, 52.354102 ], [ 4.865757, 52.353939 ], [ 4.865044, 52.353717 ], [ 4.864069, 52.353534 ], [ 4.863978, 52.353492 ], [ 4.863901, 52.353429 ], [ 4.863714, 52.353316 ], [ 4.863492, 52.353257 ] ] ] } },
{ "type": "Feature", "properties": { "id": 476, "name": "Valeriusbuurt-West", "g_score_2022": 0.8477, "g_score_2010": 0.81, "g_diff": 0.0377, "gi_star_z": 0.1088, "class_196": "not significant", "class_140": "not significant" }, "geometry": { "type": "Polygon", "coordinates": [ [ [ 4.856607, 52.351522 ], [ 4.856757, 52.351263 ], [ 4.857413, 52.349831 ], [ 4.860918, 52.350766 ], [ 4.861583, 52.349728 ], [ 4.865303, 52.350694 ], [ 4.866079, 52.350898 ], [ 4.865342, 52.351928 ], [ 4.864574, 52.351727 ], [ 4.863492, 52.353257 ], [ 4.863279, 52.3532 ], [ 4.862841, 52.353205 ], [ 4.8627, 52.353165 ], [ 4.862204, 52.352979 ], [ 4.861586, 52.352808 ], [ 4.860696, 52.352599 ], [ 4.859636, 52.352281 ], [ 4.858341, 52.351978 ], [ 4.856889, 52.351603 ], [ 4.856607, 52.351522 ] ] ] } },
{ "type": "Feature", "properties": { "id": 475, "name": "Willemsparkbuurt-Noord", "g_score_2022": 0.8257, "g_score_2010": 0.8221, "g_diff": 0.0035, "gi_star_z": 0.1877, "class_196": "not significant", "class_140": "not significant" }, "geometry": { "type": "Polygon", "coordinates": [ [ [ 4.855842, 52.354623 ], [ 4.855495, 52.354667 ], [ 4.855652, 52.354129 ], [ 4.85613, 52.352786 ], [ 4.856323, 52.35219 ], [ 4.856607, 52.351522 ], [ 4.856889, 52.351603 ], [ 4.858341, 52.351978 ], [ 4.859636, 52.352281 ], [ 4.860696, 52.352599 ], [ 4.861586, 52.352808 ], [ 4.862204, 52.352979 ], [ 4.8627, 52.353165 ], [ 4.862841, 52.353205 ], [ 4.863279, 52.3532 ], [ 4.863492, 52.353257 ], [ 4.863714, 52.353316 ], [ 4.863901, 52.353429 ], [ 4.863978, 52.353492 ], [ 4.864069, 52.353534 ], [ 4.865044, 52.353717 ], [ 4.865757, 52.353939 ], [ 4.86634, 52.354102 ], [ 4.866873, 52.35421 ], [ 4.867387, 52.354348 ], [ 4.867535, 52.354402 ], [ 4.867645, 52.35446 ], [ 4.867738, 52.354528 ], [ 4.867813, 52.354604 ], [ 4.867869, 52.354691 ], [ 4.867914, 52.354835 ], [ 4.867906, 52.354981 ], [ 4.867979, 52.355269 ], [ 4.86764, 52.355852 ], [ 4.867588, 52.355917 ], [ 4.8675, 52.35598 ], [ 4.867402, 52.356021 ], [ 4.8673, 52.356029 ], [ 4.867199, 52.356017 ], [ 4.867257, 52.355939 ], [ 4.866563, 52.355636 ], [ 4.866753, 52.355564 ], [ 4.866878, 52.355489 ], [ 4.867003, 52.355381 ], [ 4.867053, 52.355313 ], [ 4.867084, 52.355242 ], [ 4.86709, 52.355162 ], [ 4.867073, 52.355051 ], [ 4.867041, 52.354958 ], [ 4.866952, 52.354857 ], [ 4.86686, 52.354794 ], [ 4.866814, 52.354785 ], [ 4.866761, 52.354789 ], [ 4.866699, 52.354822 ], [ 4.866677, 52.354855 ], [ 4.866638, 52.354971 ], [ 4.866602, 52.355023 ], [ 4.866557, 52.355054 ], [ 4.866465, 52.355092 ], [ 4.866396, 52.355109 ], [ 4.866286, 52.355118 ], [ 4.865901, 52.355084 ], [ 4.865775, 52.35508 ], [ 4.865573, 52.355086 ], [ 4.86525, 52.35514 ], [ 4.865056, 52.355203 ], [ 4.864844, 52.355292 ], [ 4.864553, 52.355444 ], [ 4.864284, 52.355553 ], [ 4.864047, 52.355621 ], [ 4.863579, 52.355714 ], [ 4.862914, 52.355743 ], [ 4.862727, 52.355741 ], [ 4.862437, 52.355721 ], [ 4.86192, 52.355652 ], [ 4.861899, 52.355646 ], [ 4.861903, 52.35564 ], [ 4.861734, 52.355605 ], [ 4.861602, 52.355564 ], [ 4.861333, 52.355465 ], [ 4.861115, 52.355359 ], [ 4.860995, 52.355283 ], [ 4.860598, 52.354961 ], [ 4.860451, 52.354851 ], [ 4.860196, 52.354684 ], [ 4.860058, 52.354611 ], [ 4.859936, 52.354558 ], [ 4.859729, 52.354473 ], [ 4.859316, 52.35432 ], [ 4.85919, 52.354265 ], [ 4.858988, 52.354149 ], [ 4.858802, 52.354001 ], [ 4.858715, 52.353868 ], [ 4.858652, 52.353748 ], [ 4.858629, 52.353646 ], [ 4.858639, 52.35357 ], [ 4.858749, 52.35332 ], [ 4.858809, 52.353243 ], [ 4.858887, 52.353164 ], [ 4.859085, 52.353014 ], [ 4.859181, 52.352903 ], [ 4.859184, 52.352819 ], [ 4.859142, 52.352774 ], [ 4.859152, 52.352759 ], [ 4.859111, 52.35275 ], [ 4.859119, 52.352735 ], [ 4.859083, 52.352727 ], [ 4.859087, 52.352721 ], [ 4.859003, 52.352703 ], [ 4.859017, 52.352679 ], [ 4.858899, 52.352657 ], [ 4.858719, 52.352641 ], [ 4.85847, 52.35265 ], [ 4.858191, 52.352725 ], [ 4.858127, 52.352756 ], [ 4.858095, 52.352779 ], [ 4.858133, 52.352807 ], [ 4.858152, 52.352839 ], [ 4.858148, 52.352897 ], [ 4.85796, 52.353155 ], [ 4.857916, 52.353285 ], [ 4.857909, 52.353404 ], [ 4.857933, 52.353471 ], [ 4.85796, 52.3535 ], [ 4.85816, 52.353683 ], [ 4.858359, 52.353782 ], [ 4.858519, 52.353881 ], [ 4.858563, 52.353921 ], [ 4.858661, 52.354065 ], [ 4.858682, 52.354144 ], [ 4.858674, 52.354224 ], [ 4.858628, 52.354321 ], [ 4.858556, 52.354381 ], [ 4.8583, 52.354496 ], [ 4.857947, 52.354568 ], [ 4.857723, 52.354633 ], [ 4.857572, 52.354698 ], [ 4.857509, 52.354749 ], [ 4.857505, 52.354802 ], [ 4.85754, 52.354834 ], [ 4.857628, 52.354858 ], [ 4.857622, 52.354909 ], [ 4.857502, 52.354899 ], [ 4.857342, 52.354874 ], [ 4.857134, 52.354819 ], [ 4.856569, 52.35464 ], [ 4.856476, 52.354623 ], [ 4.856268, 52.354603 ], [ 4.856144, 52.3546 ], [ 4.856058, 52.354601 ], [ 4.855842, 52.354623 ] ] ] } },
{ "type": "Feature", "properties": { "id": 473, "name": "Schinkelbuurt-Zuid", "g_score_2022": 0.6431, "g_score_2010": 0.6096, "g_diff": 0.0336, "gi_star_z": 0.1491, "class_196": "not significant", "class_140": "not significant" }, "geometry": { "type": "Polygon", "coordinates": [ [ [ 4.848181, 52.342768 ], [ 4.849791, 52.342924 ], [ 4.8501, 52.343016 ], [ 4.851116, 52.343255 ], [ 4.852022, 52.3434 ], [ 4.851916, 52.343632 ], [ 4.851637, 52.34404 ], [ 4.851521, 52.344375 ], [ 4.851442, 52.344705 ], [ 4.85147, 52.345266 ], [ 4.851487, 52.345349 ], [ 4.851546, 52.345515 ], [ 4.85159, 52.3456 ], [ 4.851719, 52.345785 ], [ 4.851838, 52.345924 ], [ 4.852008, 52.346094 ], [ 4.852218, 52.346265 ], [ 4.852424, 52.346418 ], [ 4.852633, 52.346554 ], [ 4.852811, 52.346645 ], [ 4.852929, 52.346696 ], [ 4.853179, 52.346782 ], [ 4.853504, 52.346858 ], [ 4.857573, 52.347419 ], [ 4.857533, 52.347948 ], [ 4.857459, 52.349744 ], [ 4.857413, 52.349831 ], [ 4.856757, 52.351263 ], [ 4.856607, 52.351522 ], [ 4.854369, 52.350882 ], [ 4.854169, 52.350842 ], [ 4.853701, 52.350803 ], [ 4.853485, 52.350806 ], [ 4.852371, 52.350952 ], [ 4.851561, 52.348448 ], [ 4.851379, 52.348049 ], [ 4.851278, 52.347828 ], [ 4.851166, 52.347644 ], [ 4.850574, 52.346769 ], [ 4.849062, 52.343801 ], [ 4.848815, 52.343439 ], [ 4.848181, 52.342768 ] ] ] } },
{ "type": "Feature", "properties": { "id": 459, "name": "Nieuw-Sloten-Zuidwest", "g_score_2022": 0.9339, "g_score_2010": 0.93, "g_diff": 0.0039, "gi_star_z": -0.3473, "class_196": "not significant", "class_140": "not significant" }, "geometry": { "type": "Polygon", "coordinates": [ [ [ 4.799937, 52.344956 ], [ 4.799312, 52.343576 ], [ 4.801651, 52.343135 ], [ 4.801369, 52.341965 ], [ 4.801998, 52.342088 ], [ 4.802245, 52.342112 ], [ 4.803445, 52.342125 ], [ 4.803961, 52.342117 ], [ 4.804539, 52.342136 ], [ 4.809191, 52.342214 ], [ 4.809949, 52.342239 ], [ 4.810047, 52.342257 ], [ 4.8102, 52.342308 ], [ 4.810276, 52.342322 ], [ 4.810453, 52.342338 ], [ 4.811516, 52.342338 ], [ 4.811427, 52.344997 ], [ 4.806729, 52.344967 ], [ 4.806617, 52.344999 ], [ 4.80655, 52.345046 ], [ 4.806335, 52.345402 ], [ 4.802849, 52.344699 ], [ 4.802395, 52.344654 ], [ 4.802126, 52.344641 ], [ 4.801816, 52.34464 ], [ 4.801591, 52.344649 ], [ 4.801237, 52.344681 ], [ 4.801067, 52.344704 ], [ 4.800857, 52.344745 ], [ 4.800614, 52.344812 ], [ 4.80048, 52.344861 ], [ 4.799937, 52.344956 ] ] ] } },
{ "type": "Feature", "properties": { "id": 458, "name": "Nieuw-Sloten-Noordoost", "g_score_2022": 0.8437, "g_score_2010": 0.8601, "g_diff": -0.0163, "gi_star_z": -0.8144, "class_196": "not significant", "class_140": "not significant" }, "geometry": { "type": "Polygon", "coordinates": [ [ [ 4.808161, 52.350896 ], [ 4.810231, 52.347055 ], [ 4.810434, 52.346792 ], [ 4.810698, 52.346269 ], [ 4.811181, 52.346323 ], [ 4.811677, 52.346349 ], [ 4.813994, 52.346379 ], [ 4.815773, 52.346391 ], [ 4.816068, 52.346399 ], [ 4.816435, 52.346409 ], [ 4.82081, 52.346452 ], [ 4.822101, 52.346529 ], [ 4.82208, 52.346655 ], [ 4.822097, 52.346701 ], [ 4.822227, 52.346779 ], [ 4.82136, 52.34844 ], [ 4.821296, 52.348644 ], [ 4.821265, 52.348972 ], [ 4.821179, 52.351739 ], [ 4.820438, 52.351746 ], [ 4.814195, 52.35166 ], [ 4.812956, 52.351668 ], [ 4.812666, 52.351659 ], [ 4.812232, 52.351633 ], [ 4.811713, 52.35158 ], [ 4.811102, 52.351487 ], [ 4.808161, 52.350896 ] ] ] } },
{ "type": "Feature", "properties": { "id": 457, "name": "Nieuw-Sloten-Noordwest", "g_score_2022": 0.8527, "g_score_2010": 0.8515, "g_diff": 0.0012, "gi_star_z": -0.6947, "class_196": "not significant", "class_140": "not significant" }, "geometry": { "type": "Polygon", "coordinates": [ [ [ 4.797751, 52.348352 ], [ 4.800112, 52.346909 ], [ 4.800305, 52.346836 ], [ 4.800481, 52.346801 ], [ 4.800579, 52.346792 ], [ 4.800835, 52.346814 ], [ 4.80047, 52.34601 ], [ 4.8003, 52.345724 ], [ 4.799937, 52.344956 ], [ 4.80048, 52.344861 ], [ 4.800614, 52.344812 ], [ 4.800857, 52.344745 ], [ 4.801067, 52.344704 ], [ 4.801237, 52.344681 ], [ 4.801591, 52.344649 ], [ 4.801816, 52.34464 ], [ 4.802126, 52.344641 ], [ 4.802395, 52.344654 ], [ 4.802849, 52.344699 ], [ 4.806335, 52.345402 ], [ 4.809781, 52.346101 ], [ 4.810698, 52.346269 ], [ 4.810434, 52.346792 ], [ 4.810231, 52.347055 ], [ 4.808161, 52.350896 ], [ 4.803607, 52.349977 ], [ 4.801146, 52.34948 ], [ 4.80055, 52.349366 ], [ 4.7999, 52.349207 ], [ 4.799435, 52.349074 ], [ 4.798895, 52.348884 ], [ 4.7985, 52.348724 ], [ 4.798017, 52.348498 ], [ 4.797751, 52.348352 ] ] ] } },
{ "type": "Feature", "properties": { "id": 455, "name": "Riekerhaven", "g_score_2022": 0.2138, "g_score_2010": null, "g_diff": null, "gi_star_z": null, "class_196": null, "class_140": null }, "geometry": { "type": "Polygon", "coordinates": [ [ [ 4.834409, 52.345779 ], [ 4.834413, 52.345635 ], [ 4.834439, 52.344531 ], [ 4.834454, 52.344381 ], [ 4.834522, 52.344083 ], [ 4.834608, 52.343855 ], [ 4.834671, 52.343373 ], [ 4.834925, 52.341818 ], [ 4.835015, 52.341507 ], [ 4.835196, 52.34104 ], [ 4.835487, 52.340592 ], [ 4.835674, 52.340359 ], [ 4.836, 52.340006 ], [ 4.836437, 52.33959 ], [ 4.836596, 52.339454 ], [ 4.836935, 52.339191 ], [ 4.837114, 52.339065 ], [ 4.837491, 52.338823 ], [ 4.837893, 52.338595 ], [ 4.838102, 52.338487 ], [ 4.838536, 52.338284 ], [ 4.838761, 52.338189 ], [ 4.839225, 52.338011 ], [ 4.839463, 52.337929 ], [ 4.839706, 52.337852 ], [ 4.840202, 52.337711 ], [ 4.840981, 52.33763 ], [ 4.84165, 52.337579 ], [ 4.842381, 52.337544 ], [ 4.843113, 52.337531 ], [ 4.843771, 52.337537 ], [ 4.844327, 52.337554 ], [ 4.847032, 52.337693 ], [ 4.846971, 52.338147 ], [ 4.846856, 52.338139 ], [ 4.846853, 52.338147 ], [ 4.846664, 52.338134 ], [ 4.846666, 52.338124 ], [ 4.84652, 52.338113 ], [ 4.846516, 52.33812 ], [ 4.846472, 52.338117 ], [ 4.846472, 52.33811 ], [ 4.846009, 52.338081 ], [ 4.84601, 52.33807 ], [ 4.846, 52.33807 ], [ 4.845991, 52.338082 ], [ 4.845981, 52.338076 ], [ 4.845706, 52.338066 ], [ 4.845329, 52.33807 ], [ 4.844984, 52.338092 ], [ 4.844642, 52.33813 ], [ 4.844382, 52.338175 ], [ 4.84407, 52.33825 ], [ 4.84374, 52.338351 ], [ 4.843448, 52.338465 ], [ 4.843208, 52.338578 ], [ 4.842998, 52.338705 ], [ 4.84277, 52.338866 ], [ 4.842553, 52.339056 ], [ 4.842375, 52.339251 ], [ 4.842241, 52.339441 ], [ 4.842137, 52.339623 ], [ 4.84206, 52.339812 ], [ 4.842007, 52.339984 ], [ 4.841932, 52.34035 ], [ 4.841807, 52.341067 ], [ 4.841733, 52.341568 ], [ 4.841531, 52.343183 ], [ 4.84152, 52.343206 ], [ 4.84152, 52.343275 ], [ 4.841506, 52.343275 ], [ 4.841495, 52.343437 ], [ 4.841517, 52.343437 ], [ 4.841515, 52.343504 ], [ 4.841505, 52.343504 ], [ 4.841506, 52.343758 ], [ 4.841527, 52.344099 ], [ 4.841653, 52.345156 ], [ 4.841662, 52.34537 ], [ 4.841636, 52.345412 ], [ 4.841638, 52.345436 ], [ 4.841667, 52.34549 ], [ 4.841731, 52.345531 ], [ 4.841792, 52.345547 ], [ 4.841947, 52.345563 ], [ 4.841944, 52.345983 ], [ 4.840988, 52.346027 ], [ 4.840548, 52.346024 ], [ 4.840531, 52.346036 ], [ 4.840257, 52.346038 ], [ 4.840201, 52.346066 ], [ 4.840096, 52.346034 ], [ 4.839883, 52.346007 ], [ 4.839803, 52.345978 ], [ 4.839413, 52.345937 ], [ 4.839378, 52.345988 ], [ 4.839318, 52.346022 ], [ 4.839236, 52.346045 ], [ 4.83918, 52.346042 ], [ 4.839181, 52.346037 ], [ 4.839168, 52.346042 ], [ 4.83883, 52.346028 ], [ 4.838707, 52.345989 ], [ 4.838675, 52.345964 ], [ 4.83864, 52.34598 ], [ 4.838609, 52.345978 ], [ 4.838574, 52.34596 ], [ 4.838546, 52.345972 ], [ 4.838495, 52.345972 ], [ 4.838472, 52.345956 ], [ 4.838439, 52.345967 ], [ 4.838401, 52.345965 ], [ 4.838375, 52.34595 ], [ 4.83835, 52.34596 ], [ 4.838292, 52.34595 ], [ 4.838108, 52.345953 ], [ 4.838033, 52.345976 ], [ 4.837973, 52.34602 ], [ 4.83718, 52.346005 ], [ 4.837163, 52.346 ], [ 4.837106, 52.345887 ], [ 4.836956, 52.345841 ], [ 4.836906, 52.345893 ], [ 4.836785, 52.345874 ], [ 4.836471, 52.345859 ], [ 4.834764, 52.345783 ], [ 4.834409, 52.345779 ] ] ] } },
{ "type": "Feature", "properties": { "id": 454, "name": "Delflandpleinbuurt-Oost", "g_score_2022": 0.654, "g_score_2010": 0.6398, "g_diff": 0.0142, "gi_star_z": -0.2467, "class_196": "not significant", "class_140": "not significant" }, "geometry": { "type": "Polygon", "coordinates": [ [ [ 4.840988, 52.346027 ], [ 4.841944, 52.345983 ], [ 4.842345, 52.345955 ], [ 4.842347, 52.345965 ], [ 4.842839, 52.345934 ], [ 4.843466, 52.345909 ], [ 4.844016, 52.345898 ], [ 4.844334, 52.345913 ], [ 4.84469, 52.345964 ], [ 4.845028, 52.346049 ], [ 4.845203, 52.346107 ], [ 4.845372, 52.346175 ], [ 4.845654, 52.346321 ], [ 4.845885, 52.34648 ], [ 4.846083, 52.346661 ], [ 4.845821, 52.346766 ], [ 4.84573, 52.346778 ], [ 4.845648, 52.346778 ], [ 4.845646, 52.346881 ], [ 4.845556, 52.351583 ], [ 4.845547, 52.3521 ], [ 4.844793, 52.352095 ], [ 4.842633, 52.352078 ], [ 4.842569, 52.351546 ], [ 4.842479, 52.351145 ], [ 4.842356, 52.350737 ], [ 4.842256, 52.350448 ], [ 4.842007, 52.349871 ], [ 4.84175, 52.349343 ], [ 4.841425, 52.348628 ], [ 4.841342, 52.348416 ], [ 4.841189, 52.347944 ], [ 4.841081, 52.347415 ], [ 4.841022, 52.34701 ], [ 4.840995, 52.346588 ], [ 4.840988, 52.346027 ] ] ] } },
{ "type": "Feature", "properties": { "id": 453, "name": "Delflandpleinbuurt-West", "g_score_2022": 0.6632, "g_score_2010": 0.66, "g_diff": 0.0032, "gi_star_z": -0.2615, "class_196": "not significant", "class_140": "not significant" }, "geometry": { "type": "Polygon", "coordinates": [ [ [ 4.834204, 52.351897 ], [ 4.834209, 52.351034 ], [ 4.834193, 52.350481 ], [ 4.834261, 52.348435 ], [ 4.834409, 52.345779 ], [ 4.834764, 52.345783 ], [ 4.836471, 52.345859 ], [ 4.836785, 52.345874 ], [ 4.836906, 52.345893 ], [ 4.836956, 52.345841 ], [ 4.837106, 52.345887 ], [ 4.837163, 52.346 ], [ 4.83718, 52.346005 ], [ 4.837973, 52.34602 ], [ 4.838033, 52.345976 ], [ 4.838108, 52.345953 ], [ 4.838292, 52.34595 ], [ 4.83835, 52.34596 ], [ 4.838375, 52.34595 ], [ 4.838401, 52.345965 ], [ 4.838439, 52.345967 ], [ 4.838472, 52.345956 ], [ 4.838495, 52.345972 ], [ 4.838546, 52.345972 ], [ 4.838574, 52.34596 ], [ 4.838609, 52.345978 ], [ 4.83864, 52.34598 ], [ 4.838675, 52.345964 ], [ 4.838707, 52.345989 ], [ 4.83883, 52.346028 ], [ 4.839168, 52.346042 ], [ 4.839181, 52.346037 ], [ 4.83918, 52.346042 ], [ 4.839236, 52.346045 ], [ 4.839318, 52.346022 ], [ 4.839378, 52.345988 ], [ 4.839413, 52.345937 ], [ 4.839803, 52.345978 ], [ 4.839883, 52.346007 ], [ 4.840096, 52.346034 ], [ 4.840201, 52.346066 ], [ 4.840257, 52.346038 ], [ 4.840531, 52.346036 ], [ 4.840548, 52.346024 ], [ 4.840988, 52.346027 ], [ 4.840995, 52.346588 ], [ 4.841022, 52.34701 ], [ 4.841081, 52.347415 ], [ 4.841189, 52.347944 ], [ 4.841342, 52.348416 ], [ 4.841425, 52.348628 ], [ 4.84175, 52.349343 ], [ 4.842007, 52.349871 ], [ 4.842256, 52.350448 ], [ 4.842356, 52.350737 ], [ 4.842479, 52.351145 ], [ 4.842569, 52.351546 ], [ 4.842633, 52.352078 ], [ 4.840544, 52.352062 ], [ 4.84042, 52.352001 ], [ 4.836515, 52.351975 ], [ 4.8358, 52.351907 ], [ 4.834204, 52.351897 ] ] ] } },
{ "type": "Feature", "properties": { "id": 461, "name": "Nieuw-Sloten-Zuidoost", "g_score_2022": 0.8514, "g_score_2010": 0.81, "g_diff": 0.0414, "gi_star_z": -0.9501, "class_196": "not significant", "class_140": "not significant" }, "geometry": { "type": "Polygon", "coordinates": [ [ [ 4.811427, 52.344997 ], [ 4.811516, 52.342338 ], [ 4.813914, 52.342366 ], [ 4.813999, 52.342381 ], [ 4.814064, 52.342402 ], [ 4.814252, 52.342494 ], [ 4.814273, 52.342538 ], [ 4.814305, 52.342567 ], [ 4.814344, 52.342584 ], [ 4.8144, 52.342593 ], [ 4.816419, 52.342617 ], [ 4.816563, 52.342603 ], [ 4.816852, 52.342537 ], [ 4.817003, 52.342518 ], [ 4.818019, 52.342529 ], [ 4.818143, 52.342548 ], [ 4.818302, 52.34259 ], [ 4.818855, 52.342861 ], [ 4.818941, 52.34289 ], [ 4.819014, 52.342899 ], [ 4.819763, 52.342909 ], [ 4.819832, 52.342917 ], [ 4.819926, 52.342941 ], [ 4.820038, 52.342989 ], [ 4.82013, 52.343058 ], [ 4.820302, 52.3433 ], [ 4.820827, 52.343299 ], [ 4.820894, 52.343377 ], [ 4.821004, 52.343459 ], [ 4.822478, 52.344274 ], [ 4.822626, 52.344374 ], [ 4.822743, 52.344479 ], [ 4.822837, 52.344593 ], [ 4.822904, 52.344714 ], [ 4.822944, 52.34484 ], [ 4.822956, 52.344906 ], [ 4.822946, 52.34511 ], [ 4.822934, 52.34515 ], [ 4.82283, 52.345304 ], [ 4.822703, 52.345447 ], [ 4.822219, 52.345833 ], [ 4.822124, 52.345944 ], [ 4.822106, 52.34602 ], [ 4.822127, 52.346185 ], [ 4.822101, 52.346529 ], [ 4.82081, 52.346452 ], [ 4.816435, 52.346409 ], [ 4.816068, 52.346399 ], [ 4.816103, 52.345241 ], [ 4.816085, 52.345195 ], [ 4.816037, 52.34514 ], [ 4.815985, 52.345104 ], [ 4.815916, 52.345075 ], [ 4.815829, 52.345055 ], [ 4.815716, 52.345048 ], [ 4.811427, 52.344997 ] ] ] } },
{ "type": "Feature", "properties": { "id": 460, "name": "Belgiëplein e.o.", "g_score_2022": 0.702, "g_score_2010": 0.7402, "g_diff": -0.0382, "gi_star_z": -0.2618, "class_196": "not significant", "class_140": "not significant" }, "geometry": { "type": "Polygon", "coordinates": [ [ [ 4.806335, 52.345402 ], [ 4.80655, 52.345046 ], [ 4.806617, 52.344999 ], [ 4.806729, 52.344967 ], [ 4.811427, 52.344997 ], [ 4.815716, 52.345048 ], [ 4.815829, 52.345055 ], [ 4.815916, 52.345075 ], [ 4.815985, 52.345104 ], [ 4.816037, 52.34514 ], [ 4.816085, 52.345195 ], [ 4.816103, 52.345241 ], [ 4.816068, 52.346399 ], [ 4.815773, 52.346391 ], [ 4.813994, 52.346379 ], [ 4.811677, 52.346349 ], [ 4.811181, 52.346323 ], [ 4.810698, 52.346269 ], [ 4.809781, 52.346101 ], [ 4.806335, 52.345402 ] ] ] } },
{ "type": "Feature", "properties": { "id": 419, "name": "Noordoever Sloterplas", "g_score_2022": 0.7289, "g_score_2010": 0.7001, "g_diff": 0.0288, "gi_star_z": -0.5545, "class_196": "not significant", "class_140": "not significant" }, "geometry": { "type": "Polygon", "coordinates": [ [ [ 4.817368, 52.371969 ], [ 4.817048, 52.371542 ], [ 4.816752, 52.371209 ], [ 4.816523, 52.370959 ], [ 4.816297, 52.370774 ], [ 4.816868, 52.370513 ], [ 4.818025, 52.37142 ], [ 4.818082, 52.371447 ], [ 4.818172, 52.371472 ], [ 4.818277, 52.371487 ], [ 4.818403, 52.371487 ], [ 4.818594, 52.371468 ], [ 4.818851, 52.371419 ], [ 4.819614, 52.371207 ], [ 4.819755, 52.371147 ], [ 4.819924, 52.371029 ], [ 4.820877, 52.370358 ], [ 4.821117, 52.370359 ], [ 4.82141, 52.3704 ], [ 4.821674, 52.370472 ], [ 4.821871, 52.370591 ], [ 4.822285, 52.371194 ], [ 4.822376, 52.371248 ], [ 4.822546, 52.371274 ], [ 4.822722, 52.371275 ], [ 4.823817, 52.371145 ], [ 4.824345, 52.370817 ], [ 4.825654, 52.37088 ], [ 4.827161, 52.372128 ], [ 4.82933, 52.37056 ], [ 4.829263, 52.370477 ], [ 4.829247, 52.370422 ], [ 4.829265, 52.370359 ], [ 4.829319, 52.370305 ], [ 4.829949, 52.369968 ], [ 4.829905, 52.369915 ], [ 4.830793, 52.369698 ], [ 4.830902, 52.369798 ], [ 4.831053, 52.369875 ], [ 4.831969, 52.370141 ], [ 4.832221, 52.370561 ], [ 4.832319, 52.370795 ], [ 4.832651, 52.370744 ], [ 4.832818, 52.370705 ], [ 4.833255, 52.370635 ], [ 4.833387, 52.370598 ], [ 4.833579, 52.37052 ], [ 4.833694, 52.370488 ], [ 4.834419, 52.370378 ], [ 4.834548, 52.370913 ], [ 4.834693, 52.371447 ], [ 4.834943, 52.372134 ], [ 4.83528, 52.372941 ], [ 4.83525, 52.372946 ], [ 4.835337, 52.373153 ], [ 4.823219, 52.375055 ], [ 4.819042, 52.37571 ], [ 4.817706, 52.372589 ], [ 4.817368, 52.371969 ] ] ] } },
{ "type": "Feature", "properties": { "id": 418, "name": "Louis Couperusbuurt", "g_score_2022": 0.5436, "g_score_2010": null, "g_diff": null, "gi_star_z": null, "class_196": null, "class_140": null }, "geometry": { "type": "Polygon", "coordinates": [ [ [ 4.823219, 52.375055 ], [ 4.835337, 52.373153 ], [ 4.835426, 52.373363 ], [ 4.83544, 52.373361 ], [ 4.835478, 52.373451 ], [ 4.835492, 52.373452 ], [ 4.836701, 52.376353 ], [ 4.824232, 52.378303 ], [ 4.823996, 52.377723 ], [ 4.824319, 52.37767 ], [ 4.823219, 52.375055 ] ] ] } },
{ "type": "Feature", "properties": { "id": 401, "name": "Dichtersbuurt", "g_score_2022": 0.4139, "g_score_2010": null, "g_diff": null, "gi_star_z": null, "class_196": null, "class_140": null }, "geometry": { "type": "Polygon", "coordinates": [ [ [ 4.819042, 52.37571 ], [ 4.823219, 52.375055 ], [ 4.824319, 52.37767 ], [ 4.823996, 52.377723 ], [ 4.824232, 52.378303 ], [ 4.82402, 52.378338 ], [ 4.823864, 52.378379 ], [ 4.823723, 52.378437 ], [ 4.821982, 52.379344 ], [ 4.820648, 52.379554 ], [ 4.820138, 52.378333 ], [ 4.819042, 52.37571 ] ] ] } },
{ "type": "Feature", "properties": { "id": 390, "name": "Dobbebuurt", "g_score_2022": 0.6726, "g_score_2010": 0.6666, "g_diff": 0.0061, "gi_star_z": -0.8652, "class_196": "not significant", "class_140": "not significant" }, "geometry": { "type": "Polygon", "coordinates": [ [ [ 4.820648, 52.379554 ], [ 4.821982, 52.379344 ], [ 4.823723, 52.378437 ], [ 4.823864, 52.378379 ], [ 4.82402, 52.378338 ], [ 4.824232, 52.378303 ], [ 4.836701, 52.376353 ], [ 4.837391, 52.377993 ], [ 4.837464, 52.378168 ], [ 4.837464, 52.378192 ], [ 4.837614, 52.378542 ], [ 4.837631, 52.378539 ], [ 4.837659, 52.378606 ], [ 4.837683, 52.378677 ], [ 4.837646, 52.378672 ], [ 4.837724, 52.37886 ], [ 4.826826, 52.380542 ], [ 4.821411, 52.381378 ], [ 4.820648, 52.379554 ] ] ] } },
{ "type": "Feature", "properties": { "id": 431, "name": "Zuidwestkwadrant-Noord", "g_score_2022": 0.6692, "g_score_2010": 0.693, "g_diff": -0.0238, "gi_star_z": -0.4781, "class_196": "not significant", "class_140": "not significant" }, "geometry": { "type": "Polygon", "coordinates": [ [ [ 4.790209, 52.356215 ], [ 4.790861, 52.355035 ], [ 4.791008, 52.35474 ], [ 4.791136, 52.354449 ], [ 4.791385, 52.353952 ], [ 4.791812, 52.35319 ], [ 4.791896, 52.353042 ], [ 4.794715, 52.353612 ], [ 4.798672, 52.354454 ], [ 4.798975, 52.354445 ], [ 4.800974, 52.354849 ], [ 4.8008, 52.355183 ], [ 4.799257, 52.358035 ], [ 4.790209, 52.356215 ] ] ] } },
{ "type": "Feature", "properties": { "id": 430, "name": "Botteskerkbuurt", "g_score_2022": 0.6706, "g_score_2010": 0.6998, "g_diff": -0.0292, "gi_star_z": -0.3995, "class_196": "not significant", "class_140": "not significant" }, "geometry": { "type": "Polygon", "coordinates": [ [ [ 4.788294, 52.359745 ], [ 4.790209, 52.356215 ], [ 4.799257, 52.358035 ], [ 4.79816, 52.359183 ], [ 4.796917, 52.361488 ], [ 4.788294, 52.359745 ] ] ] } },
{ "type": "Feature", "properties": { "id": 429, "name": "Reimerswaal", "g_score_2022": 0.6217, "g_score_2010": 0.5698, "g_diff": 0.0519, "gi_star_z": -0.8759, "class_196": "not significant", "class_140": "not significant" }, "geometry": { "type": "Polygon", "coordinates": [ [ [ 4.786658, 52.36272 ], [ 4.78812, 52.360051 ], [ 4.788294, 52.359745 ], [ 4.796917, 52.361488 ], [ 4.795325, 52.364443 ], [ 4.786658, 52.36272 ] ] ] } },
{ "type": "Feature", "properties": { "id": 428, "name": "Dijkgraafpleinbuurt", "g_score_2022": 0.6807, "g_score_2010": 0.7071, "g_diff": -0.0264, "gi_star_z": -0.4138, "class_196": "not significant", "class_140": "not significant" }, "geometry": { "type": "Polygon", "coordinates": [ [ [ 4.777285, 52.357227 ], [ 4.776982, 52.356759 ], [ 4.786511, 52.352928 ], [ 4.787013, 52.352767 ], [ 4.787199, 52.352726 ], [ 4.787584, 52.352667 ], [ 4.787977, 52.352641 ], [ 4.788219, 52.352642 ], [ 4.788581, 52.35266 ], [ 4.788828, 52.352678 ], [ 4.789153, 52.352716 ], [ 4.790166, 52.352899 ], [ 4.790473, 52.352939 ], [ 4.791812, 52.35319 ], [ 4.791385, 52.353952 ], [ 4.791136, 52.354449 ], [ 4.791008, 52.35474 ], [ 4.790861, 52.355035 ], [ 4.790209, 52.356215 ], [ 4.788294, 52.359745 ], [ 4.78812, 52.360051 ], [ 4.782943, 52.359003 ], [ 4.782826, 52.358991 ], [ 4.782718, 52.359 ], [ 4.782612, 52.359028 ], [ 4.780832, 52.359739 ], [ 4.778795, 52.35782 ], [ 4.778606, 52.357654 ], [ 4.778491, 52.357568 ], [ 4.778289, 52.357433 ], [ 4.778124, 52.357339 ], [ 4.778013, 52.357288 ], [ 4.777878, 52.357244 ], [ 4.777727, 52.357212 ], [ 4.777576, 52.357195 ], [ 4.777455, 52.357201 ], [ 4.777285, 52.357227 ] ] ] } },
{ "type": "Feature", "properties": { "id": 424, "name": "Middelveldsche Akerpolder", "g_score_2022": 0.7812, "g_score_2010": 0.7921, "g_diff": -0.0109, "gi_star_z": -0.7516, "class_196": "not significant", "class_140": "not significant" }, "geometry": { "type": "Polygon", "coordinates": [ [ [ 4.772489, 52.354827 ], [ 4.785204, 52.349739 ], [ 4.787958, 52.352325 ], [ 4.787977, 52.352641 ], [ 4.787584, 52.352667 ], [ 4.787199, 52.352726 ], [ 4.787013, 52.352767 ], [ 4.786511, 52.352928 ], [ 4.776982, 52.356759 ], [ 4.777285, 52.357227 ], [ 4.776491, 52.357371 ], [ 4.776256, 52.357369 ], [ 4.776102, 52.357349 ], [ 4.776028, 52.357331 ], [ 4.7759, 52.357282 ], [ 4.775676, 52.357128 ], [ 4.775174, 52.356656 ], [ 4.774044, 52.3557 ], [ 4.773775, 52.355495 ], [ 4.773482, 52.355303 ], [ 4.773167, 52.355124 ], [ 4.772744, 52.354922 ], [ 4.772489, 52.354827 ] ] ] } },
{ "type": "Feature", "properties": { "id": 197, "name": "Helmersbuurt-Oost", "g_score_2022": 0.8159, "g_score_2010": 0.7625, "g_diff": 0.0535, "gi_star_z": 0.3182, "class_196": "not significant", "class_140": "not significant" }, "geometry": { "type": "Polygon", "coordinates": [ [ [ 4.873352, 52.36555 ], [ 4.875293, 52.362751 ], [ 4.876435, 52.363055 ], [ 4.878869, 52.363804 ], [ 4.878712, 52.363996 ], [ 4.878642, 52.364129 ], [ 4.879317, 52.364344 ], [ 4.879264, 52.364487 ], [ 4.879231, 52.364631 ], [ 4.879218, 52.364778 ], [ 4.879225, 52.364925 ], [ 4.879232, 52.364988 ], [ 4.879219, 52.365126 ], [ 4.879186, 52.365261 ], [ 4.879136, 52.365382 ], [ 4.87907, 52.365501 ], [ 4.87896, 52.365663 ], [ 4.878817, 52.365834 ], [ 4.878701, 52.365947 ], [ 4.878534, 52.366081 ], [ 4.878397, 52.366173 ], [ 4.878137, 52.36631 ], [ 4.877889, 52.366466 ], [ 4.877726, 52.366588 ], [ 4.877518, 52.366772 ], [ 4.873352, 52.36555 ] ] ] } },
{ "type": "Feature", "properties": { "id": 196, "name": "WG-terrein", "g_score_2022": 0.6565, "g_score_2010": 0.626, "g_diff": 0.0305, "gi_star_z": 0.4197, "class_196": "not significant", "class_140": "not significant" }, "geometry": { "type": "Polygon", "coordinates": [ [ [ 4.866713, 52.363783 ], [ 4.868169, 52.36168 ], [ 4.867465, 52.36149 ], [ 4.867916, 52.360833 ], [ 4.86833, 52.36093 ], [ 4.86899, 52.361102 ], [ 4.873627, 52.362323 ], [ 4.875293, 52.362751 ], [ 4.873352, 52.36555 ], [ 4.871984, 52.365147 ], [ 4.871477, 52.364988 ], [ 4.869473, 52.364437 ], [ 4.866713, 52.363783 ] ] ] } },
{ "type": "Feature", "properties": { "id": 195, "name": "Vondelparkbuurt-West", "g_score_2022": 0.7594, "g_score_2010": 0.6868, "g_diff": 0.0726, "gi_star_z": 0.2205, "class_196": "not significant", "class_140": "not significant" }, "geometry": { "type": "Polygon", "coordinates": [ [ [ 4.854123, 52.356523 ], [ 4.855085, 52.35641 ], [ 4.858944, 52.357406 ], [ 4.859807, 52.357617 ], [ 4.861823, 52.358137 ], [ 4.861812, 52.358154 ], [ 4.862248, 52.358263 ], [ 4.862257, 52.35825 ], [ 4.863179, 52.358481 ], [ 4.863185, 52.358472 ], [ 4.863671, 52.358581 ], [ 4.865452, 52.359009 ], [ 4.865263, 52.359201 ], [ 4.864935, 52.359682 ], [ 4.864693, 52.360101 ], [ 4.863769, 52.35989 ], [ 4.861995, 52.359465 ], [ 4.857008, 52.358153 ], [ 4.855738, 52.357791 ], [ 4.855516, 52.357764 ], [ 4.855289, 52.357767 ], [ 4.855068, 52.3578 ], [ 4.854865, 52.357862 ], [ 4.854781, 52.357756 ], [ 4.85433, 52.357183 ], [ 4.854123, 52.356523 ] ] ] } },
{ "type": "Feature", "properties": { "id": 194, "name": "Cremerbuurt-West", "g_score_2022": 0.7555, "g_score_2010": 0.7, "g_diff": 0.0555, "gi_star_z": 0.37, "class_196": "not significant", "class_140": "not significant" }, "geometry": { "type": "Polygon", "coordinates": [ [ [ 4.854865, 52.357862 ], [ 4.855068, 52.3578 ], [ 4.855289, 52.357767 ], [ 4.855516, 52.357764 ], [ 4.855738, 52.357791 ], [ 4.857008, 52.358153 ], [ 4.861995, 52.359465 ], [ 4.863769, 52.35989 ], [ 4.864693, 52.360101 ], [ 4.86554, 52.360295 ], [ 4.865184, 52.360899 ], [ 4.864881, 52.361357 ], [ 4.863784, 52.363067 ], [ 4.857456, 52.36155 ], [ 4.85733, 52.361297 ], [ 4.857186, 52.360931 ], [ 4.857086, 52.360711 ], [ 4.85697, 52.360501 ], [ 4.856832, 52.36029 ], [ 4.856704, 52.36012 ], [ 4.856442, 52.359819 ], [ 4.854865, 52.357862 ] ] ] } },
{ "type": "Feature", "properties": { "id": 193, "name": "Da Costabuurt-Zuid", "g_score_2022": 0.7159, "g_score_2010": 0.6364, "g_diff": 0.0795, "gi_star_z": 0.5939, "class_196": "not significant", "class_140": "not significant" }, "geometry": { "type": "Polygon", "coordinates": [ [ [ 4.870809, 52.36685 ], [ 4.871984, 52.365147 ], [ 4.873352, 52.36555 ], [ 4.877518, 52.366772 ], [ 4.877431, 52.366953 ], [ 4.877349, 52.367183 ], [ 4.877319, 52.367301 ], [ 4.877265, 52.367702 ], [ 4.877199, 52.367898 ], [ 4.877088, 52.368108 ], [ 4.876809, 52.368503 ], [ 4.873799, 52.367714 ], [ 4.870809, 52.36685 ] ] ] } },
{ "type": "Feature", "properties": { "id": 76, "name": "Cremerbuurt-Oost", "g_score_2022": 0.7633, "g_score_2010": 0.7128, "g_diff": 0.0506, "gi_star_z": 0.2553, "class_196": "not significant", "class_140": "not significant" }, "geometry": { "type": "Polygon", "coordinates": [ [ [ 4.863784, 52.363067 ], [ 4.864881, 52.361357 ], [ 4.865184, 52.360899 ], [ 4.86554, 52.360295 ], [ 4.867916, 52.360833 ], [ 4.867465, 52.36149 ], [ 4.868169, 52.36168 ], [ 4.866713, 52.363783 ], [ 4.863784, 52.363067 ] ] ] } },
{ "type": "Feature", "properties": { "id": 49, "name": "Spuistraat-Zuid", "g_score_2022": 0.6616, "g_score_2010": 0.5701, "g_diff": 0.0915, "gi_star_z": 0.3092, "class_196": "not significant", "class_140": "not significant" }, "geometry": { "type": "Polygon", "coordinates": [ [ [ 4.888855, 52.37326 ], [ 4.888822, 52.373147 ], [ 4.888766, 52.373038 ], [ 4.888509, 52.372324 ], [ 4.888126, 52.370301 ], [ 4.887828, 52.368803 ], [ 4.88784, 52.368764 ], [ 4.887851, 52.368726 ], [ 4.88806, 52.368499 ], [ 4.88854, 52.36813 ], [ 4.889018, 52.368517 ], [ 4.889104, 52.368601 ], [ 4.889189, 52.368703 ], [ 4.889254, 52.368804 ], [ 4.889303, 52.368908 ], [ 4.889353, 52.36935 ], [ 4.88951, 52.36971 ], [ 4.889708, 52.370094 ], [ 4.890062, 52.370551 ], [ 4.8902, 52.370688 ], [ 4.890319, 52.370838 ], [ 4.890595, 52.371316 ], [ 4.890643, 52.371422 ], [ 4.890671, 52.37153 ], [ 4.890679, 52.371644 ], [ 4.890646, 52.372251 ], [ 4.890605, 52.372643 ], [ 4.890573, 52.372947 ], [ 4.890589, 52.373174 ], [ 4.888855, 52.37326 ] ] ] } },
{ "type": "Feature", "properties": { "id": 212, "name": "Valkenburg", "g_score_2022": 0.7052, "g_score_2010": 0.7398, "g_diff": -0.0347, "gi_star_z": 0.3328, "class_196": "not significant", "class_140": "not significant" }, "geometry": { "type": "Polygon", "coordinates": [ [ [ 4.903968, 52.368447 ], [ 4.905385, 52.367932 ], [ 4.907105, 52.367342 ], [ 4.909685, 52.369068 ], [ 4.910038, 52.369315 ], [ 4.910685, 52.3697 ], [ 4.911127, 52.369968 ], [ 4.910789, 52.370159 ], [ 4.910507, 52.370216 ], [ 4.909647, 52.370713 ], [ 4.909154, 52.370386 ], [ 4.908707, 52.370163 ], [ 4.908219, 52.370071 ], [ 4.903968, 52.368447 ] ] ] } },
{ "type": "Feature", "properties": { "id": 359, "name": "Ruys de Beerenbrouckbuurt", "g_score_2022": 0.6606, "g_score_2010": 0.6869, "g_diff": -0.0262, "gi_star_z": -1.2161, "class_196": "not significant", "class_140": "not significant" }, "geometry": { "type": "Polygon", "coordinates": [ [ [ 4.794224, 52.384447 ], [ 4.794435, 52.380113 ], [ 4.797931, 52.380163 ], [ 4.801737, 52.38023 ], [ 4.808159, 52.380343 ], [ 4.80806, 52.382504 ], [ 4.807952, 52.382731 ], [ 4.807254, 52.382609 ], [ 4.807118, 52.382986 ], [ 4.807105, 52.38326 ], [ 4.807142, 52.383505 ], [ 4.807091, 52.384601 ], [ 4.801943, 52.384534 ], [ 4.794224, 52.384447 ] ] ] } },
{ "type": "Feature", "properties": { "id": 358, "name": "De Eendracht", "g_score_2022": 0.8184, "g_score_2010": 0.8417, "g_diff": -0.0233, "gi_star_z": -0.4747, "class_196": "not significant", "class_140": "not significant" }, "geometry": { "type": "Polygon", "coordinates": [ [ [ 4.787351, 52.384379 ], [ 4.787538, 52.378159 ], [ 4.79208, 52.378192 ], [ 4.792107, 52.378431 ], [ 4.793949, 52.378247 ], [ 4.794435, 52.380113 ], [ 4.794224, 52.384447 ], [ 4.787351, 52.384379 ] ] ] } },
{ "type": "Feature", "properties": { "id": 356, "name": "Sloterdijk Stationskwartier", "g_score_2022": 0.4889, "g_score_2010": 0.5, "g_diff": -0.0111, "gi_star_z": 1.6044, "class_196": "not significant", "class_140": "hotspot" }, "geometry": { "type": "Polygon", "coordinates": [ [ [ 4.819257, 52.389038 ], [ 4.819268, 52.387484 ], [ 4.82891, 52.387554 ], [ 4.831594, 52.387412 ], [ 4.831523, 52.38488 ], [ 4.836014, 52.38495 ], [ 4.839258, 52.385018 ], [ 4.839837, 52.385036 ], [ 4.843294, 52.385101 ], [ 4.843934, 52.385089 ], [ 4.84458, 52.385103 ], [ 4.844813, 52.385108 ], [ 4.844811, 52.385146 ], [ 4.844798, 52.385146 ], [ 4.844732, 52.386384 ], [ 4.844761, 52.386922 ], [ 4.844669, 52.388623 ], [ 4.844665, 52.388757 ], [ 4.844689, 52.388756 ], [ 4.844687, 52.38892 ], [ 4.844662, 52.38892 ], [ 4.844663, 52.388899 ], [ 4.844372, 52.3889 ], [ 4.844336, 52.389522 ], [ 4.844213, 52.391808 ], [ 4.844134, 52.393288 ], [ 4.844117, 52.393849 ], [ 4.844138, 52.39428 ], [ 4.844174, 52.394607 ], [ 4.844233, 52.394945 ], [ 4.844319, 52.395304 ], [ 4.843991, 52.395258 ], [ 4.843688, 52.395231 ], [ 4.843272, 52.395141 ], [ 4.84295, 52.395061 ], [ 4.842514, 52.394933 ], [ 4.84238, 52.394915 ], [ 4.842247, 52.394882 ], [ 4.841907, 52.394762 ], [ 4.841357, 52.394542 ], [ 4.841089, 52.394422 ], [ 4.840666, 52.394211 ], [ 4.837245, 52.391623 ], [ 4.836937, 52.391378 ], [ 4.836537, 52.391083 ], [ 4.836299, 52.390925 ], [ 4.835998, 52.390749 ], [ 4.835712, 52.390599 ], [ 4.835396, 52.390449 ], [ 4.835133, 52.390338 ], [ 4.834931, 52.390259 ], [ 4.834441, 52.390091 ], [ 4.834114, 52.389995 ], [ 4.833897, 52.389939 ], [ 4.833809, 52.389916 ], [ 4.833551, 52.389857 ], [ 4.832573, 52.389692 ], [ 4.831589, 52.389544 ], [ 4.830598, 52.389413 ], [ 4.829602, 52.389299 ], [ 4.828936, 52.389232 ], [ 4.827932, 52.389145 ], [ 4.826925, 52.389076 ], [ 4.819257, 52.389038 ] ] ] } },
{ "type": "Feature", "properties": { "id": 95, "name": "Frederik Hendrikbuurt-Noord", "g_score_2022": 0.6905, "g_score_2010": 0.6398, "g_diff": 0.0507, "gi_star_z": 0.4901, "class_196": "not significant", "class_140": "not significant" }, "geometry": { "type": "Polygon", "coordinates": [ [ [ 4.872109, 52.376555 ], [ 4.876592, 52.375489 ], [ 4.878014, 52.377762 ], [ 4.877909, 52.377786 ], [ 4.878078, 52.378049 ], [ 4.878101, 52.378044 ], [ 4.878294, 52.378352 ], [ 4.8781, 52.3784 ], [ 4.878166, 52.378506 ], [ 4.879861, 52.38122 ], [ 4.879872, 52.381284 ], [ 4.879853, 52.381341 ], [ 4.879632, 52.381588 ], [ 4.879582, 52.381683 ], [ 4.879572, 52.381739 ], [ 4.879578, 52.381809 ], [ 4.879597, 52.381865 ], [ 4.879638, 52.381932 ], [ 4.879603, 52.381918 ], [ 4.879097, 52.381796 ], [ 4.873994, 52.38057 ], [ 4.873475, 52.379589 ], [ 4.873266, 52.379358 ], [ 4.873002, 52.379089 ], [ 4.872374, 52.378357 ], [ 4.873165, 52.378167 ], [ 4.872109, 52.376555 ] ] ] } },
{ "type": "Feature", "properties": { "id": 94, "name": "Buyskade e.o.", "g_score_2022": 0.7654, "g_score_2010": 0.7199, "g_diff": 0.0455, "gi_star_z": 0.2979, "class_196": "not significant", "class_140": "not significant" }, "geometry": { "type": "Polygon", "coordinates": [ [ [ 4.868319, 52.38046 ], [ 4.868167, 52.380194 ], [ 4.86844, 52.379464 ], [ 4.868511, 52.379336 ], [ 4.869759, 52.375993 ], [ 4.87017, 52.375876 ], [ 4.870461, 52.37625 ], [ 4.871499, 52.377338 ], [ 4.872374, 52.378357 ], [ 4.873002, 52.379089 ], [ 4.873266, 52.379358 ], [ 4.873475, 52.379589 ], [ 4.873994, 52.38057 ], [ 4.873805, 52.380693 ], [ 4.873737, 52.380809 ], [ 4.873751, 52.380982 ], [ 4.873385, 52.3811 ], [ 4.873058, 52.381224 ], [ 4.872512, 52.381203 ], [ 4.868319, 52.38046 ] ] ] } },
{ "type": "Feature", "properties": { "id": 93, "name": "De Wittenbuurt-Zuid", "g_score_2022": 0.6034, "g_score_2010": 0.6, "g_diff": 0.0034, "gi_star_z": 0.3091, "class_196": "not significant", "class_140": "not significant" }, "geometry": { "type": "Polygon", "coordinates": [ [ [ 4.873751, 52.380982 ], [ 4.873737, 52.380809 ], [ 4.873805, 52.380693 ], [ 4.873994, 52.38057 ], [ 4.879097, 52.381796 ], [ 4.879067, 52.381894 ], [ 4.879027, 52.381971 ], [ 4.878966, 52.382042 ], [ 4.878885, 52.382105 ], [ 4.877933, 52.382668 ], [ 4.877753, 52.382756 ], [ 4.877053, 52.383179 ], [ 4.873882, 52.381176 ], [ 4.87381, 52.38109 ], [ 4.873751, 52.380982 ] ] ] } },
{ "type": "Feature", "properties": { "id": 89, "name": "Fannius Scholtenbuurt", "g_score_2022": 0.6785, "g_score_2010": 0.6297, "g_diff": 0.0488, "gi_star_z": 0.2364, "class_196": "not significant", "class_140": "not significant" }, "geometry": { "type": "Polygon", "coordinates": [ [ [ 4.871498, 52.385582 ], [ 4.871541, 52.384785 ], [ 4.873131, 52.381346 ], [ 4.873058, 52.381224 ], [ 4.873385, 52.3811 ], [ 4.873751, 52.380982 ], [ 4.87381, 52.38109 ], [ 4.873882, 52.381176 ], [ 4.877053, 52.383179 ], [ 4.875058, 52.384355 ], [ 4.874999, 52.385645 ], [ 4.871498, 52.385582 ] ] ] } },
{ "type": "Feature", "properties": { "id": 224, "name": "Leidsebuurt-Zuidwest", "g_score_2022": 0.6319, "g_score_2010": 0.6058, "g_diff": 0.0261, "gi_star_z": 0.3413, "class_196": "not significant", "class_140": "not significant" }, "geometry": { "type": "Polygon", "coordinates": [ [ [ 4.879225, 52.364925 ], [ 4.879218, 52.364778 ], [ 4.879231, 52.364631 ], [ 4.879264, 52.364487 ], [ 4.879317, 52.364344 ], [ 4.879359, 52.364259 ], [ 4.879421, 52.364179 ], [ 4.879496, 52.364109 ], [ 4.879604, 52.364039 ], [ 4.879781, 52.363963 ], [ 4.880062, 52.363888 ], [ 4.88026, 52.363825 ], [ 4.880543, 52.36371 ], [ 4.880708, 52.363627 ], [ 4.880851, 52.363543 ], [ 4.881121, 52.363362 ], [ 4.881236, 52.36327 ], [ 4.882589, 52.363906 ], [ 4.882979, 52.364242 ], [ 4.88258, 52.36452 ], [ 4.882294, 52.364385 ], [ 4.881799, 52.36474 ], [ 4.881681, 52.364682 ], [ 4.880873, 52.365286 ], [ 4.880719, 52.365427 ], [ 4.8801, 52.365211 ], [ 4.879225, 52.364925 ] ] ] } },
{ "type": "Feature", "properties": { "id": 88, "name": "Westerstaatsman", "g_score_2022": 0.72, "g_score_2010": 0.6497, "g_diff": 0.0703, "gi_star_z": 0.0399, "class_196": "not significant", "class_140": "not significant" }, "geometry": { "type": "Polygon", "coordinates": [ [ [ 4.867821, 52.382009 ], [ 4.868276, 52.380772 ], [ 4.868298, 52.380514 ], [ 4.868319, 52.38046 ], [ 4.872512, 52.381203 ], [ 4.873058, 52.381224 ], [ 4.873131, 52.381346 ], [ 4.871541, 52.384785 ], [ 4.871498, 52.385582 ], [ 4.869414, 52.385544 ], [ 4.870674, 52.382535 ], [ 4.868036, 52.382081 ], [ 4.867952, 52.382069 ], [ 4.867821, 52.382009 ] ] ] } },
{ "type": "Feature", "properties": { "id": 87, "name": "Marcanti", "g_score_2022": 0.6977, "g_score_2010": 0.6795, "g_diff": 0.0182, "gi_star_z": 0.3798, "class_196": "not significant", "class_140": "not significant" }, "geometry": { "type": "Polygon", "coordinates": [ [ [ 4.864439, 52.375413 ], [ 4.864637, 52.374868 ], [ 4.86469, 52.374757 ], [ 4.864765, 52.374643 ], [ 4.864858, 52.374536 ], [ 4.864943, 52.374456 ], [ 4.867237, 52.372541 ], [ 4.869812, 52.375416 ], [ 4.869535, 52.375513 ], [ 4.869328, 52.375575 ], [ 4.868887, 52.375677 ], [ 4.868506, 52.375718 ], [ 4.868157, 52.375732 ], [ 4.867771, 52.375731 ], [ 4.86708, 52.375703 ], [ 4.866191, 52.375625 ], [ 4.865611, 52.375567 ], [ 4.864439, 52.375413 ] ] ] } },
{ "type": "Feature", "properties": { "id": 50, "name": "Begijnhofbuurt", "g_score_2022": 0.5981, "g_score_2010": 0.5385, "g_diff": 0.0597, "gi_star_z": 1.1235, "class_196": "not significant", "class_140": "not significant" }, "geometry": { "type": "Polygon", "coordinates": [ [ [ 4.889189, 52.368703 ], [ 4.889755, 52.368785 ], [ 4.890219, 52.368863 ], [ 4.890469, 52.368833 ], [ 4.890967, 52.368916 ], [ 4.891142, 52.368983 ], [ 4.891215, 52.368992 ], [ 4.8914, 52.369011 ], [ 4.892014, 52.369051 ], [ 4.892049, 52.36921 ], [ 4.89247, 52.370246 ], [ 4.892538, 52.370449 ], [ 4.892803, 52.371494 ], [ 4.892842, 52.371759 ], [ 4.892882, 52.372372 ], [ 4.892921, 52.372564 ], [ 4.892975, 52.372708 ], [ 4.892126, 52.372742 ], [ 4.891752, 52.372725 ], [ 4.89137, 52.372719 ], [ 4.890605, 52.372643 ], [ 4.890646, 52.372251 ], [ 4.890679, 52.371644 ], [ 4.890671, 52.37153 ], [ 4.890643, 52.371422 ], [ 4.890595, 52.371316 ], [ 4.890319, 52.370838 ], [ 4.8902, 52.370688 ], [ 4.890062, 52.370551 ], [ 4.889708, 52.370094 ], [ 4.88951, 52.36971 ], [ 4.889353, 52.36935 ], [ 4.889303, 52.368908 ], [ 4.889254, 52.368804 ], [ 4.889189, 52.368703 ] ] ] } },
{ "type": "Feature", "properties": { "id": 84, "name": "GWL-terrein", "g_score_2022": 0.8197, "g_score_2010": 0.8299, "g_diff": -0.0102, "gi_star_z": 0.6485, "class_196": "not significant", "class_140": "not significant" }, "geometry": { "type": "Polygon", "coordinates": [ [ [ 4.866872, 52.385498 ], [ 4.867255, 52.384382 ], [ 4.86726, 52.384242 ], [ 4.867559, 52.383353 ], [ 4.868036, 52.382081 ], [ 4.870674, 52.382535 ], [ 4.869414, 52.385544 ], [ 4.866872, 52.385498 ] ] ] } },
{ "type": "Feature", "properties": { "id": 81, "name": "Erasmusparkbuurt-West", "g_score_2022": 0.7924, "g_score_2010": 0.7599, "g_diff": 0.0324, "gi_star_z": 0.2802, "class_196": "not significant", "class_140": "not significant" }, "geometry": { "type": "Polygon", "coordinates": [ [ [ 4.846083, 52.37795 ], [ 4.847418, 52.375471 ], [ 4.848345, 52.375672 ], [ 4.849994, 52.372945 ], [ 4.851123, 52.373173 ], [ 4.852417, 52.373402 ], [ 4.852898, 52.373485 ], [ 4.853147, 52.373556 ], [ 4.854656, 52.374175 ], [ 4.854812, 52.374229 ], [ 4.854954, 52.374267 ], [ 4.855102, 52.374295 ], [ 4.855569, 52.374358 ], [ 4.855509, 52.374545 ], [ 4.855312, 52.374526 ], [ 4.854668, 52.3766 ], [ 4.856803, 52.376851 ], [ 4.85637, 52.37816 ], [ 4.856321, 52.378284 ], [ 4.856256, 52.378405 ], [ 4.856146, 52.37856 ], [ 4.856046, 52.378672 ], [ 4.855932, 52.378779 ], [ 4.85576, 52.378912 ], [ 4.855555, 52.379123 ], [ 4.85533, 52.379326 ], [ 4.855087, 52.379521 ], [ 4.854892, 52.379661 ], [ 4.854546, 52.379883 ], [ 4.854093, 52.379794 ], [ 4.853618, 52.380074 ], [ 4.852528, 52.379373 ], [ 4.852376, 52.379295 ], [ 4.852212, 52.379226 ], [ 4.85195, 52.379141 ], [ 4.851623, 52.379067 ], [ 4.846083, 52.37795 ] ] ] } },
{ "type": "Feature", "properties": { "id": 80, "name": "Robert Scottbuurt-Oost", "g_score_2022": 0.7248, "g_score_2010": 0.6698, "g_diff": 0.0549, "gi_star_z": 0.0976, "class_196": "not significant", "class_140": "not significant" }, "geometry": { "type": "Polygon", "coordinates": [ [ [ 4.847418, 52.375471 ], [ 4.846865, 52.375357 ], [ 4.846474, 52.375292 ], [ 4.846017, 52.375235 ], [ 4.845558, 52.375199 ], [ 4.845792, 52.374185 ], [ 4.845873, 52.374171 ], [ 4.845965, 52.374139 ], [ 4.846038, 52.374092 ], [ 4.846088, 52.374035 ], [ 4.846355, 52.373238 ], [ 4.846665, 52.372678 ], [ 4.846784, 52.372412 ], [ 4.847124, 52.372443 ], [ 4.84888, 52.372744 ], [ 4.849314, 52.372816 ], [ 4.849994, 52.372945 ], [ 4.848345, 52.375672 ], [ 4.847418, 52.375471 ] ] ] } },
{ "type": "Feature", "properties": { "id": 92, "name": "De Wittenbuurt-Noord", "g_score_2022": 0.6893, "g_score_2010": 0.6158, "g_diff": 0.0735, "gi_star_z": 0.0261, "class_196": "not significant", "class_140": "not significant" }, "geometry": { "type": "Polygon", "coordinates": [ [ [ 4.877053, 52.383179 ], [ 4.877753, 52.382756 ], [ 4.877933, 52.382668 ], [ 4.878885, 52.382105 ], [ 4.878966, 52.382042 ], [ 4.879027, 52.381971 ], [ 4.879067, 52.381894 ], [ 4.879097, 52.381796 ], [ 4.879603, 52.381918 ], [ 4.879638, 52.381932 ], [ 4.879705, 52.382 ], [ 4.87981, 52.382068 ], [ 4.880102, 52.382185 ], [ 4.880333, 52.382306 ], [ 4.880486, 52.382412 ], [ 4.880651, 52.382565 ], [ 4.880761, 52.382709 ], [ 4.881667, 52.38418 ], [ 4.881832, 52.384436 ], [ 4.882351, 52.385186 ], [ 4.882591, 52.385462 ], [ 4.881751, 52.385641 ], [ 4.881243, 52.385708 ], [ 4.879317, 52.384598 ], [ 4.877053, 52.383179 ] ] ] } },
{ "type": "Feature", "properties": { "id": 91, "name": "Staatsliedenbuurt-Noordoost", "g_score_2022": 0.5649, "g_score_2010": 0.5493, "g_diff": 0.0156, "gi_star_z": 0.2382, "class_196": "not significant", "class_140": "not significant" }, "geometry": { "type": "Polygon", "coordinates": [ [ [ 4.874999, 52.385645 ], [ 4.875058, 52.384355 ], [ 4.877053, 52.383179 ], [ 4.879317, 52.384598 ], [ 4.881243, 52.385708 ], [ 4.880897, 52.385737 ], [ 4.880542, 52.385745 ], [ 4.880316, 52.385739 ], [ 4.879945, 52.385716 ], [ 4.874999, 52.385645 ] ] ] } },
{ "type": "Feature", "properties": { "id": 79, "name": "Landlust-Zuid", "g_score_2022": 0.6955, "g_score_2010": 0.6198, "g_diff": 0.0756, "gi_star_z": 0.5668, "class_196": "not significant", "class_140": "not significant" }, "geometry": { "type": "Polygon", "coordinates": [ [ [ 4.856773, 52.379083 ], [ 4.857087, 52.378681 ], [ 4.857291, 52.378388 ], [ 4.857463, 52.378089 ], [ 4.857605, 52.377783 ], [ 4.857681, 52.377576 ], [ 4.858541, 52.374819 ], [ 4.858569, 52.374656 ], [ 4.858704, 52.374665 ], [ 4.859751, 52.374791 ], [ 4.860457, 52.374914 ], [ 4.862071, 52.375092 ], [ 4.862867, 52.375199 ], [ 4.864439, 52.375413 ], [ 4.862627, 52.380394 ], [ 4.861758, 52.380271 ], [ 4.861507, 52.38012 ], [ 4.861199, 52.379938 ], [ 4.861096, 52.379893 ], [ 4.860976, 52.379855 ], [ 4.85771, 52.3794 ], [ 4.856773, 52.379083 ] ] ] } },
{ "type": "Feature", "properties": { "id": 78, "name": "Erasmusparkbuurt-Oost", "g_score_2022": 0.765, "g_score_2010": 0.7327, "g_diff": 0.0324, "gi_star_z": 0.5439, "class_196": "not significant", "class_140": "not significant" }, "geometry": { "type": "Polygon", "coordinates": [ [ [ 4.853618, 52.380074 ], [ 4.854093, 52.379794 ], [ 4.854546, 52.379883 ], [ 4.854892, 52.379661 ], [ 4.855087, 52.379521 ], [ 4.85533, 52.379326 ], [ 4.855555, 52.379123 ], [ 4.85576, 52.378912 ], [ 4.855932, 52.378779 ], [ 4.856046, 52.378672 ], [ 4.856146, 52.37856 ], [ 4.856256, 52.378405 ], [ 4.856321, 52.378284 ], [ 4.85637, 52.37816 ], [ 4.856803, 52.376851 ], [ 4.854668, 52.3766 ], [ 4.855312, 52.374526 ], [ 4.855509, 52.374545 ], [ 4.855569, 52.374358 ], [ 4.857692, 52.374599 ], [ 4.858569, 52.374656 ], [ 4.858541, 52.374819 ], [ 4.857681, 52.377576 ], [ 4.857605, 52.377783 ], [ 4.857463, 52.378089 ], [ 4.857291, 52.378388 ], [ 4.857087, 52.378681 ], [ 4.856773, 52.379083 ], [ 4.856539, 52.379341 ], [ 4.856354, 52.379521 ], [ 4.856157, 52.379697 ], [ 4.855838, 52.37995 ], [ 4.855456, 52.380214 ], [ 4.855201, 52.380375 ], [ 4.854604, 52.380715 ], [ 4.853618, 52.380074 ] ] ] } },
{ "type": "Feature", "properties": { "id": 77, "name": "Landlust-Noord", "g_score_2022": 0.718, "g_score_2010": 0.626, "g_diff": 0.0919, "gi_star_z": 0.906, "class_196": "not significant", "class_140": "not significant" }, "geometry": { "type": "Polygon", "coordinates": [ [ [ 4.854604, 52.380715 ], [ 4.855201, 52.380375 ], [ 4.855456, 52.380214 ], [ 4.855838, 52.37995 ], [ 4.856157, 52.379697 ], [ 4.856354, 52.379521 ], [ 4.856539, 52.379341 ], [ 4.856773, 52.379083 ], [ 4.85771, 52.3794 ], [ 4.860976, 52.379855 ], [ 4.861096, 52.379893 ], [ 4.861199, 52.379938 ], [ 4.861507, 52.38012 ], [ 4.85764, 52.382353 ], [ 4.857494, 52.382422 ], [ 4.857366, 52.382467 ], [ 4.857196, 52.382511 ], [ 4.857054, 52.382535 ], [ 4.855519, 52.382508 ], [ 4.855539, 52.38153 ], [ 4.855523, 52.38143 ], [ 4.855482, 52.381329 ], [ 4.855422, 52.381245 ], [ 4.855329, 52.381166 ], [ 4.854604, 52.380715 ] ] ] } },
{ "type": "Feature", "properties": { "id": 72, "name": "Robert Scottbuurt-West", "g_score_2022": 0.6101, "g_score_2010": 0.5997, "g_diff": 0.0104, "gi_star_z": 0.2331, "class_196": "not significant", "class_140": "not significant" }, "geometry": { "type": "Polygon", "coordinates": [ [ [ 4.842137, 52.37224 ], [ 4.842602, 52.372223 ], [ 4.843038, 52.372215 ], [ 4.844394, 52.372192 ], [ 4.845278, 52.372215 ], [ 4.845555, 52.372233 ], [ 4.84592, 52.372268 ], [ 4.846086, 52.372296 ], [ 4.846368, 52.372361 ], [ 4.846784, 52.372412 ], [ 4.846665, 52.372678 ], [ 4.846355, 52.373238 ], [ 4.846088, 52.374035 ], [ 4.846038, 52.374092 ], [ 4.845965, 52.374139 ], [ 4.845873, 52.374171 ], [ 4.845792, 52.374185 ], [ 4.845558, 52.375199 ], [ 4.846017, 52.375235 ], [ 4.846474, 52.375292 ], [ 4.846865, 52.375357 ], [ 4.847418, 52.375471 ], [ 4.846083, 52.37795 ], [ 4.845214, 52.377772 ], [ 4.845079, 52.377758 ], [ 4.844941, 52.377766 ], [ 4.844068, 52.377904 ], [ 4.843012, 52.375364 ], [ 4.842642, 52.374456 ], [ 4.842407, 52.373734 ], [ 4.842336, 52.373451 ], [ 4.84224, 52.372988 ], [ 4.842137, 52.37224 ] ] ] } },
{ "type": "Feature", "properties": { "id": 70, "name": "Laan van Spartaan", "g_score_2022": 0.7074, "g_score_2010": null, "g_diff": null, "gi_star_z": null, "class_196": null, "class_140": null }, "geometry": { "type": "Polygon", "coordinates": [ [ [ 4.835337, 52.373153 ], [ 4.840604, 52.37233 ], [ 4.840863, 52.3723 ], [ 4.841191, 52.372274 ], [ 4.842137, 52.37224 ], [ 4.84224, 52.372988 ], [ 4.842336, 52.373451 ], [ 4.842407, 52.373734 ], [ 4.842642, 52.374456 ], [ 4.843012, 52.375364 ], [ 4.836701, 52.376353 ], [ 4.835492, 52.373452 ], [ 4.835478, 52.373451 ], [ 4.83544, 52.373361 ], [ 4.835426, 52.373363 ], [ 4.835337, 52.373153 ] ] ] } },
{ "type": "Feature", "properties": { "id": 67, "name": "Houthavens-West", "g_score_2022": 0.8957, "g_score_2010": 0.4643, "g_diff": 0.4314, "gi_star_z": 0.3059, "class_196": "not significant", "class_140": "not significant" }, "geometry": { "type": "Polygon", "coordinates": [ [ [ 4.865552, 52.393148 ], [ 4.865625, 52.392989 ], [ 4.865995, 52.393067 ], [ 4.866317, 52.39312 ], [ 4.866563, 52.393152 ], [ 4.866848, 52.393176 ], [ 4.867337, 52.393189 ], [ 4.87051, 52.393118 ], [ 4.871159, 52.393087 ], [ 4.871581, 52.393058 ], [ 4.873119, 52.392905 ], [ 4.873589, 52.392871 ], [ 4.874061, 52.392853 ], [ 4.876321, 52.392816 ], [ 4.87643, 52.392804 ], [ 4.876557, 52.392777 ], [ 4.876668, 52.392743 ], [ 4.876784, 52.392692 ], [ 4.877469, 52.39222 ], [ 4.878131, 52.3917 ], [ 4.878209, 52.391656 ], [ 4.878299, 52.391622 ], [ 4.878399, 52.391599 ], [ 4.884757, 52.390783 ], [ 4.885524, 52.390472 ], [ 4.885665, 52.390757 ], [ 4.887842, 52.393642 ], [ 4.891099, 52.394853 ], [ 4.89156, 52.395113 ], [ 4.889776, 52.396412 ], [ 4.885862, 52.399378 ], [ 4.885479, 52.399166 ], [ 4.876576, 52.394606 ], [ 4.876447, 52.39456 ], [ 4.876303, 52.394523 ], [ 4.876179, 52.394504 ], [ 4.876035, 52.394493 ], [ 4.875853, 52.394496 ], [ 4.875178, 52.394557 ], [ 4.872964, 52.394759 ], [ 4.872815, 52.394768 ], [ 4.872682, 52.394766 ], [ 4.872517, 52.39475 ], [ 4.871779, 52.394621 ], [ 4.871691, 52.39477 ], [ 4.871505, 52.395007 ], [ 4.871495, 52.395079 ], [ 4.871287, 52.395261 ], [ 4.867219, 52.393341 ], [ 4.86706, 52.393358 ], [ 4.866882, 52.393387 ], [ 4.866611, 52.39345 ], [ 4.866383, 52.393521 ], [ 4.86609, 52.393638 ], [ 4.866075, 52.393625 ], [ 4.866042, 52.393639 ], [ 4.866014, 52.393616 ], [ 4.865864, 52.393493 ], [ 4.86568, 52.393198 ], [ 4.865642, 52.393205 ], [ 4.865611, 52.393163 ], [ 4.865552, 52.393148 ] ] ] } },
{ "type": "Feature", "properties": { "id": 75, "name": "Bedrijventerrein Landlust", "g_score_2022": 0.7978, "g_score_2010": 0.619, "g_diff": 0.1787, "gi_star_z": 0.9781, "class_196": "not significant", "class_140": "not significant" }, "geometry": { "type": "Polygon", "coordinates": [ [ [ 4.856675, 52.385324 ], [ 4.856727, 52.384065 ], [ 4.856923, 52.384068 ], [ 4.856945, 52.383477 ], [ 4.857018, 52.383363 ], [ 4.857054, 52.382535 ], [ 4.857196, 52.382511 ], [ 4.857366, 52.382467 ], [ 4.857494, 52.382422 ], [ 4.85764, 52.382353 ], [ 4.861507, 52.38012 ], [ 4.861758, 52.380271 ], [ 4.862627, 52.380394 ], [ 4.862118, 52.381714 ], [ 4.861923, 52.382218 ], [ 4.861806, 52.382471 ], [ 4.861621, 52.382824 ], [ 4.861331, 52.383299 ], [ 4.860972, 52.383806 ], [ 4.86088, 52.383965 ], [ 4.860812, 52.384117 ], [ 4.860745, 52.384326 ], [ 4.860711, 52.384515 ], [ 4.860674, 52.385394 ], [ 4.856675, 52.385324 ] ] ] } },
{ "type": "Feature", "properties": { "id": 74, "name": "Gibraltarbuurt", "g_score_2022": 0.644, "g_score_2010": 0.5799, "g_diff": 0.0641, "gi_star_z": 1.2243, "class_196": "not significant", "class_140": "not significant" }, "geometry": { "type": "Polygon", "coordinates": [ [ [ 4.84751, 52.385165 ], [ 4.847483, 52.384813 ], [ 4.847504, 52.384368 ], [ 4.847544, 52.384272 ], [ 4.847597, 52.384214 ], [ 4.847667, 52.384163 ], [ 4.850909, 52.38276 ], [ 4.851323, 52.382567 ], [ 4.851791, 52.382321 ], [ 4.854361, 52.380836 ], [ 4.854604, 52.380715 ], [ 4.855329, 52.381166 ], [ 4.855422, 52.381245 ], [ 4.855482, 52.381329 ], [ 4.855523, 52.38143 ], [ 4.855539, 52.38153 ], [ 4.855519, 52.382508 ], [ 4.857054, 52.382535 ], [ 4.857018, 52.383363 ], [ 4.856945, 52.383477 ], [ 4.856923, 52.384068 ], [ 4.856727, 52.384065 ], [ 4.856675, 52.385324 ], [ 4.855658, 52.385305 ], [ 4.855246, 52.385302 ], [ 4.855107, 52.385308 ], [ 4.852974, 52.385256 ], [ 4.84751, 52.385165 ] ] ] } },
{ "type": "Feature", "properties": { "id": 51, "name": "Kalverdriehoek", "g_score_2022": 0.7704, "g_score_2010": 0.6857, "g_diff": 0.0847, "gi_star_z": 0.663, "class_196": "not significant", "class_140": "not significant" }, "geometry": { "type": "Polygon", "coordinates": [ [ [ 4.88854, 52.36813 ], [ 4.889641, 52.367285 ], [ 4.8901, 52.36714 ], [ 4.89116, 52.36697 ], [ 4.891744, 52.366916 ], [ 4.892749, 52.366901 ], [ 4.893152, 52.366908 ], [ 4.89329, 52.366943 ], [ 4.893357, 52.36697 ], [ 4.893466, 52.367042 ], [ 4.893807, 52.367265 ], [ 4.893881, 52.36729 ], [ 4.894147, 52.367289 ], [ 4.892892, 52.368332 ], [ 4.892436, 52.368964 ], [ 4.892392, 52.369081 ], [ 4.892014, 52.369051 ], [ 4.8914, 52.369011 ], [ 4.891215, 52.368992 ], [ 4.891142, 52.368983 ], [ 4.890967, 52.368916 ], [ 4.890469, 52.368833 ], [ 4.890219, 52.368863 ], [ 4.889755, 52.368785 ], [ 4.889189, 52.368703 ], [ 4.889104, 52.368601 ], [ 4.889018, 52.368517 ], [ 4.88854, 52.36813 ] ] ] } },
{ "type": "Feature", "properties": { "id": 211, "name": "Uilenburg", "g_score_2022": 0.7191, "g_score_2010": 0.6498, "g_diff": 0.0693, "gi_star_z": -0.022, "class_196": "not significant", "class_140": "not significant" }, "geometry": { "type": "Polygon", "coordinates": [ [ [ 4.901121, 52.369622 ], [ 4.902625, 52.368986 ], [ 4.903716, 52.368539 ], [ 4.903968, 52.368447 ], [ 4.908219, 52.370071 ], [ 4.908707, 52.370163 ], [ 4.909154, 52.370386 ], [ 4.90831, 52.370851 ], [ 4.907323, 52.371538 ], [ 4.906674, 52.371924 ], [ 4.90637, 52.372076 ], [ 4.905795, 52.371822 ], [ 4.904813, 52.371415 ], [ 4.902152, 52.370282 ], [ 4.901635, 52.369967 ], [ 4.901121, 52.369622 ] ] ] } },
{ "type": "Feature", "properties": { "id": 204, "name": "Nes e.o.", "g_score_2022": 0.7491, "g_score_2010": 0.5621, "g_diff": 0.187, "gi_star_z": 0.3216, "class_196": "not significant", "class_140": "not significant" }, "geometry": { "type": "Polygon", "coordinates": [ [ [ 4.892975, 52.372708 ], [ 4.892921, 52.372564 ], [ 4.892882, 52.372372 ], [ 4.892842, 52.371759 ], [ 4.892803, 52.371494 ], [ 4.892538, 52.370449 ], [ 4.89247, 52.370246 ], [ 4.892049, 52.36921 ], [ 4.892014, 52.369051 ], [ 4.892392, 52.369081 ], [ 4.893512, 52.369177 ], [ 4.893666, 52.369217 ], [ 4.894263, 52.369231 ], [ 4.894755, 52.370762 ], [ 4.894826, 52.370898 ], [ 4.894959, 52.371051 ], [ 4.895204, 52.371299 ], [ 4.895876, 52.37186 ], [ 4.894821, 52.372199 ], [ 4.893836, 52.372536 ], [ 4.893011, 52.372707 ], [ 4.892975, 52.372708 ] ] ] } },
{ "type": "Feature", "properties": { "id": 529, "name": "VU-kwartier", "g_score_2022": 0.777, "g_score_2010": 0.8361, "g_diff": -0.059, "gi_star_z": 0.4592, "class_196": "not significant", "class_140": "not significant" }, "geometry": { "type": "Polygon", "coordinates": [ [ [ 4.857425, 52.333609 ], [ 4.857448, 52.332297 ], [ 4.861817, 52.332305 ], [ 4.861817, 52.332078 ], [ 4.868846, 52.332102 ], [ 4.868831, 52.334993 ], [ 4.868686, 52.33811 ], [ 4.866927, 52.338029 ], [ 4.866697, 52.33801 ], [ 4.86601, 52.337973 ], [ 4.86461, 52.337913 ], [ 4.863263, 52.337846 ], [ 4.862669, 52.337809 ], [ 4.862388, 52.33778 ], [ 4.862262, 52.337755 ], [ 4.86208, 52.3377 ], [ 4.861975, 52.337656 ], [ 4.86174, 52.33754 ], [ 4.861628, 52.337474 ], [ 4.86132, 52.337268 ], [ 4.861213, 52.337207 ], [ 4.861029, 52.337075 ], [ 4.860953, 52.337033 ], [ 4.860766, 52.336942 ], [ 4.860605, 52.336881 ], [ 4.860473, 52.336846 ], [ 4.86031, 52.336831 ], [ 4.859989, 52.336826 ], [ 4.859848, 52.336833 ], [ 4.859137, 52.336909 ], [ 4.858585, 52.336946 ], [ 4.858214, 52.336994 ], [ 4.857599, 52.336999 ], [ 4.857565, 52.335384 ], [ 4.85742, 52.334274 ], [ 4.857425, 52.333609 ] ] ] } },
{ "type": "Feature", "properties": { "id": 464, "name": "Riekerpolder", "g_score_2022": 0.7323, "g_score_2010": 0.7308, "g_diff": 0.0015, "gi_star_z": -0.4858, "class_196": "not significant", "class_140": "not significant" }, "geometry": { "type": "Polygon", "coordinates": [ [ [ 4.819922, 52.33852 ], [ 4.832922, 52.338426 ], [ 4.833592, 52.338417 ], [ 4.834369, 52.338393 ], [ 4.835144, 52.33835 ], [ 4.83553, 52.338322 ], [ 4.835915, 52.33829 ], [ 4.836682, 52.338212 ], [ 4.837444, 52.338116 ], [ 4.839496, 52.337804 ], [ 4.840202, 52.337711 ], [ 4.839706, 52.337852 ], [ 4.839463, 52.337929 ], [ 4.839225, 52.338011 ], [ 4.838761, 52.338189 ], [ 4.838536, 52.338284 ], [ 4.838102, 52.338487 ], [ 4.837893, 52.338595 ], [ 4.837491, 52.338823 ], [ 4.837114, 52.339065 ], [ 4.836935, 52.339191 ], [ 4.836596, 52.339454 ], [ 4.836437, 52.33959 ], [ 4.836, 52.340006 ], [ 4.835674, 52.340359 ], [ 4.835487, 52.340592 ], [ 4.835196, 52.34104 ], [ 4.835015, 52.341507 ], [ 4.834925, 52.341818 ], [ 4.834671, 52.343373 ], [ 4.834608, 52.343855 ], [ 4.834522, 52.344083 ], [ 4.834454, 52.344381 ], [ 4.834439, 52.344531 ], [ 4.834413, 52.345635 ], [ 4.830435, 52.345591 ], [ 4.827574, 52.345594 ], [ 4.827595, 52.345157 ], [ 4.827623, 52.344744 ], [ 4.827703, 52.344305 ], [ 4.827743, 52.343815 ], [ 4.827749, 52.343418 ], [ 4.827714, 52.342609 ], [ 4.826906, 52.342609 ], [ 4.826536, 52.342596 ], [ 4.826368, 52.342581 ], [ 4.825677, 52.342491 ], [ 4.825007, 52.342375 ], [ 4.823973, 52.34221 ], [ 4.823204, 52.342141 ], [ 4.822828, 52.342119 ], [ 4.822054, 52.342116 ], [ 4.820876, 52.342051 ], [ 4.81998, 52.342013 ], [ 4.82001, 52.341837 ], [ 4.81999, 52.341731 ], [ 4.819991, 52.341585 ], [ 4.819916, 52.341499 ], [ 4.819938, 52.340904 ], [ 4.819987, 52.340458 ], [ 4.819951, 52.340185 ], [ 4.819988, 52.339749 ], [ 4.819935, 52.339525 ], [ 4.819922, 52.33852 ] ] ] } },
{ "type": "Feature", "properties": { "id": 200, "name": "Kop Zeedijk", "g_score_2022": 0.683, "g_score_2010": 0.6257, "g_diff": 0.0573, "gi_star_z": 0.8349, "class_196": "not significant", "class_140": "not significant" }, "geometry": { "type": "Polygon", "coordinates": [ [ [ 4.89708, 52.375505 ], [ 4.897889, 52.37516 ], [ 4.898001, 52.375238 ], [ 4.899233, 52.374789 ], [ 4.899406, 52.374749 ], [ 4.899667, 52.374678 ], [ 4.900201, 52.37449 ], [ 4.900275, 52.374486 ], [ 4.90048, 52.374418 ], [ 4.900587, 52.374402 ], [ 4.901266, 52.374174 ], [ 4.902273, 52.376142 ], [ 4.903254, 52.37659 ], [ 4.902978, 52.37669 ], [ 4.902452, 52.377141 ], [ 4.90196, 52.377244 ], [ 4.900968, 52.377242 ], [ 4.899692, 52.377303 ], [ 4.899141, 52.376971 ], [ 4.89708, 52.375505 ] ] ] } },
{ "type": "Feature", "properties": { "id": 206, "name": "Oosterdokseiland", "g_score_2022": 0.8556, "g_score_2010": 0.6176, "g_diff": 0.238, "gi_star_z": 0.2942, "class_196": "not significant", "class_140": "not significant" }, "geometry": { "type": "Polygon", "coordinates": [ [ [ 4.903254, 52.37659 ], [ 4.904283, 52.376217 ], [ 4.905176, 52.375886 ], [ 4.909261, 52.374089 ], [ 4.909575, 52.373968 ], [ 4.910917, 52.374899 ], [ 4.91138, 52.374941 ], [ 4.910753, 52.377683 ], [ 4.911158, 52.377637 ], [ 4.910594, 52.379914 ], [ 4.908685, 52.379857 ], [ 4.907622, 52.379885 ], [ 4.906531, 52.38002 ], [ 4.90641, 52.380041 ], [ 4.904287, 52.377933 ], [ 4.903546, 52.377173 ], [ 4.903254, 52.37659 ] ] ] } },
{ "type": "Feature", "properties": { "id": 207, "name": "Lastage", "g_score_2022": 0.7251, "g_score_2010": 0.6794, "g_diff": 0.0458, "gi_star_z": 0.673, "class_196": "not significant", "class_140": "not significant" }, "geometry": { "type": "Polygon", "coordinates": [ [ [ 4.900936, 52.373494 ], [ 4.901354, 52.37337 ], [ 4.904238, 52.371761 ], [ 4.904813, 52.371415 ], [ 4.905795, 52.371822 ], [ 4.90637, 52.372076 ], [ 4.905856, 52.372334 ], [ 4.903651, 52.373567 ], [ 4.903546, 52.373648 ], [ 4.903448, 52.373753 ], [ 4.903181, 52.374175 ], [ 4.903129, 52.374341 ], [ 4.903132, 52.374486 ], [ 4.903323, 52.375054 ], [ 4.903806, 52.375415 ], [ 4.904283, 52.376217 ], [ 4.903254, 52.37659 ], [ 4.902273, 52.376142 ], [ 4.901266, 52.374174 ], [ 4.900936, 52.373494 ] ] ] } },
{ "type": "Feature", "properties": { "id": 208, "name": "Scheepvaarthuisbuurt", "g_score_2022": 0.7938, "g_score_2010": 0.7703, "g_diff": 0.0234, "gi_star_z": 1.1942, "class_196": "not significant", "class_140": "not significant" }, "geometry": { "type": "Polygon", "coordinates": [ [ [ 4.904283, 52.376217 ], [ 4.903806, 52.375415 ], [ 4.903323, 52.375054 ], [ 4.903132, 52.374486 ], [ 4.903129, 52.374341 ], [ 4.903181, 52.374175 ], [ 4.903448, 52.373753 ], [ 4.903546, 52.373648 ], [ 4.903651, 52.373567 ], [ 4.905856, 52.372334 ], [ 4.90637, 52.372076 ], [ 4.907201, 52.372447 ], [ 4.907869, 52.372784 ], [ 4.909575, 52.373968 ], [ 4.909261, 52.374089 ], [ 4.905176, 52.375886 ], [ 4.904283, 52.376217 ] ] ] } },
{ "type": "Feature", "properties": { "id": 271, "name": "Nintemanterrein", "g_score_2022": 1.0, "g_score_2010": 1.0, "g_diff": 0.0, "gi_star_z": -2.5054, "class_196": "coldspot", "class_140": "coldspot" }, "geometry": { "type": "Polygon", "coordinates": [ [ [ 4.92275, 52.398675 ], [ 4.923103, 52.398085 ], [ 4.923605, 52.397191 ], [ 4.923839, 52.396802 ], [ 4.924838, 52.395617 ], [ 4.925309, 52.396161 ], [ 4.925693, 52.396569 ], [ 4.926162, 52.397027 ], [ 4.926614, 52.397437 ], [ 4.926287, 52.397559 ], [ 4.925099, 52.398041 ], [ 4.923889, 52.398404 ], [ 4.923492, 52.398531 ], [ 4.922987, 52.398755 ], [ 4.92275, 52.398675 ] ] ] } },
{ "type": "Feature", "properties": { "id": 205, "name": "BG-terrein e.o.", "g_score_2022": 0.6602, "g_score_2010": 0.6628, "g_diff": -0.0027, "gi_star_z": 0.7361, "class_196": "not significant", "class_140": "not significant" }, "geometry": { "type": "Polygon", "coordinates": [ [ [ 4.892392, 52.369081 ], [ 4.892436, 52.368964 ], [ 4.892892, 52.368332 ], [ 4.894147, 52.367289 ], [ 4.894323, 52.367287 ], [ 4.894831, 52.367308 ], [ 4.895052, 52.367331 ], [ 4.895268, 52.367368 ], [ 4.895372, 52.367424 ], [ 4.895474, 52.367498 ], [ 4.895786, 52.367811 ], [ 4.896231, 52.368291 ], [ 4.896366, 52.368497 ], [ 4.898755, 52.370995 ], [ 4.897063, 52.371438 ], [ 4.895876, 52.37186 ], [ 4.895204, 52.371299 ], [ 4.894959, 52.371051 ], [ 4.894826, 52.370898 ], [ 4.894755, 52.370762 ], [ 4.894263, 52.369231 ], [ 4.893666, 52.369217 ], [ 4.893512, 52.369177 ], [ 4.892392, 52.369081 ] ] ] } },
{ "type": "Feature", "properties": { "id": 232, "name": "Marine-Etablissement", "g_score_2022": 0.7489, "g_score_2010": 0.7302, "g_diff": 0.0187, "gi_star_z": 1.1949, "class_196": "not significant", "class_140": "not significant" }, "geometry": { "type": "Polygon", "coordinates": [ [ [ 4.911158, 52.377637 ], [ 4.910753, 52.377683 ], [ 4.91138, 52.374941 ], [ 4.912723, 52.375064 ], [ 4.913067, 52.374523 ], [ 4.913263, 52.374148 ], [ 4.913413, 52.373775 ], [ 4.91352, 52.373396 ], [ 4.913585, 52.373014 ], [ 4.913608, 52.372621 ], [ 4.913587, 52.372237 ], [ 4.91352, 52.371845 ], [ 4.913413, 52.371467 ], [ 4.914453, 52.370907 ], [ 4.914677, 52.371003 ], [ 4.917663, 52.372109 ], [ 4.920876, 52.374103 ], [ 4.921132, 52.3749 ], [ 4.921411, 52.375605 ], [ 4.921292, 52.375623 ], [ 4.92128, 52.375608 ], [ 4.921262, 52.37561 ], [ 4.921248, 52.375576 ], [ 4.920501, 52.375687 ], [ 4.914512, 52.37666 ], [ 4.914117, 52.376716 ], [ 4.91356, 52.376772 ], [ 4.913303, 52.376786 ], [ 4.912729, 52.376797 ], [ 4.912404, 52.37679 ], [ 4.912121, 52.376775 ], [ 4.912092, 52.376786 ], [ 4.912083, 52.376806 ], [ 4.911981, 52.376798 ], [ 4.911905, 52.377099 ], [ 4.912038, 52.377112 ], [ 4.912086, 52.377185 ], [ 4.911985, 52.37758 ], [ 4.911158, 52.377637 ] ] ] } },
{ "type": "Feature", "properties": { "id": 250, "name": "Klaprozenbuurt", "g_score_2022": 0.7581, "g_score_2010": null, "g_diff": null, "gi_star_z": null, "class_196": null, "class_140": null }, "geometry": { "type": "Polygon", "coordinates": [ [ [ 4.900195, 52.401475 ], [ 4.903092, 52.400042 ], [ 4.909179, 52.397742 ], [ 4.90986, 52.3984 ], [ 4.909882, 52.398432 ], [ 4.909891, 52.398473 ], [ 4.909881, 52.398514 ], [ 4.909141, 52.399805 ], [ 4.908921, 52.400948 ], [ 4.908872, 52.401023 ], [ 4.908776, 52.401079 ], [ 4.908339, 52.401233 ], [ 4.904079, 52.402855 ], [ 4.903982, 52.402907 ], [ 4.903896, 52.402966 ], [ 4.903219, 52.40352 ], [ 4.902411, 52.404053 ], [ 4.902116, 52.403784 ], [ 4.900816, 52.402304 ], [ 4.900273, 52.401539 ], [ 4.900195, 52.401475 ] ] ] } },
{ "type": "Feature", "properties": { "id": 265, "name": "Buiksloterdijk-Oost", "g_score_2022": 1.0, "g_score_2010": 1.0, "g_diff": 0.0, "gi_star_z": -1.2873, "class_196": "not significant", "class_140": "not significant" }, "geometry": { "type": "Polygon", "coordinates": [ [ [ 4.921544, 52.399074 ], [ 4.922289, 52.398271 ], [ 4.922511, 52.398013 ], [ 4.92263, 52.39784 ], [ 4.923057, 52.397098 ], [ 4.923248, 52.396668 ], [ 4.923525, 52.395905 ], [ 4.92355, 52.395633 ], [ 4.923631, 52.395444 ], [ 4.923686, 52.39522 ], [ 4.923915, 52.394433 ], [ 4.924212, 52.394841 ], [ 4.924547, 52.395264 ], [ 4.924838, 52.395617 ], [ 4.923839, 52.396802 ], [ 4.923605, 52.397191 ], [ 4.923103, 52.398085 ], [ 4.92275, 52.398675 ], [ 4.922311, 52.399355 ], [ 4.922195, 52.399291 ], [ 4.922107, 52.399258 ], [ 4.921544, 52.399074 ] ] ] } },
{ "type": "Feature", "properties": { "id": 333, "name": "Anjeliersbuurt-Noord", "g_score_2022": 0.6977, "g_score_2010": 0.6731, "g_diff": 0.0246, "gi_star_z": 0.2544, "class_196": "not significant", "class_140": "not significant" }, "geometry": { "type": "Polygon", "coordinates": [ [ [ 4.879183, 52.377706 ], [ 4.879359, 52.377669 ], [ 4.887129, 52.379096 ], [ 4.888166, 52.380216 ], [ 4.888437, 52.380522 ], [ 4.88807, 52.380728 ], [ 4.880367, 52.379582 ], [ 4.879183, 52.377706 ] ] ] } },
{ "type": "Feature", "properties": { "id": 548, "name": "Driehoekbuurt", "g_score_2022": 0.6718, "g_score_2010": 0.6299, "g_diff": 0.0419, "gi_star_z": 0.012, "class_196": "not significant", "class_140": "not significant" }, "geometry": { "type": "Polygon", "coordinates": [ [ [ 4.880367, 52.379582 ], [ 4.88807, 52.380728 ], [ 4.883067, 52.38352 ], [ 4.882965, 52.383652 ], [ 4.880367, 52.379582 ] ] ] } },
{ "type": "Feature", "properties": { "id": 546, "name": "Haarlemmerbuurt-Oost", "g_score_2022": 0.6904, "g_score_2010": 0.6696, "g_diff": 0.0208, "gi_star_z": 0.0433, "class_196": "not significant", "class_140": "not significant" }, "geometry": { "type": "Polygon", "coordinates": [ [ [ 4.888437, 52.380522 ], [ 4.889848, 52.379731 ], [ 4.890134, 52.379632 ], [ 4.890239, 52.379599 ], [ 4.89172, 52.37927 ], [ 4.892009, 52.379265 ], [ 4.893526, 52.378945 ], [ 4.893684, 52.378901 ], [ 4.894004, 52.378766 ], [ 4.894341, 52.37903 ], [ 4.895194, 52.379624 ], [ 4.895468, 52.379856 ], [ 4.895807, 52.380144 ], [ 4.894849, 52.380524 ], [ 4.894862, 52.380537 ], [ 4.894709, 52.380583 ], [ 4.894726, 52.3806 ], [ 4.894508, 52.380683 ], [ 4.894487, 52.380663 ], [ 4.891898, 52.381608 ], [ 4.891499, 52.381763 ], [ 4.890642, 52.382161 ], [ 4.890637, 52.382179 ], [ 4.890186, 52.382395 ], [ 4.890156, 52.382364 ], [ 4.889908, 52.382132 ], [ 4.888437, 52.380522 ] ] ] } },
{ "type": "Feature", "properties": { "id": 557, "name": "Langestraat e.o.", "g_score_2022": 0.8188, "g_score_2010": 0.7921, "g_diff": 0.0268, "gi_star_z": 0.1548, "class_196": "not significant", "class_140": "not significant" }, "geometry": { "type": "Polygon", "coordinates": [ [ [ 4.886206, 52.378089 ], [ 4.889543, 52.376955 ], [ 4.8899, 52.376899 ], [ 4.891315, 52.376324 ], [ 4.892082, 52.377032 ], [ 4.893914, 52.378696 ], [ 4.894004, 52.378766 ], [ 4.893684, 52.378901 ], [ 4.893526, 52.378945 ], [ 4.892009, 52.379265 ], [ 4.89172, 52.37927 ], [ 4.890239, 52.379599 ], [ 4.890134, 52.379632 ], [ 4.889848, 52.379731 ], [ 4.888437, 52.380522 ], [ 4.888166, 52.380216 ], [ 4.887129, 52.379096 ], [ 4.886206, 52.378089 ] ] ] } },
{ "type": "Feature", "properties": { "id": 543, "name": "Westerdokseiland", "g_score_2022": 0.8165, "g_score_2010": 0.8217, "g_diff": -0.0052, "gi_star_z": -0.0675, "class_196": "not significant", "class_140": "not significant" }, "geometry": { "type": "Polygon", "coordinates": [ [ [ 4.890186, 52.382395 ], [ 4.890637, 52.382179 ], [ 4.890642, 52.382161 ], [ 4.891499, 52.381763 ], [ 4.891898, 52.381608 ], [ 4.894487, 52.380663 ], [ 4.894508, 52.380683 ], [ 4.894726, 52.3806 ], [ 4.894709, 52.380583 ], [ 4.894862, 52.380537 ], [ 4.894849, 52.380524 ], [ 4.895807, 52.380144 ], [ 4.896657, 52.38106 ], [ 4.898773, 52.38297 ], [ 4.898665, 52.383044 ], [ 4.897916, 52.383676 ], [ 4.897312, 52.384271 ], [ 4.896764, 52.384887 ], [ 4.896247, 52.385649 ], [ 4.895878, 52.386362 ], [ 4.895661, 52.386923 ], [ 4.895083, 52.388692 ], [ 4.892367, 52.388525 ], [ 4.892315, 52.388358 ], [ 4.892302, 52.388223 ], [ 4.892309, 52.388207 ], [ 4.892214, 52.388191 ], [ 4.892075, 52.388507 ], [ 4.891015, 52.388441 ], [ 4.891067, 52.388277 ], [ 4.891178, 52.387781 ], [ 4.890644, 52.383246 ], [ 4.89075, 52.382997 ], [ 4.890186, 52.382395 ] ] ] } },
{ "type": "Feature", "properties": { "id": 223, "name": "Utrechtsebuurt-Zuid", "g_score_2022": 0.7259, "g_score_2010": 0.7198, "g_diff": 0.0061, "gi_star_z": 0.1715, "class_196": "not significant", "class_140": "not significant" }, "geometry": { "type": "Polygon", "coordinates": [ [ [ 4.896088, 52.36162 ], [ 4.896181, 52.360253 ], [ 4.901194, 52.361227 ], [ 4.903351, 52.361656 ], [ 4.90277, 52.362805 ], [ 4.896517, 52.361667 ], [ 4.896345, 52.361641 ], [ 4.896088, 52.36162 ] ] ] } },
{ "type": "Feature", "properties": { "id": 41, "name": "Felix Meritisbuurt", "g_score_2022": 0.7936, "g_score_2010": 0.77, "g_diff": 0.0236, "gi_star_z": 0.3734, "class_196": "not significant", "class_140": "not significant" }, "geometry": { "type": "Polygon", "coordinates": [ [ [ 4.882614, 52.368932 ], [ 4.884411, 52.368862 ], [ 4.886623, 52.368792 ], [ 4.887279, 52.368762 ], [ 4.887679, 52.368756 ], [ 4.88784, 52.368764 ], [ 4.887828, 52.368803 ], [ 4.888126, 52.370301 ], [ 4.888509, 52.372324 ], [ 4.888766, 52.373038 ], [ 4.888822, 52.373147 ], [ 4.888855, 52.37326 ], [ 4.886906, 52.37342 ], [ 4.88666, 52.373456 ], [ 4.886468, 52.373506 ], [ 4.886299, 52.373571 ], [ 4.885833, 52.373823 ], [ 4.885708, 52.373881 ], [ 4.885558, 52.373934 ], [ 4.88539, 52.373977 ], [ 4.885158, 52.373998 ], [ 4.883385, 52.374065 ], [ 4.883069, 52.373992 ], [ 4.882614, 52.368932 ] ] ] } },
{ "type": "Feature", "properties": { "id": 412, "name": "Reigersbos 3", "g_score_2022": 0.6579, "g_score_2010": 0.6767, "g_diff": -0.0188, "gi_star_z": -0.5892, "class_196": "not significant", "class_140": "not significant" }, "geometry": { "type": "Polygon", "coordinates": [ [ [ 4.961747, 52.295381 ], [ 4.963191, 52.293881 ], [ 4.963669, 52.293311 ], [ 4.963961, 52.293056 ], [ 4.965845, 52.291005 ], [ 4.966018, 52.290861 ], [ 4.966095, 52.290749 ], [ 4.968239, 52.291459 ], [ 4.974373, 52.292859 ], [ 4.97461, 52.292908 ], [ 4.974566, 52.293341 ], [ 4.974556, 52.294587 ], [ 4.974545, 52.294701 ], [ 4.97449, 52.294893 ], [ 4.974165, 52.295618 ], [ 4.971656, 52.295194 ], [ 4.9697, 52.294827 ], [ 4.967474, 52.29445 ], [ 4.967088, 52.294393 ], [ 4.966776, 52.294357 ], [ 4.966486, 52.294335 ], [ 4.966194, 52.294323 ], [ 4.965906, 52.294324 ], [ 4.965623, 52.294336 ], [ 4.965341, 52.294358 ], [ 4.965063, 52.294392 ], [ 4.964787, 52.294437 ], [ 4.964514, 52.294494 ], [ 4.964247, 52.294561 ], [ 4.963989, 52.294638 ], [ 4.963739, 52.294726 ], [ 4.96348, 52.294831 ], [ 4.963246, 52.294941 ], [ 4.963025, 52.295059 ], [ 4.962818, 52.295185 ], [ 4.962626, 52.29532 ], [ 4.962482, 52.295433 ], [ 4.962318, 52.295581 ], [ 4.961747, 52.295381 ] ] ] } },
{ "type": "Feature", "properties": { "id": 411, "name": "Reigersbos 2", "g_score_2022": 0.6033, "g_score_2010": 0.6263, "g_diff": -0.023, "gi_star_z": -0.5617, "class_196": "not significant", "class_140": "not significant" }, "geometry": { "type": "Polygon", "coordinates": [ [ [ 4.974165, 52.295618 ], [ 4.97449, 52.294893 ], [ 4.974545, 52.294701 ], [ 4.974556, 52.294587 ], [ 4.974566, 52.293341 ], [ 4.97461, 52.292908 ], [ 4.975909, 52.292864 ], [ 4.980942, 52.292719 ], [ 4.981968, 52.29272 ], [ 4.981958, 52.292869 ], [ 4.98209, 52.294517 ], [ 4.982114, 52.294561 ], [ 4.982161, 52.294596 ], [ 4.982367, 52.294654 ], [ 4.982423, 52.294685 ], [ 4.98246, 52.294725 ], [ 4.982474, 52.29477 ], [ 4.982502, 52.295097 ], [ 4.982493, 52.295175 ], [ 4.982459, 52.29525 ], [ 4.982162, 52.295572 ], [ 4.982107, 52.295644 ], [ 4.982075, 52.295708 ], [ 4.982049, 52.295826 ], [ 4.982045, 52.296321 ], [ 4.979559, 52.296308 ], [ 4.978886, 52.296281 ], [ 4.978217, 52.296234 ], [ 4.977388, 52.296144 ], [ 4.97662, 52.29603 ], [ 4.97674, 52.295696 ], [ 4.976317, 52.295629 ], [ 4.976179, 52.29564 ], [ 4.976024, 52.29593 ], [ 4.974165, 52.295618 ] ] ] } },
{ "type": "Feature", "properties": { "id": 202, "name": "Leidsebuurt-Noordoost", "g_score_2022": 0.718, "g_score_2010": 0.6333, "g_diff": 0.0847, "gi_star_z": 0.1252, "class_196": "not significant", "class_140": "not significant" }, "geometry": { "type": "Polygon", "coordinates": [ [ [ 4.882589, 52.363906 ], [ 4.883568, 52.36324 ], [ 4.886829, 52.361615 ], [ 4.887699, 52.362558 ], [ 4.887875, 52.362774 ], [ 4.884754, 52.364839 ], [ 4.884571, 52.364944 ], [ 4.884469, 52.365026 ], [ 4.883165, 52.364403 ], [ 4.882979, 52.364242 ], [ 4.882589, 52.363906 ] ] ] } },
{ "type": "Feature", "properties": { "id": 410, "name": "Reigersbos 1", "g_score_2022": 0.6691, "g_score_2010": 0.6999, "g_diff": -0.0307, "gi_star_z": -0.5547, "class_196": "not significant", "class_140": "not significant" }, "geometry": { "type": "Polygon", "coordinates": [ [ [ 4.972793, 52.298648 ], [ 4.973239, 52.297724 ], [ 4.97355, 52.296987 ], [ 4.974165, 52.295618 ], [ 4.976024, 52.29593 ], [ 4.976179, 52.29564 ], [ 4.976317, 52.295629 ], [ 4.97674, 52.295696 ], [ 4.97662, 52.29603 ], [ 4.977388, 52.296144 ], [ 4.978217, 52.296234 ], [ 4.978886, 52.296281 ], [ 4.979559, 52.296308 ], [ 4.982045, 52.296321 ], [ 4.982042, 52.296564 ], [ 4.982053, 52.296614 ], [ 4.982091, 52.29669 ], [ 4.982202, 52.296825 ], [ 4.981859, 52.296945 ], [ 4.98202, 52.297116 ], [ 4.98205, 52.297173 ], [ 4.982059, 52.297234 ], [ 4.982045, 52.297412 ], [ 4.981872, 52.298006 ], [ 4.98186, 52.298591 ], [ 4.981812, 52.298645 ], [ 4.981459, 52.298836 ], [ 4.981371, 52.298903 ], [ 4.979947, 52.300474 ], [ 4.979922, 52.300526 ], [ 4.979911, 52.300579 ], [ 4.979897, 52.301516 ], [ 4.979439, 52.301516 ], [ 4.978968, 52.301567 ], [ 4.97872, 52.301608 ], [ 4.978316, 52.300865 ], [ 4.978227, 52.300738 ], [ 4.978154, 52.300658 ], [ 4.978027, 52.300543 ], [ 4.97788, 52.300439 ], [ 4.977714, 52.300345 ], [ 4.977469, 52.300239 ], [ 4.974069, 52.299084 ], [ 4.973245, 52.29878 ], [ 4.97304, 52.298714 ], [ 4.972793, 52.298648 ] ] ] } },
{ "type": "Feature", "properties": { "id": 407, "name": "L-buurt", "g_score_2022": 0.7584, "g_score_2010": 0.8001, "g_diff": -0.0418, "gi_star_z": -0.8306, "class_196": "not significant", "class_140": "not significant" }, "geometry": { "type": "Polygon", "coordinates": [ [ [ 4.97142, 52.307997 ], [ 4.976269, 52.302687 ], [ 4.976453, 52.302536 ], [ 4.976759, 52.302324 ], [ 4.977099, 52.302133 ], [ 4.977343, 52.302018 ], [ 4.977598, 52.301913 ], [ 4.978003, 52.301777 ], [ 4.978284, 52.3017 ], [ 4.97872, 52.301608 ], [ 4.978968, 52.301567 ], [ 4.979439, 52.301516 ], [ 4.979897, 52.301516 ], [ 4.986299, 52.301538 ], [ 4.986264, 52.303572 ], [ 4.98618, 52.303583 ], [ 4.986011, 52.303592 ], [ 4.985841, 52.303584 ], [ 4.985758, 52.303572 ], [ 4.985676, 52.303557 ], [ 4.985521, 52.303513 ], [ 4.985449, 52.303485 ], [ 4.985293, 52.303404 ], [ 4.985204, 52.303371 ], [ 4.985108, 52.303347 ], [ 4.985007, 52.303334 ], [ 4.984852, 52.303333 ], [ 4.984751, 52.303345 ], [ 4.984654, 52.303368 ], [ 4.984524, 52.30342 ], [ 4.98445, 52.303464 ], [ 4.983723, 52.304124 ], [ 4.983342, 52.30453 ], [ 4.982184, 52.305661 ], [ 4.983924, 52.30629 ], [ 4.984731, 52.306635 ], [ 4.985426, 52.306874 ], [ 4.986349, 52.307171 ], [ 4.987688, 52.307601 ], [ 4.98353, 52.312153 ], [ 4.978675, 52.310489 ], [ 4.973969, 52.308872 ], [ 4.97142, 52.307997 ] ] ] } },
{ "type": "Feature", "properties": { "id": 406, "name": "Holendrecht-Zuid", "g_score_2022": 0.6182, "g_score_2010": 0.6099, "g_diff": 0.0083, "gi_star_z": -0.214, "class_196": "not significant", "class_140": "not significant" }, "geometry": { "type": "Polygon", "coordinates": [ [ [ 4.959623, 52.297972 ], [ 4.960178, 52.297355 ], [ 4.961003, 52.2963 ], [ 4.960958, 52.296247 ], [ 4.961158, 52.296014 ], [ 4.961747, 52.295381 ], [ 4.962318, 52.295581 ], [ 4.962482, 52.295433 ], [ 4.962626, 52.29532 ], [ 4.962818, 52.295185 ], [ 4.963025, 52.295059 ], [ 4.963246, 52.294941 ], [ 4.96348, 52.294831 ], [ 4.963739, 52.294726 ], [ 4.963989, 52.294638 ], [ 4.964247, 52.294561 ], [ 4.964514, 52.294494 ], [ 4.964787, 52.294437 ], [ 4.965063, 52.294392 ], [ 4.965341, 52.294358 ], [ 4.965623, 52.294336 ], [ 4.965906, 52.294324 ], [ 4.966194, 52.294323 ], [ 4.966486, 52.294335 ], [ 4.966776, 52.294357 ], [ 4.967088, 52.294393 ], [ 4.967474, 52.29445 ], [ 4.9697, 52.294827 ], [ 4.971656, 52.295194 ], [ 4.974165, 52.295618 ], [ 4.97355, 52.296987 ], [ 4.973239, 52.297724 ], [ 4.972793, 52.298648 ], [ 4.972433, 52.298574 ], [ 4.969402, 52.298063 ], [ 4.969314, 52.298052 ], [ 4.96918, 52.298048 ], [ 4.969003, 52.298064 ], [ 4.968876, 52.298093 ], [ 4.96876, 52.298134 ], [ 4.968658, 52.298188 ], [ 4.968599, 52.298229 ], [ 4.967451, 52.299499 ], [ 4.966444, 52.299146 ], [ 4.966207, 52.299048 ], [ 4.965747, 52.298839 ], [ 4.965583, 52.298775 ], [ 4.964754, 52.298525 ], [ 4.964276, 52.298361 ], [ 4.963439, 52.299282 ], [ 4.959623, 52.297972 ] ] ] } },
{ "type": "Feature", "properties": { "id": 405, "name": "Holendrecht-Oost", "g_score_2022": 0.831, "g_score_2010": 0.8199, "g_diff": 0.0111, "gi_star_z": -0.5686, "class_196": "not significant", "class_140": "not significant" }, "geometry": { "type": "Polygon", "coordinates": [ [ [ 4.962492, 52.304931 ], [ 4.967451, 52.299499 ], [ 4.968599, 52.298229 ], [ 4.968658, 52.298188 ], [ 4.96876, 52.298134 ], [ 4.968876, 52.298093 ], [ 4.969003, 52.298064 ], [ 4.96918, 52.298048 ], [ 4.969314, 52.298052 ], [ 4.969402, 52.298063 ], [ 4.972433, 52.298574 ], [ 4.972793, 52.298648 ], [ 4.97304, 52.298714 ], [ 4.973245, 52.29878 ], [ 4.974069, 52.299084 ], [ 4.977469, 52.300239 ], [ 4.977714, 52.300345 ], [ 4.97788, 52.300439 ], [ 4.978027, 52.300543 ], [ 4.978154, 52.300658 ], [ 4.978227, 52.300738 ], [ 4.978316, 52.300865 ], [ 4.97872, 52.301608 ], [ 4.978284, 52.3017 ], [ 4.978003, 52.301777 ], [ 4.977598, 52.301913 ], [ 4.977343, 52.302018 ], [ 4.977099, 52.302133 ], [ 4.976759, 52.302324 ], [ 4.976453, 52.302536 ], [ 4.976269, 52.302687 ], [ 4.97142, 52.307997 ], [ 4.965371, 52.30592 ], [ 4.962492, 52.304931 ] ] ] } },
{ "type": "Feature", "properties": { "id": 220, "name": "Amstelveldbuurt", "g_score_2022": 0.8021, "g_score_2010": 0.7778, "g_diff": 0.0243, "gi_star_z": 0.1323, "class_196": "not significant", "class_140": "not significant" }, "geometry": { "type": "Polygon", "coordinates": [ [ [ 4.895874, 52.364754 ], [ 4.896088, 52.36162 ], [ 4.896345, 52.361641 ], [ 4.896517, 52.361667 ], [ 4.90277, 52.362805 ], [ 4.901557, 52.365162 ], [ 4.901217, 52.365779 ], [ 4.897537, 52.365087 ], [ 4.896908, 52.364966 ], [ 4.895874, 52.364754 ] ] ] } },
{ "type": "Feature", "properties": { "id": 218, "name": "Spiegelbuurt", "g_score_2022": 0.8083, "g_score_2010": 0.7703, "g_diff": 0.038, "gi_star_z": 0.3199, "class_196": "not significant", "class_140": "not significant" }, "geometry": { "type": "Polygon", "coordinates": [ [ [ 4.884469, 52.365026 ], [ 4.884571, 52.364944 ], [ 4.884754, 52.364839 ], [ 4.887875, 52.362774 ], [ 4.887968, 52.362714 ], [ 4.888035, 52.362693 ], [ 4.890058, 52.364952 ], [ 4.89053, 52.365499 ], [ 4.890343, 52.365591 ], [ 4.888399, 52.366692 ], [ 4.888269, 52.366779 ], [ 4.887919, 52.366659 ], [ 4.884469, 52.365026 ] ] ] } },
{ "type": "Feature", "properties": { "id": 415, "name": "Gein 2", "g_score_2022": 0.6278, "g_score_2010": 0.6532, "g_diff": -0.0254, "gi_star_z": -0.6268, "class_196": "not significant", "class_140": "not significant" }, "geometry": { "type": "Polygon", "coordinates": [ [ [ 4.982045, 52.296321 ], [ 4.982049, 52.295826 ], [ 4.982075, 52.295708 ], [ 4.982107, 52.295644 ], [ 4.982162, 52.295572 ], [ 4.982459, 52.29525 ], [ 4.982493, 52.295175 ], [ 4.982502, 52.295097 ], [ 4.982474, 52.29477 ], [ 4.98246, 52.294725 ], [ 4.982423, 52.294685 ], [ 4.982367, 52.294654 ], [ 4.982161, 52.294596 ], [ 4.982114, 52.294561 ], [ 4.98209, 52.294517 ], [ 4.981958, 52.292869 ], [ 4.981968, 52.29272 ], [ 4.987691, 52.29292 ], [ 4.987838, 52.292933 ], [ 4.98805, 52.292974 ], [ 4.988246, 52.293039 ], [ 4.988417, 52.293127 ], [ 4.988556, 52.293233 ], [ 4.98866, 52.293355 ], [ 4.988723, 52.293485 ], [ 4.989197, 52.295208 ], [ 4.989231, 52.295372 ], [ 4.989255, 52.29562 ], [ 4.989248, 52.296344 ], [ 4.985459, 52.296327 ], [ 4.982045, 52.296321 ] ] ] } },
{ "type": "Feature", "properties": { "id": 400, "name": "Kelbergen", "g_score_2022": 0.6871, "g_score_2010": 0.75, "g_diff": -0.0629, "gi_star_z": -0.5787, "class_196": "not significant", "class_140": "not significant" }, "geometry": { "type": "Polygon", "coordinates": [ [ [ 4.969888, 52.312932 ], [ 4.970391, 52.312389 ], [ 4.970426, 52.312316 ], [ 4.97042, 52.312269 ], [ 4.9704, 52.312232 ], [ 4.970042, 52.311819 ], [ 4.970006, 52.311764 ], [ 4.969984, 52.311706 ], [ 4.969978, 52.311647 ], [ 4.969987, 52.311587 ], [ 4.97001, 52.311529 ], [ 4.970049, 52.311475 ], [ 4.971422, 52.309961 ], [ 4.971549, 52.309857 ], [ 4.971621, 52.30981 ], [ 4.97178, 52.309725 ], [ 4.971958, 52.309654 ], [ 4.97215, 52.3096 ], [ 4.97225, 52.309579 ], [ 4.972457, 52.309551 ], [ 4.972668, 52.309541 ], [ 4.972774, 52.309542 ], [ 4.972879, 52.309549 ], [ 4.973086, 52.309575 ], [ 4.973285, 52.309619 ], [ 4.973969, 52.308872 ], [ 4.978675, 52.310489 ], [ 4.97797, 52.311269 ], [ 4.977858, 52.311348 ], [ 4.977625, 52.311472 ], [ 4.977492, 52.311559 ], [ 4.977441, 52.311595 ], [ 4.977324, 52.311722 ], [ 4.977253, 52.311826 ], [ 4.976925, 52.312445 ], [ 4.97687, 52.31252 ], [ 4.976797, 52.31259 ], [ 4.97665, 52.312687 ], [ 4.976432, 52.312784 ], [ 4.976332, 52.312811 ], [ 4.975756, 52.31293 ], [ 4.975715, 52.312945 ], [ 4.975684, 52.312967 ], [ 4.975665, 52.313011 ], [ 4.97572, 52.313791 ], [ 4.975103, 52.313798 ], [ 4.97502, 52.313812 ], [ 4.97496, 52.313836 ], [ 4.974905, 52.313877 ], [ 4.974388, 52.314477 ], [ 4.969888, 52.312932 ] ] ] } },
{ "type": "Feature", "properties": { "id": 399, "name": "Kortvoort", "g_score_2022": 0.4857, "g_score_2010": 0.51, "g_diff": -0.0243, "gi_star_z": -0.2579, "class_196": "not significant", "class_140": "not significant" }, "geometry": { "type": "Polygon", "coordinates": [ [ [ 4.964944, 52.317041 ], [ 4.966773, 52.315066 ], [ 4.966911, 52.314976 ], [ 4.967082, 52.31491 ], [ 4.967242, 52.314876 ], [ 4.967952, 52.314777 ], [ 4.968121, 52.314726 ], [ 4.968212, 52.314684 ], [ 4.968292, 52.314636 ], [ 4.968401, 52.314541 ], [ 4.969888, 52.312932 ], [ 4.974388, 52.314477 ], [ 4.973754, 52.315211 ], [ 4.973227, 52.315822 ], [ 4.97253, 52.31656 ], [ 4.970975, 52.318253 ], [ 4.970338, 52.318967 ], [ 4.967595, 52.318025 ], [ 4.9675, 52.317947 ], [ 4.967094, 52.317807 ], [ 4.966999, 52.317728 ], [ 4.965344, 52.31716 ], [ 4.964944, 52.317041 ] ] ] } },
{ "type": "Feature", "properties": { "id": 398, "name": "Gooise Kant", "g_score_2022": 0.8921, "g_score_2010": null, "g_diff": null, "gi_star_z": null, "class_196": null, "class_140": null }, "geometry": { "type": "Polygon", "coordinates": [ [ [ 4.963566, 52.316597 ], [ 4.965179, 52.314819 ], [ 4.97142, 52.307997 ], [ 4.973969, 52.308872 ], [ 4.973285, 52.309619 ], [ 4.973086, 52.309575 ], [ 4.972879, 52.309549 ], [ 4.972774, 52.309542 ], [ 4.972668, 52.309541 ], [ 4.972457, 52.309551 ], [ 4.97225, 52.309579 ], [ 4.97215, 52.3096 ], [ 4.971958, 52.309654 ], [ 4.97178, 52.309725 ], [ 4.971621, 52.30981 ], [ 4.971549, 52.309857 ], [ 4.971422, 52.309961 ], [ 4.970049, 52.311475 ], [ 4.97001, 52.311529 ], [ 4.969987, 52.311587 ], [ 4.969978, 52.311647 ], [ 4.969984, 52.311706 ], [ 4.970006, 52.311764 ], [ 4.970042, 52.311819 ], [ 4.9704, 52.312232 ], [ 4.97042, 52.312269 ], [ 4.970426, 52.312316 ], [ 4.970391, 52.312389 ], [ 4.969888, 52.312932 ], [ 4.968401, 52.314541 ], [ 4.968292, 52.314636 ], [ 4.968212, 52.314684 ], [ 4.968121, 52.314726 ], [ 4.967952, 52.314777 ], [ 4.967242, 52.314876 ], [ 4.967082, 52.31491 ], [ 4.966911, 52.314976 ], [ 4.966773, 52.315066 ], [ 4.964944, 52.317041 ], [ 4.964412, 52.316882 ], [ 4.963566, 52.316597 ] ] ] } },
{ "type": "Feature", "properties": { "id": 397, "name": "De Kameleon e.o.", "g_score_2022": 0.5626, "g_score_2010": 0.4693, "g_diff": 0.0933, "gi_star_z": -0.6257, "class_196": "not significant", "class_140": "not significant" }, "geometry": { "type": "Polygon", "coordinates": [ [ [ 4.973754, 52.315211 ], [ 4.974388, 52.314477 ], [ 4.974905, 52.313877 ], [ 4.97496, 52.313836 ], [ 4.97502, 52.313812 ], [ 4.975103, 52.313798 ], [ 4.97572, 52.313791 ], [ 4.975731, 52.313948 ], [ 4.976179, 52.31409 ], [ 4.976606, 52.314197 ], [ 4.976896, 52.314291 ], [ 4.977078, 52.314363 ], [ 4.977367, 52.314496 ], [ 4.97764, 52.314608 ], [ 4.979157, 52.315132 ], [ 4.979381, 52.315228 ], [ 4.979711, 52.315395 ], [ 4.979886, 52.315469 ], [ 4.980126, 52.315545 ], [ 4.98038, 52.315599 ], [ 4.980695, 52.31566 ], [ 4.980891, 52.315715 ], [ 4.982097, 52.316128 ], [ 4.982369, 52.316228 ], [ 4.982645, 52.316344 ], [ 4.983095, 52.316497 ], [ 4.983976, 52.316727 ], [ 4.984158, 52.316783 ], [ 4.984459, 52.316896 ], [ 4.984841, 52.317071 ], [ 4.985001, 52.317128 ], [ 4.985212, 52.317193 ], [ 4.985448, 52.317254 ], [ 4.985949, 52.317371 ], [ 4.985772, 52.317577 ], [ 4.985424, 52.318024 ], [ 4.98475, 52.31831 ], [ 4.984316, 52.318832 ], [ 4.982683, 52.31827 ], [ 4.980161, 52.317401 ], [ 4.980025, 52.317551 ], [ 4.978554, 52.317051 ], [ 4.978689, 52.316901 ], [ 4.977939, 52.316648 ], [ 4.977538, 52.316562 ], [ 4.976382, 52.31616 ], [ 4.97621, 52.316075 ], [ 4.976019, 52.315941 ], [ 4.975833, 52.31586 ], [ 4.975547, 52.315766 ], [ 4.975312, 52.315735 ], [ 4.975218, 52.315714 ], [ 4.973754, 52.315211 ] ] ] } },
{ "type": "Feature", "properties": { "id": 396, "name": "Bijlmermuseum-Zuid", "g_score_2022": 0.6007, "g_score_2010": 0.515, "g_diff": 0.0857, "gi_star_z": -0.3841, "class_196": "not significant", "class_140": "not significant" }, "geometry": { "type": "Polygon", "coordinates": [ [ [ 4.970338, 52.318967 ], [ 4.970975, 52.318253 ], [ 4.97253, 52.31656 ], [ 4.973227, 52.315822 ], [ 4.973754, 52.315211 ], [ 4.975218, 52.315714 ], [ 4.975312, 52.315735 ], [ 4.975547, 52.315766 ], [ 4.975833, 52.31586 ], [ 4.976019, 52.315941 ], [ 4.97621, 52.316075 ], [ 4.976382, 52.31616 ], [ 4.977538, 52.316562 ], [ 4.977939, 52.316648 ], [ 4.978689, 52.316901 ], [ 4.978554, 52.317051 ], [ 4.980025, 52.317551 ], [ 4.980161, 52.317401 ], [ 4.982683, 52.31827 ], [ 4.979982, 52.319811 ], [ 4.978977, 52.321536 ], [ 4.978104, 52.320597 ], [ 4.977699, 52.320196 ], [ 4.977572, 52.320096 ], [ 4.977026, 52.319741 ], [ 4.976927, 52.319654 ], [ 4.976567, 52.319277 ], [ 4.976477, 52.319213 ], [ 4.976336, 52.319153 ], [ 4.976207, 52.319122 ], [ 4.976071, 52.319109 ], [ 4.975708, 52.319111 ], [ 4.975631, 52.319121 ], [ 4.975559, 52.319139 ], [ 4.974929, 52.319369 ], [ 4.974864, 52.319404 ], [ 4.974828, 52.319441 ], [ 4.974451, 52.319948 ], [ 4.97441, 52.319987 ], [ 4.974356, 52.320019 ], [ 4.974276, 52.320047 ], [ 4.974185, 52.32006 ], [ 4.973564, 52.320071 ], [ 4.973453, 52.320052 ], [ 4.973368, 52.320004 ], [ 4.97267, 52.319282 ], [ 4.972611, 52.319238 ], [ 4.972519, 52.319196 ], [ 4.972411, 52.31917 ], [ 4.972319, 52.319163 ], [ 4.971087, 52.319173 ], [ 4.970988, 52.319169 ], [ 4.970839, 52.319139 ], [ 4.970338, 52.318967 ] ] ] } },
{ "type": "Feature", "properties": { "id": 395, "name": "Bijlmermuseum-Noord", "g_score_2022": 0.4906, "g_score_2010": 0.5398, "g_diff": -0.0492, "gi_star_z": -0.2443, "class_196": "not significant", "class_140": "not significant" }, "geometry": { "type": "Polygon", "coordinates": [ [ [ 4.977702, 52.322935 ], [ 4.975633, 52.322228 ], [ 4.975555, 52.322324 ], [ 4.974553, 52.321984 ], [ 4.974262, 52.322306 ], [ 4.96897, 52.320502 ], [ 4.970338, 52.318967 ], [ 4.970839, 52.319139 ], [ 4.970988, 52.319169 ], [ 4.971087, 52.319173 ], [ 4.972319, 52.319163 ], [ 4.972411, 52.31917 ], [ 4.972519, 52.319196 ], [ 4.972611, 52.319238 ], [ 4.97267, 52.319282 ], [ 4.973368, 52.320004 ], [ 4.973453, 52.320052 ], [ 4.973564, 52.320071 ], [ 4.974185, 52.32006 ], [ 4.974276, 52.320047 ], [ 4.974356, 52.320019 ], [ 4.97441, 52.319987 ], [ 4.974451, 52.319948 ], [ 4.974828, 52.319441 ], [ 4.974864, 52.319404 ], [ 4.974929, 52.319369 ], [ 4.975559, 52.319139 ], [ 4.975631, 52.319121 ], [ 4.975708, 52.319111 ], [ 4.976071, 52.319109 ], [ 4.976207, 52.319122 ], [ 4.976336, 52.319153 ], [ 4.976477, 52.319213 ], [ 4.976567, 52.319277 ], [ 4.976927, 52.319654 ], [ 4.977026, 52.319741 ], [ 4.977572, 52.320096 ], [ 4.977699, 52.320196 ], [ 4.978104, 52.320597 ], [ 4.978977, 52.321536 ], [ 4.977702, 52.322935 ] ] ] } },
{ "type": "Feature", "properties": { "id": 393, "name": "Grunder/Koningshoef", "g_score_2022": 0.7545, "g_score_2010": 0.7526, "g_diff": 0.0019, "gi_star_z": -0.0009, "class_196": "not significant", "class_140": "not significant" }, "geometry": { "type": "Polygon", "coordinates": [ [ [ 4.982315, 52.321242 ], [ 4.981891, 52.321738 ], [ 4.980531, 52.32315 ], [ 4.979072, 52.324409 ], [ 4.978958, 52.324441 ], [ 4.978843, 52.324442 ], [ 4.978763, 52.324424 ], [ 4.976906, 52.323808 ], [ 4.977702, 52.322935 ], [ 4.978977, 52.321536 ], [ 4.979982, 52.319811 ], [ 4.982683, 52.31827 ], [ 4.984316, 52.318832 ], [ 4.982315, 52.321242 ] ] ] } },
{ "type": "Feature", "properties": { "id": 404, "name": "Holendrecht-West", "g_score_2022": 0.5158, "g_score_2010": 0.5497, "g_diff": -0.0339, "gi_star_z": 0.3816, "class_196": "not significant", "class_140": "not significant" }, "geometry": { "type": "Polygon", "coordinates": [ [ [ 4.955402, 52.302497 ], [ 4.955749, 52.302098 ], [ 4.956099, 52.301732 ], [ 4.958445, 52.299187 ], [ 4.959317, 52.298213 ], [ 4.959582, 52.298018 ], [ 4.959623, 52.297972 ], [ 4.963439, 52.299282 ], [ 4.964276, 52.298361 ], [ 4.964754, 52.298525 ], [ 4.965583, 52.298775 ], [ 4.965747, 52.298839 ], [ 4.966207, 52.299048 ], [ 4.966444, 52.299146 ], [ 4.967451, 52.299499 ], [ 4.962492, 52.304931 ], [ 4.955402, 52.302497 ] ] ] } },
{ "type": "Feature", "properties": { "id": 403, "name": "K-buurt-Zuidoost", "g_score_2022": 0.7883, "g_score_2010": 0.8125, "g_diff": -0.0242, "gi_star_z": -0.5272, "class_196": "not significant", "class_140": "not significant" }, "geometry": { "type": "Polygon", "coordinates": [ [ [ 4.98038, 52.315599 ], [ 4.982092, 52.313715 ], [ 4.98353, 52.312153 ], [ 4.987328, 52.313455 ], [ 4.988234, 52.31378 ], [ 4.989131, 52.314115 ], [ 4.98864, 52.31482 ], [ 4.988088, 52.31471 ], [ 4.987723, 52.31489 ], [ 4.988053, 52.315567 ], [ 4.986739, 52.317555 ], [ 4.985949, 52.317371 ], [ 4.985448, 52.317254 ], [ 4.985212, 52.317193 ], [ 4.985001, 52.317128 ], [ 4.984841, 52.317071 ], [ 4.984459, 52.316896 ], [ 4.984158, 52.316783 ], [ 4.983976, 52.316727 ], [ 4.983095, 52.316497 ], [ 4.982645, 52.316344 ], [ 4.982369, 52.316228 ], [ 4.982097, 52.316128 ], [ 4.980891, 52.315715 ], [ 4.980695, 52.31566 ], [ 4.98038, 52.315599 ] ] ] } },
{ "type": "Feature", "properties": { "id": 402, "name": "K-buurt-Zuidwest", "g_score_2022": 0.726, "g_score_2010": 0.81, "g_diff": -0.084, "gi_star_z": -0.5031, "class_196": "not significant", "class_140": "not significant" }, "geometry": { "type": "Polygon", "coordinates": [ [ [ 4.97572, 52.313791 ], [ 4.975665, 52.313011 ], [ 4.975684, 52.312967 ], [ 4.975715, 52.312945 ], [ 4.975756, 52.31293 ], [ 4.976332, 52.312811 ], [ 4.976432, 52.312784 ], [ 4.97665, 52.312687 ], [ 4.976797, 52.31259 ], [ 4.97687, 52.31252 ], [ 4.976925, 52.312445 ], [ 4.977253, 52.311826 ], [ 4.977324, 52.311722 ], [ 4.977441, 52.311595 ], [ 4.977492, 52.311559 ], [ 4.977625, 52.311472 ], [ 4.977858, 52.311348 ], [ 4.97797, 52.311269 ], [ 4.978675, 52.310489 ], [ 4.98353, 52.312153 ], [ 4.982092, 52.313715 ], [ 4.98038, 52.315599 ], [ 4.980126, 52.315545 ], [ 4.979886, 52.315469 ], [ 4.979711, 52.315395 ], [ 4.979381, 52.315228 ], [ 4.979157, 52.315132 ], [ 4.97764, 52.314608 ], [ 4.977367, 52.314496 ], [ 4.977078, 52.314363 ], [ 4.976896, 52.314291 ], [ 4.976606, 52.314197 ], [ 4.976179, 52.31409 ], [ 4.975731, 52.313948 ], [ 4.97572, 52.313791 ] ] ] } },
{ "type": "Feature", "properties": { "id": 375, "name": "Amstel III deel A/B-Zuid", "g_score_2022": 0.3901, "g_score_2010": 0.2308, "g_diff": 0.1593, "gi_star_z": -0.3476, "class_196": "not significant", "class_140": "not significant" }, "geometry": { "type": "Polygon", "coordinates": [ [ [ 4.947118, 52.29965 ], [ 4.950053, 52.296476 ], [ 4.951267, 52.295129 ], [ 4.952767, 52.295606 ], [ 4.959623, 52.297972 ], [ 4.959582, 52.298018 ], [ 4.959317, 52.298213 ], [ 4.958445, 52.299187 ], [ 4.956099, 52.301732 ], [ 4.955749, 52.302098 ], [ 4.955402, 52.302497 ], [ 4.947118, 52.29965 ] ] ] } },
{ "type": "Feature", "properties": { "id": 215, "name": "Leidsegracht-Zuid", "g_score_2022": 0.7989, "g_score_2010": 0.7795, "g_diff": 0.0194, "gi_star_z": 0.3469, "class_196": "not significant", "class_140": "not significant" }, "geometry": { "type": "Polygon", "coordinates": [ [ [ 4.882798, 52.366177 ], [ 4.882882, 52.366075 ], [ 4.883506, 52.365687 ], [ 4.884365, 52.365108 ], [ 4.884469, 52.365026 ], [ 4.887919, 52.366659 ], [ 4.888269, 52.366779 ], [ 4.8884, 52.366822 ], [ 4.888627, 52.366872 ], [ 4.889418, 52.367136 ], [ 4.889641, 52.367285 ], [ 4.88854, 52.36813 ], [ 4.88806, 52.368499 ], [ 4.887719, 52.368392 ], [ 4.886703, 52.36804 ], [ 4.886666, 52.367546 ], [ 4.885875, 52.367246 ], [ 4.885166, 52.367012 ], [ 4.884537, 52.366784 ], [ 4.882798, 52.366177 ] ] ] } },
{ "type": "Feature", "properties": { "id": 289, "name": "Vogelbuurt-Zuid", "g_score_2022": 0.6179, "g_score_2010": 0.5858, "g_diff": 0.0321, "gi_star_z": -0.1707, "class_196": "not significant", "class_140": "not significant" }, "geometry": { "type": "Polygon", "coordinates": [ [ [ 4.907473, 52.383704 ], [ 4.908132, 52.383175 ], [ 4.908192, 52.383144 ], [ 4.908272, 52.383128 ], [ 4.908334, 52.383128 ], [ 4.908393, 52.38314 ], [ 4.908604, 52.383226 ], [ 4.908781, 52.38333 ], [ 4.909176, 52.383629 ], [ 4.909278, 52.383672 ], [ 4.909336, 52.383686 ], [ 4.909427, 52.383695 ], [ 4.909549, 52.383685 ], [ 4.909661, 52.383653 ], [ 4.910532, 52.383196 ], [ 4.910818, 52.38323 ], [ 4.910995, 52.383238 ], [ 4.911173, 52.383236 ], [ 4.911349, 52.383226 ], [ 4.91153, 52.383206 ], [ 4.912047, 52.383117 ], [ 4.912407, 52.383075 ], [ 4.912771, 52.383052 ], [ 4.913138, 52.383049 ], [ 4.913503, 52.383066 ], [ 4.913865, 52.383103 ], [ 4.91422, 52.383158 ], [ 4.914566, 52.383233 ], [ 4.9149, 52.383325 ], [ 4.915474, 52.383532 ], [ 4.915897, 52.383722 ], [ 4.916125, 52.383842 ], [ 4.916392, 52.384003 ], [ 4.917629, 52.384896 ], [ 4.917886, 52.38506 ], [ 4.918093, 52.385174 ], [ 4.918387, 52.385313 ], [ 4.91862, 52.385406 ], [ 4.918945, 52.385516 ], [ 4.919292, 52.38561 ], [ 4.919651, 52.385685 ], [ 4.921926, 52.386022 ], [ 4.922137, 52.38607 ], [ 4.922285, 52.386121 ], [ 4.922462, 52.386206 ], [ 4.922541, 52.386256 ], [ 4.922646, 52.386337 ], [ 4.923919, 52.387565 ], [ 4.918235, 52.389745 ], [ 4.917725, 52.389292 ], [ 4.917459, 52.38907 ], [ 4.917188, 52.388851 ], [ 4.916624, 52.388422 ], [ 4.916035, 52.388007 ], [ 4.915422, 52.387605 ], [ 4.915106, 52.387409 ], [ 4.914457, 52.387029 ], [ 4.913785, 52.386664 ], [ 4.913091, 52.386314 ], [ 4.912737, 52.386145 ], [ 4.912013, 52.385819 ], [ 4.907473, 52.383704 ] ] ] } },
{ "type": "Feature", "properties": { "id": 287, "name": "Vogelbuurt-Noord", "g_score_2022": 0.6239, "g_score_2010": 0.6199, "g_diff": 0.004, "gi_star_z": -0.0337, "class_196": "not significant", "class_140": "not significant" }, "geometry": { "type": "Polygon", "coordinates": [ [ [ 4.918235, 52.389745 ], [ 4.923919, 52.387565 ], [ 4.924885, 52.387559 ], [ 4.928295, 52.386248 ], [ 4.928392, 52.386346 ], [ 4.928509, 52.386301 ], [ 4.929672, 52.38742 ], [ 4.927699, 52.38818 ], [ 4.927168, 52.388351 ], [ 4.926994, 52.388395 ], [ 4.926745, 52.388429 ], [ 4.92649, 52.388433 ], [ 4.925543, 52.388331 ], [ 4.925165, 52.388315 ], [ 4.924712, 52.388417 ], [ 4.924854, 52.38865 ], [ 4.924956, 52.38889 ], [ 4.92502, 52.389144 ], [ 4.925045, 52.389399 ], [ 4.92504, 52.389561 ], [ 4.925021, 52.389717 ], [ 4.924759, 52.390668 ], [ 4.924633, 52.391109 ], [ 4.924608, 52.391152 ], [ 4.924609, 52.391185 ], [ 4.924653, 52.391307 ], [ 4.924632, 52.391319 ], [ 4.924612, 52.391392 ], [ 4.924112, 52.393461 ], [ 4.924269, 52.393737 ], [ 4.924149, 52.39378 ], [ 4.924106, 52.393814 ], [ 4.924082, 52.39386 ], [ 4.923915, 52.394433 ], [ 4.923686, 52.39522 ], [ 4.923631, 52.395444 ], [ 4.92355, 52.395633 ], [ 4.923525, 52.395905 ], [ 4.923248, 52.396668 ], [ 4.923057, 52.397098 ], [ 4.92263, 52.39784 ], [ 4.922511, 52.398013 ], [ 4.922289, 52.398271 ], [ 4.921544, 52.399074 ], [ 4.921137, 52.398939 ], [ 4.921047, 52.398895 ], [ 4.92097, 52.398843 ], [ 4.920881, 52.398752 ], [ 4.920829, 52.398652 ], [ 4.920816, 52.398546 ], [ 4.92083, 52.398476 ], [ 4.920861, 52.398408 ], [ 4.921202, 52.398003 ], [ 4.922037, 52.397119 ], [ 4.922113, 52.397027 ], [ 4.922189, 52.396908 ], [ 4.922241, 52.396784 ], [ 4.92227, 52.396657 ], [ 4.922276, 52.396529 ], [ 4.922257, 52.396401 ], [ 4.922214, 52.396276 ], [ 4.921747, 52.395406 ], [ 4.921318, 52.394574 ], [ 4.919883, 52.391797 ], [ 4.919242, 52.390762 ], [ 4.918755, 52.390247 ], [ 4.918235, 52.389745 ] ] ] } },
{ "type": "Feature", "properties": { "id": 285, "name": "Bloemenbuurt-Zuid", "g_score_2022": 0.5786, "g_score_2010": 0.5555, "g_diff": 0.0232, "gi_star_z": -0.0327, "class_196": "not significant", "class_140": "not significant" }, "geometry": { "type": "Polygon", "coordinates": [ [ [ 4.921318, 52.394574 ], [ 4.91414, 52.396061 ], [ 4.913984, 52.396546 ], [ 4.913879, 52.396756 ], [ 4.913595, 52.397214 ], [ 4.913284, 52.397621 ], [ 4.912925, 52.398013 ], [ 4.912548, 52.398354 ], [ 4.91217, 52.398648 ], [ 4.911396, 52.39918 ], [ 4.911236, 52.39932 ], [ 4.911107, 52.399465 ], [ 4.911014, 52.399601 ], [ 4.910842, 52.399992 ], [ 4.909141, 52.399805 ], [ 4.909881, 52.398514 ], [ 4.909891, 52.398473 ], [ 4.909882, 52.398432 ], [ 4.90986, 52.3984 ], [ 4.909179, 52.397742 ], [ 4.910204, 52.39734 ], [ 4.910317, 52.397289 ], [ 4.91043, 52.397224 ], [ 4.910523, 52.397154 ], [ 4.910606, 52.397074 ], [ 4.910672, 52.396987 ], [ 4.911999, 52.394708 ], [ 4.912592, 52.39384 ], [ 4.912677, 52.393696 ], [ 4.912746, 52.393553 ], [ 4.912807, 52.393385 ], [ 4.91285, 52.393215 ], [ 4.912935, 52.392568 ], [ 4.912923, 52.392457 ], [ 4.912886, 52.392348 ], [ 4.912824, 52.392244 ], [ 4.912738, 52.392146 ], [ 4.912527, 52.39195 ], [ 4.915663, 52.390745 ], [ 4.918235, 52.389745 ], [ 4.918755, 52.390247 ], [ 4.919242, 52.390762 ], [ 4.919883, 52.391797 ], [ 4.921318, 52.394574 ] ] ] } },
{ "type": "Feature", "properties": { "id": 304, "name": "Holysloot", "g_score_2022": 0.8914, "g_score_2010": 0.8857, "g_diff": 0.0057, "gi_star_z": -0.1767, "class_196": "not significant", "class_140": "not significant" }, "geometry": { "type": "Polygon", "coordinates": [ [ [ 5.000298, 52.425404 ], [ 5.000405, 52.425069 ], [ 5.000714, 52.424231 ], [ 5.00099, 52.423544 ], [ 5.001096, 52.42334 ], [ 5.001201, 52.423211 ], [ 5.001336, 52.423092 ], [ 5.00187, 52.422719 ], [ 5.001966, 52.42265 ], [ 5.002052, 52.422574 ], [ 5.002339, 52.42237 ], [ 5.002416, 52.422282 ], [ 5.00245, 52.422198 ], [ 5.002451, 52.421267 ], [ 5.002436, 52.421141 ], [ 5.00241, 52.421084 ], [ 5.002362, 52.421032 ], [ 5.002295, 52.420989 ], [ 5.001902, 52.42084 ], [ 5.001689, 52.420747 ], [ 5.001456, 52.420605 ], [ 5.001306, 52.420477 ], [ 5.001216, 52.420371 ], [ 5.001148, 52.420261 ], [ 5.001101, 52.420145 ], [ 5.001075, 52.419988 ], [ 5.001098, 52.419687 ], [ 5.001135, 52.419514 ], [ 5.001202, 52.419295 ], [ 5.001315, 52.419079 ], [ 5.001486, 52.41883 ], [ 5.002036, 52.418196 ], [ 5.00215, 52.418081 ], [ 5.002356, 52.41789 ], [ 5.002747, 52.417576 ], [ 5.0032, 52.417258 ], [ 5.003393, 52.417146 ], [ 5.003874, 52.41692 ], [ 5.004252, 52.416767 ], [ 5.00463, 52.416635 ], [ 5.004777, 52.416573 ], [ 5.00495, 52.416516 ], [ 5.005231, 52.416449 ], [ 5.005748, 52.416358 ], [ 5.006508, 52.416248 ], [ 5.006929, 52.416172 ], [ 5.007154, 52.416121 ], [ 5.00779, 52.416017 ], [ 5.007985, 52.416017 ], [ 5.008561, 52.416093 ], [ 5.008693, 52.416119 ], [ 5.008777, 52.415989 ], [ 5.00872, 52.415846 ], [ 5.008737, 52.415791 ], [ 5.008835, 52.415699 ], [ 5.00891, 52.415598 ], [ 5.008925, 52.415314 ], [ 5.00896, 52.415135 ], [ 5.009016, 52.414967 ], [ 5.009305, 52.414565 ], [ 5.009311, 52.414501 ], [ 5.009418, 52.41414 ], [ 5.009416, 52.414084 ], [ 5.009392, 52.414029 ], [ 5.009332, 52.413969 ], [ 5.009246, 52.413922 ], [ 5.008222, 52.413575 ], [ 5.006312, 52.412903 ], [ 5.005876, 52.412725 ], [ 5.005098, 52.412379 ], [ 5.004517, 52.412114 ], [ 5.002412, 52.411117 ], [ 5.00073, 52.410362 ], [ 4.998371, 52.409245 ], [ 4.997962, 52.409082 ], [ 4.997417, 52.408847 ], [ 4.995557, 52.407982 ], [ 4.994753, 52.40763 ], [ 4.994034, 52.407252 ], [ 4.993874, 52.407178 ], [ 4.993301, 52.406966 ], [ 4.992987, 52.406807 ], [ 4.992464, 52.406559 ], [ 4.991443, 52.406113 ], [ 4.990714, 52.405775 ], [ 4.989779, 52.405364 ], [ 4.988203, 52.404638 ], [ 4.987699, 52.404418 ], [ 4.98727, 52.404212 ], [ 4.986904, 52.404023 ], [ 4.986605, 52.403853 ], [ 4.985897, 52.403561 ], [ 4.985213, 52.403249 ], [ 4.984392, 52.402863 ], [ 4.983888, 52.402607 ], [ 4.983634, 52.402493 ], [ 4.983186, 52.402323 ], [ 4.982961, 52.402248 ], [ 4.982718, 52.402151 ], [ 4.981886, 52.401775 ], [ 4.980492, 52.401194 ], [ 4.980156, 52.401042 ], [ 4.97974, 52.400802 ], [ 4.97938, 52.400636 ], [ 4.979313, 52.400587 ], [ 4.979266, 52.400523 ], [ 4.979251, 52.400465 ], [ 4.979255, 52.40037 ], [ 4.979369, 52.40036 ], [ 4.979481, 52.400329 ], [ 4.97977, 52.40017 ], [ 4.980632, 52.399609 ], [ 4.981844, 52.398755 ], [ 4.982001, 52.398613 ], [ 4.982092, 52.398507 ], [ 4.982166, 52.398395 ], [ 4.982222, 52.39828 ], [ 4.98226, 52.398162 ], [ 4.982272, 52.398046 ], [ 4.982263, 52.397787 ], [ 4.982209, 52.39727 ], [ 4.982202, 52.39704 ], [ 4.98221, 52.396748 ], [ 4.982234, 52.396498 ], [ 4.982295, 52.396228 ], [ 4.982335, 52.396174 ], [ 4.982392, 52.396126 ], [ 4.982464, 52.396087 ], [ 4.982549, 52.396057 ], [ 4.982706, 52.396034 ], [ 4.983108, 52.396042 ], [ 4.98323, 52.396029 ], [ 4.983317, 52.396007 ], [ 4.983395, 52.395976 ], [ 4.983462, 52.395936 ], [ 4.983516, 52.395889 ], [ 4.983555, 52.395837 ], [ 4.98364, 52.395675 ], [ 4.983839, 52.395222 ], [ 4.984066, 52.394566 ], [ 4.984169, 52.394298 ], [ 4.98428, 52.394062 ], [ 4.984352, 52.393939 ], [ 4.984408, 52.393875 ], [ 4.984512, 52.393804 ], [ 4.984631, 52.393755 ], [ 4.984758, 52.393726 ], [ 4.984892, 52.393715 ], [ 4.984982, 52.393719 ], [ 4.985213, 52.393744 ], [ 4.98626, 52.393941 ], [ 4.988151, 52.394376 ], [ 4.988393, 52.394443 ], [ 4.988995, 52.394637 ], [ 4.989303, 52.394705 ], [ 4.992697, 52.395066 ], [ 4.993009, 52.395117 ], [ 4.993159, 52.395154 ], [ 4.994242, 52.395478 ], [ 4.994654, 52.395622 ], [ 4.994989, 52.395686 ], [ 4.995374, 52.395783 ], [ 4.995707, 52.39589 ], [ 4.996567, 52.396234 ], [ 4.997015, 52.396389 ], [ 4.997981, 52.396687 ], [ 4.998132, 52.396721 ], [ 4.998298, 52.396742 ], [ 4.99854, 52.396751 ], [ 4.998753, 52.396748 ], [ 4.999569, 52.396711 ], [ 5.000069, 52.396672 ], [ 5.0006, 52.396658 ], [ 5.001555, 52.396656 ], [ 5.001905, 52.396641 ], [ 5.004114, 52.396444 ], [ 5.004404, 52.396404 ], [ 5.005025, 52.396293 ], [ 5.00531, 52.396258 ], [ 5.006088, 52.396205 ], [ 5.006341, 52.396175 ], [ 5.006702, 52.396143 ], [ 5.007313, 52.396119 ], [ 5.007969, 52.396072 ], [ 5.008479, 52.396065 ], [ 5.008854, 52.396047 ], [ 5.010381, 52.396019 ], [ 5.01064, 52.396033 ], [ 5.011016, 52.396037 ], [ 5.011744, 52.396081 ], [ 5.012685, 52.396073 ], [ 5.012874, 52.396082 ], [ 5.013159, 52.396108 ], [ 5.013543, 52.396122 ], [ 5.014599, 52.396218 ], [ 5.024517, 52.388305 ], [ 5.037683, 52.375401 ], [ 5.040275, 52.37623 ], [ 5.052332, 52.38002 ], [ 5.067102, 52.384673 ], [ 5.079165, 52.388654 ], [ 5.074265, 52.413838 ], [ 5.069921, 52.415822 ], [ 5.068273, 52.416557 ], [ 5.067938, 52.41657 ], [ 5.067303, 52.416736 ], [ 5.065814, 52.417129 ], [ 5.065416, 52.417239 ], [ 5.06483, 52.416946 ], [ 5.064384, 52.416754 ], [ 5.063686, 52.416431 ], [ 5.063192, 52.416258 ], [ 5.06256, 52.416173 ], [ 5.062093, 52.416183 ], [ 5.05776, 52.416537 ], [ 5.055093, 52.415972 ], [ 5.052524, 52.41554 ], [ 5.050929, 52.415278 ], [ 5.049181, 52.415129 ], [ 5.044, 52.416611 ], [ 5.042594, 52.416984 ], [ 5.040715, 52.417244 ], [ 5.039393, 52.417381 ], [ 5.038642, 52.417587 ], [ 5.037374, 52.417941 ], [ 5.036878, 52.418088 ], [ 5.036313, 52.418203 ], [ 5.035873, 52.418268 ], [ 5.035474, 52.418273 ], [ 5.035242, 52.41825 ], [ 5.035051, 52.418203 ], [ 5.034773, 52.418059 ], [ 5.034409, 52.417814 ], [ 5.034068, 52.417174 ], [ 5.033472, 52.416685 ], [ 5.032493, 52.416277 ], [ 5.030049, 52.415643 ], [ 5.030113, 52.416205 ], [ 5.030088, 52.416609 ], [ 5.030054, 52.416829 ], [ 5.029949, 52.417203 ], [ 5.029732, 52.417706 ], [ 5.029515, 52.418063 ], [ 5.028984, 52.418858 ], [ 5.028697, 52.419177 ], [ 5.028362, 52.419416 ], [ 5.027265, 52.419865 ], [ 5.026921, 52.419972 ], [ 5.026505, 52.420064 ], [ 5.026071, 52.420116 ], [ 5.025629, 52.420152 ], [ 5.024946, 52.420082 ], [ 5.024821, 52.420088 ], [ 5.024292, 52.420121 ], [ 5.023563, 52.420266 ], [ 5.023208, 52.420365 ], [ 5.022378, 52.420767 ], [ 5.021938, 52.421063 ], [ 5.021615, 52.421222 ], [ 5.021521, 52.421201 ], [ 5.021411, 52.421171 ], [ 5.021286, 52.421128 ], [ 5.021159, 52.421068 ], [ 5.020962, 52.420781 ], [ 5.020663, 52.42034 ], [ 5.020475, 52.420058 ], [ 5.020397, 52.419959 ], [ 5.020318, 52.419898 ], [ 5.02019, 52.419842 ], [ 5.01993, 52.419765 ], [ 5.019728, 52.419686 ], [ 5.019317, 52.41951 ], [ 5.019034, 52.419378 ], [ 5.018621, 52.419207 ], [ 5.018517, 52.419124 ], [ 5.018466, 52.419135 ], [ 5.018453, 52.419135 ], [ 5.018418, 52.419128 ], [ 5.018358, 52.41911 ], [ 5.01821, 52.419059 ], [ 5.01782, 52.4192 ], [ 5.017814, 52.419194 ], [ 5.017567, 52.419287 ], [ 5.016711, 52.41958 ], [ 5.016594, 52.419621 ], [ 5.016568, 52.419633 ], [ 5.016481, 52.419663 ], [ 5.016295, 52.419723 ], [ 5.016115, 52.419788 ], [ 5.015998, 52.419832 ], [ 5.015884, 52.419873 ], [ 5.015753, 52.419916 ], [ 5.015584, 52.419975 ], [ 5.015328, 52.420073 ], [ 5.015231, 52.420108 ], [ 5.015008, 52.420175 ], [ 5.014975, 52.420194 ], [ 5.014928, 52.420205 ], [ 5.014888, 52.420211 ], [ 5.014784, 52.420245 ], [ 5.014374, 52.420388 ], [ 5.013999, 52.420521 ], [ 5.01397, 52.420532 ], [ 5.013745, 52.420628 ], [ 5.013723, 52.420641 ], [ 5.013685, 52.420656 ], [ 5.013299, 52.420791 ], [ 5.013168, 52.420839 ], [ 5.013016, 52.42089 ], [ 5.012854, 52.420946 ], [ 5.012525, 52.421066 ], [ 5.012425, 52.421097 ], [ 5.012138, 52.421208 ], [ 5.01186, 52.421305 ], [ 5.011314, 52.4215 ], [ 5.011185, 52.421544 ], [ 5.011062, 52.42159 ], [ 5.010636, 52.421746 ], [ 5.010476, 52.4218 ], [ 5.01031, 52.421861 ], [ 5.010243, 52.421883 ], [ 5.010209, 52.421885 ], [ 5.010173, 52.4219 ], [ 5.009991, 52.421966 ], [ 5.009717, 52.422074 ], [ 5.009554, 52.422135 ], [ 5.009423, 52.422175 ], [ 5.009384, 52.422188 ], [ 5.008941, 52.422346 ], [ 5.008751, 52.422418 ], [ 5.008718, 52.422432 ], [ 5.008543, 52.422492 ], [ 5.008362, 52.422558 ], [ 5.008147, 52.422632 ], [ 5.007964, 52.422692 ], [ 5.007945, 52.422701 ], [ 5.007377, 52.422907 ], [ 5.007311, 52.42293 ], [ 5.00711, 52.42299 ], [ 5.006867, 52.423073 ], [ 5.006432, 52.423231 ], [ 5.00627, 52.423286 ], [ 5.006244, 52.4233 ], [ 5.006193, 52.42332 ], [ 5.006089, 52.423362 ], [ 5.005975, 52.423405 ], [ 5.005867, 52.423443 ], [ 5.00576, 52.423478 ], [ 5.005716, 52.423491 ], [ 5.005304, 52.42364 ], [ 5.00494, 52.423768 ], [ 5.004515, 52.42392 ], [ 5.004348, 52.423978 ], [ 5.004056, 52.424088 ], [ 5.003792, 52.424179 ], [ 5.003483, 52.424299 ], [ 5.003352, 52.424342 ], [ 5.003176, 52.424405 ], [ 5.002671, 52.424591 ], [ 5.002313, 52.424721 ], [ 5.001954, 52.424849 ], [ 5.001657, 52.424957 ], [ 5.001494, 52.425014 ], [ 5.001187, 52.42513 ], [ 5.000899, 52.425229 ], [ 5.000722, 52.425293 ], [ 5.000298, 52.425404 ] ] ] } },
{ "type": "Feature", "properties": { "id": 301, "name": "Schellingwoude-Oost", "g_score_2022": 0.8984, "g_score_2010": 0.8718, "g_diff": 0.0267, "gi_star_z": -0.3751, "class_196": "not significant", "class_140": "not significant" }, "geometry": { "type": "Polygon", "coordinates": [ [ [ 4.952429, 52.386309 ], [ 4.953168, 52.386343 ], [ 4.953724, 52.386355 ], [ 4.95428, 52.386355 ], [ 4.954836, 52.386342 ], [ 4.955575, 52.386306 ], [ 4.95649, 52.386237 ], [ 4.956739, 52.386207 ], [ 4.956974, 52.386163 ], [ 4.958175, 52.385821 ], [ 4.958561, 52.385699 ], [ 4.959032, 52.385533 ], [ 4.95958, 52.385317 ], [ 4.960475, 52.384942 ], [ 4.961258, 52.384603 ], [ 4.962894, 52.384015 ], [ 4.963079, 52.383937 ], [ 4.963228, 52.38386 ], [ 4.963268, 52.383836 ], [ 4.961483, 52.382346 ], [ 4.961395, 52.382233 ], [ 4.961327, 52.382114 ], [ 4.961217, 52.38204 ], [ 4.96097, 52.381832 ], [ 4.960864, 52.38188 ], [ 4.960614, 52.381664 ], [ 4.961578, 52.381223 ], [ 4.963721, 52.379768 ], [ 4.966616, 52.378229 ], [ 4.970327, 52.376261 ], [ 4.973754, 52.37857 ], [ 4.973563, 52.379343 ], [ 4.973334, 52.380113 ], [ 4.973144, 52.380667 ], [ 4.972822, 52.381492 ], [ 4.972582, 52.382038 ], [ 4.972323, 52.382581 ], [ 4.972044, 52.38312 ], [ 4.971745, 52.383655 ], [ 4.971427, 52.384186 ], [ 4.97109, 52.384713 ], [ 4.970471, 52.385603 ], [ 4.969945, 52.386294 ], [ 4.968722, 52.387787 ], [ 4.966862, 52.390001 ], [ 4.962965, 52.389071 ], [ 4.960445, 52.388547 ], [ 4.960365, 52.388522 ], [ 4.960304, 52.388491 ], [ 4.960234, 52.388433 ], [ 4.960123, 52.38828 ], [ 4.960056, 52.388236 ], [ 4.959986, 52.388209 ], [ 4.95391, 52.386748 ], [ 4.952429, 52.386309 ] ] ] } },
{ "type": "Feature", "properties": { "id": 293, "name": "Tuindorp Nieuwendam-Oost", "g_score_2022": 0.655, "g_score_2010": 0.6764, "g_diff": -0.0214, "gi_star_z": -0.5037, "class_196": "not significant", "class_140": "not significant" }, "geometry": { "type": "Polygon", "coordinates": [ [ [ 4.94103, 52.391249 ], [ 4.941188, 52.391211 ], [ 4.941671, 52.391123 ], [ 4.941806, 52.391083 ], [ 4.941922, 52.391035 ], [ 4.942172, 52.390889 ], [ 4.942845, 52.390398 ], [ 4.943492, 52.39011 ], [ 4.943716, 52.39 ], [ 4.944111, 52.389793 ], [ 4.944365, 52.38965 ], [ 4.944476, 52.389566 ], [ 4.944742, 52.389306 ], [ 4.944969, 52.389185 ], [ 4.945037, 52.389036 ], [ 4.945904, 52.388353 ], [ 4.946318, 52.387998 ], [ 4.946494, 52.387864 ], [ 4.947545, 52.387122 ], [ 4.947601, 52.387107 ], [ 4.947727, 52.387102 ], [ 4.947925, 52.387039 ], [ 4.947818, 52.386969 ], [ 4.947943, 52.386878 ], [ 4.948098, 52.386834 ], [ 4.948087, 52.386825 ], [ 4.948318, 52.386777 ], [ 4.949245, 52.386728 ], [ 4.94981, 52.386623 ], [ 4.952072, 52.386692 ], [ 4.952429, 52.386721 ], [ 4.952429, 52.389831 ], [ 4.951935, 52.390709 ], [ 4.951605, 52.391292 ], [ 4.944212, 52.393493 ], [ 4.943377, 52.393741 ], [ 4.942622, 52.392764 ], [ 4.9416, 52.391736 ], [ 4.94103, 52.391249 ] ] ] } },
{ "type": "Feature", "properties": { "id": 292, "name": "Tuindorp Nieuwendam-West", "g_score_2022": 0.7284, "g_score_2010": 0.6901, "g_diff": 0.0383, "gi_star_z": -0.5161, "class_196": "not significant", "class_140": "not significant" }, "geometry": { "type": "Polygon", "coordinates": [ [ [ 4.935021, 52.393082 ], [ 4.935654, 52.3927 ], [ 4.93575, 52.392653 ], [ 4.935917, 52.392604 ], [ 4.936642, 52.39248 ], [ 4.936883, 52.392412 ], [ 4.938011, 52.391949 ], [ 4.938318, 52.391805 ], [ 4.938618, 52.391645 ], [ 4.939435, 52.391489 ], [ 4.939486, 52.391528 ], [ 4.939598, 52.391513 ], [ 4.940223, 52.39141 ], [ 4.940322, 52.391382 ], [ 4.940753, 52.391307 ], [ 4.94103, 52.391249 ], [ 4.9416, 52.391736 ], [ 4.942622, 52.392764 ], [ 4.943377, 52.393741 ], [ 4.940938, 52.394468 ], [ 4.940198, 52.394688 ], [ 4.940081, 52.394702 ], [ 4.939964, 52.394691 ], [ 4.936777, 52.393569 ], [ 4.936211, 52.393371 ], [ 4.935893, 52.393273 ], [ 4.93543, 52.393158 ], [ 4.935021, 52.393082 ] ] ] } },
{ "type": "Feature", "properties": { "id": 291, "name": "Blauwe Zand", "g_score_2022": 0.6658, "g_score_2010": 0.6798, "g_diff": -0.014, "gi_star_z": -0.245, "class_196": "not significant", "class_140": "not significant" }, "geometry": { "type": "Polygon", "coordinates": [ [ [ 4.924212, 52.394841 ], [ 4.924627, 52.393008 ], [ 4.924716, 52.392651 ], [ 4.925047, 52.39155 ], [ 4.925144, 52.391179 ], [ 4.927432, 52.391442 ], [ 4.927416, 52.391515 ], [ 4.928722, 52.391603 ], [ 4.92876, 52.391623 ], [ 4.930093, 52.391721 ], [ 4.931784, 52.391829 ], [ 4.932379, 52.391858 ], [ 4.932388, 52.391804 ], [ 4.933245, 52.391844 ], [ 4.933254, 52.391874 ], [ 4.933466, 52.392004 ], [ 4.93374, 52.392154 ], [ 4.933749, 52.392184 ], [ 4.933937, 52.392291 ], [ 4.933729, 52.392489 ], [ 4.933478, 52.392371 ], [ 4.933192, 52.392566 ], [ 4.933897, 52.392995 ], [ 4.933643, 52.393017 ], [ 4.924547, 52.395264 ], [ 4.924212, 52.394841 ] ] ] } },
{ "type": "Feature", "properties": { "id": 262, "name": "Buiksloterbreek", "g_score_2022": 0.8976, "g_score_2010": 0.9273, "g_diff": -0.0297, "gi_star_z": 0.1597, "class_196": "not significant", "class_140": "not significant" }, "geometry": { "type": "Polygon", "coordinates": [ [ [ 4.902411, 52.404053 ], [ 4.903219, 52.40352 ], [ 4.903896, 52.402966 ], [ 4.903982, 52.402907 ], [ 4.904079, 52.402855 ], [ 4.908339, 52.401233 ], [ 4.908776, 52.401079 ], [ 4.908872, 52.401023 ], [ 4.908921, 52.400948 ], [ 4.909452, 52.400923 ], [ 4.909804, 52.400894 ], [ 4.910327, 52.400835 ], [ 4.910672, 52.400785 ], [ 4.910688, 52.401082 ], [ 4.910752, 52.401343 ], [ 4.91091, 52.401733 ], [ 4.911126, 52.402088 ], [ 4.911386, 52.402395 ], [ 4.911028, 52.402492 ], [ 4.91076, 52.40258 ], [ 4.909607, 52.403041 ], [ 4.907924, 52.40261 ], [ 4.907318, 52.402526 ], [ 4.905211, 52.403338 ], [ 4.905151, 52.403369 ], [ 4.905011, 52.403452 ], [ 4.90491, 52.403525 ], [ 4.904801, 52.403624 ], [ 4.904728, 52.403708 ], [ 4.904706, 52.403759 ], [ 4.9047, 52.403816 ], [ 4.904711, 52.403868 ], [ 4.904738, 52.403918 ], [ 4.905093, 52.404252 ], [ 4.90517, 52.40431 ], [ 4.906223, 52.404862 ], [ 4.90523, 52.405601 ], [ 4.902684, 52.404256 ], [ 4.902411, 52.404053 ] ] ] } },
{ "type": "Feature", "properties": { "id": 261, "name": "Banne-Zuidoost", "g_score_2022": 0.6746, "g_score_2010": 0.6498, "g_diff": 0.0248, "gi_star_z": -1.5323, "class_196": "not significant", "class_140": "coldspot" }, "geometry": { "type": "Polygon", "coordinates": [ [ [ 4.911386, 52.402395 ], [ 4.914729, 52.401497 ], [ 4.917595, 52.400996 ], [ 4.91892, 52.400645 ], [ 4.91922, 52.400582 ], [ 4.91987, 52.400403 ], [ 4.919969, 52.400372 ], [ 4.921508, 52.399776 ], [ 4.922107, 52.399258 ], [ 4.922195, 52.399291 ], [ 4.922311, 52.399355 ], [ 4.922439, 52.399455 ], [ 4.922532, 52.399568 ], [ 4.92272, 52.40006 ], [ 4.922832, 52.400491 ], [ 4.922935, 52.400812 ], [ 4.923103, 52.401239 ], [ 4.923801, 52.402242 ], [ 4.924983, 52.404341 ], [ 4.925069, 52.404802 ], [ 4.924525, 52.404994 ], [ 4.923991, 52.405195 ], [ 4.923208, 52.405516 ], [ 4.918908, 52.407426 ], [ 4.917752, 52.407938 ], [ 4.915198, 52.409126 ], [ 4.91329, 52.407539 ], [ 4.915771, 52.406423 ], [ 4.913722, 52.404719 ], [ 4.913581, 52.404592 ], [ 4.91318, 52.404201 ], [ 4.912933, 52.403934 ], [ 4.912702, 52.403661 ], [ 4.912487, 52.403383 ], [ 4.91199, 52.403089 ], [ 4.911386, 52.402395 ] ] ] } },
{ "type": "Feature", "properties": { "id": 260, "name": "Banne-Zuidwest", "g_score_2022": 0.7013, "g_score_2010": 0.6597, "g_diff": 0.0416, "gi_star_z": -0.0838, "class_196": "not significant", "class_140": "not significant" }, "geometry": { "type": "Polygon", "coordinates": [ [ [ 4.90523, 52.405601 ], [ 4.906223, 52.404862 ], [ 4.90517, 52.40431 ], [ 4.905093, 52.404252 ], [ 4.904738, 52.403918 ], [ 4.904711, 52.403868 ], [ 4.9047, 52.403816 ], [ 4.904706, 52.403759 ], [ 4.904728, 52.403708 ], [ 4.904801, 52.403624 ], [ 4.90491, 52.403525 ], [ 4.905011, 52.403452 ], [ 4.905151, 52.403369 ], [ 4.905211, 52.403338 ], [ 4.907318, 52.402526 ], [ 4.907924, 52.40261 ], [ 4.909607, 52.403041 ], [ 4.91076, 52.40258 ], [ 4.911028, 52.402492 ], [ 4.911386, 52.402395 ], [ 4.91199, 52.403089 ], [ 4.912487, 52.403383 ], [ 4.912702, 52.403661 ], [ 4.912933, 52.403934 ], [ 4.91318, 52.404201 ], [ 4.913581, 52.404592 ], [ 4.913722, 52.404719 ], [ 4.915771, 52.406423 ], [ 4.91329, 52.407539 ], [ 4.915198, 52.409126 ], [ 4.912757, 52.41023 ], [ 4.912625, 52.410077 ], [ 4.91146, 52.409594 ], [ 4.9106, 52.409337 ], [ 4.909041, 52.408016 ], [ 4.907391, 52.407898 ], [ 4.907376, 52.407754 ], [ 4.907315, 52.407615 ], [ 4.906615, 52.406552 ], [ 4.906475, 52.406378 ], [ 4.906301, 52.406216 ], [ 4.906054, 52.406041 ], [ 4.90523, 52.405601 ] ] ] } },
{ "type": "Feature", "properties": { "id": 259, "name": "Banne-Noordoost", "g_score_2022": 0.7249, "g_score_2010": 0.73, "g_diff": -0.0051, "gi_star_z": -3.1802, "class_196": "coldspot", "class_140": "coldspot" }, "geometry": { "type": "Polygon", "coordinates": [ [ [ 4.918908, 52.407426 ], [ 4.923208, 52.405516 ], [ 4.923991, 52.405195 ], [ 4.924525, 52.404994 ], [ 4.925069, 52.404802 ], [ 4.925153, 52.405265 ], [ 4.925156, 52.406413 ], [ 4.925247, 52.406721 ], [ 4.925407, 52.40702 ], [ 4.925592, 52.407284 ], [ 4.925754, 52.407481 ], [ 4.926844, 52.408446 ], [ 4.927221, 52.408742 ], [ 4.928187, 52.409327 ], [ 4.928547, 52.409756 ], [ 4.929027, 52.410382 ], [ 4.929468, 52.410847 ], [ 4.929658, 52.411013 ], [ 4.929799, 52.411134 ], [ 4.929956, 52.411247 ], [ 4.930128, 52.411352 ], [ 4.930314, 52.411447 ], [ 4.930512, 52.411533 ], [ 4.930722, 52.411608 ], [ 4.930412, 52.411943 ], [ 4.93039, 52.412082 ], [ 4.930343, 52.41209 ], [ 4.930263, 52.412118 ], [ 4.930179, 52.412153 ], [ 4.930097, 52.412196 ], [ 4.930064, 52.412206 ], [ 4.929993, 52.412241 ], [ 4.92997, 52.41225 ], [ 4.929936, 52.412259 ], [ 4.929911, 52.412272 ], [ 4.92989, 52.412286 ], [ 4.929868, 52.412298 ], [ 4.929812, 52.412315 ], [ 4.92972, 52.412355 ], [ 4.929657, 52.412376 ], [ 4.929632, 52.412388 ], [ 4.92959, 52.412414 ], [ 4.929476, 52.412451 ], [ 4.929403, 52.412483 ], [ 4.929338, 52.412518 ], [ 4.929246, 52.412559 ], [ 4.929205, 52.412581 ], [ 4.929118, 52.412612 ], [ 4.929034, 52.412651 ], [ 4.928921, 52.4127 ], [ 4.92886, 52.412729 ], [ 4.928779, 52.412778 ], [ 4.928725, 52.4128 ], [ 4.928662, 52.412834 ], [ 4.928627, 52.412847 ], [ 4.928569, 52.412877 ], [ 4.928537, 52.41289 ], [ 4.928446, 52.412932 ], [ 4.928388, 52.412965 ], [ 4.928273, 52.413007 ], [ 4.928216, 52.413037 ], [ 4.928174, 52.413055 ], [ 4.928144, 52.413063 ], [ 4.92811, 52.413075 ], [ 4.928046, 52.413109 ], [ 4.927943, 52.413154 ], [ 4.927904, 52.413177 ], [ 4.927876, 52.413189 ], [ 4.927606, 52.413292 ], [ 4.927483, 52.413358 ], [ 4.927386, 52.413404 ], [ 4.927338, 52.413424 ], [ 4.927312, 52.413438 ], [ 4.927229, 52.41347 ], [ 4.927132, 52.413514 ], [ 4.927046, 52.413548 ], [ 4.926956, 52.413589 ], [ 4.926881, 52.413618 ], [ 4.926789, 52.413663 ], [ 4.926684, 52.413708 ], [ 4.92664, 52.413731 ], [ 4.926564, 52.413763 ], [ 4.926493, 52.4138 ], [ 4.926355, 52.413859 ], [ 4.926189, 52.413935 ], [ 4.926132, 52.413966 ], [ 4.926063, 52.413995 ], [ 4.925964, 52.414042 ], [ 4.925839, 52.414095 ], [ 4.925782, 52.414125 ], [ 4.92574, 52.414141 ], [ 4.925696, 52.414153 ], [ 4.925546, 52.414213 ], [ 4.925502, 52.414236 ], [ 4.925477, 52.414268 ], [ 4.925186, 52.414404 ], [ 4.925083, 52.41447 ], [ 4.92441, 52.414794 ], [ 4.923463, 52.415244 ], [ 4.922752, 52.41553 ], [ 4.919983, 52.413236 ], [ 4.919725, 52.412873 ], [ 4.921836, 52.411923 ], [ 4.922159, 52.411819 ], [ 4.922493, 52.411669 ], [ 4.92267, 52.411227 ], [ 4.923018, 52.41107 ], [ 4.922976, 52.410819 ], [ 4.92294, 52.410776 ], [ 4.922546, 52.410451 ], [ 4.922466, 52.410398 ], [ 4.922395, 52.4103 ], [ 4.922237, 52.410193 ], [ 4.922243, 52.410142 ], [ 4.922229, 52.410129 ], [ 4.922029, 52.409968 ], [ 4.921935, 52.409921 ], [ 4.921812, 52.409829 ], [ 4.921719, 52.409748 ], [ 4.921543, 52.409568 ], [ 4.921479, 52.409527 ], [ 4.921331, 52.409456 ], [ 4.921241, 52.409319 ], [ 4.921131, 52.409191 ], [ 4.920916, 52.409049 ], [ 4.920791, 52.408985 ], [ 4.920714, 52.408934 ], [ 4.92054, 52.408733 ], [ 4.920279, 52.408534 ], [ 4.920156, 52.408472 ], [ 4.920076, 52.408422 ], [ 4.92001, 52.408357 ], [ 4.918908, 52.407426 ] ] ] } },
{ "type": "Feature", "properties": { "id": 272, "name": "Buikslotermeer-Noord", "g_score_2022": 0.6905, "g_score_2010": 0.7399, "g_diff": -0.0494, "gi_star_z": -1.8663, "class_196": "not significant", "class_140": "coldspot" }, "geometry": { "type": "Polygon", "coordinates": [ [ [ 4.932779, 52.402293 ], [ 4.933571, 52.40201 ], [ 4.934347, 52.401713 ], [ 4.935108, 52.4014 ], [ 4.935853, 52.401074 ], [ 4.939612, 52.403995 ], [ 4.939668, 52.404025 ], [ 4.939736, 52.404044 ], [ 4.939829, 52.404051 ], [ 4.939902, 52.404043 ], [ 4.939954, 52.404029 ], [ 4.947368, 52.401057 ], [ 4.947358, 52.400996 ], [ 4.94546, 52.399189 ], [ 4.947338, 52.398631 ], [ 4.951803, 52.402799 ], [ 4.951232, 52.403082 ], [ 4.950362, 52.403496 ], [ 4.949772, 52.403765 ], [ 4.948875, 52.404157 ], [ 4.947502, 52.404724 ], [ 4.946451, 52.405129 ], [ 4.945741, 52.405391 ], [ 4.945099, 52.405618 ], [ 4.944243, 52.405909 ], [ 4.943376, 52.40619 ], [ 4.942501, 52.40646 ], [ 4.941617, 52.40672 ], [ 4.940725, 52.406968 ], [ 4.939824, 52.407205 ], [ 4.939214, 52.407356 ], [ 4.938317, 52.406621 ], [ 4.932779, 52.402293 ] ] ] } },
{ "type": "Feature", "properties": { "id": 270, "name": "Elzenhagen-Zuid", "g_score_2022": 0.4184, "g_score_2010": 1.0, "g_diff": -0.5816, "gi_star_z": -0.5857, "class_196": "not significant", "class_140": "not significant" }, "geometry": { "type": "Polygon", "coordinates": [ [ [ 4.922311, 52.399355 ], [ 4.92275, 52.398675 ], [ 4.922987, 52.398755 ], [ 4.923492, 52.398531 ], [ 4.923889, 52.398404 ], [ 4.925099, 52.398041 ], [ 4.926287, 52.397559 ], [ 4.926614, 52.397437 ], [ 4.927131, 52.397883 ], [ 4.928015, 52.3986 ], [ 4.932779, 52.402293 ], [ 4.932191, 52.402489 ], [ 4.931596, 52.402676 ], [ 4.928979, 52.403561 ], [ 4.926912, 52.404204 ], [ 4.925069, 52.404802 ], [ 4.924983, 52.404341 ], [ 4.923801, 52.402242 ], [ 4.923103, 52.401239 ], [ 4.922935, 52.400812 ], [ 4.922832, 52.400491 ], [ 4.92272, 52.40006 ], [ 4.922532, 52.399568 ], [ 4.922439, 52.399455 ], [ 4.922311, 52.399355 ] ] ] } },
{ "type": "Feature", "properties": { "id": 269, "name": "Elzenhagen-Noord", "g_score_2022": 0.8541, "g_score_2010": 0.8799, "g_diff": -0.0258, "gi_star_z": -2.2396, "class_196": "coldspot", "class_140": "coldspot" }, "geometry": { "type": "Polygon", "coordinates": [ [ [ 4.925069, 52.404802 ], [ 4.926912, 52.404204 ], [ 4.928979, 52.403561 ], [ 4.931596, 52.402676 ], [ 4.932191, 52.402489 ], [ 4.932779, 52.402293 ], [ 4.938317, 52.406621 ], [ 4.939214, 52.407356 ], [ 4.937939, 52.40768 ], [ 4.936634, 52.408047 ], [ 4.935618, 52.408358 ], [ 4.934859, 52.40862 ], [ 4.934379, 52.408797 ], [ 4.933855, 52.409 ], [ 4.933114, 52.409309 ], [ 4.931494, 52.410065 ], [ 4.929658, 52.411013 ], [ 4.929468, 52.410847 ], [ 4.929027, 52.410382 ], [ 4.928547, 52.409756 ], [ 4.928187, 52.409327 ], [ 4.927221, 52.408742 ], [ 4.926844, 52.408446 ], [ 4.925754, 52.407481 ], [ 4.925592, 52.407284 ], [ 4.925407, 52.40702 ], [ 4.925247, 52.406721 ], [ 4.925156, 52.406413 ], [ 4.925153, 52.405265 ], [ 4.925069, 52.404802 ] ] ] } },
{ "type": "Feature", "properties": { "id": 267, "name": "Nieuwendammerdijk-Oost", "g_score_2022": 0.9232, "g_score_2010": 0.9174, "g_diff": 0.0058, "gi_star_z": -0.1919, "class_196": "not significant", "class_140": "not significant" }, "geometry": { "type": "Polygon", "coordinates": [ [ [ 4.938963, 52.388244 ], [ 4.940219, 52.388689 ], [ 4.940362, 52.388845 ], [ 4.942777, 52.389684 ], [ 4.942957, 52.389771 ], [ 4.943151, 52.389902 ], [ 4.94358, 52.389689 ], [ 4.943777, 52.389574 ], [ 4.943956, 52.389457 ], [ 4.944088, 52.389362 ], [ 4.944874, 52.388721 ], [ 4.945075, 52.388568 ], [ 4.946127, 52.387862 ], [ 4.946903, 52.387306 ], [ 4.949051, 52.385833 ], [ 4.949679, 52.385821 ], [ 4.949972, 52.385823 ], [ 4.950634, 52.385856 ], [ 4.95087, 52.38588 ], [ 4.951062, 52.385913 ], [ 4.951241, 52.385956 ], [ 4.952429, 52.386309 ], [ 4.952429, 52.386721 ], [ 4.952072, 52.386692 ], [ 4.94981, 52.386623 ], [ 4.949245, 52.386728 ], [ 4.948318, 52.386777 ], [ 4.948087, 52.386825 ], [ 4.948098, 52.386834 ], [ 4.947943, 52.386878 ], [ 4.947818, 52.386969 ], [ 4.947925, 52.387039 ], [ 4.947727, 52.387102 ], [ 4.947601, 52.387107 ], [ 4.947545, 52.387122 ], [ 4.946494, 52.387864 ], [ 4.946318, 52.387998 ], [ 4.945904, 52.388353 ], [ 4.945037, 52.389036 ], [ 4.944969, 52.389185 ], [ 4.944742, 52.389306 ], [ 4.944476, 52.389566 ], [ 4.944365, 52.38965 ], [ 4.944111, 52.389793 ], [ 4.943716, 52.39 ], [ 4.943492, 52.39011 ], [ 4.942845, 52.390398 ], [ 4.942172, 52.390889 ], [ 4.941922, 52.391035 ], [ 4.941806, 52.391083 ], [ 4.941671, 52.391123 ], [ 4.941188, 52.391211 ], [ 4.94103, 52.391249 ], [ 4.940826, 52.39096 ], [ 4.940752, 52.390787 ], [ 4.940453, 52.390203 ], [ 4.939629, 52.389945 ], [ 4.938963, 52.388244 ] ] ] } },
{ "type": "Feature", "properties": { "id": 266, "name": "Nieuwendammerdijk-West", "g_score_2022": 0.9305, "g_score_2010": 0.9299, "g_diff": 0.0006, "gi_star_z": -0.2107, "class_196": "not significant", "class_140": "not significant" }, "geometry": { "type": "Polygon", "coordinates": [ [ [ 4.923915, 52.394433 ], [ 4.924082, 52.39386 ], [ 4.924106, 52.393814 ], [ 4.924149, 52.39378 ], [ 4.924269, 52.393737 ], [ 4.924112, 52.393461 ], [ 4.924612, 52.391392 ], [ 4.924632, 52.391319 ], [ 4.924653, 52.391307 ], [ 4.924609, 52.391185 ], [ 4.924608, 52.391152 ], [ 4.924633, 52.391109 ], [ 4.924759, 52.390668 ], [ 4.925061, 52.390699 ], [ 4.925181, 52.390697 ], [ 4.926444, 52.390896 ], [ 4.926444, 52.39089 ], [ 4.927014, 52.390974 ], [ 4.927774, 52.391073 ], [ 4.928598, 52.39115 ], [ 4.929234, 52.391204 ], [ 4.930341, 52.391282 ], [ 4.931546, 52.391348 ], [ 4.931545, 52.391353 ], [ 4.931669, 52.39136 ], [ 4.932746, 52.391389 ], [ 4.932932, 52.391387 ], [ 4.932934, 52.391376 ], [ 4.93306, 52.391385 ], [ 4.933057, 52.39141 ], [ 4.93322, 52.391428 ], [ 4.933407, 52.391411 ], [ 4.933417, 52.39145 ], [ 4.933553, 52.391438 ], [ 4.933543, 52.3914 ], [ 4.933724, 52.391379 ], [ 4.933764, 52.391369 ], [ 4.934085, 52.391346 ], [ 4.934093, 52.391382 ], [ 4.934209, 52.391378 ], [ 4.934807, 52.391281 ], [ 4.938404, 52.390773 ], [ 4.939629, 52.389945 ], [ 4.940453, 52.390203 ], [ 4.940752, 52.390787 ], [ 4.940826, 52.39096 ], [ 4.94103, 52.391249 ], [ 4.940753, 52.391307 ], [ 4.940322, 52.391382 ], [ 4.940223, 52.39141 ], [ 4.939598, 52.391513 ], [ 4.939486, 52.391528 ], [ 4.939435, 52.391489 ], [ 4.938618, 52.391645 ], [ 4.938318, 52.391805 ], [ 4.938011, 52.391949 ], [ 4.936883, 52.392412 ], [ 4.936642, 52.39248 ], [ 4.935917, 52.392604 ], [ 4.93575, 52.392653 ], [ 4.935654, 52.3927 ], [ 4.935021, 52.393082 ], [ 4.934389, 52.393002 ], [ 4.934148, 52.392991 ], [ 4.933897, 52.392995 ], [ 4.933192, 52.392566 ], [ 4.933478, 52.392371 ], [ 4.933729, 52.392489 ], [ 4.933937, 52.392291 ], [ 4.933749, 52.392184 ], [ 4.93374, 52.392154 ], [ 4.933466, 52.392004 ], [ 4.933254, 52.391874 ], [ 4.933245, 52.391844 ], [ 4.932388, 52.391804 ], [ 4.932379, 52.391858 ], [ 4.931784, 52.391829 ], [ 4.930093, 52.391721 ], [ 4.92876, 52.391623 ], [ 4.928722, 52.391603 ], [ 4.927416, 52.391515 ], [ 4.927432, 52.391442 ], [ 4.925144, 52.391179 ], [ 4.925047, 52.39155 ], [ 4.924716, 52.392651 ], [ 4.924627, 52.393008 ], [ 4.924212, 52.394841 ], [ 4.923915, 52.394433 ] ] ] } },
{ "type": "Feature", "properties": { "id": 263, "name": "Marjoleinterrein", "g_score_2022": 0.7506, "g_score_2010": 0.7134, "g_diff": 0.0372, "gi_star_z": -0.1136, "class_196": "not significant", "class_140": "not significant" }, "geometry": { "type": "Polygon", "coordinates": [ [ [ 4.910672, 52.400785 ], [ 4.913254, 52.400834 ], [ 4.913314, 52.400829 ], [ 4.913439, 52.400797 ], [ 4.913566, 52.400779 ], [ 4.913638, 52.400777 ], [ 4.91375, 52.400788 ], [ 4.913999, 52.40077 ], [ 4.914837, 52.4009 ], [ 4.914796, 52.401113 ], [ 4.914804, 52.401114 ], [ 4.914751, 52.40128 ], [ 4.914729, 52.401497 ], [ 4.911386, 52.402395 ], [ 4.911126, 52.402088 ], [ 4.91091, 52.401733 ], [ 4.910752, 52.401343 ], [ 4.910688, 52.401082 ], [ 4.910672, 52.400785 ] ] ] } },
{ "type": "Feature", "properties": { "id": 180, "name": "Amstelkwartier-Noord", "g_score_2022": 0.8095, "g_score_2010": 0.7917, "g_diff": 0.0178, "gi_star_z": 5.1152, "class_196": "hotspot", "class_140": "hotspot" }, "geometry": { "type": "Polygon", "coordinates": [ [ [ 4.911799, 52.33946 ], [ 4.915213, 52.334666 ], [ 4.919551, 52.335801 ], [ 4.919362, 52.336043 ], [ 4.920197, 52.336274 ], [ 4.920289, 52.336431 ], [ 4.919495, 52.336699 ], [ 4.920262, 52.337616 ], [ 4.922171, 52.338297 ], [ 4.922012, 52.338464 ], [ 4.920873, 52.340176 ], [ 4.919978, 52.341634 ], [ 4.919584, 52.342322 ], [ 4.919458, 52.342578 ], [ 4.914969, 52.341862 ], [ 4.914868, 52.341601 ], [ 4.914681, 52.34134 ], [ 4.914375, 52.340939 ], [ 4.914047, 52.340578 ], [ 4.913602, 52.340278 ], [ 4.913194, 52.340035 ], [ 4.912624, 52.339734 ], [ 4.912015, 52.339516 ], [ 4.911799, 52.33946 ] ] ] } },
{ "type": "Feature", "properties": { "id": 169, "name": "Sportpark Middenmeer-Noord", "g_score_2022": 0.1404, "g_score_2010": null, "g_diff": null, "gi_star_z": null, "class_196": null, "class_140": null }, "geometry": { "type": "Polygon", "coordinates": [ [ [ 4.944314, 52.350241 ], [ 4.947349, 52.34834 ], [ 4.948535, 52.347587 ], [ 4.948806, 52.347427 ], [ 4.948919, 52.347376 ], [ 4.949042, 52.347336 ], [ 4.94954, 52.347227 ], [ 4.949683, 52.347183 ], [ 4.949851, 52.347105 ], [ 4.950031, 52.346985 ], [ 4.95228, 52.348311 ], [ 4.952524, 52.34837 ], [ 4.95325, 52.348796 ], [ 4.95399, 52.349211 ], [ 4.95465, 52.349615 ], [ 4.955174, 52.349915 ], [ 4.955351, 52.350073 ], [ 4.949617, 52.352481 ], [ 4.948802, 52.352832 ], [ 4.94861, 52.352717 ], [ 4.94772, 52.352256 ], [ 4.946921, 52.351805 ], [ 4.946347, 52.351449 ], [ 4.944314, 52.350241 ] ] ] } },
{ "type": "Feature", "properties": { "id": 168, "name": "Sportpark Middenmeer-Zuid", "g_score_2022": 0.7985, "g_score_2010": 0.7687, "g_diff": 0.0298, "gi_star_z": -0.0554, "class_196": "not significant", "class_140": "not significant" }, "geometry": { "type": "Polygon", "coordinates": [ [ [ 4.940186, 52.347784 ], [ 4.941522, 52.346927 ], [ 4.942966, 52.34602 ], [ 4.944482, 52.345086 ], [ 4.945308, 52.344552 ], [ 4.945638, 52.344338 ], [ 4.949889, 52.346882 ], [ 4.950031, 52.346985 ], [ 4.949851, 52.347105 ], [ 4.949683, 52.347183 ], [ 4.94954, 52.347227 ], [ 4.949042, 52.347336 ], [ 4.948919, 52.347376 ], [ 4.948806, 52.347427 ], [ 4.948535, 52.347587 ], [ 4.947349, 52.34834 ], [ 4.944314, 52.350241 ], [ 4.940186, 52.347784 ] ] ] } },
{ "type": "Feature", "properties": { "id": 242, "name": "Oostzanerdijk", "g_score_2022": 0.8646, "g_score_2010": null, "g_diff": null, "gi_star_z": null, "class_196": null, "class_140": null }, "geometry": { "type": "Polygon", "coordinates": [ [ [ 4.879269, 52.419086 ], [ 4.880621, 52.418332 ], [ 4.880821, 52.418209 ], [ 4.881049, 52.418082 ], [ 4.882097, 52.417579 ], [ 4.882677, 52.416977 ], [ 4.883022, 52.416801 ], [ 4.88327, 52.416674 ], [ 4.884561, 52.415763 ], [ 4.884741, 52.41562 ], [ 4.885642, 52.414837 ], [ 4.885712, 52.414797 ], [ 4.88582, 52.414756 ], [ 4.88591, 52.414736 ], [ 4.886005, 52.414725 ], [ 4.886164, 52.41473 ], [ 4.887619, 52.414875 ], [ 4.888194, 52.414831 ], [ 4.889076, 52.414908 ], [ 4.892451, 52.415515 ], [ 4.892579, 52.41551 ], [ 4.892681, 52.415485 ], [ 4.893317, 52.415195 ], [ 4.893426, 52.415174 ], [ 4.893524, 52.415176 ], [ 4.894181, 52.415258 ], [ 4.894277, 52.415278 ], [ 4.894414, 52.415338 ], [ 4.894808, 52.415599 ], [ 4.895192, 52.415787 ], [ 4.895915, 52.415895 ], [ 4.897849, 52.415291 ], [ 4.897975, 52.415881 ], [ 4.89806, 52.416098 ], [ 4.898138, 52.416185 ], [ 4.898055, 52.416217 ], [ 4.898079, 52.416254 ], [ 4.898318, 52.41649 ], [ 4.898372, 52.416561 ], [ 4.89838, 52.416597 ], [ 4.898364, 52.416643 ], [ 4.898277, 52.416736 ], [ 4.898233, 52.416836 ], [ 4.898198, 52.416805 ], [ 4.898154, 52.416785 ], [ 4.897543, 52.416622 ], [ 4.896809, 52.416473 ], [ 4.896556, 52.41647 ], [ 4.896475, 52.416471 ], [ 4.89639, 52.416488 ], [ 4.896235, 52.416568 ], [ 4.895832, 52.416538 ], [ 4.895491, 52.416487 ], [ 4.895144, 52.416469 ], [ 4.894757, 52.416412 ], [ 4.894544, 52.416526 ], [ 4.893599, 52.41639 ], [ 4.892753, 52.416245 ], [ 4.889413, 52.415808 ], [ 4.889534, 52.415431 ], [ 4.889238, 52.415409 ], [ 4.888946, 52.415373 ], [ 4.886598, 52.415018 ], [ 4.886397, 52.415005 ], [ 4.886278, 52.415008 ], [ 4.886128, 52.415032 ], [ 4.885991, 52.415076 ], [ 4.885876, 52.415135 ], [ 4.885749, 52.415228 ], [ 4.884841, 52.415941 ], [ 4.883117, 52.417186 ], [ 4.882868, 52.417374 ], [ 4.882605, 52.417588 ], [ 4.882265, 52.417886 ], [ 4.88171, 52.418394 ], [ 4.881626, 52.418444 ], [ 4.880155, 52.419794 ], [ 4.879269, 52.419086 ] ] ] } },
{ "type": "Feature", "properties": { "id": 241, "name": "Twiske-West", "g_score_2022": 0.8816, "g_score_2010": 0.92, "g_diff": -0.0384, "gi_star_z": -0.5979, "class_196": "not significant", "class_140": "not significant" }, "geometry": { "type": "Polygon", "coordinates": [ [ [ 4.887691, 52.425586 ], [ 4.888122, 52.425177 ], [ 4.889098, 52.424097 ], [ 4.891478, 52.421633 ], [ 4.892192, 52.420851 ], [ 4.893221, 52.419833 ], [ 4.894188, 52.41891 ], [ 4.895438, 52.417614 ], [ 4.895861, 52.41712 ], [ 4.895991, 52.417 ], [ 4.896203, 52.416841 ], [ 4.896332, 52.416732 ], [ 4.896465, 52.416593 ], [ 4.896556, 52.41647 ], [ 4.896809, 52.416473 ], [ 4.897543, 52.416622 ], [ 4.898154, 52.416785 ], [ 4.898198, 52.416805 ], [ 4.898233, 52.416836 ], [ 4.898248, 52.416867 ], [ 4.898402, 52.417671 ], [ 4.898446, 52.418295 ], [ 4.898497, 52.41863 ], [ 4.898492, 52.419149 ], [ 4.898581, 52.420569 ], [ 4.898571, 52.420569 ], [ 4.898667, 52.421109 ], [ 4.898596, 52.421556 ], [ 4.898607, 52.422023 ], [ 4.898766, 52.424199 ], [ 4.898746, 52.424462 ], [ 4.898457, 52.424515 ], [ 4.898389, 52.424521 ], [ 4.898413, 52.424584 ], [ 4.898374, 52.424578 ], [ 4.898352, 52.424577 ], [ 4.898318, 52.424585 ], [ 4.898091, 52.424629 ], [ 4.897965, 52.424656 ], [ 4.897737, 52.4247 ], [ 4.897556, 52.424739 ], [ 4.89744, 52.424762 ], [ 4.89738, 52.424776 ], [ 4.897146, 52.424814 ], [ 4.896867, 52.424881 ], [ 4.896729, 52.424898 ], [ 4.896536, 52.424933 ], [ 4.896421, 52.424944 ], [ 4.896331, 52.424958 ], [ 4.89624, 52.42497 ], [ 4.896158, 52.424984 ], [ 4.896083, 52.424999 ], [ 4.895999, 52.425013 ], [ 4.895905, 52.425035 ], [ 4.895747, 52.425052 ], [ 4.895516, 52.42509 ], [ 4.895367, 52.425104 ], [ 4.895178, 52.425134 ], [ 4.895075, 52.425146 ], [ 4.894989, 52.425159 ], [ 4.894903, 52.425171 ], [ 4.894788, 52.425183 ], [ 4.894695, 52.425198 ], [ 4.894644, 52.425202 ], [ 4.894397, 52.425237 ], [ 4.894197, 52.425256 ], [ 4.893909, 52.425289 ], [ 4.893747, 52.42531 ], [ 4.893654, 52.425318 ], [ 4.893608, 52.425327 ], [ 4.893541, 52.425336 ], [ 4.893447, 52.425344 ], [ 4.893336, 52.425352 ], [ 4.89317, 52.425374 ], [ 4.892987, 52.425389 ], [ 4.89269, 52.425424 ], [ 4.892465, 52.42545 ], [ 4.892302, 52.425458 ], [ 4.892219, 52.425466 ], [ 4.892108, 52.425468 ], [ 4.891977, 52.42548 ], [ 4.891623, 52.425518 ], [ 4.891562, 52.42552 ], [ 4.891483, 52.425529 ], [ 4.891359, 52.425539 ], [ 4.890877, 52.425572 ], [ 4.890699, 52.425582 ], [ 4.890598, 52.425589 ], [ 4.890437, 52.425597 ], [ 4.890104, 52.425617 ], [ 4.889947, 52.425624 ], [ 4.889697, 52.425634 ], [ 4.889485, 52.425637 ], [ 4.888928, 52.425636 ], [ 4.88875, 52.42563 ], [ 4.888601, 52.425628 ], [ 4.888306, 52.425619 ], [ 4.888161, 52.425619 ], [ 4.887691, 52.425586 ] ] ] } },
{ "type": "Feature", "properties": { "id": 414, "name": "Gein 1", "g_score_2022": 0.5747, "g_score_2010": 0.5741, "g_diff": 0.0005, "gi_star_z": -0.8061, "class_196": "not significant", "class_140": "not significant" }, "geometry": { "type": "Polygon", "coordinates": [ [ [ 4.979897, 52.301516 ], [ 4.979911, 52.300579 ], [ 4.979922, 52.300526 ], [ 4.979947, 52.300474 ], [ 4.981371, 52.298903 ], [ 4.981459, 52.298836 ], [ 4.981812, 52.298645 ], [ 4.98186, 52.298591 ], [ 4.981872, 52.298006 ], [ 4.982045, 52.297412 ], [ 4.982059, 52.297234 ], [ 4.98205, 52.297173 ], [ 4.98202, 52.297116 ], [ 4.981859, 52.296945 ], [ 4.982202, 52.296825 ], [ 4.982091, 52.29669 ], [ 4.982053, 52.296614 ], [ 4.982042, 52.296564 ], [ 4.982045, 52.296321 ], [ 4.985459, 52.296327 ], [ 4.989248, 52.296344 ], [ 4.989202, 52.301546 ], [ 4.986299, 52.301538 ], [ 4.979897, 52.301516 ] ] ] } },
{ "type": "Feature", "properties": { "id": 182, "name": "Weespertrekvaart", "g_score_2022": 0.6925, "g_score_2010": 0.3136, "g_diff": 0.3789, "gi_star_z": -0.0671, "class_196": "not significant", "class_140": "not significant" }, "geometry": { "type": "Polygon", "coordinates": [ [ [ 4.919458, 52.342578 ], [ 4.919584, 52.342322 ], [ 4.919978, 52.341634 ], [ 4.920873, 52.340176 ], [ 4.922012, 52.338464 ], [ 4.922171, 52.338297 ], [ 4.924949, 52.335386 ], [ 4.925233, 52.335382 ], [ 4.925501, 52.335386 ], [ 4.925782, 52.335376 ], [ 4.926951, 52.335779 ], [ 4.926779, 52.335968 ], [ 4.928502, 52.336558 ], [ 4.932697, 52.33578 ], [ 4.934229, 52.335499 ], [ 4.935632, 52.335517 ], [ 4.93652, 52.334595 ], [ 4.937346, 52.334874 ], [ 4.937713, 52.335006 ], [ 4.937842, 52.335059 ], [ 4.937919, 52.335095 ], [ 4.938157, 52.335241 ], [ 4.938336, 52.335292 ], [ 4.938508, 52.33531 ], [ 4.938828, 52.3354 ], [ 4.939033, 52.335474 ], [ 4.939404, 52.335569 ], [ 4.939536, 52.335596 ], [ 4.939683, 52.33561 ], [ 4.939967, 52.335619 ], [ 4.940374, 52.335606 ], [ 4.941714, 52.335535 ], [ 4.941723, 52.336042 ], [ 4.94172, 52.336168 ], [ 4.94173, 52.33641 ], [ 4.9426, 52.336523 ], [ 4.929144, 52.338974 ], [ 4.928845, 52.339053 ], [ 4.928635, 52.339129 ], [ 4.927144, 52.339812 ], [ 4.921296, 52.342497 ], [ 4.920745, 52.342722 ], [ 4.920613, 52.342754 ], [ 4.920473, 52.342766 ], [ 4.92036, 52.34276 ], [ 4.920277, 52.342748 ], [ 4.919696, 52.342617 ], [ 4.919458, 52.342578 ] ] ] } },
{ "type": "Feature", "properties": { "id": 160, "name": "Tuindorp Amstelstation", "g_score_2022": 0.5154, "g_score_2010": 0.485, "g_diff": 0.0304, "gi_star_z": 1.6235, "class_196": "not significant", "class_140": "hotspot" }, "geometry": { "type": "Polygon", "coordinates": [ [ [ 4.925571, 52.345938 ], [ 4.925292, 52.345929 ], [ 4.921316, 52.345885 ], [ 4.92077, 52.345838 ], [ 4.920446, 52.345796 ], [ 4.920118, 52.345733 ], [ 4.919545, 52.345594 ], [ 4.919271, 52.345237 ], [ 4.919228, 52.345166 ], [ 4.919168, 52.345027 ], [ 4.91914, 52.344864 ], [ 4.919156, 52.3447 ], [ 4.919403, 52.343981 ], [ 4.919579, 52.343664 ], [ 4.919784, 52.343565 ], [ 4.919908, 52.343434 ], [ 4.920078, 52.3433 ], [ 4.920195, 52.343224 ], [ 4.920449, 52.343092 ], [ 4.920469, 52.343051 ], [ 4.920473, 52.342766 ], [ 4.920613, 52.342754 ], [ 4.920745, 52.342722 ], [ 4.921296, 52.342497 ], [ 4.926073, 52.345359 ], [ 4.925582, 52.345665 ], [ 4.925571, 52.345938 ] ] ] } },
{ "type": "Feature", "properties": { "id": 158, "name": "Julianapark", "g_score_2022": 0.8727, "g_score_2010": 0.8503, "g_diff": 0.0224, "gi_star_z": 0.7224, "class_196": "not significant", "class_140": "not significant" }, "geometry": { "type": "Polygon", "coordinates": [ [ [ 4.916606, 52.347884 ], [ 4.917414, 52.346506 ], [ 4.918483, 52.344676 ], [ 4.918886, 52.343781 ], [ 4.919231, 52.343627 ], [ 4.919295, 52.34361 ], [ 4.919375, 52.343603 ], [ 4.919443, 52.34361 ], [ 4.919504, 52.343626 ], [ 4.919579, 52.343664 ], [ 4.919403, 52.343981 ], [ 4.919156, 52.3447 ], [ 4.91914, 52.344864 ], [ 4.919168, 52.345027 ], [ 4.919228, 52.345166 ], [ 4.919271, 52.345237 ], [ 4.919545, 52.345594 ], [ 4.920118, 52.345733 ], [ 4.920446, 52.345796 ], [ 4.92077, 52.345838 ], [ 4.921316, 52.345885 ], [ 4.925292, 52.345929 ], [ 4.925571, 52.345938 ], [ 4.925807, 52.345943 ], [ 4.925987, 52.345967 ], [ 4.926251, 52.346018 ], [ 4.926506, 52.346087 ], [ 4.92682, 52.346206 ], [ 4.927495, 52.346575 ], [ 4.925161, 52.348157 ], [ 4.924804, 52.348347 ], [ 4.924485, 52.348472 ], [ 4.924186, 52.348565 ], [ 4.92374, 52.348668 ], [ 4.923291, 52.348712 ], [ 4.922988, 52.34872 ], [ 4.922685, 52.348712 ], [ 4.922385, 52.348688 ], [ 4.916606, 52.347884 ] ] ] } }
]
}
