{
"type": "FeatureCollection",
"name": "milan-voronoi-caps",
"crs": { "type": "name", "properties": { "name": "urn:ogc:def:crs:OGC:1.3:CRS84" } },
"xy_coordinate_resolution": 1e-06,
"features": [
{ "type": "Feature", "properties": { "postcode": "20121", "iou_vs_official": 0.9257, "match_status": "matched", "n_seed_addresses": 3584 }, "geometry": { "type": "Polygon", "coordinates": [ [ [ 9.179652, 45.466 ], [ 9.179573, 45.465997 ], [ 9.17947, 45.466012 ], [ 9.179464, 45.466014 ], [ 9.179372, 45.466069 ], [ 9.179343, 45.466082 ], [ 9.179285, 45.466123 ], [ 9.179172, 45.466222 ], [ 9.179107, 45.466289 ], [ 9.179104, 45.466289 ], [ 9.178634, 45.46635 ], [ 9.17833, 45.466628 ], [ 9.178302, 45.466679 ], [ 9.178255, 45.46675 ], [ 9.178305, 45.466913 ], [ 9.178281, 45.46703 ], [ 9.177993, 45.46741 ], [ 9.17799, 45.467425 ], [ 9.177711, 45.467985 ], [ 9.177807, 45.468034 ], [ 9.178048, 45.468445 ], [ 9.177807, 45.468599 ], [ 9.177645, 45.468858 ], [ 9.177482, 45.46891 ], [ 9.177467, 45.468934 ], [ 9.177347, 45.469062 ], [ 9.177273, 45.469109 ], [ 9.17711, 45.469137 ], [ 9.176807, 45.468741 ], [ 9.176804, 45.468741 ], [ 9.176561, 45.468754 ], [ 9.176527, 45.468794 ], [ 9.176091, 45.468756 ], [ 9.176068, 45.46876 ], [ 9.175973, 45.468899 ], [ 9.175763, 45.468939 ], [ 9.175636, 45.468981 ], [ 9.175436, 45.468956 ], [ 9.175429, 45.468951 ], [ 9.175399, 45.468934 ], [ 9.175358, 45.468907 ], [ 9.175344, 45.468898 ], [ 9.175203, 45.468804 ], [ 9.175164, 45.468793 ], [ 9.175088, 45.468798 ], [ 9.174917, 45.468871 ], [ 9.174761, 45.468992 ], [ 9.17472, 45.46901 ], [ 9.174312, 45.469234 ], [ 9.174252, 45.469304 ], [ 9.174223, 45.469311 ], [ 9.174104, 45.469367 ], [ 9.174016, 45.469439 ], [ 9.173846, 45.469574 ], [ 9.173642, 45.469862 ], [ 9.173554, 45.470045 ], [ 9.173475, 45.470254 ], [ 9.173428, 45.470457 ], [ 9.173424, 45.470848 ], [ 9.173151, 45.470973 ], [ 9.172602, 45.471284 ], [ 9.171965, 45.471649 ], [ 9.171863, 45.472162 ], [ 9.171757, 45.473066 ], [ 9.171913, 45.473243 ], [ 9.172015, 45.473327 ], [ 9.172733, 45.473622 ], [ 9.173491, 45.473938 ], [ 9.173602, 45.474019 ], [ 9.174917, 45.474465 ], [ 9.175131, 45.475075 ], [ 9.175284, 45.475267 ], [ 9.175437, 45.475438 ], [ 9.175584, 45.475574 ], [ 9.17571, 45.475617 ], [ 9.176395, 45.475648 ], [ 9.176748, 45.475645 ], [ 9.177212, 45.475506 ], [ 9.178092, 45.474394 ], [ 9.178584, 45.474163 ], [ 9.179248, 45.474606 ], [ 9.179383, 45.475288 ], [ 9.18067, 45.47591 ], [ 9.180676, 45.476012 ], [ 9.180577, 45.476583 ], [ 9.18049, 45.476835 ], [ 9.180432, 45.476956 ], [ 9.18052, 45.477192 ], [ 9.180755, 45.477486 ], [ 9.180919, 45.477604 ], [ 9.180977, 45.47767 ], [ 9.181083, 45.478052 ], [ 9.181158, 45.478235 ], [ 9.181096, 45.478379 ], [ 9.181284, 45.478943 ], [ 9.181332, 45.47898 ], [ 9.1812, 45.479368 ], [ 9.181298, 45.479446 ], [ 9.181377, 45.479706 ], [ 9.181357, 45.479763 ], [ 9.181514, 45.479914 ], [ 9.181473, 45.480202 ], [ 9.181484, 45.480216 ], [ 9.181512, 45.480299 ], [ 9.181504, 45.480351 ], [ 9.181517, 45.480434 ], [ 9.181519, 45.480462 ], [ 9.181538, 45.480528 ], [ 9.181539, 45.480534 ], [ 9.181544, 45.480566 ], [ 9.181555, 45.480606 ], [ 9.181599, 45.481001 ], [ 9.181654, 45.481079 ], [ 9.181954, 45.48131 ], [ 9.182018, 45.481343 ], [ 9.182129, 45.481283 ], [ 9.182415, 45.4813 ], [ 9.18246, 45.481337 ], [ 9.182623, 45.481434 ], [ 9.182787, 45.481508 ], [ 9.182998, 45.481547 ], [ 9.183166, 45.481523 ], [ 9.183308, 45.48146 ], [ 9.183447, 45.481337 ], [ 9.183448, 45.481337 ], [ 9.183499, 45.48124 ], [ 9.183636, 45.481199 ], [ 9.183788, 45.481192 ], [ 9.18384, 45.481183 ], [ 9.183898, 45.481187 ], [ 9.183955, 45.481158 ], [ 9.18432, 45.481248 ], [ 9.184367, 45.481246 ], [ 9.184439, 45.481221 ], [ 9.184457, 45.481211 ], [ 9.184676, 45.480984 ], [ 9.18481, 45.480977 ], [ 9.184875, 45.480985 ], [ 9.184948, 45.480932 ], [ 9.185085, 45.480897 ], [ 9.185102, 45.480893 ], [ 9.185127, 45.480889 ], [ 9.18522, 45.480883 ], [ 9.185234, 45.480878 ], [ 9.185263, 45.480869 ], [ 9.18539, 45.480956 ], [ 9.185464, 45.48099 ], [ 9.185501, 45.481 ], [ 9.185584, 45.481009 ], [ 9.185609, 45.481003 ], [ 9.185665, 45.480981 ], [ 9.185705, 45.480973 ], [ 9.185746, 45.480979 ], [ 9.185799, 45.480964 ], [ 9.185958, 45.480967 ], [ 9.186008, 45.480654 ], [ 9.186195, 45.480607 ], [ 9.186253, 45.480623 ], [ 9.186552, 45.480488 ], [ 9.186624, 45.480479 ], [ 9.186864, 45.480618 ], [ 9.186938, 45.480637 ], [ 9.18701, 45.480678 ], [ 9.187075, 45.480689 ], [ 9.187336, 45.480562 ], [ 9.187377, 45.480564 ], [ 9.187539, 45.480554 ], [ 9.187706, 45.480669 ], [ 9.187846, 45.480689 ], [ 9.18813, 45.480507 ], [ 9.188329, 45.48059 ], [ 9.188389, 45.480545 ], [ 9.188493, 45.480515 ], [ 9.188516, 45.480512 ], [ 9.188526, 45.48051 ], [ 9.18856, 45.480504 ], [ 9.188625, 45.4805 ], [ 9.188924, 45.48031 ], [ 9.188958, 45.480267 ], [ 9.188993, 45.480255 ], [ 9.188997, 45.480254 ], [ 9.189234, 45.480265 ], [ 9.189266, 45.48025 ], [ 9.189386, 45.480231 ], [ 9.189742, 45.479977 ], [ 9.190433, 45.480022 ], [ 9.190449, 45.480082 ], [ 9.191024, 45.480317 ], [ 9.191255, 45.480296 ], [ 9.191395, 45.480249 ], [ 9.191493, 45.480193 ], [ 9.191577, 45.480127 ], [ 9.191729, 45.480204 ], [ 9.192053, 45.480188 ], [ 9.192312, 45.480028 ], [ 9.192528, 45.479876 ], [ 9.192534, 45.479878 ], [ 9.192647, 45.479937 ], [ 9.192666, 45.480038 ], [ 9.193078, 45.480678 ], [ 9.193084, 45.480682 ], [ 9.193198, 45.480594 ], [ 9.193391, 45.480476 ], [ 9.193518, 45.480433 ], [ 9.193615, 45.480372 ], [ 9.193739, 45.480193 ], [ 9.193867, 45.479923 ], [ 9.193812, 45.479793 ], [ 9.19394, 45.479491 ], [ 9.194542, 45.4793 ], [ 9.194746, 45.479007 ], [ 9.195154, 45.479053 ], [ 9.195338, 45.479024 ], [ 9.195344, 45.479016 ], [ 9.195557, 45.478842 ], [ 9.196089, 45.478706 ], [ 9.196256, 45.478712 ], [ 9.196407, 45.478679 ], [ 9.196842, 45.478555 ], [ 9.197118, 45.478717 ], [ 9.197258, 45.478735 ], [ 9.19726, 45.478735 ], [ 9.197447, 45.478472 ], [ 9.197725, 45.478029 ], [ 9.198016, 45.477755 ], [ 9.198058, 45.477677 ], [ 9.198316, 45.477509 ], [ 9.198347, 45.477475 ], [ 9.198395, 45.476825 ], [ 9.198496, 45.476472 ], [ 9.198588, 45.476269 ], [ 9.198688, 45.475722 ], [ 9.198749, 45.475588 ], [ 9.199168, 45.475088 ], [ 9.199753, 45.475145 ], [ 9.20084, 45.474828 ], [ 9.20105, 45.474639 ], [ 9.201281, 45.474508 ], [ 9.201339, 45.474468 ], [ 9.202001, 45.474421 ], [ 9.202321, 45.474376 ], [ 9.202796, 45.474568 ], [ 9.202937, 45.474679 ], [ 9.203812, 45.474825 ], [ 9.20446, 45.474867 ], [ 9.204481, 45.474884 ], [ 9.204871, 45.475001 ], [ 9.205157, 45.474751 ], [ 9.205498, 45.474587 ], [ 9.205222, 45.473796 ], [ 9.2052, 45.473777 ], [ 9.205149, 45.473593 ], [ 9.205073, 45.473399 ], [ 9.205041, 45.473342 ], [ 9.205022, 45.473291 ], [ 9.20474, 45.473247 ], [ 9.204665, 45.473257 ], [ 9.204482, 45.473184 ], [ 9.20416, 45.473128 ], [ 9.203872, 45.473164 ], [ 9.20395, 45.472349 ], [ 9.203578, 45.472366 ], [ 9.20312, 45.472655 ], [ 9.202892, 45.472405 ], [ 9.203163, 45.471755 ], [ 9.203058, 45.471445 ], [ 9.203051, 45.471403 ], [ 9.20306, 45.471208 ], [ 9.20284, 45.471124 ], [ 9.202741, 45.471042 ], [ 9.20243, 45.470936 ], [ 9.202319, 45.470831 ], [ 9.202093, 45.470769 ], [ 9.202033, 45.470723 ], [ 9.201811, 45.470598 ], [ 9.201786, 45.470557 ], [ 9.201516, 45.470531 ], [ 9.201375, 45.470441 ], [ 9.2012, 45.47044 ], [ 9.201095, 45.469989 ], [ 9.201115, 45.469886 ], [ 9.200884, 45.469761 ], [ 9.200679, 45.469518 ], [ 9.200577, 45.46918 ], [ 9.200566, 45.469013 ], [ 9.200437, 45.468909 ], [ 9.20034, 45.468895 ], [ 9.200272, 45.468899 ], [ 9.199761, 45.468699 ], [ 9.199578, 45.468735 ], [ 9.199303, 45.468361 ], [ 9.199274, 45.468251 ], [ 9.199259, 45.468229 ], [ 9.199189, 45.468016 ], [ 9.199182, 45.467759 ], [ 9.199189, 45.467732 ], [ 9.199185, 45.467718 ], [ 9.198893, 45.467575 ], [ 9.198682, 45.467395 ], [ 9.198678, 45.467382 ], [ 9.198683, 45.467313 ], [ 9.198406, 45.466918 ], [ 9.198386, 45.466919 ], [ 9.198332, 45.466906 ], [ 9.198083, 45.466917 ], [ 9.197871, 45.467036 ], [ 9.197599, 45.466656 ], [ 9.197577, 45.466638 ], [ 9.197414, 45.46674 ], [ 9.197382, 45.466751 ], [ 9.197381, 45.466751 ], [ 9.196936, 45.466573 ], [ 9.196925, 45.466553 ], [ 9.196663, 45.466562 ], [ 9.196455, 45.466478 ], [ 9.196444, 45.466469 ], [ 9.196237, 45.46645 ], [ 9.196183, 45.46642 ], [ 9.196024, 45.466407 ], [ 9.196016, 45.466389 ], [ 9.195908, 45.46601 ], [ 9.195839, 45.465975 ], [ 9.195785, 45.465942 ], [ 9.195744, 45.465737 ], [ 9.195714, 45.465688 ], [ 9.19549, 45.465667 ], [ 9.1954, 45.465708 ], [ 9.195306, 45.465778 ], [ 9.195245, 45.465806 ], [ 9.195142, 45.465833 ], [ 9.195086, 45.465865 ], [ 9.194969, 45.465913 ], [ 9.194884, 45.465395 ], [ 9.194613, 45.46526 ], [ 9.194491, 45.465292 ], [ 9.194228, 45.465039 ], [ 9.194129, 45.465075 ], [ 9.194063, 45.465117 ], [ 9.193929, 45.465068 ], [ 9.193843, 45.465019 ], [ 9.193727, 45.464999 ], [ 9.193595, 45.465169 ], [ 9.193535, 45.465192 ], [ 9.193418, 45.465123 ], [ 9.193362, 45.465056 ], [ 9.193378, 45.464928 ], [ 9.193265, 45.464825 ], [ 9.193203, 45.464824 ], [ 9.193134, 45.464932 ], [ 9.193101, 45.464958 ], [ 9.193069, 45.464973 ], [ 9.19303, 45.464981 ], [ 9.193029, 45.464981 ], [ 9.19299, 45.464992 ], [ 9.192956, 45.464996 ], [ 9.192865, 45.46504 ], [ 9.192838, 45.465047 ], [ 9.192773, 45.465082 ], [ 9.192751, 45.4651 ], [ 9.192683, 45.465096 ], [ 9.192628, 45.465099 ], [ 9.192419, 45.465134 ], [ 9.192268, 45.464944 ], [ 9.192125, 45.464298 ], [ 9.192093, 45.464288 ], [ 9.191645, 45.464298 ], [ 9.191441, 45.464198 ], [ 9.191202, 45.464165 ], [ 9.190955, 45.464065 ], [ 9.190531, 45.464246 ], [ 9.190106, 45.46418 ], [ 9.189999, 45.464174 ], [ 9.189896, 45.464143 ], [ 9.18985, 45.464143 ], [ 9.189694, 45.464132 ], [ 9.189651, 45.464127 ], [ 9.189624, 45.464123 ], [ 9.189623, 45.464123 ], [ 9.189538, 45.464154 ], [ 9.189475, 45.464175 ], [ 9.18945, 45.464183 ], [ 9.189415, 45.464191 ], [ 9.189367, 45.464201 ], [ 9.189354, 45.464205 ], [ 9.189249, 45.464229 ], [ 9.189031, 45.464246 ], [ 9.18896, 45.464239 ], [ 9.188641, 45.464005 ], [ 9.188621, 45.463969 ], [ 9.18809, 45.4638 ], [ 9.18804, 45.463803 ], [ 9.187901, 45.464069 ], [ 9.187949, 45.464161 ], [ 9.187981, 45.46421 ], [ 9.188064, 45.464478 ], [ 9.188073, 45.464484 ], [ 9.188071, 45.464496 ], [ 9.188049, 45.464779 ], [ 9.187885, 45.464981 ], [ 9.187796, 45.46495 ], [ 9.187681, 45.464927 ], [ 9.187652, 45.464912 ], [ 9.187349, 45.465035 ], [ 9.187288, 45.465031 ], [ 9.18715, 45.465374 ], [ 9.187146, 45.46539 ], [ 9.187114, 45.465412 ], [ 9.187087, 45.465436 ], [ 9.187061, 45.465435 ], [ 9.187006, 45.46544 ], [ 9.186943, 45.465453 ], [ 9.186859, 45.465484 ], [ 9.186814, 45.465484 ], [ 9.18673, 45.465479 ], [ 9.186592, 45.465484 ], [ 9.186548, 45.465463 ], [ 9.186467, 45.465441 ], [ 9.186395, 45.465378 ], [ 9.186302, 45.465325 ], [ 9.186185, 45.46533 ], [ 9.186067, 45.465477 ], [ 9.185963, 45.465552 ], [ 9.185901, 45.46558 ], [ 9.18585, 45.465617 ], [ 9.18583, 45.465623 ], [ 9.185745, 45.465671 ], [ 9.185733, 45.465676 ], [ 9.185684, 45.465699 ], [ 9.185658, 45.465724 ], [ 9.185577, 45.46576 ], [ 9.185542, 45.465787 ], [ 9.185465, 45.465874 ], [ 9.185407, 45.466001 ], [ 9.185399, 45.466024 ], [ 9.185395, 45.466038 ], [ 9.185384, 45.466108 ], [ 9.18538, 45.466117 ], [ 9.185356, 45.466181 ], [ 9.185346, 45.466216 ], [ 9.185062, 45.466121 ], [ 9.184963, 45.466165 ], [ 9.184846, 45.46625 ], [ 9.184806, 45.46633 ], [ 9.184781, 45.466334 ], [ 9.18469, 45.466378 ], [ 9.184624, 45.466452 ], [ 9.184618, 45.466464 ], [ 9.184552, 45.466489 ], [ 9.184548, 45.466489 ], [ 9.184503, 45.466511 ], [ 9.184475, 45.466531 ], [ 9.184448, 45.466555 ], [ 9.184445, 45.466557 ], [ 9.184404, 45.466597 ], [ 9.184363, 45.466618 ], [ 9.184322, 45.466652 ], [ 9.18432, 45.466653 ], [ 9.184268, 45.466685 ], [ 9.184216, 45.466732 ], [ 9.184205, 45.466735 ], [ 9.184194, 45.466744 ], [ 9.184144, 45.466797 ], [ 9.184098, 45.466819 ], [ 9.184055, 45.466851 ], [ 9.184053, 45.466851 ], [ 9.183904, 45.466939 ], [ 9.183868, 45.466934 ], [ 9.183747, 45.467004 ], [ 9.183744, 45.467029 ], [ 9.183673, 45.467133 ], [ 9.183669, 45.467137 ], [ 9.183586, 45.467193 ], [ 9.183581, 45.467202 ], [ 9.183543, 45.467248 ], [ 9.183512, 45.467262 ], [ 9.183474, 45.467289 ], [ 9.183472, 45.46729 ], [ 9.183453, 45.467305 ], [ 9.183426, 45.467318 ], [ 9.183384, 45.467353 ], [ 9.18337, 45.467372 ], [ 9.183346, 45.467388 ], [ 9.183339, 45.467397 ], [ 9.183308, 45.467427 ], [ 9.183256, 45.467457 ], [ 9.183251, 45.467463 ], [ 9.183227, 45.467478 ], [ 9.183224, 45.46748 ], [ 9.183179, 45.467505 ], [ 9.183141, 45.467541 ], [ 9.183134, 45.467545 ], [ 9.18312, 45.467559 ], [ 9.183074, 45.467589 ], [ 9.183069, 45.467591 ], [ 9.183021, 45.467634 ], [ 9.182999, 45.467644 ], [ 9.182931, 45.467703 ], [ 9.182924, 45.467704 ], [ 9.182865, 45.467744 ], [ 9.182617, 45.468028 ], [ 9.182554, 45.468133 ], [ 9.18255, 45.468145 ], [ 9.182527, 45.468172 ], [ 9.182153, 45.468159 ], [ 9.181952, 45.46783 ], [ 9.182244, 45.467396 ], [ 9.182191, 45.467259 ], [ 9.182095, 45.46713 ], [ 9.182064, 45.467062 ], [ 9.182041, 45.466993 ], [ 9.182027, 45.466937 ], [ 9.182018, 45.466785 ], [ 9.182018, 45.466784 ], [ 9.182018, 45.466784 ], [ 9.182033, 45.46675 ], [ 9.182262, 45.466485 ], [ 9.181902, 45.466144 ], [ 9.181792, 45.466091 ], [ 9.181775, 45.466093 ], [ 9.181683, 45.466112 ], [ 9.18167, 45.466117 ], [ 9.181604, 45.466111 ], [ 9.181522, 45.466111 ], [ 9.181445, 45.46612 ], [ 9.181395, 45.466135 ], [ 9.181373, 45.466129 ], [ 9.181308, 45.466088 ], [ 9.181264, 45.466071 ], [ 9.181238, 45.466063 ], [ 9.181202, 45.466045 ], [ 9.181191, 45.466038 ], [ 9.181187, 45.466036 ], [ 9.181126, 45.466007 ], [ 9.181089, 45.465992 ], [ 9.181013, 45.465969 ], [ 9.180975, 45.465942 ], [ 9.180944, 45.46593 ], [ 9.180921, 45.465925 ], [ 9.180897, 45.465912 ], [ 9.180897, 45.465911 ], [ 9.18087, 45.465881 ], [ 9.180789, 45.465827 ], [ 9.1807, 45.465806 ], [ 9.180579, 45.46583 ], [ 9.180499, 45.465685 ], [ 9.180441, 45.465665 ], [ 9.180397, 45.465681 ], [ 9.180339, 45.465822 ], [ 9.180232, 45.465958 ], [ 9.180222, 45.465981 ], [ 9.180207, 45.465986 ], [ 9.180118, 45.465942 ], [ 9.179979, 45.465922 ], [ 9.179834, 45.466009 ], [ 9.179709, 45.465978 ], [ 9.179652, 45.466 ] ] ] } },
{ "type": "Feature", "properties": { "postcode": "20122", "iou_vs_official": 0.9361, "match_status": "matched", "n_seed_addresses": 2422 }, "geometry": { "type": "Polygon", "coordinates": [ [ [ 9.185321, 45.452989 ], [ 9.18505, 45.45303 ], [ 9.185003, 45.453019 ], [ 9.184817, 45.453048 ], [ 9.184417, 45.452467 ], [ 9.184394, 45.452408 ], [ 9.184329, 45.452364 ], [ 9.18384, 45.452626 ], [ 9.183814, 45.452865 ], [ 9.183732, 45.453047 ], [ 9.183728, 45.453053 ], [ 9.183633, 45.45311 ], [ 9.183277, 45.453162 ], [ 9.183252, 45.453172 ], [ 9.183087, 45.453109 ], [ 9.182952, 45.453118 ], [ 9.18289, 45.453109 ], [ 9.182759, 45.453119 ], [ 9.182739, 45.453109 ], [ 9.18249, 45.453072 ], [ 9.18243, 45.453102 ], [ 9.182337, 45.453116 ], [ 9.182211, 45.453043 ], [ 9.181991, 45.453082 ], [ 9.181659, 45.452737 ], [ 9.181552, 45.452746 ], [ 9.181543, 45.452744 ], [ 9.18134, 45.452633 ], [ 9.180907, 45.452621 ], [ 9.180866, 45.452626 ], [ 9.180562, 45.452435 ], [ 9.180143, 45.452506 ], [ 9.180153, 45.452928 ], [ 9.180339, 45.453264 ], [ 9.180357, 45.453278 ], [ 9.180364, 45.453292 ], [ 9.180414, 45.453417 ], [ 9.180443, 45.45346 ], [ 9.180478, 45.453494 ], [ 9.180515, 45.45352 ], [ 9.180557, 45.453561 ], [ 9.180607, 45.453629 ], [ 9.180712, 45.453714 ], [ 9.180755, 45.453781 ], [ 9.180795, 45.453822 ], [ 9.180934, 45.453882 ], [ 9.181126, 45.45404 ], [ 9.181157, 45.454077 ], [ 9.181363, 45.454147 ], [ 9.18143, 45.454172 ], [ 9.181741, 45.454424 ], [ 9.182007, 45.454518 ], [ 9.182158, 45.454872 ], [ 9.182101, 45.45529 ], [ 9.18233, 45.455638 ], [ 9.182376, 45.455913 ], [ 9.182384, 45.455972 ], [ 9.182348, 45.456301 ], [ 9.182313, 45.456459 ], [ 9.182585, 45.456826 ], [ 9.183139, 45.456687 ], [ 9.183602, 45.456865 ], [ 9.183626, 45.456835 ], [ 9.183732, 45.456457 ], [ 9.184097, 45.456269 ], [ 9.18431, 45.45648 ], [ 9.184374, 45.456488 ], [ 9.184749, 45.456335 ], [ 9.184895, 45.45633 ], [ 9.185068, 45.455918 ], [ 9.185134, 45.455887 ], [ 9.185375, 45.455835 ], [ 9.185396, 45.455837 ], [ 9.185561, 45.455826 ], [ 9.185724, 45.455784 ], [ 9.185764, 45.455793 ], [ 9.18597, 45.455779 ], [ 9.186083, 45.455743 ], [ 9.186178, 45.45575 ], [ 9.186306, 45.455738 ], [ 9.186375, 45.45571 ], [ 9.186587, 45.455706 ], [ 9.186697, 45.455667 ], [ 9.186752, 45.455642 ], [ 9.186812, 45.455655 ], [ 9.18685, 45.455657 ], [ 9.186926, 45.455701 ], [ 9.187022, 45.455793 ], [ 9.187072, 45.455867 ], [ 9.187223, 45.456164 ], [ 9.187229, 45.456171 ], [ 9.187146, 45.456326 ], [ 9.186904, 45.456294 ], [ 9.186768, 45.456195 ], [ 9.186748, 45.4562 ], [ 9.186733, 45.456241 ], [ 9.186577, 45.456343 ], [ 9.186486, 45.456342 ], [ 9.186417, 45.456506 ], [ 9.186195, 45.456283 ], [ 9.186142, 45.456299 ], [ 9.186072, 45.456284 ], [ 9.185943, 45.456359 ], [ 9.185937, 45.456396 ], [ 9.185665, 45.456709 ], [ 9.185641, 45.45671 ], [ 9.185496, 45.456654 ], [ 9.185271, 45.456694 ], [ 9.185021, 45.456545 ], [ 9.184731, 45.456939 ], [ 9.184766, 45.457251 ], [ 9.184735, 45.457376 ], [ 9.184903, 45.457593 ], [ 9.18505, 45.457603 ], [ 9.185221, 45.45753 ], [ 9.185402, 45.457505 ], [ 9.185636, 45.457526 ], [ 9.185792, 45.457593 ], [ 9.185801, 45.457589 ], [ 9.185985, 45.457574 ], [ 9.186343, 45.457472 ], [ 9.186366, 45.45748 ], [ 9.18654, 45.457744 ], [ 9.186961, 45.457947 ], [ 9.186975, 45.457946 ], [ 9.187057, 45.457987 ], [ 9.1871, 45.457998 ], [ 9.187151, 45.458046 ], [ 9.187159, 45.458062 ], [ 9.187154, 45.45843 ], [ 9.187238, 45.458717 ], [ 9.187305, 45.458759 ], [ 9.187331, 45.45878 ], [ 9.187439, 45.458766 ], [ 9.187638, 45.459117 ], [ 9.187638, 45.459117 ], [ 9.187584, 45.459272 ], [ 9.187574, 45.459515 ], [ 9.187475, 45.459639 ], [ 9.18755, 45.459723 ], [ 9.18758, 45.459769 ], [ 9.187737, 45.459919 ], [ 9.187778, 45.460021 ], [ 9.187783, 45.460129 ], [ 9.187878, 45.460295 ], [ 9.187869, 45.460387 ], [ 9.18789, 45.460451 ], [ 9.187882, 45.460543 ], [ 9.187836, 45.460627 ], [ 9.187817, 45.461083 ], [ 9.187822, 45.461112 ], [ 9.187681, 45.461159 ], [ 9.187335, 45.461209 ], [ 9.187217, 45.461174 ], [ 9.187185, 45.46117 ], [ 9.186997, 45.461195 ], [ 9.186891, 45.461387 ], [ 9.186908, 45.46144 ], [ 9.186931, 45.461494 ], [ 9.187115, 45.46171 ], [ 9.187053, 45.461967 ], [ 9.187074, 45.462061 ], [ 9.187043, 45.462085 ], [ 9.187005, 45.462109 ], [ 9.186977, 45.462125 ], [ 9.186949, 45.462139 ], [ 9.186863, 45.46217 ], [ 9.186849, 45.462171 ], [ 9.186762, 45.462376 ], [ 9.186768, 45.462401 ], [ 9.186929, 45.462676 ], [ 9.186951, 45.462683 ], [ 9.187045, 45.462618 ], [ 9.187328, 45.462563 ], [ 9.187346, 45.462453 ], [ 9.187458, 45.462362 ], [ 9.187531, 45.462255 ], [ 9.187758, 45.462124 ], [ 9.187851, 45.46212 ], [ 9.187906, 45.462096 ], [ 9.187849, 45.461813 ], [ 9.188112, 45.461215 ], [ 9.188183, 45.46121 ], [ 9.188362, 45.460742 ], [ 9.188433, 45.460649 ], [ 9.188694, 45.460574 ], [ 9.18871, 45.460577 ], [ 9.188805, 45.460671 ], [ 9.188813, 45.461072 ], [ 9.188782, 45.461182 ], [ 9.189077, 45.46122 ], [ 9.189186, 45.461339 ], [ 9.189293, 45.461344 ], [ 9.189541, 45.461387 ], [ 9.189557, 45.461404 ], [ 9.189687, 45.461425 ], [ 9.189779, 45.461477 ], [ 9.189836, 45.461534 ], [ 9.189896, 45.461555 ], [ 9.190066, 45.461573 ], [ 9.190131, 45.461639 ], [ 9.190479, 45.461676 ], [ 9.190611, 45.461776 ], [ 9.190538, 45.462121 ], [ 9.190553, 45.462134 ], [ 9.190741, 45.462799 ], [ 9.190757, 45.462819 ], [ 9.190726, 45.462896 ], [ 9.190858, 45.463599 ], [ 9.190928, 45.463735 ], [ 9.190955, 45.464065 ], [ 9.191202, 45.464165 ], [ 9.191441, 45.464198 ], [ 9.191645, 45.464298 ], [ 9.192093, 45.464288 ], [ 9.192125, 45.464298 ], [ 9.192268, 45.464944 ], [ 9.192419, 45.465134 ], [ 9.192628, 45.465099 ], [ 9.192683, 45.465096 ], [ 9.192751, 45.4651 ], [ 9.192773, 45.465082 ], [ 9.192838, 45.465047 ], [ 9.192865, 45.46504 ], [ 9.192956, 45.464996 ], [ 9.19299, 45.464992 ], [ 9.193029, 45.464981 ], [ 9.19303, 45.464981 ], [ 9.193069, 45.464973 ], [ 9.193101, 45.464958 ], [ 9.193134, 45.464932 ], [ 9.193203, 45.464824 ], [ 9.193265, 45.464825 ], [ 9.193378, 45.464928 ], [ 9.193362, 45.465056 ], [ 9.193418, 45.465123 ], [ 9.193535, 45.465192 ], [ 9.193595, 45.465169 ], [ 9.193727, 45.464999 ], [ 9.193843, 45.465019 ], [ 9.193929, 45.465068 ], [ 9.194063, 45.465117 ], [ 9.194129, 45.465075 ], [ 9.194228, 45.465039 ], [ 9.194491, 45.465292 ], [ 9.194613, 45.46526 ], [ 9.194884, 45.465395 ], [ 9.194969, 45.465913 ], [ 9.195086, 45.465865 ], [ 9.195142, 45.465833 ], [ 9.195245, 45.465806 ], [ 9.195306, 45.465778 ], [ 9.1954, 45.465708 ], [ 9.19549, 45.465667 ], [ 9.195714, 45.465688 ], [ 9.195744, 45.465737 ], [ 9.195785, 45.465942 ], [ 9.195839, 45.465975 ], [ 9.195908, 45.46601 ], [ 9.196016, 45.466389 ], [ 9.196024, 45.466407 ], [ 9.196183, 45.46642 ], [ 9.196237, 45.46645 ], [ 9.196444, 45.466469 ], [ 9.196455, 45.466478 ], [ 9.196663, 45.466562 ], [ 9.196925, 45.466553 ], [ 9.196936, 45.466573 ], [ 9.197381, 45.466751 ], [ 9.197382, 45.466751 ], [ 9.197414, 45.46674 ], [ 9.197577, 45.466638 ], [ 9.197599, 45.466656 ], [ 9.197871, 45.467036 ], [ 9.198083, 45.466917 ], [ 9.198332, 45.466906 ], [ 9.198386, 45.466919 ], [ 9.198406, 45.466918 ], [ 9.198683, 45.467313 ], [ 9.198678, 45.467382 ], [ 9.198682, 45.467395 ], [ 9.198893, 45.467575 ], [ 9.199185, 45.467718 ], [ 9.199189, 45.467732 ], [ 9.199182, 45.467759 ], [ 9.199189, 45.468016 ], [ 9.199259, 45.468229 ], [ 9.199274, 45.468251 ], [ 9.199303, 45.468361 ], [ 9.199578, 45.468735 ], [ 9.199761, 45.468699 ], [ 9.200272, 45.468899 ], [ 9.20034, 45.468895 ], [ 9.200437, 45.468909 ], [ 9.200566, 45.469013 ], [ 9.200577, 45.46918 ], [ 9.200679, 45.469518 ], [ 9.200884, 45.469761 ], [ 9.201115, 45.469886 ], [ 9.201095, 45.469989 ], [ 9.2012, 45.47044 ], [ 9.201375, 45.470441 ], [ 9.201516, 45.470531 ], [ 9.201786, 45.470557 ], [ 9.201811, 45.470598 ], [ 9.202033, 45.470723 ], [ 9.202093, 45.470769 ], [ 9.202319, 45.470831 ], [ 9.20243, 45.470936 ], [ 9.202741, 45.471042 ], [ 9.20284, 45.471124 ], [ 9.20306, 45.471208 ], [ 9.203051, 45.471403 ], [ 9.203058, 45.471445 ], [ 9.203163, 45.471755 ], [ 9.202892, 45.472405 ], [ 9.20312, 45.472655 ], [ 9.203578, 45.472366 ], [ 9.20395, 45.472349 ], [ 9.203872, 45.473164 ], [ 9.20416, 45.473128 ], [ 9.204482, 45.473184 ], [ 9.204665, 45.473257 ], [ 9.20474, 45.473247 ], [ 9.205022, 45.473291 ], [ 9.205117, 45.473126 ], [ 9.205138, 45.473023 ], [ 9.205223, 45.472823 ], [ 9.205241, 45.47266 ], [ 9.205306, 45.47258 ], [ 9.205393, 45.472353 ], [ 9.205387, 45.472212 ], [ 9.205415, 45.472132 ], [ 9.205402, 45.472008 ], [ 9.205453, 45.471818 ], [ 9.2054, 45.471708 ], [ 9.205487, 45.471437 ], [ 9.205547, 45.471366 ], [ 9.205545, 45.471221 ], [ 9.205552, 45.471191 ], [ 9.205376, 45.47076 ], [ 9.205433, 45.470716 ], [ 9.205503, 45.470631 ], [ 9.205548, 45.470379 ], [ 9.205546, 45.470341 ], [ 9.205581, 45.47017 ], [ 9.205694, 45.470011 ], [ 9.205868, 45.469845 ], [ 9.206007, 45.469755 ], [ 9.206015, 45.469605 ], [ 9.206002, 45.469503 ], [ 9.206048, 45.469362 ], [ 9.206061, 45.469174 ], [ 9.206077, 45.469081 ], [ 9.206056, 45.469035 ], [ 9.206004, 45.468887 ], [ 9.205968, 45.468708 ], [ 9.205968, 45.468672 ], [ 9.205968, 45.468668 ], [ 9.205762, 45.46838 ], [ 9.205809, 45.468 ], [ 9.205947, 45.46781 ], [ 9.20594, 45.467795 ], [ 9.20591, 45.467598 ], [ 9.205953, 45.467462 ], [ 9.206044, 45.46707 ], [ 9.206248, 45.466905 ], [ 9.206135, 45.466753 ], [ 9.20603, 45.466548 ], [ 9.206003, 45.466275 ], [ 9.206048, 45.466171 ], [ 9.206049, 45.466064 ], [ 9.206079, 45.465947 ], [ 9.206076, 45.465931 ], [ 9.206097, 45.46573 ], [ 9.206082, 45.465668 ], [ 9.206137, 45.465538 ], [ 9.206148, 45.465393 ], [ 9.206153, 45.465379 ], [ 9.206181, 45.465203 ], [ 9.206263, 45.465054 ], [ 9.206243, 45.465003 ], [ 9.20623, 45.464801 ], [ 9.206277, 45.464633 ], [ 9.206354, 45.464502 ], [ 9.20644, 45.464396 ], [ 9.206421, 45.464363 ], [ 9.206356, 45.46417 ], [ 9.206351, 45.463884 ], [ 9.206364, 45.463863 ], [ 9.206419, 45.463631 ], [ 9.206412, 45.463592 ], [ 9.206453, 45.463387 ], [ 9.206499, 45.463299 ], [ 9.206385, 45.462738 ], [ 9.206417, 45.462697 ], [ 9.206541, 45.462635 ], [ 9.206736, 45.462403 ], [ 9.206822, 45.462226 ], [ 9.206818, 45.462203 ], [ 9.206758, 45.462093 ], [ 9.206821, 45.46161 ], [ 9.206998, 45.461305 ], [ 9.207028, 45.461308 ], [ 9.207135, 45.461238 ], [ 9.2072, 45.461154 ], [ 9.20735, 45.460811 ], [ 9.20728, 45.460699 ], [ 9.207271, 45.460545 ], [ 9.207187, 45.460438 ], [ 9.207185, 45.460434 ], [ 9.207147, 45.460396 ], [ 9.207092, 45.460252 ], [ 9.206879, 45.460083 ], [ 9.20666, 45.460122 ], [ 9.206246, 45.459739 ], [ 9.205853, 45.459653 ], [ 9.205821, 45.459582 ], [ 9.20581, 45.45957 ], [ 9.205761, 45.459535 ], [ 9.20554, 45.458694 ], [ 9.205497, 45.45864 ], [ 9.205381, 45.458542 ], [ 9.20544, 45.458341 ], [ 9.205273, 45.457894 ], [ 9.205242, 45.457873 ], [ 9.205251, 45.457715 ], [ 9.205128, 45.457397 ], [ 9.204764, 45.457349 ], [ 9.204732, 45.457307 ], [ 9.204636, 45.457208 ], [ 9.204601, 45.457067 ], [ 9.204541, 45.456971 ], [ 9.204503, 45.456869 ], [ 9.204432, 45.456762 ], [ 9.204427, 45.456749 ], [ 9.204292, 45.456557 ], [ 9.204264, 45.456455 ], [ 9.204185, 45.456322 ], [ 9.204179, 45.456315 ], [ 9.204108, 45.456184 ], [ 9.204036, 45.456112 ], [ 9.203936, 45.455902 ], [ 9.20393, 45.45588 ], [ 9.203894, 45.455805 ], [ 9.203885, 45.455779 ], [ 9.203881, 45.455773 ], [ 9.203786, 45.455658 ], [ 9.203715, 45.455502 ], [ 9.203741, 45.455445 ], [ 9.203764, 45.45522 ], [ 9.203764, 45.455205 ], [ 9.203711, 45.45497 ], [ 9.203687, 45.454942 ], [ 9.20359, 45.454799 ], [ 9.203588, 45.454422 ], [ 9.203561, 45.454385 ], [ 9.203348, 45.45422 ], [ 9.203345, 45.454218 ], [ 9.20308, 45.454283 ], [ 9.202956, 45.454209 ], [ 9.202846, 45.454117 ], [ 9.202814, 45.454077 ], [ 9.202915, 45.453528 ], [ 9.202851, 45.453461 ], [ 9.202819, 45.453301 ], [ 9.202774, 45.453253 ], [ 9.202706, 45.453054 ], [ 9.202715, 45.452987 ], [ 9.202218, 45.4528 ], [ 9.202184, 45.452724 ], [ 9.201919, 45.452598 ], [ 9.201832, 45.452395 ], [ 9.201831, 45.452391 ], [ 9.201837, 45.452339 ], [ 9.201637, 45.451789 ], [ 9.201512, 45.451127 ], [ 9.200987, 45.451415 ], [ 9.200531, 45.451456 ], [ 9.200225, 45.451425 ], [ 9.199753, 45.451297 ], [ 9.199743, 45.451292 ], [ 9.199205, 45.450879 ], [ 9.199028, 45.450703 ], [ 9.198692, 45.450818 ], [ 9.198345, 45.450846 ], [ 9.198223, 45.450858 ], [ 9.198202, 45.450858 ], [ 9.198116, 45.45079 ], [ 9.196782, 45.450878 ], [ 9.196684, 45.451186 ], [ 9.196562, 45.451303 ], [ 9.196502, 45.451283 ], [ 9.196426, 45.451272 ], [ 9.196319, 45.451287 ], [ 9.19624, 45.451311 ], [ 9.196169, 45.451345 ], [ 9.196073, 45.451408 ], [ 9.195916, 45.451555 ], [ 9.195873, 45.451605 ], [ 9.195853, 45.451606 ], [ 9.195814, 45.451609 ], [ 9.195788, 45.451606 ], [ 9.195649, 45.451602 ], [ 9.195585, 45.451607 ], [ 9.195579, 45.451608 ], [ 9.195482, 45.451604 ], [ 9.19537, 45.451608 ], [ 9.19533, 45.451612 ], [ 9.1953, 45.451608 ], [ 9.195172, 45.451602 ], [ 9.195126, 45.451605 ], [ 9.195057, 45.451617 ], [ 9.194965, 45.451608 ], [ 9.194849, 45.451609 ], [ 9.194817, 45.451612 ], [ 9.19466, 45.451601 ], [ 9.194525, 45.451617 ], [ 9.194304, 45.451691 ], [ 9.194299, 45.451691 ], [ 9.194088, 45.451598 ], [ 9.193791, 45.451608 ], [ 9.193758, 45.451612 ], [ 9.193657, 45.451602 ], [ 9.193506, 45.451611 ], [ 9.193463, 45.451603 ], [ 9.193414, 45.451598 ], [ 9.193251, 45.451609 ], [ 9.193166, 45.451596 ], [ 9.193082, 45.451586 ], [ 9.192887, 45.451621 ], [ 9.192689, 45.451682 ], [ 9.192599, 45.451639 ], [ 9.192336, 45.451599 ], [ 9.192232, 45.451602 ], [ 9.192178, 45.451602 ], [ 9.1921, 45.451609 ], [ 9.191928, 45.451592 ], [ 9.191828, 45.451605 ], [ 9.191642, 45.451574 ], [ 9.191396, 45.451624 ], [ 9.191233, 45.451682 ], [ 9.191121, 45.451679 ], [ 9.191093, 45.451684 ], [ 9.190866, 45.451601 ], [ 9.190495, 45.451584 ], [ 9.19025, 45.451509 ], [ 9.190218, 45.451531 ], [ 9.189704, 45.451735 ], [ 9.189695, 45.45174 ], [ 9.189551, 45.451747 ], [ 9.189524, 45.451758 ], [ 9.189147, 45.451725 ], [ 9.188777, 45.451875 ], [ 9.188766, 45.451885 ], [ 9.188473, 45.45187 ], [ 9.188235, 45.451939 ], [ 9.188232, 45.451941 ], [ 9.188073, 45.451935 ], [ 9.188003, 45.451958 ], [ 9.187859, 45.451983 ], [ 9.18781, 45.452005 ], [ 9.187691, 45.452079 ], [ 9.18769, 45.452079 ], [ 9.18765, 45.452074 ], [ 9.187344, 45.45206 ], [ 9.187127, 45.452263 ], [ 9.186778, 45.452224 ], [ 9.186508, 45.452106 ], [ 9.186427, 45.452108 ], [ 9.186334, 45.452139 ], [ 9.185882, 45.452054 ], [ 9.185842, 45.452335 ], [ 9.185646, 45.452928 ], [ 9.185478, 45.452989 ], [ 9.185337, 45.452994 ], [ 9.185321, 45.452989 ] ] ] } },
{ "type": "Feature", "properties": { "postcode": "20123", "iou_vs_official": 0.9326, "match_status": "matched", "n_seed_addresses": 3935 }, "geometry": { "type": "Polygon", "coordinates": [ [ [ 9.166178, 45.459914 ], [ 9.166127, 45.459967 ], [ 9.165922, 45.459977 ], [ 9.165806, 45.459963 ], [ 9.1658, 45.45996 ], [ 9.165681, 45.460018 ], [ 9.165652, 45.460037 ], [ 9.165608, 45.460078 ], [ 9.165538, 45.4601 ], [ 9.165397, 45.460197 ], [ 9.165324, 45.460374 ], [ 9.165209, 45.460833 ], [ 9.165168, 45.461063 ], [ 9.165171, 45.461132 ], [ 9.165177, 45.461596 ], [ 9.165179, 45.46161 ], [ 9.164978, 45.461683 ], [ 9.164942, 45.461687 ], [ 9.164817, 45.46181 ], [ 9.164328, 45.462388 ], [ 9.16425, 45.463034 ], [ 9.164287, 45.463069 ], [ 9.164433, 45.463281 ], [ 9.164373, 45.463486 ], [ 9.164447, 45.463642 ], [ 9.164544, 45.463781 ], [ 9.164545, 45.463785 ], [ 9.164549, 45.463828 ], [ 9.164608, 45.463982 ], [ 9.16462, 45.463995 ], [ 9.164667, 45.464146 ], [ 9.164744, 45.464236 ], [ 9.164771, 45.464422 ], [ 9.16482, 45.464502 ], [ 9.164837, 45.464673 ], [ 9.16486, 45.464725 ], [ 9.164866, 45.464759 ], [ 9.164874, 45.464779 ], [ 9.164888, 45.464886 ], [ 9.164898, 45.46493 ], [ 9.164947, 45.465006 ], [ 9.165002, 45.465107 ], [ 9.165003, 45.465123 ], [ 9.164999, 45.465177 ], [ 9.165004, 45.465212 ], [ 9.165024, 45.465294 ], [ 9.165048, 45.465333 ], [ 9.165117, 45.46551 ], [ 9.165121, 45.465517 ], [ 9.165128, 45.46557 ], [ 9.164848, 45.465887 ], [ 9.164882, 45.46598 ], [ 9.164882, 45.466126 ], [ 9.164524, 45.466229 ], [ 9.164286, 45.466581 ], [ 9.16429, 45.466643 ], [ 9.164273, 45.466858 ], [ 9.164267, 45.466875 ], [ 9.164522, 45.466948 ], [ 9.164999, 45.467046 ], [ 9.165255, 45.467439 ], [ 9.165492, 45.467383 ], [ 9.165732, 45.46756 ], [ 9.165804, 45.467887 ], [ 9.165924, 45.468049 ], [ 9.165927, 45.4681 ], [ 9.165972, 45.468223 ], [ 9.165982, 45.468286 ], [ 9.166006, 45.468341 ], [ 9.166032, 45.468446 ], [ 9.166061, 45.468504 ], [ 9.166094, 45.468683 ], [ 9.166126, 45.468706 ], [ 9.16622, 45.468828 ], [ 9.166433, 45.469188 ], [ 9.166555, 45.469246 ], [ 9.166389, 45.469735 ], [ 9.166395, 45.469796 ], [ 9.166581, 45.470073 ], [ 9.166601, 45.470135 ], [ 9.166628, 45.47018 ], [ 9.166707, 45.470264 ], [ 9.166736, 45.470324 ], [ 9.166828, 45.470456 ], [ 9.166887, 45.47052 ], [ 9.166899, 45.470539 ], [ 9.166864, 45.470615 ], [ 9.16681, 45.47083 ], [ 9.166772, 45.470886 ], [ 9.16672, 45.471085 ], [ 9.166504, 45.471401 ], [ 9.166536, 45.471655 ], [ 9.166902, 45.471477 ], [ 9.167096, 45.47153 ], [ 9.167253, 45.471526 ], [ 9.167289, 45.471515 ], [ 9.167363, 45.47152 ], [ 9.167369, 45.47152 ], [ 9.167501, 45.471501 ], [ 9.167503, 45.471501 ], [ 9.167541, 45.471716 ], [ 9.167582, 45.471868 ], [ 9.167671, 45.471994 ], [ 9.167679, 45.472365 ], [ 9.168099, 45.472171 ], [ 9.168242, 45.472143 ], [ 9.168311, 45.472143 ], [ 9.168403, 45.472154 ], [ 9.168465, 45.472142 ], [ 9.168476, 45.472142 ], [ 9.168494, 45.472222 ], [ 9.168605, 45.472602 ], [ 9.168742, 45.472654 ], [ 9.168984, 45.472853 ], [ 9.169044, 45.47287 ], [ 9.169198, 45.47288 ], [ 9.169434, 45.47287 ], [ 9.169616, 45.472906 ], [ 9.169765, 45.472868 ], [ 9.170015, 45.472845 ], [ 9.170829, 45.473102 ], [ 9.170924, 45.473102 ], [ 9.171239, 45.47313 ], [ 9.171757, 45.473066 ], [ 9.171863, 45.472162 ], [ 9.171965, 45.471649 ], [ 9.172602, 45.471284 ], [ 9.173151, 45.470973 ], [ 9.173424, 45.470848 ], [ 9.173428, 45.470457 ], [ 9.173475, 45.470254 ], [ 9.173554, 45.470045 ], [ 9.173642, 45.469862 ], [ 9.173846, 45.469574 ], [ 9.174016, 45.469439 ], [ 9.174104, 45.469367 ], [ 9.174223, 45.469311 ], [ 9.174252, 45.469304 ], [ 9.174312, 45.469234 ], [ 9.17472, 45.46901 ], [ 9.174761, 45.468992 ], [ 9.174917, 45.468871 ], [ 9.175088, 45.468798 ], [ 9.175164, 45.468793 ], [ 9.175203, 45.468804 ], [ 9.175344, 45.468898 ], [ 9.175358, 45.468907 ], [ 9.175399, 45.468934 ], [ 9.175429, 45.468951 ], [ 9.175436, 45.468956 ], [ 9.175636, 45.468981 ], [ 9.175763, 45.468939 ], [ 9.175973, 45.468899 ], [ 9.176068, 45.46876 ], [ 9.176091, 45.468756 ], [ 9.176527, 45.468794 ], [ 9.176561, 45.468754 ], [ 9.176804, 45.468741 ], [ 9.176807, 45.468741 ], [ 9.17711, 45.469137 ], [ 9.177273, 45.469109 ], [ 9.177347, 45.469062 ], [ 9.177467, 45.468934 ], [ 9.177482, 45.46891 ], [ 9.177645, 45.468858 ], [ 9.177807, 45.468599 ], [ 9.178048, 45.468445 ], [ 9.177807, 45.468034 ], [ 9.177711, 45.467985 ], [ 9.17799, 45.467425 ], [ 9.177993, 45.46741 ], [ 9.178281, 45.46703 ], [ 9.178305, 45.466913 ], [ 9.178255, 45.46675 ], [ 9.178302, 45.466679 ], [ 9.17833, 45.466628 ], [ 9.178634, 45.46635 ], [ 9.179104, 45.466289 ], [ 9.179107, 45.466289 ], [ 9.179172, 45.466222 ], [ 9.179285, 45.466123 ], [ 9.179343, 45.466082 ], [ 9.179372, 45.466069 ], [ 9.179464, 45.466014 ], [ 9.17947, 45.466012 ], [ 9.179573, 45.465997 ], [ 9.179652, 45.466 ], [ 9.179709, 45.465978 ], [ 9.179834, 45.466009 ], [ 9.179979, 45.465922 ], [ 9.180118, 45.465942 ], [ 9.180207, 45.465986 ], [ 9.180222, 45.465981 ], [ 9.180232, 45.465958 ], [ 9.180339, 45.465822 ], [ 9.180397, 45.465681 ], [ 9.180441, 45.465665 ], [ 9.180499, 45.465685 ], [ 9.180579, 45.46583 ], [ 9.1807, 45.465806 ], [ 9.180789, 45.465827 ], [ 9.18087, 45.465881 ], [ 9.180897, 45.465911 ], [ 9.180897, 45.465912 ], [ 9.180921, 45.465925 ], [ 9.180944, 45.46593 ], [ 9.180975, 45.465942 ], [ 9.181013, 45.465969 ], [ 9.181089, 45.465992 ], [ 9.181126, 45.466007 ], [ 9.181187, 45.466036 ], [ 9.181191, 45.466038 ], [ 9.181202, 45.466045 ], [ 9.181238, 45.466063 ], [ 9.181264, 45.466071 ], [ 9.181308, 45.466088 ], [ 9.181373, 45.466129 ], [ 9.181395, 45.466135 ], [ 9.181445, 45.46612 ], [ 9.181522, 45.466111 ], [ 9.181604, 45.466111 ], [ 9.18167, 45.466117 ], [ 9.181683, 45.466112 ], [ 9.181775, 45.466093 ], [ 9.181792, 45.466091 ], [ 9.181902, 45.466144 ], [ 9.182262, 45.466485 ], [ 9.182033, 45.46675 ], [ 9.182018, 45.466784 ], [ 9.182018, 45.466784 ], [ 9.182018, 45.466785 ], [ 9.182027, 45.466937 ], [ 9.182041, 45.466993 ], [ 9.182064, 45.467062 ], [ 9.182095, 45.46713 ], [ 9.182191, 45.467259 ], [ 9.182244, 45.467396 ], [ 9.181952, 45.46783 ], [ 9.182153, 45.468159 ], [ 9.182527, 45.468172 ], [ 9.18255, 45.468145 ], [ 9.182554, 45.468133 ], [ 9.182617, 45.468028 ], [ 9.182865, 45.467744 ], [ 9.182924, 45.467704 ], [ 9.182931, 45.467703 ], [ 9.182999, 45.467644 ], [ 9.183021, 45.467634 ], [ 9.183069, 45.467591 ], [ 9.183074, 45.467589 ], [ 9.18312, 45.467559 ], [ 9.183134, 45.467545 ], [ 9.183141, 45.467541 ], [ 9.183179, 45.467505 ], [ 9.183224, 45.46748 ], [ 9.183227, 45.467478 ], [ 9.183251, 45.467463 ], [ 9.183256, 45.467457 ], [ 9.183308, 45.467427 ], [ 9.183339, 45.467397 ], [ 9.183346, 45.467388 ], [ 9.18337, 45.467372 ], [ 9.183384, 45.467353 ], [ 9.183426, 45.467318 ], [ 9.183453, 45.467305 ], [ 9.183472, 45.46729 ], [ 9.183474, 45.467289 ], [ 9.183512, 45.467262 ], [ 9.183543, 45.467248 ], [ 9.183581, 45.467202 ], [ 9.183586, 45.467193 ], [ 9.183669, 45.467137 ], [ 9.183673, 45.467133 ], [ 9.183744, 45.467029 ], [ 9.183747, 45.467004 ], [ 9.183868, 45.466934 ], [ 9.183904, 45.466939 ], [ 9.184053, 45.466851 ], [ 9.184055, 45.466851 ], [ 9.184098, 45.466819 ], [ 9.184144, 45.466797 ], [ 9.184194, 45.466744 ], [ 9.184205, 45.466735 ], [ 9.184216, 45.466732 ], [ 9.184268, 45.466685 ], [ 9.18432, 45.466653 ], [ 9.184322, 45.466652 ], [ 9.184363, 45.466618 ], [ 9.184404, 45.466597 ], [ 9.184445, 45.466557 ], [ 9.184448, 45.466555 ], [ 9.184475, 45.466531 ], [ 9.184503, 45.466511 ], [ 9.184548, 45.466489 ], [ 9.184552, 45.466489 ], [ 9.184618, 45.466464 ], [ 9.184624, 45.466452 ], [ 9.18469, 45.466378 ], [ 9.184781, 45.466334 ], [ 9.184806, 45.46633 ], [ 9.184846, 45.46625 ], [ 9.184963, 45.466165 ], [ 9.185062, 45.466121 ], [ 9.185346, 45.466216 ], [ 9.185356, 45.466181 ], [ 9.18538, 45.466117 ], [ 9.185384, 45.466108 ], [ 9.185395, 45.466038 ], [ 9.185399, 45.466024 ], [ 9.185407, 45.466001 ], [ 9.185465, 45.465874 ], [ 9.185542, 45.465787 ], [ 9.185577, 45.46576 ], [ 9.185658, 45.465724 ], [ 9.185684, 45.465699 ], [ 9.185733, 45.465676 ], [ 9.185745, 45.465671 ], [ 9.18583, 45.465623 ], [ 9.18585, 45.465617 ], [ 9.185901, 45.46558 ], [ 9.185963, 45.465552 ], [ 9.186067, 45.465477 ], [ 9.186185, 45.46533 ], [ 9.186302, 45.465325 ], [ 9.186395, 45.465378 ], [ 9.186467, 45.465441 ], [ 9.186548, 45.465463 ], [ 9.186592, 45.465484 ], [ 9.18673, 45.465479 ], [ 9.186814, 45.465484 ], [ 9.186859, 45.465484 ], [ 9.186943, 45.465453 ], [ 9.187006, 45.46544 ], [ 9.187061, 45.465435 ], [ 9.187087, 45.465436 ], [ 9.187114, 45.465412 ], [ 9.187146, 45.46539 ], [ 9.18715, 45.465374 ], [ 9.187288, 45.465031 ], [ 9.187349, 45.465035 ], [ 9.187652, 45.464912 ], [ 9.187681, 45.464927 ], [ 9.187796, 45.46495 ], [ 9.187885, 45.464981 ], [ 9.188049, 45.464779 ], [ 9.188071, 45.464496 ], [ 9.188073, 45.464484 ], [ 9.188064, 45.464478 ], [ 9.187981, 45.46421 ], [ 9.187949, 45.464161 ], [ 9.187901, 45.464069 ], [ 9.18804, 45.463803 ], [ 9.18809, 45.4638 ], [ 9.188621, 45.463969 ], [ 9.188641, 45.464005 ], [ 9.18896, 45.464239 ], [ 9.189031, 45.464246 ], [ 9.189249, 45.464229 ], [ 9.189354, 45.464205 ], [ 9.189367, 45.464201 ], [ 9.189415, 45.464191 ], [ 9.18945, 45.464183 ], [ 9.189475, 45.464175 ], [ 9.189538, 45.464154 ], [ 9.189623, 45.464123 ], [ 9.189624, 45.464123 ], [ 9.189651, 45.464127 ], [ 9.189694, 45.464132 ], [ 9.18985, 45.464143 ], [ 9.189896, 45.464143 ], [ 9.189999, 45.464174 ], [ 9.190106, 45.46418 ], [ 9.190531, 45.464246 ], [ 9.190955, 45.464065 ], [ 9.190928, 45.463735 ], [ 9.190858, 45.463599 ], [ 9.190726, 45.462896 ], [ 9.190757, 45.462819 ], [ 9.190741, 45.462799 ], [ 9.190553, 45.462134 ], [ 9.190538, 45.462121 ], [ 9.190611, 45.461776 ], [ 9.190479, 45.461676 ], [ 9.190131, 45.461639 ], [ 9.190066, 45.461573 ], [ 9.189896, 45.461555 ], [ 9.189836, 45.461534 ], [ 9.189779, 45.461477 ], [ 9.189687, 45.461425 ], [ 9.189557, 45.461404 ], [ 9.189541, 45.461387 ], [ 9.189293, 45.461344 ], [ 9.189186, 45.461339 ], [ 9.189077, 45.46122 ], [ 9.188782, 45.461182 ], [ 9.188813, 45.461072 ], [ 9.188805, 45.460671 ], [ 9.18871, 45.460577 ], [ 9.188694, 45.460574 ], [ 9.188433, 45.460649 ], [ 9.188362, 45.460742 ], [ 9.188183, 45.46121 ], [ 9.188112, 45.461215 ], [ 9.187849, 45.461813 ], [ 9.187906, 45.462096 ], [ 9.187851, 45.46212 ], [ 9.187758, 45.462124 ], [ 9.187531, 45.462255 ], [ 9.187458, 45.462362 ], [ 9.187346, 45.462453 ], [ 9.187328, 45.462563 ], [ 9.187045, 45.462618 ], [ 9.186951, 45.462683 ], [ 9.186929, 45.462676 ], [ 9.186768, 45.462401 ], [ 9.186762, 45.462376 ], [ 9.186849, 45.462171 ], [ 9.186863, 45.46217 ], [ 9.186949, 45.462139 ], [ 9.186977, 45.462125 ], [ 9.187005, 45.462109 ], [ 9.187043, 45.462085 ], [ 9.187074, 45.462061 ], [ 9.187053, 45.461967 ], [ 9.187115, 45.46171 ], [ 9.186931, 45.461494 ], [ 9.186908, 45.46144 ], [ 9.186891, 45.461387 ], [ 9.186997, 45.461195 ], [ 9.187185, 45.46117 ], [ 9.187217, 45.461174 ], [ 9.187335, 45.461209 ], [ 9.187681, 45.461159 ], [ 9.187822, 45.461112 ], [ 9.187817, 45.461083 ], [ 9.187836, 45.460627 ], [ 9.187882, 45.460543 ], [ 9.18789, 45.460451 ], [ 9.187869, 45.460387 ], [ 9.187878, 45.460295 ], [ 9.187783, 45.460129 ], [ 9.187778, 45.460021 ], [ 9.187737, 45.459919 ], [ 9.18758, 45.459769 ], [ 9.18755, 45.459723 ], [ 9.187475, 45.459639 ], [ 9.187574, 45.459515 ], [ 9.187584, 45.459272 ], [ 9.187638, 45.459117 ], [ 9.187638, 45.459117 ], [ 9.187439, 45.458766 ], [ 9.187331, 45.45878 ], [ 9.187305, 45.458759 ], [ 9.187238, 45.458717 ], [ 9.187154, 45.45843 ], [ 9.187159, 45.458062 ], [ 9.187151, 45.458046 ], [ 9.1871, 45.457998 ], [ 9.187057, 45.457987 ], [ 9.186975, 45.457946 ], [ 9.186961, 45.457947 ], [ 9.18654, 45.457744 ], [ 9.186366, 45.45748 ], [ 9.186343, 45.457472 ], [ 9.185985, 45.457574 ], [ 9.185801, 45.457589 ], [ 9.185792, 45.457593 ], [ 9.185636, 45.457526 ], [ 9.185402, 45.457505 ], [ 9.185221, 45.45753 ], [ 9.18505, 45.457603 ], [ 9.184903, 45.457593 ], [ 9.184735, 45.457376 ], [ 9.184766, 45.457251 ], [ 9.184731, 45.456939 ], [ 9.185021, 45.456545 ], [ 9.185271, 45.456694 ], [ 9.185496, 45.456654 ], [ 9.185641, 45.45671 ], [ 9.185665, 45.456709 ], [ 9.185937, 45.456396 ], [ 9.185943, 45.456359 ], [ 9.186072, 45.456284 ], [ 9.186142, 45.456299 ], [ 9.186195, 45.456283 ], [ 9.186417, 45.456506 ], [ 9.186486, 45.456342 ], [ 9.186577, 45.456343 ], [ 9.186733, 45.456241 ], [ 9.186748, 45.4562 ], [ 9.186768, 45.456195 ], [ 9.186904, 45.456294 ], [ 9.187146, 45.456326 ], [ 9.187229, 45.456171 ], [ 9.187223, 45.456164 ], [ 9.187072, 45.455867 ], [ 9.187022, 45.455793 ], [ 9.186926, 45.455701 ], [ 9.18685, 45.455657 ], [ 9.186812, 45.455655 ], [ 9.186752, 45.455642 ], [ 9.186697, 45.455667 ], [ 9.186587, 45.455706 ], [ 9.186375, 45.45571 ], [ 9.186306, 45.455738 ], [ 9.186178, 45.45575 ], [ 9.186083, 45.455743 ], [ 9.18597, 45.455779 ], [ 9.185764, 45.455793 ], [ 9.185724, 45.455784 ], [ 9.185561, 45.455826 ], [ 9.185396, 45.455837 ], [ 9.185375, 45.455835 ], [ 9.185134, 45.455887 ], [ 9.185068, 45.455918 ], [ 9.184895, 45.45633 ], [ 9.184749, 45.456335 ], [ 9.184374, 45.456488 ], [ 9.18431, 45.45648 ], [ 9.184097, 45.456269 ], [ 9.183732, 45.456457 ], [ 9.183626, 45.456835 ], [ 9.183602, 45.456865 ], [ 9.183139, 45.456687 ], [ 9.182585, 45.456826 ], [ 9.182313, 45.456459 ], [ 9.182348, 45.456301 ], [ 9.182384, 45.455972 ], [ 9.182376, 45.455913 ], [ 9.18233, 45.455638 ], [ 9.182101, 45.45529 ], [ 9.182158, 45.454872 ], [ 9.182007, 45.454518 ], [ 9.181741, 45.454424 ], [ 9.18143, 45.454172 ], [ 9.181363, 45.454147 ], [ 9.181157, 45.454077 ], [ 9.181126, 45.45404 ], [ 9.180934, 45.453882 ], [ 9.180795, 45.453822 ], [ 9.180755, 45.453781 ], [ 9.180712, 45.453714 ], [ 9.180607, 45.453629 ], [ 9.180557, 45.453561 ], [ 9.180515, 45.45352 ], [ 9.180478, 45.453494 ], [ 9.180443, 45.45346 ], [ 9.180414, 45.453417 ], [ 9.180364, 45.453292 ], [ 9.180357, 45.453278 ], [ 9.180339, 45.453264 ], [ 9.180153, 45.452928 ], [ 9.180143, 45.452506 ], [ 9.179758, 45.452408 ], [ 9.179664, 45.452375 ], [ 9.179634, 45.452359 ], [ 9.179484, 45.451873 ], [ 9.179441, 45.451787 ], [ 9.179311, 45.451652 ], [ 9.179279, 45.451587 ], [ 9.178797, 45.451484 ], [ 9.178366, 45.451598 ], [ 9.178144, 45.451829 ], [ 9.178139, 45.45183 ], [ 9.178036, 45.452104 ], [ 9.17796, 45.45253 ], [ 9.177922, 45.45254 ], [ 9.177786, 45.452564 ], [ 9.177753, 45.452566 ], [ 9.177583, 45.452558 ], [ 9.177466, 45.452587 ], [ 9.177272, 45.452583 ], [ 9.177143, 45.452601 ], [ 9.177074, 45.452619 ], [ 9.176999, 45.452692 ], [ 9.17688, 45.452708 ], [ 9.176706, 45.452749 ], [ 9.176641, 45.452789 ], [ 9.176461, 45.452873 ], [ 9.176365, 45.452951 ], [ 9.176178, 45.453158 ], [ 9.176115, 45.453251 ], [ 9.176077, 45.453446 ], [ 9.175853, 45.453589 ], [ 9.175846, 45.453595 ], [ 9.175718, 45.453723 ], [ 9.175627, 45.453824 ], [ 9.175554, 45.453839 ], [ 9.175542, 45.453842 ], [ 9.175471, 45.45387 ], [ 9.175237, 45.454001 ], [ 9.175165, 45.454036 ], [ 9.175161, 45.454039 ], [ 9.175127, 45.454069 ], [ 9.175108, 45.454127 ], [ 9.174982, 45.454383 ], [ 9.174822, 45.45458 ], [ 9.174541, 45.454727 ], [ 9.174417, 45.45476 ], [ 9.174232, 45.454793 ], [ 9.174229, 45.454793 ], [ 9.174111, 45.454864 ], [ 9.174105, 45.454884 ], [ 9.173896, 45.455411 ], [ 9.173844, 45.455449 ], [ 9.173789, 45.455571 ], [ 9.173708, 45.455676 ], [ 9.172979, 45.455965 ], [ 9.172929, 45.455942 ], [ 9.172923, 45.455934 ], [ 9.172861, 45.45589 ], [ 9.172695, 45.455782 ], [ 9.172514, 45.455772 ], [ 9.172391, 45.455783 ], [ 9.172381, 45.455789 ], [ 9.172157, 45.456066 ], [ 9.172143, 45.456076 ], [ 9.172027, 45.456225 ], [ 9.171756, 45.456279 ], [ 9.171589, 45.456257 ], [ 9.171587, 45.456258 ], [ 9.171487, 45.456344 ], [ 9.171468, 45.456354 ], [ 9.171455, 45.456495 ], [ 9.171399, 45.456646 ], [ 9.171248, 45.456868 ], [ 9.171102, 45.456796 ], [ 9.17096, 45.456843 ], [ 9.170937, 45.456838 ], [ 9.170772, 45.456665 ], [ 9.170646, 45.456685 ], [ 9.170577, 45.456747 ], [ 9.170487, 45.456774 ], [ 9.170448, 45.456809 ], [ 9.17041, 45.456849 ], [ 9.170327, 45.456887 ], [ 9.170308, 45.456907 ], [ 9.170341, 45.457224 ], [ 9.170184, 45.457339 ], [ 9.170052, 45.457346 ], [ 9.169926, 45.457402 ], [ 9.169902, 45.457399 ], [ 9.169602, 45.45775 ], [ 9.169603, 45.457754 ], [ 9.169754, 45.458036 ], [ 9.169734, 45.458103 ], [ 9.169298, 45.458352 ], [ 9.169216, 45.458334 ], [ 9.169201, 45.458312 ], [ 9.168799, 45.458149 ], [ 9.168709, 45.458125 ], [ 9.168701, 45.458123 ], [ 9.168631, 45.458168 ], [ 9.168564, 45.458223 ], [ 9.168556, 45.458231 ], [ 9.168372, 45.458475 ], [ 9.168352, 45.458528 ], [ 9.168386, 45.458677 ], [ 9.168296, 45.458845 ], [ 9.168269, 45.458866 ], [ 9.168146, 45.459108 ], [ 9.167893, 45.459359 ], [ 9.16764, 45.459319 ], [ 9.167533, 45.459161 ], [ 9.167526, 45.459154 ], [ 9.167327, 45.459034 ], [ 9.167322, 45.459032 ], [ 9.166991, 45.459191 ], [ 9.166989, 45.459196 ], [ 9.166867, 45.459296 ], [ 9.166743, 45.459376 ], [ 9.166721, 45.459401 ], [ 9.166697, 45.459433 ], [ 9.166642, 45.45946 ], [ 9.166528, 45.459522 ], [ 9.166512, 45.459536 ], [ 9.166593, 45.460041 ], [ 9.166209, 45.459884 ], [ 9.166178, 45.459914 ] ] ] } },
{ "type": "Feature", "properties": { "postcode": "20124", "iou_vs_official": 0.8401, "match_status": "matched", "n_seed_addresses": 2054 }, "geometry": { "type": "Polygon", "coordinates": [ [ [ 9.18856, 45.480504 ], [ 9.188526, 45.48051 ], [ 9.188516, 45.480512 ], [ 9.188493, 45.480515 ], [ 9.188389, 45.480545 ], [ 9.188329, 45.48059 ], [ 9.18813, 45.480507 ], [ 9.187846, 45.480689 ], [ 9.187706, 45.480669 ], [ 9.187539, 45.480554 ], [ 9.187377, 45.480564 ], [ 9.187336, 45.480562 ], [ 9.187075, 45.480689 ], [ 9.187083, 45.480722 ], [ 9.187372, 45.481128 ], [ 9.187423, 45.481186 ], [ 9.187547, 45.481254 ], [ 9.187566, 45.481263 ], [ 9.187617, 45.481301 ], [ 9.187689, 45.48134 ], [ 9.187702, 45.481345 ], [ 9.187739, 45.481384 ], [ 9.1878, 45.481437 ], [ 9.187806, 45.481475 ], [ 9.187851, 45.481626 ], [ 9.187859, 45.481712 ], [ 9.187854, 45.48172 ], [ 9.187829, 45.481773 ], [ 9.187817, 45.481807 ], [ 9.187783, 45.482052 ], [ 9.187782, 45.482149 ], [ 9.187789, 45.482179 ], [ 9.187785, 45.482214 ], [ 9.187819, 45.482825 ], [ 9.188018, 45.483009 ], [ 9.188266, 45.482815 ], [ 9.188536, 45.482806 ], [ 9.188689, 45.482786 ], [ 9.189205, 45.482554 ], [ 9.189328, 45.482709 ], [ 9.189675, 45.482802 ], [ 9.189957, 45.482802 ], [ 9.190118, 45.482721 ], [ 9.190359, 45.482414 ], [ 9.190495, 45.482274 ], [ 9.190592, 45.482192 ], [ 9.190604, 45.482183 ], [ 9.190806, 45.482313 ], [ 9.190848, 45.482323 ], [ 9.191314, 45.482382 ], [ 9.191647, 45.482645 ], [ 9.192276, 45.482728 ], [ 9.193077, 45.483767 ], [ 9.191976, 45.484265 ], [ 9.191145, 45.484261 ], [ 9.191063, 45.484291 ], [ 9.190988, 45.48433 ], [ 9.190913, 45.484413 ], [ 9.190497, 45.484604 ], [ 9.190254, 45.484609 ], [ 9.189849, 45.48466 ], [ 9.189478, 45.484808 ], [ 9.18905, 45.485011 ], [ 9.189145, 45.485247 ], [ 9.189169, 45.486022 ], [ 9.189132, 45.486214 ], [ 9.189108, 45.486426 ], [ 9.189296, 45.48667 ], [ 9.189317, 45.48675 ], [ 9.189379, 45.48692 ], [ 9.18941, 45.486962 ], [ 9.189383, 45.487164 ], [ 9.189383, 45.487165 ], [ 9.189479, 45.487491 ], [ 9.189536, 45.487604 ], [ 9.189637, 45.487703 ], [ 9.189776, 45.487773 ], [ 9.189824, 45.487781 ], [ 9.189879, 45.487817 ], [ 9.18996, 45.487859 ], [ 9.190031, 45.487881 ], [ 9.190061, 45.487901 ], [ 9.190124, 45.487934 ], [ 9.190166, 45.487952 ], [ 9.190223, 45.487985 ], [ 9.190247, 45.487992 ], [ 9.190388, 45.488054 ], [ 9.190435, 45.488066 ], [ 9.190465, 45.488084 ], [ 9.190474, 45.488111 ], [ 9.190476, 45.488116 ], [ 9.19049, 45.48818 ], [ 9.190509, 45.488241 ], [ 9.190532, 45.488306 ], [ 9.190553, 45.48835 ], [ 9.190572, 45.488427 ], [ 9.190579, 45.488441 ], [ 9.190761, 45.489026 ], [ 9.190921, 45.489001 ], [ 9.191128, 45.488761 ], [ 9.191438, 45.488751 ], [ 9.19154, 45.488836 ], [ 9.191691, 45.48893 ], [ 9.191829, 45.488925 ], [ 9.191972, 45.488883 ], [ 9.192041, 45.488851 ], [ 9.192202, 45.488868 ], [ 9.192284, 45.488914 ], [ 9.192287, 45.489204 ], [ 9.192099, 45.489762 ], [ 9.191791, 45.489748 ], [ 9.191602, 45.489765 ], [ 9.191584, 45.48977 ], [ 9.191483, 45.489802 ], [ 9.191432, 45.489859 ], [ 9.191428, 45.489913 ], [ 9.191523, 45.490249 ], [ 9.191568, 45.490363 ], [ 9.191626, 45.490447 ], [ 9.191658, 45.490523 ], [ 9.191701, 45.490597 ], [ 9.191727, 45.490659 ], [ 9.191744, 45.490676 ], [ 9.191811, 45.490784 ], [ 9.191863, 45.490841 ], [ 9.191941, 45.491041 ], [ 9.191948, 45.491048 ], [ 9.19199, 45.491107 ], [ 9.192035, 45.491184 ], [ 9.192042, 45.491205 ], [ 9.192104, 45.491317 ], [ 9.192146, 45.491428 ], [ 9.192154, 45.491465 ], [ 9.192157, 45.491472 ], [ 9.192292, 45.491595 ], [ 9.192348, 45.491748 ], [ 9.192409, 45.491834 ], [ 9.192463, 45.491949 ], [ 9.192464, 45.49195 ], [ 9.192519, 45.492066 ], [ 9.19254, 45.492128 ], [ 9.192557, 45.492144 ], [ 9.192667, 45.492295 ], [ 9.192882, 45.492903 ], [ 9.192931, 45.492963 ], [ 9.193156, 45.493373 ], [ 9.193393, 45.493421 ], [ 9.193458, 45.493391 ], [ 9.194158, 45.493869 ], [ 9.194443, 45.494203 ], [ 9.19459, 45.494277 ], [ 9.194759, 45.494328 ], [ 9.194762, 45.494329 ], [ 9.194839, 45.494374 ], [ 9.1949, 45.494432 ], [ 9.194934, 45.494457 ], [ 9.195005, 45.494499 ], [ 9.195044, 45.494571 ], [ 9.195069, 45.494627 ], [ 9.195105, 45.494727 ], [ 9.195201, 45.494834 ], [ 9.195284, 45.49498 ], [ 9.195301, 45.495021 ], [ 9.195345, 45.495057 ], [ 9.195868, 45.495246 ], [ 9.195922, 45.495293 ], [ 9.196676, 45.494868 ], [ 9.196802, 45.494686 ], [ 9.196814, 45.494659 ], [ 9.197627, 45.494644 ], [ 9.197882, 45.494285 ], [ 9.199844, 45.494649 ], [ 9.200043, 45.494174 ], [ 9.200501, 45.494042 ], [ 9.201044, 45.494014 ], [ 9.201731, 45.494019 ], [ 9.201897, 45.49406 ], [ 9.202159, 45.493972 ], [ 9.202281, 45.493844 ], [ 9.202374, 45.493759 ], [ 9.202697, 45.493495 ], [ 9.202861, 45.49339 ], [ 9.203251, 45.493323 ], [ 9.203805, 45.493305 ], [ 9.204176, 45.493363 ], [ 9.204694, 45.49331 ], [ 9.204934, 45.49299 ], [ 9.204824, 45.492626 ], [ 9.204749, 45.492506 ], [ 9.203888, 45.491604 ], [ 9.203719, 45.491258 ], [ 9.203694, 45.491145 ], [ 9.203677, 45.491134 ], [ 9.203368, 45.491053 ], [ 9.203229, 45.491002 ], [ 9.203129, 45.490947 ], [ 9.203014, 45.490876 ], [ 9.20293, 45.490796 ], [ 9.202896, 45.490762 ], [ 9.202716, 45.490559 ], [ 9.20265, 45.490412 ], [ 9.202576, 45.490106 ], [ 9.20257, 45.490073 ], [ 9.202524, 45.490049 ], [ 9.202469, 45.490017 ], [ 9.202365, 45.489951 ], [ 9.202257, 45.489864 ], [ 9.202221, 45.489832 ], [ 9.202079, 45.489696 ], [ 9.201892, 45.489381 ], [ 9.201786, 45.489166 ], [ 9.202231, 45.488681 ], [ 9.202354, 45.488538 ], [ 9.202445, 45.488541 ], [ 9.202539, 45.488508 ], [ 9.203103, 45.48846 ], [ 9.203413, 45.488387 ], [ 9.203561, 45.488404 ], [ 9.203676, 45.488281 ], [ 9.203691, 45.488149 ], [ 9.203642, 45.487856 ], [ 9.203572, 45.487696 ], [ 9.203188, 45.487603 ], [ 9.203164, 45.487576 ], [ 9.203195, 45.487479 ], [ 9.203491, 45.486865 ], [ 9.203734, 45.486904 ], [ 9.203811, 45.486871 ], [ 9.204791, 45.486739 ], [ 9.205342, 45.487104 ], [ 9.205357, 45.487137 ], [ 9.205378, 45.487151 ], [ 9.205749, 45.487406 ], [ 9.205952, 45.48752 ], [ 9.20613, 45.487612 ], [ 9.206273, 45.48768 ], [ 9.20663, 45.487811 ], [ 9.206746, 45.487844 ], [ 9.206877, 45.487876 ], [ 9.20693, 45.487928 ], [ 9.207095, 45.488085 ], [ 9.207378, 45.488388 ], [ 9.207916, 45.48818 ], [ 9.208275, 45.488162 ], [ 9.209668, 45.488209 ], [ 9.209687, 45.488219 ], [ 9.209769, 45.488202 ], [ 9.209807, 45.488201 ], [ 9.210087, 45.488233 ], [ 9.210222, 45.488266 ], [ 9.210567, 45.488391 ], [ 9.210796, 45.488575 ], [ 9.211255, 45.488656 ], [ 9.211267, 45.48866 ], [ 9.211403, 45.488697 ], [ 9.211455, 45.487673 ], [ 9.21145, 45.487641 ], [ 9.211543, 45.487284 ], [ 9.21157, 45.487028 ], [ 9.21157, 45.486876 ], [ 9.211641, 45.486855 ], [ 9.211817, 45.486842 ], [ 9.212013, 45.486846 ], [ 9.212421, 45.486707 ], [ 9.212664, 45.486584 ], [ 9.212778, 45.486505 ], [ 9.213096, 45.486738 ], [ 9.213718, 45.487164 ], [ 9.213909, 45.487368 ], [ 9.214488, 45.48822 ], [ 9.214618, 45.488221 ], [ 9.215312, 45.487172 ], [ 9.216178, 45.486948 ], [ 9.21636, 45.486635 ], [ 9.216588, 45.486393 ], [ 9.21689, 45.486154 ], [ 9.216953, 45.486075 ], [ 9.216918, 45.485726 ], [ 9.216758, 45.485577 ], [ 9.21636, 45.485444 ], [ 9.216168, 45.485296 ], [ 9.216019, 45.485353 ], [ 9.21589, 45.485293 ], [ 9.215811, 45.485143 ], [ 9.215787, 45.485018 ], [ 9.215781, 45.485004 ], [ 9.21545, 45.48484 ], [ 9.215448, 45.484826 ], [ 9.215348, 45.484564 ], [ 9.21521, 45.484436 ], [ 9.214998, 45.484259 ], [ 9.214984, 45.484081 ], [ 9.214944, 45.484031 ], [ 9.214578, 45.483952 ], [ 9.21398, 45.483116 ], [ 9.213929, 45.483146 ], [ 9.213387, 45.48315 ], [ 9.213252, 45.482735 ], [ 9.212994, 45.482439 ], [ 9.212996, 45.482372 ], [ 9.212942, 45.482289 ], [ 9.212955, 45.482253 ], [ 9.213037, 45.481992 ], [ 9.213145, 45.481718 ], [ 9.213006, 45.481276 ], [ 9.212722, 45.481251 ], [ 9.212706, 45.481225 ], [ 9.212373, 45.480919 ], [ 9.212192, 45.480844 ], [ 9.212043, 45.480801 ], [ 9.211726, 45.480788 ], [ 9.211642, 45.480688 ], [ 9.211602, 45.480631 ], [ 9.211596, 45.480628 ], [ 9.211507, 45.480579 ], [ 9.211484, 45.480561 ], [ 9.21131, 45.480516 ], [ 9.211122, 45.480361 ], [ 9.210995, 45.480151 ], [ 9.211085, 45.480059 ], [ 9.211096, 45.480049 ], [ 9.211321, 45.479599 ], [ 9.211683, 45.479891 ], [ 9.211834, 45.479906 ], [ 9.211889, 45.479888 ], [ 9.211929, 45.479076 ], [ 9.211916, 45.47897 ], [ 9.21178, 45.478737 ], [ 9.211266, 45.478811 ], [ 9.21121, 45.478779 ], [ 9.211197, 45.47877 ], [ 9.210821, 45.478706 ], [ 9.210789, 45.478696 ], [ 9.21073, 45.47867 ], [ 9.210617, 45.478659 ], [ 9.210383, 45.478607 ], [ 9.210002, 45.478658 ], [ 9.209971, 45.47866 ], [ 9.20987, 45.478551 ], [ 9.209802, 45.478464 ], [ 9.209773, 45.478459 ], [ 9.209383, 45.478285 ], [ 9.20921, 45.478382 ], [ 9.209194, 45.478379 ], [ 9.209052, 45.478289 ], [ 9.208968, 45.4782 ], [ 9.209038, 45.477917 ], [ 9.208559, 45.477639 ], [ 9.208538, 45.477538 ], [ 9.208525, 45.477528 ], [ 9.208414, 45.476835 ], [ 9.20842, 45.476733 ], [ 9.208377, 45.476682 ], [ 9.208308, 45.476695 ], [ 9.207537, 45.476728 ], [ 9.207474, 45.476656 ], [ 9.207362, 45.476604 ], [ 9.207354, 45.476601 ], [ 9.207091, 45.476649 ], [ 9.206966, 45.47666 ], [ 9.206893, 45.476612 ], [ 9.206834, 45.476247 ], [ 9.20669, 45.476108 ], [ 9.206564, 45.475837 ], [ 9.20652, 45.475824 ], [ 9.206359, 45.475526 ], [ 9.206447, 45.475286 ], [ 9.206517, 45.475176 ], [ 9.206447, 45.474837 ], [ 9.206441, 45.47482 ], [ 9.206344, 45.474739 ], [ 9.206175, 45.474515 ], [ 9.205818, 45.474534 ], [ 9.205626, 45.474608 ], [ 9.205498, 45.474587 ], [ 9.205157, 45.474751 ], [ 9.204871, 45.475001 ], [ 9.204481, 45.474884 ], [ 9.20446, 45.474867 ], [ 9.203812, 45.474825 ], [ 9.202937, 45.474679 ], [ 9.202796, 45.474568 ], [ 9.202321, 45.474376 ], [ 9.202001, 45.474421 ], [ 9.201339, 45.474468 ], [ 9.201281, 45.474508 ], [ 9.20105, 45.474639 ], [ 9.20084, 45.474828 ], [ 9.199753, 45.475145 ], [ 9.199168, 45.475088 ], [ 9.198749, 45.475588 ], [ 9.198688, 45.475722 ], [ 9.198588, 45.476269 ], [ 9.198496, 45.476472 ], [ 9.198395, 45.476825 ], [ 9.198347, 45.477475 ], [ 9.198316, 45.477509 ], [ 9.198058, 45.477677 ], [ 9.198016, 45.477755 ], [ 9.197725, 45.478029 ], [ 9.197447, 45.478472 ], [ 9.19726, 45.478735 ], [ 9.197258, 45.478735 ], [ 9.197118, 45.478717 ], [ 9.196842, 45.478555 ], [ 9.196407, 45.478679 ], [ 9.196256, 45.478712 ], [ 9.196089, 45.478706 ], [ 9.195557, 45.478842 ], [ 9.195344, 45.479016 ], [ 9.195338, 45.479024 ], [ 9.195154, 45.479053 ], [ 9.194746, 45.479007 ], [ 9.194542, 45.4793 ], [ 9.19394, 45.479491 ], [ 9.193812, 45.479793 ], [ 9.193867, 45.479923 ], [ 9.193739, 45.480193 ], [ 9.193615, 45.480372 ], [ 9.193518, 45.480433 ], [ 9.193391, 45.480476 ], [ 9.193198, 45.480594 ], [ 9.193084, 45.480682 ], [ 9.193078, 45.480678 ], [ 9.192666, 45.480038 ], [ 9.192647, 45.479937 ], [ 9.192534, 45.479878 ], [ 9.192528, 45.479876 ], [ 9.192312, 45.480028 ], [ 9.192053, 45.480188 ], [ 9.191729, 45.480204 ], [ 9.191577, 45.480127 ], [ 9.191493, 45.480193 ], [ 9.191395, 45.480249 ], [ 9.191255, 45.480296 ], [ 9.191024, 45.480317 ], [ 9.190449, 45.480082 ], [ 9.190433, 45.480022 ], [ 9.189742, 45.479977 ], [ 9.189386, 45.480231 ], [ 9.189266, 45.48025 ], [ 9.189234, 45.480265 ], [ 9.188997, 45.480254 ], [ 9.188993, 45.480255 ], [ 9.188958, 45.480267 ], [ 9.188924, 45.48031 ], [ 9.188625, 45.4805 ], [ 9.18856, 45.480504 ] ] ] } },
{ "type": "Feature", "properties": { "postcode": "20125", "iou_vs_official": 0.7465, "match_status": "matched", "n_seed_addresses": 924 }, "geometry": { "type": "Polygon", "coordinates": [ [ [ 9.19466, 45.495661 ], [ 9.194795, 45.49616 ], [ 9.195086, 45.496247 ], [ 9.195203, 45.496353 ], [ 9.19551, 45.496593 ], [ 9.195572, 45.496629 ], [ 9.195547, 45.496805 ], [ 9.195547, 45.496996 ], [ 9.195573, 45.497187 ], [ 9.195629, 45.497365 ], [ 9.19569, 45.49748 ], [ 9.195799, 45.497641 ], [ 9.195792, 45.497691 ], [ 9.1958, 45.497733 ], [ 9.195907, 45.498024 ], [ 9.195963, 45.498116 ], [ 9.195973, 45.49814 ], [ 9.196031, 45.498244 ], [ 9.19605, 45.498264 ], [ 9.196163, 45.498496 ], [ 9.196221, 45.49892 ], [ 9.196226, 45.498923 ], [ 9.196571, 45.499415 ], [ 9.196632, 45.499433 ], [ 9.197078, 45.499667 ], [ 9.197167, 45.499749 ], [ 9.197038, 45.500221 ], [ 9.197204, 45.50042 ], [ 9.197383, 45.500622 ], [ 9.197426, 45.500834 ], [ 9.197451, 45.500857 ], [ 9.197713, 45.501173 ], [ 9.197794, 45.50159 ], [ 9.197817, 45.501682 ], [ 9.198125, 45.501761 ], [ 9.198194, 45.50177 ], [ 9.198211, 45.501779 ], [ 9.19837, 45.502068 ], [ 9.198444, 45.502277 ], [ 9.198441, 45.502311 ], [ 9.198474, 45.502556 ], [ 9.1986, 45.502795 ], [ 9.198626, 45.502822 ], [ 9.198697, 45.502926 ], [ 9.198753, 45.503201 ], [ 9.198863, 45.504714 ], [ 9.198781, 45.504788 ], [ 9.199368, 45.50624 ], [ 9.199485, 45.506364 ], [ 9.199495, 45.506377 ], [ 9.199544, 45.506453 ], [ 9.199688, 45.506544 ], [ 9.199736, 45.506582 ], [ 9.200042, 45.506616 ], [ 9.200289, 45.506668 ], [ 9.200599, 45.506775 ], [ 9.200994, 45.506992 ], [ 9.201006, 45.507005 ], [ 9.201198, 45.507267 ], [ 9.201288, 45.507456 ], [ 9.2013, 45.507461 ], [ 9.201483, 45.507924 ], [ 9.201572, 45.508034 ], [ 9.201611, 45.508129 ], [ 9.201619, 45.508165 ], [ 9.201707, 45.50834 ], [ 9.201746, 45.508448 ], [ 9.20175, 45.508454 ], [ 9.201816, 45.508741 ], [ 9.201825, 45.509086 ], [ 9.201825, 45.509091 ], [ 9.201721, 45.509566 ], [ 9.202002, 45.509909 ], [ 9.202283, 45.510109 ], [ 9.202663, 45.510212 ], [ 9.202939, 45.510594 ], [ 9.203068, 45.510812 ], [ 9.203098, 45.511374 ], [ 9.203179, 45.511691 ], [ 9.205468, 45.511537 ], [ 9.206521, 45.512581 ], [ 9.207056, 45.512445 ], [ 9.207286, 45.512467 ], [ 9.208107, 45.511291 ], [ 9.208203, 45.510395 ], [ 9.208317, 45.510048 ], [ 9.208472, 45.509835 ], [ 9.20858, 45.509722 ], [ 9.208876, 45.509484 ], [ 9.208892, 45.509457 ], [ 9.209008, 45.509328 ], [ 9.209036, 45.5093 ], [ 9.20984, 45.509622 ], [ 9.210163, 45.509916 ], [ 9.210164, 45.509916 ], [ 9.211209, 45.510259 ], [ 9.211244, 45.510289 ], [ 9.211475, 45.510309 ], [ 9.211586, 45.510353 ], [ 9.211917, 45.511561 ], [ 9.213239, 45.512511 ], [ 9.213365, 45.512505 ], [ 9.213454, 45.512424 ], [ 9.213462, 45.511767 ], [ 9.213461, 45.511719 ], [ 9.213455, 45.511599 ], [ 9.213212, 45.510825 ], [ 9.212812, 45.510465 ], [ 9.212275, 45.510191 ], [ 9.212551, 45.508757 ], [ 9.212421, 45.508282 ], [ 9.212363, 45.50804 ], [ 9.212085, 45.507505 ], [ 9.211914, 45.507064 ], [ 9.211933, 45.506982 ], [ 9.212092, 45.506635 ], [ 9.212247, 45.506237 ], [ 9.212752, 45.505975 ], [ 9.212819, 45.505966 ], [ 9.216429, 45.504916 ], [ 9.216827, 45.505122 ], [ 9.217101, 45.505388 ], [ 9.219266, 45.504522 ], [ 9.219515, 45.50445 ], [ 9.219631, 45.504421 ], [ 9.21965, 45.504399 ], [ 9.220115, 45.50394 ], [ 9.22024, 45.503674 ], [ 9.220898, 45.50285 ], [ 9.220823, 45.5026 ], [ 9.220901, 45.50225 ], [ 9.221088, 45.502114 ], [ 9.221104, 45.501579 ], [ 9.220894, 45.500911 ], [ 9.220684, 45.500819 ], [ 9.220139, 45.500413 ], [ 9.219955, 45.500395 ], [ 9.218983, 45.499986 ], [ 9.218596, 45.499696 ], [ 9.218553, 45.499664 ], [ 9.218446, 45.498661 ], [ 9.218003, 45.497942 ], [ 9.217527, 45.497301 ], [ 9.217108, 45.496966 ], [ 9.217083, 45.496886 ], [ 9.216958, 45.496675 ], [ 9.21606, 45.496008 ], [ 9.215352, 45.495519 ], [ 9.21507, 45.495456 ], [ 9.214602, 45.495392 ], [ 9.21428, 45.495392 ], [ 9.214146, 45.495393 ], [ 9.213381, 45.494537 ], [ 9.21298, 45.494172 ], [ 9.212809, 45.494001 ], [ 9.212777, 45.493966 ], [ 9.212693, 45.493867 ], [ 9.212534, 45.493661 ], [ 9.212372, 45.493404 ], [ 9.212339, 45.493336 ], [ 9.212542, 45.492981 ], [ 9.212543, 45.492979 ], [ 9.212403, 45.491962 ], [ 9.212088, 45.491451 ], [ 9.212022, 45.491305 ], [ 9.212041, 45.491216 ], [ 9.212027, 45.491169 ], [ 9.211959, 45.491026 ], [ 9.211828, 45.490837 ], [ 9.21175, 45.49077 ], [ 9.211711, 45.490742 ], [ 9.211651, 45.490668 ], [ 9.21153, 45.490545 ], [ 9.211514, 45.490536 ], [ 9.211353, 45.490348 ], [ 9.211235, 45.49028 ], [ 9.211172, 45.490183 ], [ 9.211032, 45.490059 ], [ 9.21097, 45.490016 ], [ 9.21077, 45.489923 ], [ 9.21076, 45.489901 ], [ 9.210639, 45.489749 ], [ 9.210526, 45.489667 ], [ 9.210445, 45.48962 ], [ 9.210291, 45.489398 ], [ 9.209964, 45.48925 ], [ 9.209734, 45.488963 ], [ 9.209687, 45.488219 ], [ 9.209668, 45.488209 ], [ 9.208275, 45.488162 ], [ 9.207916, 45.48818 ], [ 9.207378, 45.488388 ], [ 9.207095, 45.488085 ], [ 9.20693, 45.487928 ], [ 9.206877, 45.487876 ], [ 9.206746, 45.487844 ], [ 9.20663, 45.487811 ], [ 9.206273, 45.48768 ], [ 9.20613, 45.487612 ], [ 9.205952, 45.48752 ], [ 9.205749, 45.487406 ], [ 9.205378, 45.487151 ], [ 9.205357, 45.487137 ], [ 9.205342, 45.487104 ], [ 9.204791, 45.486739 ], [ 9.203811, 45.486871 ], [ 9.203734, 45.486904 ], [ 9.203491, 45.486865 ], [ 9.203195, 45.487479 ], [ 9.203164, 45.487576 ], [ 9.203188, 45.487603 ], [ 9.203572, 45.487696 ], [ 9.203642, 45.487856 ], [ 9.203691, 45.488149 ], [ 9.203676, 45.488281 ], [ 9.203561, 45.488404 ], [ 9.203413, 45.488387 ], [ 9.203103, 45.48846 ], [ 9.202539, 45.488508 ], [ 9.202445, 45.488541 ], [ 9.202354, 45.488538 ], [ 9.202231, 45.488681 ], [ 9.201786, 45.489166 ], [ 9.201892, 45.489381 ], [ 9.202079, 45.489696 ], [ 9.202221, 45.489832 ], [ 9.202257, 45.489864 ], [ 9.202365, 45.489951 ], [ 9.202469, 45.490017 ], [ 9.202524, 45.490049 ], [ 9.20257, 45.490073 ], [ 9.202576, 45.490106 ], [ 9.20265, 45.490412 ], [ 9.202716, 45.490559 ], [ 9.202896, 45.490762 ], [ 9.20293, 45.490796 ], [ 9.203014, 45.490876 ], [ 9.203129, 45.490947 ], [ 9.203229, 45.491002 ], [ 9.203368, 45.491053 ], [ 9.203677, 45.491134 ], [ 9.203694, 45.491145 ], [ 9.203719, 45.491258 ], [ 9.203888, 45.491604 ], [ 9.204749, 45.492506 ], [ 9.204824, 45.492626 ], [ 9.204934, 45.49299 ], [ 9.204694, 45.49331 ], [ 9.204176, 45.493363 ], [ 9.203805, 45.493305 ], [ 9.203251, 45.493323 ], [ 9.202861, 45.49339 ], [ 9.202697, 45.493495 ], [ 9.202374, 45.493759 ], [ 9.202281, 45.493844 ], [ 9.202159, 45.493972 ], [ 9.201897, 45.49406 ], [ 9.201731, 45.494019 ], [ 9.201044, 45.494014 ], [ 9.200501, 45.494042 ], [ 9.200043, 45.494174 ], [ 9.199844, 45.494649 ], [ 9.197882, 45.494285 ], [ 9.197627, 45.494644 ], [ 9.196814, 45.494659 ], [ 9.196802, 45.494686 ], [ 9.196676, 45.494868 ], [ 9.195922, 45.495293 ], [ 9.195868, 45.495246 ], [ 9.195345, 45.495057 ], [ 9.195301, 45.495021 ], [ 9.195284, 45.49498 ], [ 9.195201, 45.494834 ], [ 9.195105, 45.494727 ], [ 9.195069, 45.494627 ], [ 9.195044, 45.494571 ], [ 9.195005, 45.494499 ], [ 9.194934, 45.494457 ], [ 9.1949, 45.494432 ], [ 9.194839, 45.494374 ], [ 9.194762, 45.494329 ], [ 9.194759, 45.494328 ], [ 9.19459, 45.494277 ], [ 9.194443, 45.494203 ], [ 9.194158, 45.493869 ], [ 9.193458, 45.493391 ], [ 9.193393, 45.493421 ], [ 9.193572, 45.4947 ], [ 9.193573, 45.494784 ], [ 9.193712, 45.49484 ], [ 9.19373, 45.494846 ], [ 9.193779, 45.494866 ], [ 9.193831, 45.494892 ], [ 9.194043, 45.495024 ], [ 9.194262, 45.495199 ], [ 9.194348, 45.495417 ], [ 9.19466, 45.495661 ] ] ] } },
{ "type": "Feature", "properties": { "postcode": "20126", "iou_vs_official": 0.7502, "match_status": "matched", "n_seed_addresses": 425 }, "geometry": { "type": "Polygon", "coordinates": [ [ [ 9.206521, 45.512581 ], [ 9.205468, 45.511537 ], [ 9.203179, 45.511691 ], [ 9.203093, 45.512328 ], [ 9.202352, 45.513248 ], [ 9.202025, 45.51427 ], [ 9.202366, 45.514384 ], [ 9.20441, 45.515207 ], [ 9.204722, 45.516407 ], [ 9.204763, 45.516699 ], [ 9.205171, 45.517094 ], [ 9.205267, 45.517312 ], [ 9.206047, 45.518132 ], [ 9.206147, 45.518405 ], [ 9.206219, 45.51855 ], [ 9.206312, 45.518738 ], [ 9.206354, 45.518808 ], [ 9.206451, 45.518981 ], [ 9.206514, 45.519125 ], [ 9.206341, 45.520638 ], [ 9.20794, 45.521501 ], [ 9.20887, 45.521213 ], [ 9.210097, 45.52258 ], [ 9.21007, 45.524592 ], [ 9.210762, 45.525333 ], [ 9.210746, 45.525421 ], [ 9.210911, 45.526466 ], [ 9.211217, 45.528283 ], [ 9.211281, 45.528288 ], [ 9.21135, 45.528293 ], [ 9.21144, 45.528299 ], [ 9.211477, 45.528301 ], [ 9.211592, 45.528309 ], [ 9.211603, 45.528309 ], [ 9.211654, 45.528313 ], [ 9.211737, 45.528321 ], [ 9.21188, 45.528332 ], [ 9.211982, 45.528339 ], [ 9.211972, 45.528391 ], [ 9.211956, 45.528482 ], [ 9.211926, 45.528653 ], [ 9.211902, 45.528773 ], [ 9.211885, 45.528874 ], [ 9.211879, 45.528918 ], [ 9.211878, 45.528922 ], [ 9.211866, 45.528994 ], [ 9.211858, 45.529031 ], [ 9.211888, 45.529033 ], [ 9.211946, 45.529035 ], [ 9.211968, 45.529035 ], [ 9.211984, 45.529035 ], [ 9.211978, 45.52923 ], [ 9.211973, 45.52936 ], [ 9.211979, 45.529503 ], [ 9.211949, 45.529827 ], [ 9.212006, 45.529885 ], [ 9.212007, 45.529886 ], [ 9.212117, 45.529937 ], [ 9.212243, 45.529963 ], [ 9.212307, 45.52998 ], [ 9.212402, 45.529992 ], [ 9.21252, 45.530004 ], [ 9.212582, 45.530013 ], [ 9.212653, 45.530024 ], [ 9.21266, 45.530025 ], [ 9.212724, 45.530031 ], [ 9.212811, 45.530038 ], [ 9.212919, 45.530047 ], [ 9.213131, 45.530064 ], [ 9.213339, 45.530083 ], [ 9.213357, 45.529845 ], [ 9.213369, 45.529672 ], [ 9.213383, 45.529485 ], [ 9.213383, 45.529479 ], [ 9.214145, 45.529519 ], [ 9.214451, 45.529535 ], [ 9.21487, 45.529561 ], [ 9.215227, 45.52958 ], [ 9.215313, 45.529586 ], [ 9.215314, 45.529586 ], [ 9.215364, 45.529589 ], [ 9.215634, 45.529604 ], [ 9.215647, 45.529604 ], [ 9.215996, 45.529622 ], [ 9.216168, 45.529633 ], [ 9.216467, 45.52965 ], [ 9.216756, 45.529666 ], [ 9.216716, 45.529485 ], [ 9.216711, 45.529468 ], [ 9.216707, 45.52944 ], [ 9.216691, 45.529351 ], [ 9.216683, 45.5293 ], [ 9.216657, 45.529173 ], [ 9.216609, 45.528977 ], [ 9.21655, 45.528732 ], [ 9.21646, 45.528427 ], [ 9.216458, 45.528421 ], [ 9.216451, 45.528397 ], [ 9.216406, 45.528254 ], [ 9.216393, 45.528191 ], [ 9.216353, 45.527986 ], [ 9.216323, 45.527839 ], [ 9.21629, 45.527672 ], [ 9.216252, 45.527487 ], [ 9.216219, 45.527321 ], [ 9.216206, 45.52726 ], [ 9.216125, 45.526782 ], [ 9.216399, 45.526779 ], [ 9.217632, 45.526788 ], [ 9.218038, 45.526792 ], [ 9.219135, 45.526801 ], [ 9.219686, 45.526798 ], [ 9.219755, 45.526769 ], [ 9.219757, 45.526752 ], [ 9.219782, 45.526519 ], [ 9.219804, 45.526362 ], [ 9.219805, 45.526357 ], [ 9.219817, 45.526247 ], [ 9.219788, 45.526157 ], [ 9.219744, 45.526092 ], [ 9.219685, 45.525998 ], [ 9.21962, 45.525903 ], [ 9.219566, 45.525824 ], [ 9.219548, 45.525796 ], [ 9.21952, 45.525753 ], [ 9.21943, 45.525616 ], [ 9.219425, 45.525528 ], [ 9.219431, 45.525496 ], [ 9.219433, 45.525483 ], [ 9.219455, 45.525369 ], [ 9.219488, 45.525196 ], [ 9.21949, 45.525182 ], [ 9.219511, 45.525007 ], [ 9.219712, 45.525032 ], [ 9.219767, 45.525038 ], [ 9.219849, 45.524659 ], [ 9.219906, 45.524398 ], [ 9.21993, 45.524259 ], [ 9.219964, 45.524001 ], [ 9.22003, 45.523734 ], [ 9.22009, 45.523489 ], [ 9.220106, 45.523443 ], [ 9.220114, 45.523416 ], [ 9.220158, 45.523417 ], [ 9.220244, 45.52342 ], [ 9.220253, 45.523421 ], [ 9.220266, 45.523421 ], [ 9.220284, 45.523422 ], [ 9.220438, 45.523427 ], [ 9.220553, 45.523431 ], [ 9.220661, 45.523435 ], [ 9.220729, 45.523437 ], [ 9.220766, 45.523438 ], [ 9.220795, 45.523439 ], [ 9.220807, 45.523439 ], [ 9.220902, 45.523443 ], [ 9.221008, 45.523446 ], [ 9.22108, 45.523449 ], [ 9.221122, 45.52345 ], [ 9.221227, 45.523455 ], [ 9.22139, 45.523461 ], [ 9.221526, 45.523465 ], [ 9.221609, 45.523467 ], [ 9.221668, 45.523489 ], [ 9.221708, 45.523505 ], [ 9.2218, 45.523542 ], [ 9.221902, 45.52358 ], [ 9.221998, 45.523615 ], [ 9.222081, 45.523654 ], [ 9.222089, 45.523657 ], [ 9.222169, 45.523693 ], [ 9.222208, 45.523711 ], [ 9.222237, 45.523705 ], [ 9.222346, 45.523681 ], [ 9.222433, 45.523661 ], [ 9.222459, 45.523656 ], [ 9.222464, 45.523655 ], [ 9.222474, 45.523653 ], [ 9.222504, 45.523644 ], [ 9.222545, 45.523631 ], [ 9.222609, 45.523612 ], [ 9.222685, 45.523588 ], [ 9.222715, 45.52358 ], [ 9.22273, 45.523576 ], [ 9.222782, 45.523563 ], [ 9.222815, 45.523554 ], [ 9.222873, 45.523537 ], [ 9.222956, 45.523515 ], [ 9.22318, 45.523454 ], [ 9.223215, 45.523444 ], [ 9.223218, 45.523449 ], [ 9.223234, 45.523468 ], [ 9.223279, 45.523526 ], [ 9.223331, 45.52359 ], [ 9.223355, 45.523584 ], [ 9.223412, 45.523569 ], [ 9.223446, 45.52356 ], [ 9.223454, 45.523559 ], [ 9.223482, 45.523561 ], [ 9.223569, 45.523578 ], [ 9.223586, 45.523581 ], [ 9.223678, 45.523596 ], [ 9.223916, 45.523631 ], [ 9.223931, 45.523571 ], [ 9.223954, 45.523482 ], [ 9.223956, 45.523472 ], [ 9.223984, 45.523365 ], [ 9.223999, 45.523366 ], [ 9.224038, 45.52337 ], [ 9.224081, 45.523377 ], [ 9.224146, 45.523385 ], [ 9.224244, 45.523398 ], [ 9.224252, 45.523399 ], [ 9.224319, 45.523407 ], [ 9.224394, 45.523416 ], [ 9.22448, 45.523428 ], [ 9.224576, 45.52344 ], [ 9.224643, 45.52345 ], [ 9.224739, 45.523463 ], [ 9.224751, 45.523465 ], [ 9.224893, 45.523485 ], [ 9.224895, 45.523475 ], [ 9.225047, 45.523496 ], [ 9.225048, 45.52349 ], [ 9.225237, 45.523516 ], [ 9.225227, 45.523562 ], [ 9.225492, 45.523597 ], [ 9.225528, 45.523602 ], [ 9.225536, 45.523574 ], [ 9.225597, 45.523582 ], [ 9.225698, 45.523595 ], [ 9.225837, 45.523614 ], [ 9.22584, 45.5236 ], [ 9.22585, 45.523561 ], [ 9.225873, 45.523472 ], [ 9.225898, 45.523383 ], [ 9.225899, 45.523379 ], [ 9.225944, 45.523206 ], [ 9.225944, 45.523206 ], [ 9.225968, 45.523102 ], [ 9.225985, 45.52303 ], [ 9.225998, 45.522977 ], [ 9.226007, 45.522944 ], [ 9.226015, 45.522909 ], [ 9.22603, 45.522852 ], [ 9.226392, 45.522893 ], [ 9.226735, 45.522931 ], [ 9.226953, 45.522954 ], [ 9.227142, 45.522977 ], [ 9.227161, 45.52298 ], [ 9.227192, 45.522983 ], [ 9.227317, 45.522997 ], [ 9.227398, 45.523006 ], [ 9.227468, 45.523013 ], [ 9.227622, 45.523031 ], [ 9.227626, 45.523031 ], [ 9.228029, 45.523088 ], [ 9.228091, 45.523097 ], [ 9.228487, 45.523143 ], [ 9.228671, 45.523166 ], [ 9.2289, 45.523194 ], [ 9.229071, 45.523213 ], [ 9.229089, 45.523215 ], [ 9.229146, 45.523222 ], [ 9.229192, 45.523226 ], [ 9.229203, 45.523178 ], [ 9.229222, 45.523109 ], [ 9.229242, 45.52303 ], [ 9.229271, 45.523033 ], [ 9.229276, 45.523034 ], [ 9.229347, 45.52304 ], [ 9.229385, 45.523043 ], [ 9.22951, 45.523055 ], [ 9.229693, 45.523074 ], [ 9.230146, 45.52312 ], [ 9.230837, 45.52319 ], [ 9.230905, 45.523198 ], [ 9.23091, 45.523165 ], [ 9.230929, 45.52307 ], [ 9.23095, 45.522967 ], [ 9.230974, 45.52284 ], [ 9.230997, 45.522723 ], [ 9.231014, 45.522637 ], [ 9.231037, 45.522515 ], [ 9.231043, 45.522482 ], [ 9.231051, 45.52244 ], [ 9.231057, 45.522401 ], [ 9.231076, 45.52231 ], [ 9.231095, 45.522205 ], [ 9.231112, 45.522122 ], [ 9.231124, 45.52206 ], [ 9.231142, 45.521963 ], [ 9.231145, 45.521947 ], [ 9.231164, 45.521855 ], [ 9.231178, 45.52177 ], [ 9.231195, 45.521678 ], [ 9.231197, 45.521665 ], [ 9.231217, 45.521553 ], [ 9.231236, 45.521441 ], [ 9.231251, 45.521362 ], [ 9.231274, 45.52123 ], [ 9.231285, 45.521162 ], [ 9.231287, 45.521153 ], [ 9.231291, 45.521154 ], [ 9.229721, 45.520221 ], [ 9.228634, 45.51903 ], [ 9.227476, 45.518715 ], [ 9.227001, 45.517745 ], [ 9.22678, 45.517578 ], [ 9.226733, 45.517537 ], [ 9.2266, 45.517412 ], [ 9.226529, 45.517337 ], [ 9.226517, 45.517322 ], [ 9.22643, 45.517294 ], [ 9.226329, 45.517253 ], [ 9.226126, 45.517099 ], [ 9.22606, 45.51703 ], [ 9.226018, 45.516955 ], [ 9.225974, 45.516857 ], [ 9.225976, 45.516813 ], [ 9.22596, 45.516756 ], [ 9.225955, 45.51672 ], [ 9.225954, 45.516703 ], [ 9.225954, 45.516657 ], [ 9.225817, 45.516486 ], [ 9.22582, 45.516372 ], [ 9.225824, 45.516361 ], [ 9.225717, 45.516112 ], [ 9.225715, 45.515917 ], [ 9.225714, 45.515916 ], [ 9.225582, 45.51574 ], [ 9.225581, 45.515674 ], [ 9.225557, 45.515557 ], [ 9.22553, 45.515497 ], [ 9.225356, 45.515305 ], [ 9.22544, 45.515021 ], [ 9.225597, 45.514761 ], [ 9.22634, 45.514227 ], [ 9.226267, 45.514004 ], [ 9.224277, 45.513862 ], [ 9.2241, 45.513722 ], [ 9.224058, 45.513692 ], [ 9.224259, 45.513424 ], [ 9.224386, 45.513199 ], [ 9.224548, 45.512803 ], [ 9.22448, 45.512435 ], [ 9.224487, 45.5124 ], [ 9.224487, 45.512376 ], [ 9.224486, 45.512364 ], [ 9.224463, 45.512281 ], [ 9.22449, 45.512161 ], [ 9.224492, 45.512111 ], [ 9.224489, 45.512061 ], [ 9.224443, 45.511816 ], [ 9.224397, 45.511786 ], [ 9.224329, 45.511593 ], [ 9.224314, 45.51157 ], [ 9.224308, 45.511543 ], [ 9.224311, 45.511528 ], [ 9.224303, 45.511323 ], [ 9.224283, 45.511272 ], [ 9.224276, 45.511146 ], [ 9.224282, 45.511111 ], [ 9.224234, 45.51105 ], [ 9.224199, 45.510908 ], [ 9.224131, 45.510824 ], [ 9.224122, 45.510734 ], [ 9.224053, 45.510621 ], [ 9.224057, 45.510557 ], [ 9.223945, 45.510319 ], [ 9.223548, 45.510092 ], [ 9.223802, 45.509846 ], [ 9.223894, 45.509627 ], [ 9.22392, 45.509528 ], [ 9.223917, 45.509462 ], [ 9.223922, 45.509263 ], [ 9.223978, 45.509034 ], [ 9.223978, 45.509032 ], [ 9.224022, 45.508921 ], [ 9.224088, 45.508791 ], [ 9.224445, 45.508631 ], [ 9.224678, 45.508365 ], [ 9.225046, 45.507686 ], [ 9.225041, 45.507681 ], [ 9.224804, 45.50752 ], [ 9.224444, 45.507335 ], [ 9.223414, 45.508139 ], [ 9.222708, 45.507777 ], [ 9.221271, 45.507646 ], [ 9.22128, 45.507637 ], [ 9.221328, 45.507573 ], [ 9.221704, 45.507048 ], [ 9.221985, 45.506596 ], [ 9.222091, 45.5063 ], [ 9.222127, 45.506148 ], [ 9.22215, 45.506115 ], [ 9.22226, 45.505929 ], [ 9.222273, 45.505899 ], [ 9.222332, 45.505806 ], [ 9.222463, 45.5055 ], [ 9.222472, 45.505471 ], [ 9.222461, 45.505252 ], [ 9.222444, 45.505219 ], [ 9.222415, 45.505138 ], [ 9.222409, 45.505129 ], [ 9.222384, 45.505064 ], [ 9.222367, 45.504946 ], [ 9.222347, 45.50492 ], [ 9.222343, 45.504914 ], [ 9.222328, 45.50488 ], [ 9.22232, 45.504728 ], [ 9.222285, 45.504656 ], [ 9.222281, 45.504597 ], [ 9.222267, 45.504563 ], [ 9.222253, 45.504516 ], [ 9.222241, 45.504452 ], [ 9.222241, 45.504452 ], [ 9.222206, 45.504382 ], [ 9.222185, 45.504311 ], [ 9.22217, 45.504281 ], [ 9.222162, 45.504224 ], [ 9.22214, 45.504163 ], [ 9.222129, 45.504147 ], [ 9.222102, 45.504016 ], [ 9.222109, 45.503871 ], [ 9.222134, 45.503772 ], [ 9.222072, 45.503577 ], [ 9.222205, 45.503193 ], [ 9.222343, 45.50299 ], [ 9.222268, 45.502856 ], [ 9.222167, 45.502561 ], [ 9.222091, 45.502204 ], [ 9.221088, 45.502114 ], [ 9.220901, 45.50225 ], [ 9.220823, 45.5026 ], [ 9.220898, 45.50285 ], [ 9.22024, 45.503674 ], [ 9.220115, 45.50394 ], [ 9.21965, 45.504399 ], [ 9.219631, 45.504421 ], [ 9.219515, 45.50445 ], [ 9.219266, 45.504522 ], [ 9.217101, 45.505388 ], [ 9.216827, 45.505122 ], [ 9.216429, 45.504916 ], [ 9.212819, 45.505966 ], [ 9.212752, 45.505975 ], [ 9.212247, 45.506237 ], [ 9.212092, 45.506635 ], [ 9.211933, 45.506982 ], [ 9.211914, 45.507064 ], [ 9.212085, 45.507505 ], [ 9.212363, 45.50804 ], [ 9.212421, 45.508282 ], [ 9.212551, 45.508757 ], [ 9.212275, 45.510191 ], [ 9.212812, 45.510465 ], [ 9.213212, 45.510825 ], [ 9.213455, 45.511599 ], [ 9.213461, 45.511719 ], [ 9.213462, 45.511767 ], [ 9.213454, 45.512424 ], [ 9.213365, 45.512505 ], [ 9.213239, 45.512511 ], [ 9.211917, 45.511561 ], [ 9.211586, 45.510353 ], [ 9.211475, 45.510309 ], [ 9.211244, 45.510289 ], [ 9.211209, 45.510259 ], [ 9.210164, 45.509916 ], [ 9.210163, 45.509916 ], [ 9.20984, 45.509622 ], [ 9.209036, 45.5093 ], [ 9.209008, 45.509328 ], [ 9.208892, 45.509457 ], [ 9.208876, 45.509484 ], [ 9.20858, 45.509722 ], [ 9.208472, 45.509835 ], [ 9.208317, 45.510048 ], [ 9.208203, 45.510395 ], [ 9.208107, 45.511291 ], [ 9.207286, 45.512467 ], [ 9.207056, 45.512445 ], [ 9.206521, 45.512581 ] ] ] } },
{ "type": "Feature", "properties": { "postcode": "20127", "iou_vs_official": 0.7828, "match_status": "matched", "n_seed_addresses": 1107 }, "geometry": { "type": "Polygon", "coordinates": [ [ [ 9.21157, 45.487028 ], [ 9.211543, 45.487284 ], [ 9.21145, 45.487641 ], [ 9.211455, 45.487673 ], [ 9.211403, 45.488697 ], [ 9.211267, 45.48866 ], [ 9.211255, 45.488656 ], [ 9.210796, 45.488575 ], [ 9.210567, 45.488391 ], [ 9.210222, 45.488266 ], [ 9.210087, 45.488233 ], [ 9.209807, 45.488201 ], [ 9.209769, 45.488202 ], [ 9.209687, 45.488219 ], [ 9.209734, 45.488963 ], [ 9.209964, 45.48925 ], [ 9.210291, 45.489398 ], [ 9.210445, 45.48962 ], [ 9.210526, 45.489667 ], [ 9.210639, 45.489749 ], [ 9.21076, 45.489901 ], [ 9.21077, 45.489923 ], [ 9.21097, 45.490016 ], [ 9.211032, 45.490059 ], [ 9.211172, 45.490183 ], [ 9.211235, 45.49028 ], [ 9.211353, 45.490348 ], [ 9.211514, 45.490536 ], [ 9.21153, 45.490545 ], [ 9.211651, 45.490668 ], [ 9.211711, 45.490742 ], [ 9.21175, 45.49077 ], [ 9.211828, 45.490837 ], [ 9.211959, 45.491026 ], [ 9.212027, 45.491169 ], [ 9.212041, 45.491216 ], [ 9.212022, 45.491305 ], [ 9.212088, 45.491451 ], [ 9.212403, 45.491962 ], [ 9.212543, 45.492979 ], [ 9.212542, 45.492981 ], [ 9.212339, 45.493336 ], [ 9.212372, 45.493404 ], [ 9.212534, 45.493661 ], [ 9.212693, 45.493867 ], [ 9.212777, 45.493966 ], [ 9.212809, 45.494001 ], [ 9.21298, 45.494172 ], [ 9.213381, 45.494537 ], [ 9.214146, 45.495393 ], [ 9.21428, 45.495392 ], [ 9.214602, 45.495392 ], [ 9.21507, 45.495456 ], [ 9.215352, 45.495519 ], [ 9.21606, 45.496008 ], [ 9.216958, 45.496675 ], [ 9.217083, 45.496886 ], [ 9.217108, 45.496966 ], [ 9.217527, 45.497301 ], [ 9.218003, 45.497942 ], [ 9.218446, 45.498661 ], [ 9.218553, 45.499664 ], [ 9.218596, 45.499696 ], [ 9.218983, 45.499986 ], [ 9.219955, 45.500395 ], [ 9.220139, 45.500413 ], [ 9.220684, 45.500819 ], [ 9.220894, 45.500911 ], [ 9.221104, 45.501579 ], [ 9.221088, 45.502114 ], [ 9.222091, 45.502204 ], [ 9.222167, 45.502561 ], [ 9.222268, 45.502856 ], [ 9.222343, 45.50299 ], [ 9.222205, 45.503193 ], [ 9.222072, 45.503577 ], [ 9.222134, 45.503772 ], [ 9.222109, 45.503871 ], [ 9.222102, 45.504016 ], [ 9.222129, 45.504147 ], [ 9.22214, 45.504163 ], [ 9.222162, 45.504224 ], [ 9.22217, 45.504281 ], [ 9.222185, 45.504311 ], [ 9.222206, 45.504382 ], [ 9.222241, 45.504452 ], [ 9.222241, 45.504452 ], [ 9.222253, 45.504516 ], [ 9.222267, 45.504563 ], [ 9.222281, 45.504597 ], [ 9.222285, 45.504656 ], [ 9.22232, 45.504728 ], [ 9.222328, 45.50488 ], [ 9.222343, 45.504914 ], [ 9.222347, 45.50492 ], [ 9.222367, 45.504946 ], [ 9.222384, 45.505064 ], [ 9.222409, 45.505129 ], [ 9.222415, 45.505138 ], [ 9.222444, 45.505219 ], [ 9.222461, 45.505252 ], [ 9.222472, 45.505471 ], [ 9.222463, 45.5055 ], [ 9.222332, 45.505806 ], [ 9.222273, 45.505899 ], [ 9.22226, 45.505929 ], [ 9.22215, 45.506115 ], [ 9.222127, 45.506148 ], [ 9.222091, 45.5063 ], [ 9.221985, 45.506596 ], [ 9.221704, 45.507048 ], [ 9.221328, 45.507573 ], [ 9.22128, 45.507637 ], [ 9.221271, 45.507646 ], [ 9.222708, 45.507777 ], [ 9.223414, 45.508139 ], [ 9.224444, 45.507335 ], [ 9.224435, 45.507328 ], [ 9.224394, 45.507242 ], [ 9.224388, 45.506275 ], [ 9.224416, 45.506182 ], [ 9.224109, 45.505774 ], [ 9.224109, 45.505773 ], [ 9.224087, 45.505745 ], [ 9.22406, 45.505586 ], [ 9.224049, 45.505548 ], [ 9.224049, 45.505544 ], [ 9.224032, 45.505408 ], [ 9.224001, 45.50535 ], [ 9.224, 45.505344 ], [ 9.224218, 45.505026 ], [ 9.224466, 45.505161 ], [ 9.224669, 45.505146 ], [ 9.224708, 45.504998 ], [ 9.224874, 45.504737 ], [ 9.224931, 45.504668 ], [ 9.224949, 45.504651 ], [ 9.224953, 45.504647 ], [ 9.225289, 45.50475 ], [ 9.225451, 45.50476 ], [ 9.225825, 45.50464 ], [ 9.226186, 45.504257 ], [ 9.226422, 45.504161 ], [ 9.226574, 45.503973 ], [ 9.226574, 45.503972 ], [ 9.226594, 45.503959 ], [ 9.226899, 45.503741 ], [ 9.227139, 45.503683 ], [ 9.227704, 45.503615 ], [ 9.228168, 45.503412 ], [ 9.228693, 45.503503 ], [ 9.22872, 45.503521 ], [ 9.230468, 45.502933 ], [ 9.230726, 45.502787 ], [ 9.230911, 45.503141 ], [ 9.231674, 45.503626 ], [ 9.231694, 45.503635 ], [ 9.232662, 45.503898 ], [ 9.233032, 45.503839 ], [ 9.233397, 45.503663 ], [ 9.23353, 45.503645 ], [ 9.233573, 45.503667 ], [ 9.234156, 45.503858 ], [ 9.234199, 45.503861 ], [ 9.234309, 45.50385 ], [ 9.234492, 45.50391 ], [ 9.234595, 45.503928 ], [ 9.235016, 45.504039 ], [ 9.235104, 45.504056 ], [ 9.23514, 45.504083 ], [ 9.235649, 45.504251 ], [ 9.235872, 45.504499 ], [ 9.236085, 45.504612 ], [ 9.236783, 45.504555 ], [ 9.236879, 45.504713 ], [ 9.23704, 45.504836 ], [ 9.237442, 45.504959 ], [ 9.237761, 45.50477 ], [ 9.237765, 45.504771 ], [ 9.238202, 45.505318 ], [ 9.238311, 45.505377 ], [ 9.238436, 45.505281 ], [ 9.238934, 45.505358 ], [ 9.239082, 45.505424 ], [ 9.239125, 45.505493 ], [ 9.239147, 45.505503 ], [ 9.239653, 45.505824 ], [ 9.239818, 45.506062 ], [ 9.239969, 45.506078 ], [ 9.240037, 45.506097 ], [ 9.240281, 45.506467 ], [ 9.240359, 45.506524 ], [ 9.241057, 45.50693 ], [ 9.241448, 45.507249 ], [ 9.241538, 45.507239 ], [ 9.24181, 45.50726 ], [ 9.242089, 45.507227 ], [ 9.242154, 45.507234 ], [ 9.242319, 45.507319 ], [ 9.242526, 45.507377 ], [ 9.242691, 45.507572 ], [ 9.243468, 45.508083 ], [ 9.244212, 45.507843 ], [ 9.244238, 45.507551 ], [ 9.24401, 45.5072 ], [ 9.24393, 45.507145 ], [ 9.243837, 45.5071 ], [ 9.243246, 45.506931 ], [ 9.243117, 45.50696 ], [ 9.243355, 45.505891 ], [ 9.243228, 45.50582 ], [ 9.243203, 45.50581 ], [ 9.243102, 45.505739 ], [ 9.243057, 45.50572 ], [ 9.24297, 45.505675 ], [ 9.242937, 45.50565 ], [ 9.24287, 45.505644 ], [ 9.242861, 45.505642 ], [ 9.242738, 45.505668 ], [ 9.242501, 45.505675 ], [ 9.242383, 45.505609 ], [ 9.242241, 45.50562 ], [ 9.242168, 45.505634 ], [ 9.242093, 45.505586 ], [ 9.242089, 45.505577 ], [ 9.242057, 45.505515 ], [ 9.241936, 45.505396 ], [ 9.241935, 45.505395 ], [ 9.241914, 45.505276 ], [ 9.241896, 45.505217 ], [ 9.241773, 45.504963 ], [ 9.241791, 45.504709 ], [ 9.24174, 45.504733 ], [ 9.24162, 45.504772 ], [ 9.241521, 45.504793 ], [ 9.24143, 45.504792 ], [ 9.241329, 45.504763 ], [ 9.241302, 45.504732 ], [ 9.241205, 45.504662 ], [ 9.240936, 45.50468 ], [ 9.240763, 45.50476 ], [ 9.240746, 45.504749 ], [ 9.240754, 45.504698 ], [ 9.240765, 45.504563 ], [ 9.240762, 45.504396 ], [ 9.240656, 45.504236 ], [ 9.240573, 45.504198 ], [ 9.24057, 45.504192 ], [ 9.240507, 45.504122 ], [ 9.24048, 45.504079 ], [ 9.24046, 45.504023 ], [ 9.240448, 45.503959 ], [ 9.24044, 45.503833 ], [ 9.240455, 45.503701 ], [ 9.240458, 45.503679 ], [ 9.240411, 45.503672 ], [ 9.240366, 45.503662 ], [ 9.240313, 45.503647 ], [ 9.240255, 45.503627 ], [ 9.240225, 45.503615 ], [ 9.240172, 45.503587 ], [ 9.240049, 45.503508 ], [ 9.239966, 45.503405 ], [ 9.239928, 45.503348 ], [ 9.239904, 45.503308 ], [ 9.239884, 45.50327 ], [ 9.239869, 45.503239 ], [ 9.239865, 45.503236 ], [ 9.239822, 45.503205 ], [ 9.239761, 45.503225 ], [ 9.239609, 45.50324 ], [ 9.239526, 45.503244 ], [ 9.239441, 45.503231 ], [ 9.239343, 45.503196 ], [ 9.239267, 45.503124 ], [ 9.239227, 45.50306 ], [ 9.239197, 45.502988 ], [ 9.239155, 45.502854 ], [ 9.23916, 45.502791 ], [ 9.23903, 45.502754 ], [ 9.238905, 45.502705 ], [ 9.238806, 45.502619 ], [ 9.238758, 45.502564 ], [ 9.238748, 45.502549 ], [ 9.238619, 45.502459 ], [ 9.23848, 45.5022 ], [ 9.238416, 45.501904 ], [ 9.238412, 45.501777 ], [ 9.238372, 45.501723 ], [ 9.238356, 45.5017 ], [ 9.238238, 45.501519 ], [ 9.238224, 45.501513 ], [ 9.238166, 45.50148 ], [ 9.238089, 45.501419 ], [ 9.237965, 45.501349 ], [ 9.237812, 45.501249 ], [ 9.237703, 45.501157 ], [ 9.237702, 45.501157 ], [ 9.237584, 45.501157 ], [ 9.237553, 45.501155 ], [ 9.237432, 45.501163 ], [ 9.237309, 45.501158 ], [ 9.237298, 45.501157 ], [ 9.237241, 45.501156 ], [ 9.237106, 45.501141 ], [ 9.237098, 45.501145 ], [ 9.236967, 45.501194 ], [ 9.236913, 45.501207 ], [ 9.236766, 45.501219 ], [ 9.236691, 45.501202 ], [ 9.236587, 45.501158 ], [ 9.23647, 45.501163 ], [ 9.236429, 45.500962 ], [ 9.236393, 45.500929 ], [ 9.236331, 45.500851 ], [ 9.236292, 45.500741 ], [ 9.236261, 45.500595 ], [ 9.236219, 45.500604 ], [ 9.235805, 45.50056 ], [ 9.235629, 45.500437 ], [ 9.235613, 45.500417 ], [ 9.235396, 45.50041 ], [ 9.23525, 45.499976 ], [ 9.235232, 45.499898 ], [ 9.235208, 45.499696 ], [ 9.235241, 45.499479 ], [ 9.235099, 45.499526 ], [ 9.235093, 45.499528 ], [ 9.234839, 45.499601 ], [ 9.234658, 45.499583 ], [ 9.234601, 45.499567 ], [ 9.234479, 45.499516 ], [ 9.234416, 45.499404 ], [ 9.2344, 45.499405 ], [ 9.234352, 45.499403 ], [ 9.234293, 45.499392 ], [ 9.234191, 45.499347 ], [ 9.234176, 45.499319 ], [ 9.234065, 45.499269 ], [ 9.234013, 45.499257 ], [ 9.233976, 45.499257 ], [ 9.233809, 45.499285 ], [ 9.233723, 45.49931 ], [ 9.233568, 45.499383 ], [ 9.233505, 45.499416 ], [ 9.233394, 45.49948 ], [ 9.233301, 45.499538 ], [ 9.233314, 45.499308 ], [ 9.233261, 45.499028 ], [ 9.233225, 45.498926 ], [ 9.233179, 45.498826 ], [ 9.233139, 45.498772 ], [ 9.23314, 45.498597 ], [ 9.232955, 45.498374 ], [ 9.232962, 45.498261 ], [ 9.232834, 45.498269 ], [ 9.232778, 45.498261 ], [ 9.232725, 45.498243 ], [ 9.23261, 45.498163 ], [ 9.232605, 45.498131 ], [ 9.232527, 45.498056 ], [ 9.2325, 45.49802 ], [ 9.232495, 45.498011 ], [ 9.232456, 45.497996 ], [ 9.232409, 45.497965 ], [ 9.232308, 45.497931 ], [ 9.232221, 45.497951 ], [ 9.232176, 45.49785 ], [ 9.232152, 45.497815 ], [ 9.23212, 45.497784 ], [ 9.232073, 45.497756 ], [ 9.232063, 45.497753 ], [ 9.232006, 45.497683 ], [ 9.232, 45.497672 ], [ 9.231941, 45.497639 ], [ 9.231927, 45.497634 ], [ 9.231852, 45.497536 ], [ 9.231757, 45.497533 ], [ 9.231666, 45.49739 ], [ 9.231639, 45.497306 ], [ 9.231599, 45.497005 ], [ 9.231641, 45.496787 ], [ 9.231644, 45.496749 ], [ 9.231674, 45.496467 ], [ 9.231735, 45.496216 ], [ 9.231786, 45.49614 ], [ 9.230414, 45.495601 ], [ 9.230332, 45.495529 ], [ 9.230222, 45.495344 ], [ 9.229943, 45.495368 ], [ 9.229896, 45.495365 ], [ 9.229563, 45.495309 ], [ 9.22923, 45.495404 ], [ 9.22831, 45.495949 ], [ 9.228097, 45.495982 ], [ 9.228153, 45.495465 ], [ 9.228587, 45.494429 ], [ 9.228646, 45.494216 ], [ 9.227904, 45.494112 ], [ 9.22778, 45.494015 ], [ 9.22758, 45.493848 ], [ 9.227572, 45.493841 ], [ 9.227565, 45.493833 ], [ 9.227514, 45.493766 ], [ 9.227468, 45.493765 ], [ 9.227277, 45.493798 ], [ 9.227029, 45.493955 ], [ 9.226494, 45.493722 ], [ 9.226358, 45.493408 ], [ 9.225238, 45.493724 ], [ 9.224388, 45.494111 ], [ 9.224279, 45.494178 ], [ 9.224059, 45.494035 ], [ 9.223948, 45.493967 ], [ 9.223948, 45.493967 ], [ 9.22386, 45.493715 ], [ 9.223927, 45.492642 ], [ 9.223929, 45.492618 ], [ 9.224467, 45.491713 ], [ 9.223991, 45.491046 ], [ 9.223768, 45.491104 ], [ 9.223238, 45.491082 ], [ 9.22314, 45.4909 ], [ 9.223127, 45.490744 ], [ 9.223126, 45.490736 ], [ 9.223042, 45.490676 ], [ 9.222925, 45.490703 ], [ 9.222846, 45.490709 ], [ 9.222796, 45.490706 ], [ 9.222746, 45.490695 ], [ 9.222679, 45.490666 ], [ 9.222629, 45.490607 ], [ 9.222628, 45.490605 ], [ 9.222451, 45.490522 ], [ 9.222449, 45.490463 ], [ 9.222323, 45.490328 ], [ 9.222311, 45.490324 ], [ 9.222257, 45.490334 ], [ 9.222119, 45.490252 ], [ 9.222044, 45.490232 ], [ 9.222004, 45.490019 ], [ 9.221992, 45.48986 ], [ 9.222038, 45.489591 ], [ 9.222052, 45.489535 ], [ 9.221991, 45.48953 ], [ 9.221822, 45.489501 ], [ 9.221705, 45.489458 ], [ 9.221656, 45.489437 ], [ 9.221624, 45.489421 ], [ 9.221573, 45.489391 ], [ 9.221561, 45.489391 ], [ 9.221521, 45.489386 ], [ 9.221404, 45.489366 ], [ 9.221261, 45.489312 ], [ 9.221153, 45.489243 ], [ 9.221045, 45.489137 ], [ 9.220896, 45.488889 ], [ 9.220834, 45.488368 ], [ 9.220814, 45.488327 ], [ 9.220674, 45.487661 ], [ 9.220675, 45.487476 ], [ 9.220345, 45.487549 ], [ 9.219803, 45.487614 ], [ 9.219707, 45.487597 ], [ 9.219497, 45.487604 ], [ 9.219366, 45.487601 ], [ 9.21914, 45.487566 ], [ 9.21877, 45.487392 ], [ 9.218715, 45.487293 ], [ 9.218558, 45.487212 ], [ 9.218517, 45.487176 ], [ 9.218248, 45.487039 ], [ 9.217836, 45.487653 ], [ 9.217778, 45.487595 ], [ 9.217736, 45.487549 ], [ 9.217699, 45.487504 ], [ 9.217671, 45.487461 ], [ 9.217643, 45.487424 ], [ 9.217639, 45.487418 ], [ 9.217621, 45.487393 ], [ 9.217608, 45.487371 ], [ 9.217457, 45.487153 ], [ 9.216395, 45.487139 ], [ 9.216178, 45.486948 ], [ 9.215312, 45.487172 ], [ 9.214618, 45.488221 ], [ 9.214488, 45.48822 ], [ 9.213909, 45.487368 ], [ 9.213718, 45.487164 ], [ 9.213096, 45.486738 ], [ 9.212778, 45.486505 ], [ 9.212664, 45.486584 ], [ 9.212421, 45.486707 ], [ 9.212013, 45.486846 ], [ 9.211817, 45.486842 ], [ 9.211641, 45.486855 ], [ 9.21157, 45.486876 ], [ 9.21157, 45.487028 ] ] ] } },
{ "type": "Feature", "properties": { "postcode": "20128", "iou_vs_official": 0.9191, "match_status": "matched", "n_seed_addresses": 1158 }, "geometry": { "type": "Polygon", "coordinates": [ [ [ 9.224874, 45.504737 ], [ 9.224708, 45.504998 ], [ 9.224669, 45.505146 ], [ 9.224466, 45.505161 ], [ 9.224218, 45.505026 ], [ 9.224, 45.505344 ], [ 9.224001, 45.50535 ], [ 9.224032, 45.505408 ], [ 9.224049, 45.505544 ], [ 9.224049, 45.505548 ], [ 9.22406, 45.505586 ], [ 9.224087, 45.505745 ], [ 9.224109, 45.505773 ], [ 9.224109, 45.505774 ], [ 9.224416, 45.506182 ], [ 9.224388, 45.506275 ], [ 9.224394, 45.507242 ], [ 9.224435, 45.507328 ], [ 9.224444, 45.507335 ], [ 9.224804, 45.50752 ], [ 9.225041, 45.507681 ], [ 9.225046, 45.507686 ], [ 9.224678, 45.508365 ], [ 9.224445, 45.508631 ], [ 9.224088, 45.508791 ], [ 9.224022, 45.508921 ], [ 9.223978, 45.509032 ], [ 9.223978, 45.509034 ], [ 9.223922, 45.509263 ], [ 9.223917, 45.509462 ], [ 9.22392, 45.509528 ], [ 9.223894, 45.509627 ], [ 9.223802, 45.509846 ], [ 9.223548, 45.510092 ], [ 9.223945, 45.510319 ], [ 9.224057, 45.510557 ], [ 9.224053, 45.510621 ], [ 9.224122, 45.510734 ], [ 9.224131, 45.510824 ], [ 9.224199, 45.510908 ], [ 9.224234, 45.51105 ], [ 9.224282, 45.511111 ], [ 9.224276, 45.511146 ], [ 9.224283, 45.511272 ], [ 9.224303, 45.511323 ], [ 9.224311, 45.511528 ], [ 9.224308, 45.511543 ], [ 9.224314, 45.51157 ], [ 9.224329, 45.511593 ], [ 9.224397, 45.511786 ], [ 9.224443, 45.511816 ], [ 9.224489, 45.512061 ], [ 9.224492, 45.512111 ], [ 9.22449, 45.512161 ], [ 9.224463, 45.512281 ], [ 9.224486, 45.512364 ], [ 9.224487, 45.512376 ], [ 9.224487, 45.5124 ], [ 9.22448, 45.512435 ], [ 9.224548, 45.512803 ], [ 9.224386, 45.513199 ], [ 9.224259, 45.513424 ], [ 9.224058, 45.513692 ], [ 9.2241, 45.513722 ], [ 9.224277, 45.513862 ], [ 9.226267, 45.514004 ], [ 9.22634, 45.514227 ], [ 9.225597, 45.514761 ], [ 9.22544, 45.515021 ], [ 9.225356, 45.515305 ], [ 9.22553, 45.515497 ], [ 9.225557, 45.515557 ], [ 9.225581, 45.515674 ], [ 9.225582, 45.51574 ], [ 9.225714, 45.515916 ], [ 9.225715, 45.515917 ], [ 9.225717, 45.516112 ], [ 9.225824, 45.516361 ], [ 9.22582, 45.516372 ], [ 9.225817, 45.516486 ], [ 9.225954, 45.516657 ], [ 9.225954, 45.516703 ], [ 9.225955, 45.51672 ], [ 9.22596, 45.516756 ], [ 9.225976, 45.516813 ], [ 9.225974, 45.516857 ], [ 9.226018, 45.516955 ], [ 9.22606, 45.51703 ], [ 9.226126, 45.517099 ], [ 9.226329, 45.517253 ], [ 9.22643, 45.517294 ], [ 9.226517, 45.517322 ], [ 9.226529, 45.517337 ], [ 9.2266, 45.517412 ], [ 9.226733, 45.517537 ], [ 9.22678, 45.517578 ], [ 9.227001, 45.517745 ], [ 9.227476, 45.518715 ], [ 9.228634, 45.51903 ], [ 9.229721, 45.520221 ], [ 9.231291, 45.521154 ], [ 9.232698, 45.521273 ], [ 9.232904, 45.52129 ], [ 9.233014, 45.521264 ], [ 9.233026, 45.521264 ], [ 9.233033, 45.521242 ], [ 9.233114, 45.520924 ], [ 9.233117, 45.520912 ], [ 9.233173, 45.520698 ], [ 9.233344, 45.520095 ], [ 9.233395, 45.519913 ], [ 9.233397, 45.519904 ], [ 9.233401, 45.519885 ], [ 9.233398, 45.519864 ], [ 9.233378, 45.519842 ], [ 9.233316, 45.519836 ], [ 9.233303, 45.519819 ], [ 9.233413, 45.519451 ], [ 9.233551, 45.518981 ], [ 9.23371, 45.51901 ], [ 9.233896, 45.519036 ], [ 9.233943, 45.519034 ], [ 9.233987, 45.518987 ], [ 9.23402, 45.518898 ], [ 9.234021, 45.518896 ], [ 9.234218, 45.518413 ], [ 9.234439, 45.517866 ], [ 9.234552, 45.517587 ], [ 9.234607, 45.517452 ], [ 9.234613, 45.51745 ], [ 9.234766, 45.517484 ], [ 9.234913, 45.517516 ], [ 9.235097, 45.517557 ], [ 9.235228, 45.517585 ], [ 9.235368, 45.517617 ], [ 9.235504, 45.517646 ], [ 9.235643, 45.517678 ], [ 9.235757, 45.517703 ], [ 9.235846, 45.517722 ], [ 9.23586, 45.517681 ], [ 9.235888, 45.51759 ], [ 9.235921, 45.517474 ], [ 9.235961, 45.517481 ], [ 9.236144, 45.517517 ], [ 9.236354, 45.517558 ], [ 9.236595, 45.517605 ], [ 9.236706, 45.517627 ], [ 9.236857, 45.517656 ], [ 9.236905, 45.517665 ], [ 9.236996, 45.517686 ], [ 9.237222, 45.517735 ], [ 9.237531, 45.517802 ], [ 9.237919, 45.517886 ], [ 9.237846, 45.518068 ], [ 9.237787, 45.518212 ], [ 9.237766, 45.518262 ], [ 9.237672, 45.518492 ], [ 9.237594, 45.518689 ], [ 9.238188, 45.518812 ], [ 9.238234, 45.518823 ], [ 9.238277, 45.518829 ], [ 9.238386, 45.518858 ], [ 9.238426, 45.518866 ], [ 9.238511, 45.518885 ], [ 9.238538, 45.518889 ], [ 9.238623, 45.518904 ], [ 9.238712, 45.518921 ], [ 9.238825, 45.518942 ], [ 9.238956, 45.518967 ], [ 9.239079, 45.51899 ], [ 9.239141, 45.519002 ], [ 9.239212, 45.519013 ], [ 9.239222, 45.519017 ], [ 9.239268, 45.519025 ], [ 9.239398, 45.519049 ], [ 9.239539, 45.519074 ], [ 9.239674, 45.519098 ], [ 9.239824, 45.519125 ], [ 9.23994, 45.519145 ], [ 9.240109, 45.519176 ], [ 9.240268, 45.519204 ], [ 9.240427, 45.519232 ], [ 9.240583, 45.519261 ], [ 9.240725, 45.519286 ], [ 9.240866, 45.519311 ], [ 9.240905, 45.519318 ], [ 9.240922, 45.519317 ], [ 9.241001, 45.519306 ], [ 9.241124, 45.51929 ], [ 9.241284, 45.519269 ], [ 9.241554, 45.519233 ], [ 9.241727, 45.51921 ], [ 9.241972, 45.519178 ], [ 9.242174, 45.519151 ], [ 9.24235, 45.519129 ], [ 9.242351, 45.519128 ], [ 9.242362, 45.519117 ], [ 9.242421, 45.519075 ], [ 9.242466, 45.519064 ], [ 9.242504, 45.519061 ], [ 9.24288, 45.519032 ], [ 9.242932, 45.519033 ], [ 9.243047, 45.51906 ], [ 9.243062, 45.519061 ], [ 9.243116, 45.519064 ], [ 9.243183, 45.51907 ], [ 9.243388, 45.51903 ], [ 9.243492, 45.519011 ], [ 9.243622, 45.518986 ], [ 9.24369, 45.518974 ], [ 9.243774, 45.518957 ], [ 9.243842, 45.518948 ], [ 9.243936, 45.518937 ], [ 9.243972, 45.518938 ], [ 9.244006, 45.518938 ], [ 9.244137, 45.518939 ], [ 9.244279, 45.518962 ], [ 9.244354, 45.51897 ], [ 9.244439, 45.51898 ], [ 9.244595, 45.519005 ], [ 9.244622, 45.519001 ], [ 9.244644, 45.518981 ], [ 9.244679, 45.518898 ], [ 9.244702, 45.518841 ], [ 9.244716, 45.51881 ], [ 9.244728, 45.518782 ], [ 9.24475, 45.51873 ], [ 9.244787, 45.51864 ], [ 9.244821, 45.518559 ], [ 9.244852, 45.518484 ], [ 9.244873, 45.51844 ], [ 9.244885, 45.518431 ], [ 9.244889, 45.518428 ], [ 9.2449, 45.518426 ], [ 9.24492, 45.518433 ], [ 9.244993, 45.518462 ], [ 9.245009, 45.518468 ], [ 9.245099, 45.5185 ], [ 9.245171, 45.518527 ], [ 9.245265, 45.518562 ], [ 9.245336, 45.518589 ], [ 9.245385, 45.518609 ], [ 9.245457, 45.518639 ], [ 9.245464, 45.518642 ], [ 9.245509, 45.518661 ], [ 9.245548, 45.518677 ], [ 9.245627, 45.518712 ], [ 9.245682, 45.518733 ], [ 9.245717, 45.518746 ], [ 9.245727, 45.51875 ], [ 9.245826, 45.518789 ], [ 9.245946, 45.518835 ], [ 9.246044, 45.518872 ], [ 9.246121, 45.518901 ], [ 9.246222, 45.518939 ], [ 9.246232, 45.518943 ], [ 9.246303, 45.51897 ], [ 9.246416, 45.519022 ], [ 9.246463, 45.519042 ], [ 9.246512, 45.519063 ], [ 9.246573, 45.519087 ], [ 9.246667, 45.519127 ], [ 9.246679, 45.519132 ], [ 9.246758, 45.519164 ], [ 9.246895, 45.519215 ], [ 9.247078, 45.519283 ], [ 9.247132, 45.519302 ], [ 9.247216, 45.519334 ], [ 9.247291, 45.51936 ], [ 9.247318, 45.519369 ], [ 9.24746, 45.519409 ], [ 9.247564, 45.519439 ], [ 9.247608, 45.519451 ], [ 9.24771, 45.51948 ], [ 9.247801, 45.519508 ], [ 9.247856, 45.519524 ], [ 9.247963, 45.519553 ], [ 9.248042, 45.519573 ], [ 9.248067, 45.519583 ], [ 9.248138, 45.519613 ], [ 9.248211, 45.519645 ], [ 9.248323, 45.519673 ], [ 9.248399, 45.519695 ], [ 9.248595, 45.519785 ], [ 9.24864, 45.519799 ], [ 9.248724, 45.519825 ], [ 9.248807, 45.51985 ], [ 9.248856, 45.519866 ], [ 9.248975, 45.519893 ], [ 9.249042, 45.519908 ], [ 9.249132, 45.519928 ], [ 9.249243, 45.519953 ], [ 9.249335, 45.519971 ], [ 9.249438, 45.519993 ], [ 9.249441, 45.519993 ], [ 9.249575, 45.520014 ], [ 9.249636, 45.520023 ], [ 9.249695, 45.52001 ], [ 9.249709, 45.519972 ], [ 9.249802, 45.519735 ], [ 9.249806, 45.519719 ], [ 9.249831, 45.5197 ], [ 9.249849, 45.519699 ], [ 9.249937, 45.519718 ], [ 9.250179, 45.519761 ], [ 9.250485, 45.519814 ], [ 9.250836, 45.519874 ], [ 9.25092, 45.519887 ], [ 9.251223, 45.519936 ], [ 9.251437, 45.51997 ], [ 9.251587, 45.519997 ], [ 9.251809, 45.520025 ], [ 9.251975, 45.520046 ], [ 9.252158, 45.520067 ], [ 9.252454, 45.5201 ], [ 9.252601, 45.520118 ], [ 9.252755, 45.520135 ], [ 9.252808, 45.520142 ], [ 9.25313, 45.520183 ], [ 9.253181, 45.520189 ], [ 9.253747, 45.520257 ], [ 9.25408, 45.520295 ], [ 9.254095, 45.520296 ], [ 9.254404, 45.518679 ], [ 9.2549, 45.517773 ], [ 9.253828, 45.515213 ], [ 9.253465, 45.514801 ], [ 9.252995, 45.514434 ], [ 9.253269, 45.513757 ], [ 9.253428, 45.513003 ], [ 9.254892, 45.51261 ], [ 9.254898, 45.512489 ], [ 9.254407, 45.512002 ], [ 9.25374, 45.511429 ], [ 9.253384, 45.511425 ], [ 9.253294, 45.511346 ], [ 9.252685, 45.51127 ], [ 9.252325, 45.511068 ], [ 9.251946, 45.51118 ], [ 9.251591, 45.510947 ], [ 9.250934, 45.511044 ], [ 9.250879, 45.511082 ], [ 9.250436, 45.510775 ], [ 9.250149, 45.51069 ], [ 9.250036, 45.510627 ], [ 9.249863, 45.510662 ], [ 9.249614, 45.51062 ], [ 9.249562, 45.510598 ], [ 9.249331, 45.510582 ], [ 9.249319, 45.510582 ], [ 9.249252, 45.510591 ], [ 9.24915, 45.510543 ], [ 9.249061, 45.510512 ], [ 9.249012, 45.510505 ], [ 9.248877, 45.510469 ], [ 9.248767, 45.510451 ], [ 9.248745, 45.51045 ], [ 9.248676, 45.510424 ], [ 9.248539, 45.510363 ], [ 9.248503, 45.510345 ], [ 9.248482, 45.510343 ], [ 9.248351, 45.510322 ], [ 9.248159, 45.510326 ], [ 9.248075, 45.50998 ], [ 9.248004, 45.509873 ], [ 9.247847, 45.5097 ], [ 9.247736, 45.509689 ], [ 9.247671, 45.509666 ], [ 9.247588, 45.509584 ], [ 9.247586, 45.509573 ], [ 9.247333, 45.509314 ], [ 9.247013, 45.509363 ], [ 9.246977, 45.50937 ], [ 9.246964, 45.509373 ], [ 9.246952, 45.509384 ], [ 9.246942, 45.509391 ], [ 9.246571, 45.509241 ], [ 9.246494, 45.509215 ], [ 9.246387, 45.509194 ], [ 9.246382, 45.509191 ], [ 9.246325, 45.50916 ], [ 9.246323, 45.509159 ], [ 9.246215, 45.509104 ], [ 9.246156, 45.509067 ], [ 9.246139, 45.50906 ], [ 9.246131, 45.509056 ], [ 9.246014, 45.50901 ], [ 9.245985, 45.509 ], [ 9.24595, 45.508979 ], [ 9.245849, 45.508933 ], [ 9.24573, 45.508891 ], [ 9.24569, 45.508864 ], [ 9.245554, 45.508791 ], [ 9.245472, 45.508741 ], [ 9.245411, 45.508696 ], [ 9.245355, 45.508685 ], [ 9.245157, 45.508619 ], [ 9.245127, 45.508606 ], [ 9.245021, 45.50855 ], [ 9.244992, 45.508532 ], [ 9.244913, 45.508505 ], [ 9.244812, 45.508319 ], [ 9.244723, 45.508207 ], [ 9.244608, 45.508091 ], [ 9.244489, 45.507993 ], [ 9.244466, 45.507976 ], [ 9.244364, 45.507918 ], [ 9.244212, 45.507843 ], [ 9.243468, 45.508083 ], [ 9.242691, 45.507572 ], [ 9.242526, 45.507377 ], [ 9.242319, 45.507319 ], [ 9.242154, 45.507234 ], [ 9.242089, 45.507227 ], [ 9.24181, 45.50726 ], [ 9.241538, 45.507239 ], [ 9.241448, 45.507249 ], [ 9.241057, 45.50693 ], [ 9.240359, 45.506524 ], [ 9.240281, 45.506467 ], [ 9.240037, 45.506097 ], [ 9.239969, 45.506078 ], [ 9.239818, 45.506062 ], [ 9.239653, 45.505824 ], [ 9.239147, 45.505503 ], [ 9.239125, 45.505493 ], [ 9.239082, 45.505424 ], [ 9.238934, 45.505358 ], [ 9.238436, 45.505281 ], [ 9.238311, 45.505377 ], [ 9.238202, 45.505318 ], [ 9.237765, 45.504771 ], [ 9.237761, 45.50477 ], [ 9.237442, 45.504959 ], [ 9.23704, 45.504836 ], [ 9.236879, 45.504713 ], [ 9.236783, 45.504555 ], [ 9.236085, 45.504612 ], [ 9.235872, 45.504499 ], [ 9.235649, 45.504251 ], [ 9.23514, 45.504083 ], [ 9.235104, 45.504056 ], [ 9.235016, 45.504039 ], [ 9.234595, 45.503928 ], [ 9.234492, 45.50391 ], [ 9.234309, 45.50385 ], [ 9.234199, 45.503861 ], [ 9.234156, 45.503858 ], [ 9.233573, 45.503667 ], [ 9.23353, 45.503645 ], [ 9.233397, 45.503663 ], [ 9.233032, 45.503839 ], [ 9.232662, 45.503898 ], [ 9.231694, 45.503635 ], [ 9.231674, 45.503626 ], [ 9.230911, 45.503141 ], [ 9.230726, 45.502787 ], [ 9.230468, 45.502933 ], [ 9.22872, 45.503521 ], [ 9.228693, 45.503503 ], [ 9.228168, 45.503412 ], [ 9.227704, 45.503615 ], [ 9.227139, 45.503683 ], [ 9.226899, 45.503741 ], [ 9.226594, 45.503959 ], [ 9.226574, 45.503972 ], [ 9.226574, 45.503973 ], [ 9.226422, 45.504161 ], [ 9.226186, 45.504257 ], [ 9.225825, 45.50464 ], [ 9.225451, 45.50476 ], [ 9.225289, 45.50475 ], [ 9.224953, 45.504647 ], [ 9.224949, 45.504651 ], [ 9.224931, 45.504668 ], [ 9.224874, 45.504737 ] ] ] } },
{ "type": "Feature", "properties": { "postcode": "20129", "iou_vs_official": 0.8507, "match_status": "matched", "n_seed_addresses": 768 }, "geometry": { "type": "Polygon", "coordinates": [ [ [ 9.206818, 45.462203 ], [ 9.206822, 45.462226 ], [ 9.206736, 45.462403 ], [ 9.206541, 45.462635 ], [ 9.206417, 45.462697 ], [ 9.206385, 45.462738 ], [ 9.206499, 45.463299 ], [ 9.206453, 45.463387 ], [ 9.206412, 45.463592 ], [ 9.206419, 45.463631 ], [ 9.206364, 45.463863 ], [ 9.206351, 45.463884 ], [ 9.206356, 45.46417 ], [ 9.206421, 45.464363 ], [ 9.20644, 45.464396 ], [ 9.206354, 45.464502 ], [ 9.206277, 45.464633 ], [ 9.20623, 45.464801 ], [ 9.206243, 45.465003 ], [ 9.206263, 45.465054 ], [ 9.206181, 45.465203 ], [ 9.206153, 45.465379 ], [ 9.206148, 45.465393 ], [ 9.206137, 45.465538 ], [ 9.206082, 45.465668 ], [ 9.206097, 45.46573 ], [ 9.206076, 45.465931 ], [ 9.206079, 45.465947 ], [ 9.206049, 45.466064 ], [ 9.206048, 45.466171 ], [ 9.206003, 45.466275 ], [ 9.20603, 45.466548 ], [ 9.206135, 45.466753 ], [ 9.206248, 45.466905 ], [ 9.206044, 45.46707 ], [ 9.205953, 45.467462 ], [ 9.20591, 45.467598 ], [ 9.20594, 45.467795 ], [ 9.205947, 45.46781 ], [ 9.205809, 45.468 ], [ 9.205762, 45.46838 ], [ 9.205968, 45.468668 ], [ 9.205968, 45.468672 ], [ 9.205968, 45.468708 ], [ 9.206004, 45.468887 ], [ 9.206056, 45.469035 ], [ 9.206077, 45.469081 ], [ 9.206061, 45.469174 ], [ 9.206048, 45.469362 ], [ 9.206002, 45.469503 ], [ 9.206015, 45.469605 ], [ 9.206007, 45.469755 ], [ 9.205868, 45.469845 ], [ 9.205694, 45.470011 ], [ 9.205581, 45.47017 ], [ 9.205546, 45.470341 ], [ 9.205548, 45.470379 ], [ 9.205503, 45.470631 ], [ 9.205433, 45.470716 ], [ 9.205376, 45.47076 ], [ 9.205552, 45.471191 ], [ 9.205545, 45.471221 ], [ 9.205547, 45.471366 ], [ 9.205487, 45.471437 ], [ 9.2054, 45.471708 ], [ 9.205453, 45.471818 ], [ 9.205402, 45.472008 ], [ 9.205415, 45.472132 ], [ 9.205387, 45.472212 ], [ 9.205393, 45.472353 ], [ 9.205306, 45.47258 ], [ 9.205241, 45.47266 ], [ 9.205223, 45.472823 ], [ 9.205138, 45.473023 ], [ 9.205117, 45.473126 ], [ 9.205022, 45.473291 ], [ 9.205041, 45.473342 ], [ 9.205073, 45.473399 ], [ 9.205149, 45.473593 ], [ 9.2052, 45.473777 ], [ 9.205222, 45.473796 ], [ 9.205498, 45.474587 ], [ 9.205626, 45.474608 ], [ 9.205818, 45.474534 ], [ 9.206175, 45.474515 ], [ 9.206344, 45.474739 ], [ 9.206441, 45.47482 ], [ 9.206447, 45.474837 ], [ 9.206517, 45.475176 ], [ 9.206447, 45.475286 ], [ 9.206359, 45.475526 ], [ 9.20652, 45.475824 ], [ 9.206564, 45.475837 ], [ 9.20669, 45.476108 ], [ 9.206834, 45.476247 ], [ 9.206893, 45.476612 ], [ 9.206966, 45.47666 ], [ 9.207091, 45.476649 ], [ 9.207354, 45.476601 ], [ 9.207362, 45.476604 ], [ 9.207474, 45.476656 ], [ 9.207537, 45.476728 ], [ 9.208308, 45.476695 ], [ 9.208377, 45.476682 ], [ 9.20842, 45.476733 ], [ 9.208414, 45.476835 ], [ 9.208525, 45.477528 ], [ 9.208538, 45.477538 ], [ 9.208559, 45.477639 ], [ 9.209038, 45.477917 ], [ 9.208968, 45.4782 ], [ 9.209052, 45.478289 ], [ 9.209194, 45.478379 ], [ 9.20921, 45.478382 ], [ 9.209383, 45.478285 ], [ 9.209773, 45.478459 ], [ 9.209802, 45.478464 ], [ 9.20987, 45.478551 ], [ 9.209971, 45.47866 ], [ 9.210002, 45.478658 ], [ 9.210383, 45.478607 ], [ 9.210617, 45.478659 ], [ 9.21073, 45.47867 ], [ 9.210789, 45.478696 ], [ 9.210821, 45.478706 ], [ 9.211197, 45.47877 ], [ 9.21121, 45.478779 ], [ 9.211266, 45.478811 ], [ 9.21178, 45.478737 ], [ 9.211916, 45.47897 ], [ 9.211929, 45.479076 ], [ 9.211889, 45.479888 ], [ 9.211834, 45.479906 ], [ 9.211683, 45.479891 ], [ 9.211321, 45.479599 ], [ 9.211096, 45.480049 ], [ 9.211085, 45.480059 ], [ 9.210995, 45.480151 ], [ 9.211122, 45.480361 ], [ 9.21131, 45.480516 ], [ 9.211484, 45.480561 ], [ 9.211507, 45.480579 ], [ 9.211596, 45.480628 ], [ 9.211602, 45.480631 ], [ 9.211642, 45.480688 ], [ 9.211726, 45.480788 ], [ 9.212043, 45.480801 ], [ 9.212192, 45.480844 ], [ 9.212373, 45.480919 ], [ 9.212706, 45.481225 ], [ 9.212722, 45.481251 ], [ 9.213006, 45.481276 ], [ 9.213088, 45.481232 ], [ 9.213261, 45.481181 ], [ 9.213459, 45.481152 ], [ 9.213474, 45.481148 ], [ 9.214781, 45.480887 ], [ 9.215098, 45.48107 ], [ 9.215217, 45.481111 ], [ 9.215499, 45.480976 ], [ 9.215815, 45.480804 ], [ 9.215856, 45.48073 ], [ 9.215947, 45.48053 ], [ 9.216051, 45.480251 ], [ 9.216109, 45.480003 ], [ 9.216133, 45.479848 ], [ 9.216148, 45.479694 ], [ 9.216153, 45.479541 ], [ 9.216188, 45.47921 ], [ 9.216213, 45.479088 ], [ 9.21629, 45.478817 ], [ 9.216308, 45.478771 ], [ 9.216284, 45.4787 ], [ 9.21623, 45.47848 ], [ 9.21617, 45.478051 ], [ 9.216185, 45.477885 ], [ 9.216192, 45.477712 ], [ 9.21619, 45.477687 ], [ 9.216386, 45.477523 ], [ 9.216572, 45.477337 ], [ 9.217223, 45.476503 ], [ 9.217374, 45.476189 ], [ 9.218144, 45.476735 ], [ 9.21888, 45.476684 ], [ 9.218842, 45.476356 ], [ 9.218883, 45.475683 ], [ 9.218932, 45.475533 ], [ 9.218895, 45.475352 ], [ 9.218832, 45.475202 ], [ 9.218816, 45.475104 ], [ 9.21883, 45.475081 ], [ 9.219538, 45.473207 ], [ 9.220064, 45.473891 ], [ 9.220279, 45.474312 ], [ 9.220302, 45.474325 ], [ 9.22094, 45.474924 ], [ 9.221149, 45.475045 ], [ 9.22171, 45.475055 ], [ 9.221857, 45.475088 ], [ 9.221997, 45.474379 ], [ 9.221994, 45.474195 ], [ 9.222083, 45.473957 ], [ 9.22211, 45.473893 ], [ 9.222252, 45.473608 ], [ 9.222213, 45.473209 ], [ 9.221973, 45.472856 ], [ 9.221845, 45.472603 ], [ 9.222314, 45.471915 ], [ 9.222342, 45.471738 ], [ 9.222342, 45.471446 ], [ 9.222347, 45.471367 ], [ 9.222351, 45.471321 ], [ 9.222356, 45.471271 ], [ 9.222364, 45.471208 ], [ 9.222374, 45.471142 ], [ 9.222388, 45.471068 ], [ 9.222509, 45.470546 ], [ 9.222942, 45.470341 ], [ 9.223224, 45.469623 ], [ 9.223504, 45.469086 ], [ 9.22352, 45.468846 ], [ 9.223512, 45.468627 ], [ 9.223489, 45.468612 ], [ 9.222283, 45.467017 ], [ 9.222044, 45.466826 ], [ 9.222047, 45.466714 ], [ 9.222026, 45.466446 ], [ 9.222002, 45.466271 ], [ 9.221947, 45.466026 ], [ 9.221896, 45.465836 ], [ 9.221835, 45.465661 ], [ 9.221979, 45.465482 ], [ 9.222196, 45.465081 ], [ 9.222349, 45.464723 ], [ 9.222405, 45.464484 ], [ 9.222432, 45.46434 ], [ 9.222474, 45.46403 ], [ 9.222415, 45.463486 ], [ 9.222387, 45.463411 ], [ 9.221695, 45.463257 ], [ 9.220581, 45.463049 ], [ 9.220694, 45.460577 ], [ 9.220042, 45.460305 ], [ 9.219368, 45.460374 ], [ 9.217739, 45.460378 ], [ 9.217542, 45.460475 ], [ 9.216666, 45.460458 ], [ 9.21561, 45.460291 ], [ 9.215446, 45.460344 ], [ 9.215144, 45.46047 ], [ 9.215016, 45.46053 ], [ 9.21485, 45.46061 ], [ 9.214392, 45.46049 ], [ 9.214261, 45.460489 ], [ 9.212918, 45.461399 ], [ 9.21218, 45.46208 ], [ 9.21154, 45.46209 ], [ 9.211332, 45.461986 ], [ 9.211284, 45.462008 ], [ 9.210615, 45.46266 ], [ 9.210315, 45.462597 ], [ 9.210223, 45.462612 ], [ 9.210208, 45.462614 ], [ 9.209913, 45.462666 ], [ 9.209729, 45.462735 ], [ 9.209496, 45.462858 ], [ 9.209363, 45.462677 ], [ 9.20935, 45.462648 ], [ 9.208871, 45.462316 ], [ 9.208729, 45.462298 ], [ 9.20863, 45.462317 ], [ 9.208483, 45.462369 ], [ 9.208243, 45.462649 ], [ 9.208102, 45.462742 ], [ 9.208054, 45.462726 ], [ 9.207839, 45.462704 ], [ 9.207725, 45.462518 ], [ 9.207522, 45.462303 ], [ 9.207547, 45.461984 ], [ 9.207624, 45.461867 ], [ 9.20764, 45.461817 ], [ 9.207623, 45.461587 ], [ 9.207721, 45.461462 ], [ 9.207725, 45.461453 ], [ 9.2077, 45.461318 ], [ 9.207135, 45.461238 ], [ 9.207028, 45.461308 ], [ 9.206998, 45.461305 ], [ 9.206821, 45.46161 ], [ 9.206758, 45.462093 ], [ 9.206818, 45.462203 ] ] ] } },
{ "type": "Feature", "properties": { "postcode": "20131", "iou_vs_official": 0.8221, "match_status": "matched", "n_seed_addresses": 899 }, "geometry": { "type": "Polygon", "coordinates": [ [ [ 9.215947, 45.48053 ], [ 9.215856, 45.48073 ], [ 9.215815, 45.480804 ], [ 9.215499, 45.480976 ], [ 9.215217, 45.481111 ], [ 9.215098, 45.48107 ], [ 9.214781, 45.480887 ], [ 9.213474, 45.481148 ], [ 9.213459, 45.481152 ], [ 9.213261, 45.481181 ], [ 9.213088, 45.481232 ], [ 9.213006, 45.481276 ], [ 9.213145, 45.481718 ], [ 9.213037, 45.481992 ], [ 9.212955, 45.482253 ], [ 9.212942, 45.482289 ], [ 9.212996, 45.482372 ], [ 9.212994, 45.482439 ], [ 9.213252, 45.482735 ], [ 9.213387, 45.48315 ], [ 9.213929, 45.483146 ], [ 9.21398, 45.483116 ], [ 9.214578, 45.483952 ], [ 9.214944, 45.484031 ], [ 9.214984, 45.484081 ], [ 9.214998, 45.484259 ], [ 9.21521, 45.484436 ], [ 9.215348, 45.484564 ], [ 9.215448, 45.484826 ], [ 9.21545, 45.48484 ], [ 9.215781, 45.485004 ], [ 9.215787, 45.485018 ], [ 9.215811, 45.485143 ], [ 9.21589, 45.485293 ], [ 9.216019, 45.485353 ], [ 9.216168, 45.485296 ], [ 9.21636, 45.485444 ], [ 9.216758, 45.485577 ], [ 9.216918, 45.485726 ], [ 9.216953, 45.486075 ], [ 9.21689, 45.486154 ], [ 9.216588, 45.486393 ], [ 9.21636, 45.486635 ], [ 9.216178, 45.486948 ], [ 9.216395, 45.487139 ], [ 9.217457, 45.487153 ], [ 9.217608, 45.487371 ], [ 9.217621, 45.487393 ], [ 9.217639, 45.487418 ], [ 9.217643, 45.487424 ], [ 9.217671, 45.487461 ], [ 9.217699, 45.487504 ], [ 9.217736, 45.487549 ], [ 9.217778, 45.487595 ], [ 9.217836, 45.487653 ], [ 9.218248, 45.487039 ], [ 9.218517, 45.487176 ], [ 9.218558, 45.487212 ], [ 9.218715, 45.487293 ], [ 9.21877, 45.487392 ], [ 9.21914, 45.487566 ], [ 9.219366, 45.487601 ], [ 9.219497, 45.487604 ], [ 9.219707, 45.487597 ], [ 9.219803, 45.487614 ], [ 9.220345, 45.487549 ], [ 9.220675, 45.487476 ], [ 9.220674, 45.487661 ], [ 9.220814, 45.488327 ], [ 9.220834, 45.488368 ], [ 9.220896, 45.488889 ], [ 9.221045, 45.489137 ], [ 9.221153, 45.489243 ], [ 9.221261, 45.489312 ], [ 9.221404, 45.489366 ], [ 9.221521, 45.489386 ], [ 9.221561, 45.489391 ], [ 9.221573, 45.489391 ], [ 9.221624, 45.489421 ], [ 9.221656, 45.489437 ], [ 9.221705, 45.489458 ], [ 9.221822, 45.489501 ], [ 9.221991, 45.48953 ], [ 9.222052, 45.489535 ], [ 9.222038, 45.489591 ], [ 9.221992, 45.48986 ], [ 9.222004, 45.490019 ], [ 9.222044, 45.490232 ], [ 9.222119, 45.490252 ], [ 9.222257, 45.490334 ], [ 9.222311, 45.490324 ], [ 9.222323, 45.490328 ], [ 9.222449, 45.490463 ], [ 9.222451, 45.490522 ], [ 9.222628, 45.490605 ], [ 9.222629, 45.490607 ], [ 9.222679, 45.490666 ], [ 9.222746, 45.490695 ], [ 9.222796, 45.490706 ], [ 9.222846, 45.490709 ], [ 9.222925, 45.490703 ], [ 9.223042, 45.490676 ], [ 9.223126, 45.490736 ], [ 9.223127, 45.490744 ], [ 9.22314, 45.4909 ], [ 9.223238, 45.491082 ], [ 9.223768, 45.491104 ], [ 9.223991, 45.491046 ], [ 9.224467, 45.491713 ], [ 9.223929, 45.492618 ], [ 9.223927, 45.492642 ], [ 9.22386, 45.493715 ], [ 9.223948, 45.493967 ], [ 9.223948, 45.493967 ], [ 9.224059, 45.494035 ], [ 9.224279, 45.494178 ], [ 9.224388, 45.494111 ], [ 9.225238, 45.493724 ], [ 9.226358, 45.493408 ], [ 9.226494, 45.493722 ], [ 9.227029, 45.493955 ], [ 9.227277, 45.493798 ], [ 9.227468, 45.493765 ], [ 9.227514, 45.493766 ], [ 9.227565, 45.493833 ], [ 9.227572, 45.493841 ], [ 9.22758, 45.493848 ], [ 9.22778, 45.494015 ], [ 9.227904, 45.494112 ], [ 9.228646, 45.494216 ], [ 9.228777, 45.494118 ], [ 9.228857, 45.49402 ], [ 9.229064, 45.493652 ], [ 9.229141, 45.493264 ], [ 9.229145, 45.493225 ], [ 9.229154, 45.493077 ], [ 9.22915, 45.493025 ], [ 9.229245, 45.49269 ], [ 9.229416, 45.491967 ], [ 9.229519, 45.491953 ], [ 9.229682, 45.491946 ], [ 9.230181, 45.491717 ], [ 9.230312, 45.491664 ], [ 9.23046, 45.491615 ], [ 9.230492, 45.491597 ], [ 9.230769, 45.49147 ], [ 9.230822, 45.491458 ], [ 9.231127, 45.491337 ], [ 9.231321, 45.491214 ], [ 9.231406, 45.491137 ], [ 9.231526, 45.491096 ], [ 9.231729, 45.490966 ], [ 9.231875, 45.490814 ], [ 9.231932, 45.490718 ], [ 9.23202, 45.490627 ], [ 9.232133, 45.490429 ], [ 9.232264, 45.490293 ], [ 9.232405, 45.490265 ], [ 9.232954, 45.490018 ], [ 9.233267, 45.488505 ], [ 9.233234, 45.488433 ], [ 9.234257, 45.487438 ], [ 9.235027, 45.487267 ], [ 9.235089, 45.487272 ], [ 9.235195, 45.487284 ], [ 9.235343, 45.487307 ], [ 9.236086, 45.487479 ], [ 9.236119, 45.48746 ], [ 9.236535, 45.485795 ], [ 9.236535, 45.48579 ], [ 9.236829, 45.484748 ], [ 9.236815, 45.48474 ], [ 9.23578, 45.483696 ], [ 9.235606, 45.483449 ], [ 9.235562, 45.483355 ], [ 9.235505, 45.483211 ], [ 9.235404, 45.483205 ], [ 9.235189, 45.483276 ], [ 9.235168, 45.483281 ], [ 9.233909, 45.483093 ], [ 9.233566, 45.483164 ], [ 9.232555, 45.482722 ], [ 9.232413, 45.482535 ], [ 9.232393, 45.48242 ], [ 9.232185, 45.482273 ], [ 9.230773, 45.481681 ], [ 9.230715, 45.481681 ], [ 9.230243, 45.481388 ], [ 9.229897, 45.481204 ], [ 9.229597, 45.480995 ], [ 9.229451, 45.48086 ], [ 9.229296, 45.480779 ], [ 9.228611, 45.479709 ], [ 9.228502, 45.479572 ], [ 9.228511, 45.478612 ], [ 9.227979, 45.477941 ], [ 9.226616, 45.478136 ], [ 9.226603, 45.478143 ], [ 9.225704, 45.478487 ], [ 9.225481, 45.478673 ], [ 9.224824, 45.478741 ], [ 9.224305, 45.479019 ], [ 9.223924, 45.479101 ], [ 9.223857, 45.479222 ], [ 9.223778, 45.479384 ], [ 9.223718, 45.479551 ], [ 9.223592, 45.480049 ], [ 9.222669, 45.48045 ], [ 9.222482, 45.480596 ], [ 9.222231, 45.480566 ], [ 9.221985, 45.480262 ], [ 9.221969, 45.480204 ], [ 9.221896, 45.480047 ], [ 9.221865, 45.47999 ], [ 9.221835, 45.479941 ], [ 9.221834, 45.479938 ], [ 9.221772, 45.479827 ], [ 9.221728, 45.479714 ], [ 9.2217, 45.47959 ], [ 9.221683, 45.479154 ], [ 9.221403, 45.479011 ], [ 9.221301, 45.479129 ], [ 9.2211, 45.479247 ], [ 9.220771, 45.479611 ], [ 9.220735, 45.479629 ], [ 9.220631, 45.479716 ], [ 9.220604, 45.479745 ], [ 9.220559, 45.47975 ], [ 9.220354, 45.479722 ], [ 9.220333, 45.479716 ], [ 9.220162, 45.479744 ], [ 9.219987, 45.479735 ], [ 9.219969, 45.479712 ], [ 9.219907, 45.479663 ], [ 9.21979, 45.479548 ], [ 9.21978, 45.479534 ], [ 9.219673, 45.47943 ], [ 9.219533, 45.479181 ], [ 9.219428, 45.479088 ], [ 9.219271, 45.479424 ], [ 9.219228, 45.479475 ], [ 9.219057, 45.479518 ], [ 9.218873, 45.479655 ], [ 9.218796, 45.479732 ], [ 9.218796, 45.479732 ], [ 9.218718, 45.479726 ], [ 9.218598, 45.479751 ], [ 9.218407, 45.479745 ], [ 9.218329, 45.47973 ], [ 9.218194, 45.479755 ], [ 9.218015, 45.479736 ], [ 9.217927, 45.479719 ], [ 9.217874, 45.479726 ], [ 9.217826, 45.479723 ], [ 9.217819, 45.479717 ], [ 9.217701, 45.47957 ], [ 9.216321, 45.478771 ], [ 9.216308, 45.478771 ], [ 9.21629, 45.478817 ], [ 9.216213, 45.479088 ], [ 9.216188, 45.47921 ], [ 9.216153, 45.479541 ], [ 9.216148, 45.479694 ], [ 9.216133, 45.479848 ], [ 9.216109, 45.480003 ], [ 9.216051, 45.480251 ], [ 9.215947, 45.48053 ] ] ] } },
{ "type": "Feature", "properties": { "postcode": "20132", "iou_vs_official": 0.8053, "match_status": "matched", "n_seed_addresses": 934 }, "geometry": { "type": "Polygon", "coordinates": [ [ [ 9.231932, 45.490718 ], [ 9.231875, 45.490814 ], [ 9.231729, 45.490966 ], [ 9.231526, 45.491096 ], [ 9.231406, 45.491137 ], [ 9.231321, 45.491214 ], [ 9.231127, 45.491337 ], [ 9.230822, 45.491458 ], [ 9.230769, 45.49147 ], [ 9.230492, 45.491597 ], [ 9.23046, 45.491615 ], [ 9.230312, 45.491664 ], [ 9.230181, 45.491717 ], [ 9.229682, 45.491946 ], [ 9.229519, 45.491953 ], [ 9.229416, 45.491967 ], [ 9.229245, 45.49269 ], [ 9.22915, 45.493025 ], [ 9.229154, 45.493077 ], [ 9.229145, 45.493225 ], [ 9.229141, 45.493264 ], [ 9.229064, 45.493652 ], [ 9.228857, 45.49402 ], [ 9.228777, 45.494118 ], [ 9.228646, 45.494216 ], [ 9.228587, 45.494429 ], [ 9.228153, 45.495465 ], [ 9.228097, 45.495982 ], [ 9.22831, 45.495949 ], [ 9.22923, 45.495404 ], [ 9.229563, 45.495309 ], [ 9.229896, 45.495365 ], [ 9.229943, 45.495368 ], [ 9.230222, 45.495344 ], [ 9.230332, 45.495529 ], [ 9.230414, 45.495601 ], [ 9.231786, 45.49614 ], [ 9.231735, 45.496216 ], [ 9.231674, 45.496467 ], [ 9.231644, 45.496749 ], [ 9.231641, 45.496787 ], [ 9.231599, 45.497005 ], [ 9.231639, 45.497306 ], [ 9.231666, 45.49739 ], [ 9.231757, 45.497533 ], [ 9.231852, 45.497536 ], [ 9.231927, 45.497634 ], [ 9.231941, 45.497639 ], [ 9.232, 45.497672 ], [ 9.232006, 45.497683 ], [ 9.232063, 45.497753 ], [ 9.232073, 45.497756 ], [ 9.23212, 45.497784 ], [ 9.232152, 45.497815 ], [ 9.232176, 45.49785 ], [ 9.232221, 45.497951 ], [ 9.232308, 45.497931 ], [ 9.232409, 45.497965 ], [ 9.232456, 45.497996 ], [ 9.232495, 45.498011 ], [ 9.2325, 45.49802 ], [ 9.232527, 45.498056 ], [ 9.232605, 45.498131 ], [ 9.23261, 45.498163 ], [ 9.232725, 45.498243 ], [ 9.232778, 45.498261 ], [ 9.232834, 45.498269 ], [ 9.232962, 45.498261 ], [ 9.232955, 45.498374 ], [ 9.23314, 45.498597 ], [ 9.233139, 45.498772 ], [ 9.233179, 45.498826 ], [ 9.233225, 45.498926 ], [ 9.233261, 45.499028 ], [ 9.233314, 45.499308 ], [ 9.233301, 45.499538 ], [ 9.233394, 45.49948 ], [ 9.233505, 45.499416 ], [ 9.233568, 45.499383 ], [ 9.233723, 45.49931 ], [ 9.233809, 45.499285 ], [ 9.233976, 45.499257 ], [ 9.234013, 45.499257 ], [ 9.234065, 45.499269 ], [ 9.234176, 45.499319 ], [ 9.234191, 45.499347 ], [ 9.234293, 45.499392 ], [ 9.234352, 45.499403 ], [ 9.2344, 45.499405 ], [ 9.234416, 45.499404 ], [ 9.234479, 45.499516 ], [ 9.234601, 45.499567 ], [ 9.234658, 45.499583 ], [ 9.234839, 45.499601 ], [ 9.235093, 45.499528 ], [ 9.235099, 45.499526 ], [ 9.235241, 45.499479 ], [ 9.235208, 45.499696 ], [ 9.235232, 45.499898 ], [ 9.23525, 45.499976 ], [ 9.235396, 45.50041 ], [ 9.235613, 45.500417 ], [ 9.235629, 45.500437 ], [ 9.235805, 45.50056 ], [ 9.236219, 45.500604 ], [ 9.236261, 45.500595 ], [ 9.236292, 45.500741 ], [ 9.236331, 45.500851 ], [ 9.236393, 45.500929 ], [ 9.236429, 45.500962 ], [ 9.23647, 45.501163 ], [ 9.236587, 45.501158 ], [ 9.236691, 45.501202 ], [ 9.236766, 45.501219 ], [ 9.236913, 45.501207 ], [ 9.236967, 45.501194 ], [ 9.237098, 45.501145 ], [ 9.237106, 45.501141 ], [ 9.237241, 45.501156 ], [ 9.237298, 45.501157 ], [ 9.237309, 45.501158 ], [ 9.237432, 45.501163 ], [ 9.237553, 45.501155 ], [ 9.237584, 45.501157 ], [ 9.237702, 45.501157 ], [ 9.237703, 45.501157 ], [ 9.237812, 45.501249 ], [ 9.237965, 45.501349 ], [ 9.238089, 45.501419 ], [ 9.238166, 45.50148 ], [ 9.238224, 45.501513 ], [ 9.238238, 45.501519 ], [ 9.238356, 45.5017 ], [ 9.238372, 45.501723 ], [ 9.238412, 45.501777 ], [ 9.238416, 45.501904 ], [ 9.23848, 45.5022 ], [ 9.238619, 45.502459 ], [ 9.238748, 45.502549 ], [ 9.238758, 45.502564 ], [ 9.238806, 45.502619 ], [ 9.238905, 45.502705 ], [ 9.23903, 45.502754 ], [ 9.23916, 45.502791 ], [ 9.239155, 45.502854 ], [ 9.239197, 45.502988 ], [ 9.239227, 45.50306 ], [ 9.239267, 45.503124 ], [ 9.239343, 45.503196 ], [ 9.239441, 45.503231 ], [ 9.239526, 45.503244 ], [ 9.239609, 45.50324 ], [ 9.239761, 45.503225 ], [ 9.239822, 45.503205 ], [ 9.239865, 45.503236 ], [ 9.239869, 45.503239 ], [ 9.239884, 45.50327 ], [ 9.239904, 45.503308 ], [ 9.239928, 45.503348 ], [ 9.239966, 45.503405 ], [ 9.240049, 45.503508 ], [ 9.240172, 45.503587 ], [ 9.240225, 45.503615 ], [ 9.240255, 45.503627 ], [ 9.240313, 45.503647 ], [ 9.240366, 45.503662 ], [ 9.240411, 45.503672 ], [ 9.240458, 45.503679 ], [ 9.240455, 45.503701 ], [ 9.24044, 45.503833 ], [ 9.240448, 45.503959 ], [ 9.24046, 45.504023 ], [ 9.24048, 45.504079 ], [ 9.240507, 45.504122 ], [ 9.24057, 45.504192 ], [ 9.240573, 45.504198 ], [ 9.240656, 45.504236 ], [ 9.240762, 45.504396 ], [ 9.240765, 45.504563 ], [ 9.240754, 45.504698 ], [ 9.240746, 45.504749 ], [ 9.240763, 45.50476 ], [ 9.240936, 45.50468 ], [ 9.241205, 45.504662 ], [ 9.241302, 45.504732 ], [ 9.241329, 45.504763 ], [ 9.24143, 45.504792 ], [ 9.241521, 45.504793 ], [ 9.24162, 45.504772 ], [ 9.24174, 45.504733 ], [ 9.241791, 45.504709 ], [ 9.241773, 45.504963 ], [ 9.241896, 45.505217 ], [ 9.241914, 45.505276 ], [ 9.241935, 45.505395 ], [ 9.241936, 45.505396 ], [ 9.242057, 45.505515 ], [ 9.242089, 45.505577 ], [ 9.242093, 45.505586 ], [ 9.242168, 45.505634 ], [ 9.242241, 45.50562 ], [ 9.242383, 45.505609 ], [ 9.242501, 45.505675 ], [ 9.242738, 45.505668 ], [ 9.242861, 45.505642 ], [ 9.24287, 45.505644 ], [ 9.242937, 45.50565 ], [ 9.24297, 45.505675 ], [ 9.243057, 45.50572 ], [ 9.243102, 45.505739 ], [ 9.243203, 45.50581 ], [ 9.243228, 45.50582 ], [ 9.243355, 45.505891 ], [ 9.243117, 45.50696 ], [ 9.243246, 45.506931 ], [ 9.243837, 45.5071 ], [ 9.24393, 45.507145 ], [ 9.24401, 45.5072 ], [ 9.244238, 45.507551 ], [ 9.244212, 45.507843 ], [ 9.244364, 45.507918 ], [ 9.244466, 45.507976 ], [ 9.244489, 45.507993 ], [ 9.244608, 45.508091 ], [ 9.244723, 45.508207 ], [ 9.244812, 45.508319 ], [ 9.244913, 45.508505 ], [ 9.244992, 45.508532 ], [ 9.245021, 45.50855 ], [ 9.245127, 45.508606 ], [ 9.245157, 45.508619 ], [ 9.245355, 45.508685 ], [ 9.245411, 45.508696 ], [ 9.245472, 45.508741 ], [ 9.245554, 45.508791 ], [ 9.24569, 45.508864 ], [ 9.24573, 45.508891 ], [ 9.245849, 45.508933 ], [ 9.24595, 45.508979 ], [ 9.245985, 45.509 ], [ 9.246014, 45.50901 ], [ 9.246131, 45.509056 ], [ 9.246139, 45.50906 ], [ 9.246156, 45.509067 ], [ 9.246215, 45.509104 ], [ 9.246323, 45.509159 ], [ 9.246325, 45.50916 ], [ 9.246382, 45.509191 ], [ 9.246387, 45.509194 ], [ 9.246494, 45.509215 ], [ 9.246571, 45.509241 ], [ 9.246942, 45.509391 ], [ 9.246952, 45.509384 ], [ 9.246964, 45.509373 ], [ 9.246977, 45.50937 ], [ 9.247013, 45.509363 ], [ 9.247333, 45.509314 ], [ 9.247586, 45.509573 ], [ 9.247588, 45.509584 ], [ 9.247671, 45.509666 ], [ 9.247736, 45.509689 ], [ 9.247847, 45.5097 ], [ 9.248004, 45.509873 ], [ 9.248075, 45.50998 ], [ 9.248159, 45.510326 ], [ 9.248159, 45.510326 ], [ 9.248351, 45.510322 ], [ 9.248482, 45.510343 ], [ 9.248503, 45.510345 ], [ 9.248539, 45.510363 ], [ 9.248676, 45.510424 ], [ 9.248745, 45.51045 ], [ 9.248767, 45.510451 ], [ 9.248877, 45.510469 ], [ 9.249012, 45.510505 ], [ 9.249061, 45.510512 ], [ 9.24915, 45.510543 ], [ 9.249252, 45.510591 ], [ 9.249319, 45.510582 ], [ 9.249331, 45.510582 ], [ 9.249562, 45.510598 ], [ 9.249614, 45.51062 ], [ 9.249863, 45.510662 ], [ 9.250036, 45.510627 ], [ 9.250149, 45.51069 ], [ 9.250436, 45.510775 ], [ 9.250879, 45.511082 ], [ 9.250934, 45.511044 ], [ 9.251591, 45.510947 ], [ 9.251946, 45.51118 ], [ 9.252325, 45.511068 ], [ 9.252685, 45.51127 ], [ 9.253294, 45.511346 ], [ 9.253384, 45.511425 ], [ 9.25374, 45.511429 ], [ 9.254407, 45.512002 ], [ 9.254898, 45.512489 ], [ 9.254892, 45.51261 ], [ 9.253428, 45.513003 ], [ 9.253269, 45.513757 ], [ 9.252995, 45.514434 ], [ 9.253465, 45.514801 ], [ 9.253828, 45.515213 ], [ 9.2549, 45.517773 ], [ 9.254404, 45.518679 ], [ 9.254095, 45.520296 ], [ 9.25436, 45.520326 ], [ 9.254519, 45.520336 ], [ 9.254715, 45.520341 ], [ 9.254727, 45.520341 ], [ 9.254766, 45.520344 ], [ 9.254981, 45.520361 ], [ 9.255279, 45.520388 ], [ 9.255315, 45.520392 ], [ 9.255366, 45.520396 ], [ 9.255404, 45.520401 ], [ 9.255366, 45.520349 ], [ 9.255324, 45.520251 ], [ 9.255314, 45.520222 ], [ 9.25531, 45.520171 ], [ 9.255313, 45.520107 ], [ 9.255317, 45.52004 ], [ 9.255312, 45.519994 ], [ 9.255311, 45.519925 ], [ 9.255322, 45.519781 ], [ 9.255342, 45.519676 ], [ 9.255354, 45.519607 ], [ 9.255359, 45.51953 ], [ 9.255363, 45.519462 ], [ 9.255353, 45.519412 ], [ 9.255341, 45.519356 ], [ 9.255313, 45.519268 ], [ 9.255307, 45.51924 ], [ 9.255321, 45.519011 ], [ 9.255327, 45.518987 ], [ 9.255339, 45.518952 ], [ 9.255376, 45.518913 ], [ 9.255584, 45.518834 ], [ 9.256242, 45.518549 ], [ 9.256548, 45.518423 ], [ 9.256918, 45.518269 ], [ 9.256911, 45.51826 ], [ 9.256893, 45.518235 ], [ 9.256884, 45.518215 ], [ 9.256729, 45.51794 ], [ 9.256727, 45.517939 ], [ 9.256649, 45.517864 ], [ 9.256648, 45.517863 ], [ 9.25673, 45.517928 ], [ 9.256785, 45.517886 ], [ 9.256889, 45.517974 ], [ 9.256946, 45.518015 ], [ 9.257002, 45.518048 ], [ 9.257269, 45.518159 ], [ 9.25741, 45.518209 ], [ 9.257496, 45.518244 ], [ 9.25763, 45.518299 ], [ 9.257761, 45.518356 ], [ 9.257843, 45.518395 ], [ 9.257945, 45.518446 ], [ 9.25801, 45.51848 ], [ 9.258104, 45.518535 ], [ 9.258221, 45.518602 ], [ 9.25834, 45.518661 ], [ 9.258566, 45.518774 ], [ 9.258641, 45.518813 ], [ 9.258733, 45.518865 ], [ 9.258802, 45.518885 ], [ 9.258784, 45.518939 ], [ 9.258779, 45.518955 ], [ 9.258767, 45.518985 ], [ 9.258711, 45.519037 ], [ 9.258697, 45.519054 ], [ 9.258692, 45.519054 ], [ 9.258691, 45.519055 ], [ 9.258652, 45.519055 ], [ 9.258589, 45.519112 ], [ 9.258568, 45.519127 ], [ 9.258464, 45.519202 ], [ 9.258398, 45.519248 ], [ 9.258432, 45.519288 ], [ 9.258469, 45.519306 ], [ 9.258482, 45.519312 ], [ 9.258439, 45.519373 ], [ 9.258558, 45.519697 ], [ 9.258721, 45.52014 ], [ 9.258758, 45.520135 ], [ 9.258823, 45.520126 ], [ 9.25892, 45.520114 ], [ 9.259248, 45.520117 ], [ 9.259248, 45.520117 ], [ 9.259257, 45.520117 ], [ 9.259278, 45.519756 ], [ 9.259284, 45.519682 ], [ 9.259224, 45.519581 ], [ 9.25919, 45.519562 ], [ 9.259139, 45.519513 ], [ 9.259113, 45.519474 ], [ 9.259094, 45.519296 ], [ 9.259103, 45.519195 ], [ 9.259114, 45.51908 ], [ 9.25912, 45.519045 ], [ 9.259133, 45.519009 ], [ 9.25914, 45.518988 ], [ 9.259175, 45.519012 ], [ 9.259193, 45.519025 ], [ 9.259236, 45.519059 ], [ 9.259249, 45.519068 ], [ 9.259278, 45.519087 ], [ 9.259343, 45.519126 ], [ 9.259428, 45.519157 ], [ 9.259472, 45.519163 ], [ 9.259542, 45.519155 ], [ 9.259595, 45.519144 ], [ 9.259616, 45.519131 ], [ 9.259627, 45.519123 ], [ 9.259666, 45.519097 ], [ 9.259705, 45.51912 ], [ 9.259753, 45.519148 ], [ 9.259975, 45.519283 ], [ 9.260032, 45.519318 ], [ 9.260108, 45.519364 ], [ 9.260149, 45.51939 ], [ 9.260195, 45.51942 ], [ 9.260263, 45.519468 ], [ 9.260336, 45.519539 ], [ 9.260365, 45.519582 ], [ 9.260439, 45.519694 ], [ 9.260492, 45.519773 ], [ 9.260527, 45.519824 ], [ 9.260539, 45.519842 ], [ 9.260539, 45.519844 ], [ 9.260955, 45.519783 ], [ 9.261, 45.519776 ], [ 9.260977, 45.519637 ], [ 9.260938, 45.519411 ], [ 9.260927, 45.519354 ], [ 9.260915, 45.519287 ], [ 9.260913, 45.519277 ], [ 9.260892, 45.51915 ], [ 9.260891, 45.519144 ], [ 9.260869, 45.519009 ], [ 9.260868, 45.519004 ], [ 9.260854, 45.518927 ], [ 9.260911, 45.518914 ], [ 9.260978, 45.518899 ], [ 9.261067, 45.518879 ], [ 9.261118, 45.518868 ], [ 9.261081, 45.518772 ], [ 9.261059, 45.51871 ], [ 9.261051, 45.518688 ], [ 9.26104, 45.518657 ], [ 9.261066, 45.518653 ], [ 9.261079, 45.518651 ], [ 9.261207, 45.51863 ], [ 9.261357, 45.518606 ], [ 9.261471, 45.518587 ], [ 9.261527, 45.518578 ], [ 9.261781, 45.518535 ], [ 9.261991, 45.5185 ], [ 9.261973, 45.518451 ], [ 9.261848, 45.518087 ], [ 9.261822, 45.518012 ], [ 9.261797, 45.517933 ], [ 9.261778, 45.517885 ], [ 9.261735, 45.517751 ], [ 9.261682, 45.517607 ], [ 9.261602, 45.517388 ], [ 9.261595, 45.517368 ], [ 9.261603, 45.517367 ], [ 9.261725, 45.517348 ], [ 9.261977, 45.517307 ], [ 9.262118, 45.517285 ], [ 9.262394, 45.517241 ], [ 9.262309, 45.516993 ], [ 9.262292, 45.516953 ], [ 9.262279, 45.516918 ], [ 9.262163, 45.516601 ], [ 9.262133, 45.516519 ], [ 9.262115, 45.516468 ], [ 9.261942, 45.515997 ], [ 9.26194, 45.515991 ], [ 9.26192, 45.515936 ], [ 9.261891, 45.515857 ], [ 9.261964, 45.515843 ], [ 9.262193, 45.515801 ], [ 9.262228, 45.515794 ], [ 9.262213, 45.515756 ], [ 9.262205, 45.515732 ], [ 9.262169, 45.515627 ], [ 9.262104, 45.515436 ], [ 9.262193, 45.515423 ], [ 9.262583, 45.515364 ], [ 9.262665, 45.515353 ], [ 9.262701, 45.515349 ], [ 9.262894, 45.515324 ], [ 9.263053, 45.515304 ], [ 9.263151, 45.51529 ], [ 9.263152, 45.515295 ], [ 9.263172, 45.515293 ], [ 9.263171, 45.515288 ], [ 9.263234, 45.515279 ], [ 9.263304, 45.51527 ], [ 9.263341, 45.515265 ], [ 9.263378, 45.51524 ], [ 9.263401, 45.515232 ], [ 9.263436, 45.51522 ], [ 9.263484, 45.515216 ], [ 9.263501, 45.515215 ], [ 9.263578, 45.515218 ], [ 9.263655, 45.51522 ], [ 9.26366, 45.51522 ], [ 9.263679, 45.515215 ], [ 9.263852, 45.515198 ], [ 9.263901, 45.515182 ], [ 9.263915, 45.515176 ], [ 9.26397, 45.515153 ], [ 9.264283, 45.515433 ], [ 9.264469, 45.515604 ], [ 9.264691, 45.5158 ], [ 9.264728, 45.515832 ], [ 9.264735, 45.515838 ], [ 9.26477, 45.515871 ], [ 9.264811, 45.515907 ], [ 9.264873, 45.515964 ], [ 9.26495, 45.515957 ], [ 9.265132, 45.515942 ], [ 9.265386, 45.515921 ], [ 9.265613, 45.515902 ], [ 9.265928, 45.515879 ], [ 9.266192, 45.515856 ], [ 9.266219, 45.515854 ], [ 9.266219, 45.515854 ], [ 9.266439, 45.515835 ], [ 9.266706, 45.515811 ], [ 9.266897, 45.515795 ], [ 9.266931, 45.515791 ], [ 9.26721, 45.515765 ], [ 9.267274, 45.51576 ], [ 9.267274, 45.51576 ], [ 9.26746, 45.515744 ], [ 9.267523, 45.515738 ], [ 9.267542, 45.515737 ], [ 9.267736, 45.515719 ], [ 9.267917, 45.515702 ], [ 9.268055, 45.51569 ], [ 9.268089, 45.515687 ], [ 9.268247, 45.515672 ], [ 9.268491, 45.515649 ], [ 9.268483, 45.515817 ], [ 9.268473, 45.516044 ], [ 9.268438, 45.516839 ], [ 9.268453, 45.516843 ], [ 9.268457, 45.516864 ], [ 9.268623, 45.516909 ], [ 9.26864, 45.516744 ], [ 9.268641, 45.516733 ], [ 9.268641, 45.516695 ], [ 9.268645, 45.516603 ], [ 9.268647, 45.51654 ], [ 9.268649, 45.51651 ], [ 9.268649, 45.51651 ], [ 9.268649, 45.516508 ], [ 9.268673, 45.516265 ], [ 9.268672, 45.516118 ], [ 9.268674, 45.516111 ], [ 9.268719, 45.515971 ], [ 9.268721, 45.515926 ], [ 9.26872, 45.515895 ], [ 9.268715, 45.5158 ], [ 9.268704, 45.51564 ], [ 9.268701, 45.515557 ], [ 9.268702, 45.515436 ], [ 9.268703, 45.515376 ], [ 9.268697, 45.515298 ], [ 9.268687, 45.51519 ], [ 9.26868, 45.515155 ], [ 9.268646, 45.515059 ], [ 9.268622, 45.514996 ], [ 9.268605, 45.51488 ], [ 9.268599, 45.514839 ], [ 9.268598, 45.514837 ], [ 9.268574, 45.514838 ], [ 9.268518, 45.514326 ], [ 9.268485, 45.514325 ], [ 9.268447, 45.514325 ], [ 9.26842, 45.514127 ], [ 9.268401, 45.513978 ], [ 9.268373, 45.513795 ], [ 9.268344, 45.513588 ], [ 9.268337, 45.51354 ], [ 9.268319, 45.513398 ], [ 9.268308, 45.513326 ], [ 9.268289, 45.513178 ], [ 9.268262, 45.51297 ], [ 9.268232, 45.512739 ], [ 9.268208, 45.512561 ], [ 9.268206, 45.512548 ], [ 9.268199, 45.512512 ], [ 9.268198, 45.512496 ], [ 9.268195, 45.512476 ], [ 9.268182, 45.512404 ], [ 9.267333, 45.51242 ], [ 9.267326, 45.512389 ], [ 9.26732, 45.512382 ], [ 9.267316, 45.512366 ], [ 9.267281, 45.512197 ], [ 9.267346, 45.512042 ], [ 9.267334, 45.511931 ], [ 9.267296, 45.511584 ], [ 9.267246, 45.511154 ], [ 9.267168, 45.510478 ], [ 9.267182, 45.510473 ], [ 9.267209, 45.510471 ], [ 9.267268, 45.510464 ], [ 9.267486, 45.510441 ], [ 9.267591, 45.510433 ], [ 9.267939, 45.510407 ], [ 9.26835, 45.510377 ], [ 9.268619, 45.510357 ], [ 9.268752, 45.510346 ], [ 9.268782, 45.510347 ], [ 9.268784, 45.510304 ], [ 9.268784, 45.510298 ], [ 9.268784, 45.51014 ], [ 9.268784, 45.509835 ], [ 9.268784, 45.50963 ], [ 9.268783, 45.509451 ], [ 9.268783, 45.509342 ], [ 9.268785, 45.509109 ], [ 9.268784, 45.508887 ], [ 9.268783, 45.508707 ], [ 9.269479, 45.508843 ], [ 9.269501, 45.508847 ], [ 9.26954, 45.508857 ], [ 9.269804, 45.508906 ], [ 9.270115, 45.508965 ], [ 9.270123, 45.508975 ], [ 9.270232, 45.508995 ], [ 9.270481, 45.509032 ], [ 9.270908, 45.509096 ], [ 9.271195, 45.509139 ], [ 9.271228, 45.509144 ], [ 9.271355, 45.509154 ], [ 9.271395, 45.509139 ], [ 9.271421, 45.509117 ], [ 9.271425, 45.509016 ], [ 9.27143, 45.508871 ], [ 9.271431, 45.508762 ], [ 9.27146, 45.508675 ], [ 9.271464, 45.508589 ], [ 9.271468, 45.508391 ], [ 9.271464, 45.508173 ], [ 9.271466, 45.507923 ], [ 9.271467, 45.507678 ], [ 9.271466, 45.507632 ], [ 9.271465, 45.507403 ], [ 9.271464, 45.507193 ], [ 9.271477, 45.507054 ], [ 9.271509, 45.50695 ], [ 9.271564, 45.506859 ], [ 9.27159, 45.506819 ], [ 9.271595, 45.506804 ], [ 9.271599, 45.506781 ], [ 9.271598, 45.506769 ], [ 9.27161, 45.50677 ], [ 9.271639, 45.506769 ], [ 9.271691, 45.506769 ], [ 9.271721, 45.506766 ], [ 9.271746, 45.506758 ], [ 9.271775, 45.506739 ], [ 9.271818, 45.506708 ], [ 9.271887, 45.506671 ], [ 9.271961, 45.506641 ], [ 9.272043, 45.506619 ], [ 9.272193, 45.506575 ], [ 9.27228, 45.506552 ], [ 9.272404, 45.506523 ], [ 9.272563, 45.506493 ], [ 9.272731, 45.50647 ], [ 9.272814, 45.50646 ], [ 9.272839, 45.506457 ], [ 9.272988, 45.506447 ], [ 9.273104, 45.506443 ], [ 9.273168, 45.506434 ], [ 9.273232, 45.506428 ], [ 9.273332, 45.506424 ], [ 9.273456, 45.506416 ], [ 9.273601, 45.506408 ], [ 9.273619, 45.506407 ], [ 9.273865, 45.506391 ], [ 9.273999, 45.506389 ], [ 9.274071, 45.506382 ], [ 9.274159, 45.506373 ], [ 9.274218, 45.506365 ], [ 9.27433, 45.506348 ], [ 9.274457, 45.506343 ], [ 9.27465, 45.506343 ], [ 9.274746, 45.506335 ], [ 9.27478, 45.506331 ], [ 9.274855, 45.506326 ], [ 9.274909, 45.506323 ], [ 9.2749, 45.506232 ], [ 9.274933, 45.506103 ], [ 9.274971, 45.506052 ], [ 9.275031, 45.505973 ], [ 9.275128, 45.505902 ], [ 9.275254, 45.50581 ], [ 9.275358, 45.505735 ], [ 9.275476, 45.505649 ], [ 9.275582, 45.505573 ], [ 9.275599, 45.505561 ], [ 9.275694, 45.505549 ], [ 9.275808, 45.505536 ], [ 9.275927, 45.505559 ], [ 9.276061, 45.505545 ], [ 9.27623, 45.505528 ], [ 9.276357, 45.505517 ], [ 9.276543, 45.505497 ], [ 9.276672, 45.505472 ], [ 9.276818, 45.505444 ], [ 9.276996, 45.505408 ], [ 9.277063, 45.505397 ], [ 9.277226, 45.505383 ], [ 9.277358, 45.505369 ], [ 9.277479, 45.505356 ], [ 9.27757, 45.505341 ], [ 9.277676, 45.505324 ], [ 9.277719, 45.505312 ], [ 9.277839, 45.505282 ], [ 9.277951, 45.505255 ], [ 9.277997, 45.505244 ], [ 9.277985, 45.505213 ], [ 9.277979, 45.50519 ], [ 9.277974, 45.505174 ], [ 9.277968, 45.505146 ], [ 9.27795, 45.505072 ], [ 9.27792, 45.504945 ], [ 9.277897, 45.504856 ], [ 9.27786, 45.504695 ], [ 9.277824, 45.504551 ], [ 9.27779, 45.504404 ], [ 9.277759, 45.504276 ], [ 9.277739, 45.504194 ], [ 9.277704, 45.504048 ], [ 9.277678, 45.503937 ], [ 9.277625, 45.503723 ], [ 9.277584, 45.50355 ], [ 9.277547, 45.503401 ], [ 9.277374, 45.503413 ], [ 9.277213, 45.503425 ], [ 9.276996, 45.503442 ], [ 9.276754, 45.50346 ], [ 9.276569, 45.503474 ], [ 9.276497, 45.503481 ], [ 9.276319, 45.503495 ], [ 9.275928, 45.50352 ], [ 9.275879, 45.503522 ], [ 9.275827, 45.503532 ], [ 9.275699, 45.503541 ], [ 9.275537, 45.502326 ], [ 9.275538, 45.502309 ], [ 9.275498, 45.502309 ], [ 9.275438, 45.502307 ], [ 9.275374, 45.502304 ], [ 9.275222, 45.502298 ], [ 9.27505, 45.502294 ], [ 9.274853, 45.502287 ], [ 9.274788, 45.502284 ], [ 9.274775, 45.502283 ], [ 9.274696, 45.502278 ], [ 9.274546, 45.502268 ], [ 9.274496, 45.502264 ], [ 9.274472, 45.502264 ], [ 9.273862, 45.502251 ], [ 9.273859, 45.502194 ], [ 9.273856, 45.502151 ], [ 9.273848, 45.502075 ], [ 9.273845, 45.502015 ], [ 9.273838, 45.501942 ], [ 9.273834, 45.501879 ], [ 9.273828, 45.501838 ], [ 9.273758, 45.501834 ], [ 9.273674, 45.501829 ], [ 9.273673, 45.501837 ], [ 9.273579, 45.501832 ], [ 9.273556, 45.50183 ], [ 9.273541, 45.501825 ], [ 9.273529, 45.501819 ], [ 9.273522, 45.501815 ], [ 9.273505, 45.501813 ], [ 9.273409, 45.501815 ], [ 9.273358, 45.501816 ], [ 9.273256, 45.501818 ], [ 9.273142, 45.501822 ], [ 9.273025, 45.501821 ], [ 9.272939, 45.50182 ], [ 9.272886, 45.501817 ], [ 9.272816, 45.501814 ], [ 9.272727, 45.501809 ], [ 9.272582, 45.501815 ], [ 9.272489, 45.501818 ], [ 9.272411, 45.501833 ], [ 9.272356, 45.501841 ], [ 9.272297, 45.501845 ], [ 9.272201, 45.501853 ], [ 9.272124, 45.501858 ], [ 9.272058, 45.501862 ], [ 9.271991, 45.501861 ], [ 9.271895, 45.501858 ], [ 9.271804, 45.501855 ], [ 9.271713, 45.501853 ], [ 9.271655, 45.501852 ], [ 9.271626, 45.501848 ], [ 9.271558, 45.501841 ], [ 9.271449, 45.50183 ], [ 9.271394, 45.501824 ], [ 9.271387, 45.501824 ], [ 9.271388, 45.50183 ], [ 9.271397, 45.50187 ], [ 9.271429, 45.501987 ], [ 9.271478, 45.502179 ], [ 9.27152, 45.502347 ], [ 9.271548, 45.502461 ], [ 9.271578, 45.502579 ], [ 9.271589, 45.502624 ], [ 9.271611, 45.502719 ], [ 9.271679, 45.50301 ], [ 9.271732, 45.503241 ], [ 9.271753, 45.503331 ], [ 9.271869, 45.503815 ], [ 9.271923, 45.504026 ], [ 9.271951, 45.504152 ], [ 9.272177, 45.505114 ], [ 9.272187, 45.505135 ], [ 9.272199, 45.505142 ], [ 9.272221, 45.505172 ], [ 9.272231, 45.505194 ], [ 9.272251, 45.505259 ], [ 9.27227, 45.505306 ], [ 9.272282, 45.505348 ], [ 9.272294, 45.505384 ], [ 9.272316, 45.505441 ], [ 9.272338, 45.505492 ], [ 9.272353, 45.505532 ], [ 9.272361, 45.505562 ], [ 9.272355, 45.505595 ], [ 9.272342, 45.505617 ], [ 9.272321, 45.505638 ], [ 9.272298, 45.505653 ], [ 9.272263, 45.505663 ], [ 9.272225, 45.505667 ], [ 9.27216, 45.505672 ], [ 9.272077, 45.505676 ], [ 9.271988, 45.505678 ], [ 9.271916, 45.505682 ], [ 9.27186, 45.505684 ], [ 9.271742, 45.505686 ], [ 9.271659, 45.505689 ], [ 9.271572, 45.505692 ], [ 9.271445, 45.505696 ], [ 9.27133, 45.5057 ], [ 9.271219, 45.505704 ], [ 9.271133, 45.505708 ], [ 9.270968, 45.505711 ], [ 9.270804, 45.505716 ], [ 9.270732, 45.505718 ], [ 9.270637, 45.50572 ], [ 9.270503, 45.505722 ], [ 9.270367, 45.505729 ], [ 9.2703, 45.505731 ], [ 9.270296, 45.505731 ], [ 9.270195, 45.505736 ], [ 9.270067, 45.505741 ], [ 9.269916, 45.505746 ], [ 9.269785, 45.505754 ], [ 9.269647, 45.505758 ], [ 9.26957, 45.505759 ], [ 9.269507, 45.505759 ], [ 9.269408, 45.50576 ], [ 9.269325, 45.505758 ], [ 9.269231, 45.505755 ], [ 9.269103, 45.505751 ], [ 9.269041, 45.505747 ], [ 9.268968, 45.505744 ], [ 9.268874, 45.505739 ], [ 9.268759, 45.505739 ], [ 9.268647, 45.505738 ], [ 9.268242, 45.505734 ], [ 9.268172, 45.505721 ], [ 9.268109, 45.50571 ], [ 9.268004, 45.505699 ], [ 9.267859, 45.505524 ], [ 9.267726, 45.505364 ], [ 9.267718, 45.505348 ], [ 9.267649, 45.505331 ], [ 9.267531, 45.505301 ], [ 9.26743, 45.505277 ], [ 9.267349, 45.505259 ], [ 9.267209, 45.505231 ], [ 9.267175, 45.505228 ], [ 9.267104, 45.505225 ], [ 9.267033, 45.505224 ], [ 9.266946, 45.505229 ], [ 9.266806, 45.50523 ], [ 9.266621, 45.50523 ], [ 9.266564, 45.50523 ], [ 9.266468, 45.505231 ], [ 9.26626, 45.505202 ], [ 9.26606, 45.505172 ], [ 9.265945, 45.505157 ], [ 9.265896, 45.50515 ], [ 9.265612, 45.505099 ], [ 9.265461, 45.505074 ], [ 9.265458, 45.505087 ], [ 9.26545, 45.505085 ], [ 9.265454, 45.505074 ], [ 9.265276, 45.505044 ], [ 9.265081, 45.505011 ], [ 9.264797, 45.504965 ], [ 9.264509, 45.504917 ], [ 9.264212, 45.504867 ], [ 9.263946, 45.504823 ], [ 9.263741, 45.504788 ], [ 9.263554, 45.504758 ], [ 9.263469, 45.504743 ], [ 9.263408, 45.504734 ], [ 9.263406, 45.504746 ], [ 9.263352, 45.504737 ], [ 9.263243, 45.504714 ], [ 9.26294, 45.504652 ], [ 9.262723, 45.504618 ], [ 9.262443, 45.504571 ], [ 9.262317, 45.504553 ], [ 9.262125, 45.504553 ], [ 9.261902, 45.504511 ], [ 9.26179, 45.504488 ], [ 9.261642, 45.504451 ], [ 9.2614, 45.504387 ], [ 9.261306, 45.504379 ], [ 9.26115, 45.50438 ], [ 9.261143, 45.504443 ], [ 9.261121, 45.504464 ], [ 9.261082, 45.504457 ], [ 9.261016, 45.504383 ], [ 9.261071, 45.504312 ], [ 9.261072, 45.504311 ], [ 9.261083, 45.504302 ], [ 9.26112, 45.50426 ], [ 9.261134, 45.504234 ], [ 9.26114, 45.504199 ], [ 9.261146, 45.504154 ], [ 9.261161, 45.504086 ], [ 9.261165, 45.504068 ], [ 9.261184, 45.504007 ], [ 9.26121, 45.503932 ], [ 9.261228, 45.503874 ], [ 9.261248, 45.503805 ], [ 9.261273, 45.503737 ], [ 9.261292, 45.503669 ], [ 9.261303, 45.503622 ], [ 9.26131, 45.503578 ], [ 9.261312, 45.503545 ], [ 9.261314, 45.503515 ], [ 9.261314, 45.503467 ], [ 9.26131, 45.503405 ], [ 9.261306, 45.503303 ], [ 9.261307, 45.503189 ], [ 9.2613, 45.503018 ], [ 9.261303, 45.502928 ], [ 9.261304, 45.502865 ], [ 9.261307, 45.502774 ], [ 9.261302, 45.502619 ], [ 9.261303, 45.502519 ], [ 9.261301, 45.502507 ], [ 9.261293, 45.502462 ], [ 9.261288, 45.502437 ], [ 9.261224, 45.5023 ], [ 9.260996, 45.501856 ], [ 9.260971, 45.501806 ], [ 9.260948, 45.501741 ], [ 9.26094, 45.501731 ], [ 9.260873, 45.501652 ], [ 9.260862, 45.501621 ], [ 9.260833, 45.501556 ], [ 9.260756, 45.501359 ], [ 9.260747, 45.501343 ], [ 9.26058, 45.501042 ], [ 9.260544, 45.500969 ], [ 9.260481, 45.500848 ], [ 9.26041, 45.500711 ], [ 9.260343, 45.500574 ], [ 9.260286, 45.500457 ], [ 9.260211, 45.500339 ], [ 9.260194, 45.500292 ], [ 9.260183, 45.500245 ], [ 9.260159, 45.500195 ], [ 9.260171, 45.500127 ], [ 9.260183, 45.500068 ], [ 9.260184, 45.500047 ], [ 9.260207, 45.499853 ], [ 9.260244, 45.4997 ], [ 9.260261, 45.499341 ], [ 9.260293, 45.499267 ], [ 9.260334, 45.499162 ], [ 9.260356, 45.499105 ], [ 9.260404, 45.499043 ], [ 9.260427, 45.499011 ], [ 9.25247, 45.498683 ], [ 9.252454, 45.498677 ], [ 9.252351, 45.498639 ], [ 9.252333, 45.498632 ], [ 9.252301, 45.49862 ], [ 9.250303, 45.497826 ], [ 9.248458, 45.496368 ], [ 9.248066, 45.49565 ], [ 9.247797, 45.495553 ], [ 9.247357, 45.495419 ], [ 9.246227, 45.495144 ], [ 9.245819, 45.495083 ], [ 9.24391, 45.495196 ], [ 9.243375, 45.494547 ], [ 9.242211, 45.493679 ], [ 9.24188, 45.493066 ], [ 9.241894, 45.490989 ], [ 9.240973, 45.490855 ], [ 9.240842, 45.490811 ], [ 9.24079, 45.490789 ], [ 9.240638, 45.490718 ], [ 9.239935, 45.489642 ], [ 9.239921, 45.489611 ], [ 9.239453, 45.489881 ], [ 9.238472, 45.490164 ], [ 9.238289, 45.490152 ], [ 9.238036, 45.490095 ], [ 9.237934, 45.489945 ], [ 9.237751, 45.489398 ], [ 9.237744, 45.489045 ], [ 9.237757, 45.488921 ], [ 9.237754, 45.488884 ], [ 9.237748, 45.488648 ], [ 9.237701, 45.488175 ], [ 9.237413, 45.487699 ], [ 9.237511, 45.487608 ], [ 9.237948, 45.487312 ], [ 9.238172, 45.486938 ], [ 9.238408, 45.486045 ], [ 9.238986, 45.485487 ], [ 9.2383, 45.484075 ], [ 9.237283, 45.484478 ], [ 9.236829, 45.484748 ], [ 9.236535, 45.48579 ], [ 9.236535, 45.485795 ], [ 9.236119, 45.48746 ], [ 9.236086, 45.487479 ], [ 9.235343, 45.487307 ], [ 9.235195, 45.487284 ], [ 9.235089, 45.487272 ], [ 9.235027, 45.487267 ], [ 9.234257, 45.487438 ], [ 9.233234, 45.488433 ], [ 9.233267, 45.488505 ], [ 9.232954, 45.490018 ], [ 9.232405, 45.490265 ], [ 9.232264, 45.490293 ], [ 9.232133, 45.490429 ], [ 9.23202, 45.490627 ], [ 9.231932, 45.490718 ] ] ] } },
{ "type": "Feature", "properties": { "postcode": "20133", "iou_vs_official": 0.8029, "match_status": "matched", "n_seed_addresses": 800 }, "geometry": { "type": "Polygon", "coordinates": [ [ [ 9.220279, 45.474312 ], [ 9.220064, 45.473891 ], [ 9.219538, 45.473207 ], [ 9.21883, 45.475081 ], [ 9.218816, 45.475104 ], [ 9.218832, 45.475202 ], [ 9.218895, 45.475352 ], [ 9.218932, 45.475533 ], [ 9.218883, 45.475683 ], [ 9.218842, 45.476356 ], [ 9.21888, 45.476684 ], [ 9.218144, 45.476735 ], [ 9.217374, 45.476189 ], [ 9.217223, 45.476503 ], [ 9.216572, 45.477337 ], [ 9.216386, 45.477523 ], [ 9.21619, 45.477687 ], [ 9.216192, 45.477712 ], [ 9.216185, 45.477885 ], [ 9.21617, 45.478051 ], [ 9.21623, 45.47848 ], [ 9.216284, 45.4787 ], [ 9.216308, 45.478771 ], [ 9.216321, 45.478771 ], [ 9.217701, 45.47957 ], [ 9.217819, 45.479717 ], [ 9.217826, 45.479723 ], [ 9.217874, 45.479726 ], [ 9.217927, 45.479719 ], [ 9.218015, 45.479736 ], [ 9.218194, 45.479755 ], [ 9.218329, 45.47973 ], [ 9.218407, 45.479745 ], [ 9.218598, 45.479751 ], [ 9.218718, 45.479726 ], [ 9.218796, 45.479732 ], [ 9.218796, 45.479732 ], [ 9.218873, 45.479655 ], [ 9.219057, 45.479518 ], [ 9.219228, 45.479475 ], [ 9.219271, 45.479424 ], [ 9.219428, 45.479088 ], [ 9.219533, 45.479181 ], [ 9.219673, 45.47943 ], [ 9.21978, 45.479534 ], [ 9.21979, 45.479548 ], [ 9.219907, 45.479663 ], [ 9.219969, 45.479712 ], [ 9.219987, 45.479735 ], [ 9.220162, 45.479744 ], [ 9.220333, 45.479716 ], [ 9.220354, 45.479722 ], [ 9.220559, 45.47975 ], [ 9.220604, 45.479745 ], [ 9.220631, 45.479716 ], [ 9.220735, 45.479629 ], [ 9.220771, 45.479611 ], [ 9.2211, 45.479247 ], [ 9.221301, 45.479129 ], [ 9.221403, 45.479011 ], [ 9.221683, 45.479154 ], [ 9.2217, 45.47959 ], [ 9.221728, 45.479714 ], [ 9.221772, 45.479827 ], [ 9.221834, 45.479938 ], [ 9.221835, 45.479941 ], [ 9.221865, 45.47999 ], [ 9.221896, 45.480047 ], [ 9.221969, 45.480204 ], [ 9.221985, 45.480262 ], [ 9.222231, 45.480566 ], [ 9.222482, 45.480596 ], [ 9.222669, 45.48045 ], [ 9.223592, 45.480049 ], [ 9.223718, 45.479551 ], [ 9.223778, 45.479384 ], [ 9.223857, 45.479222 ], [ 9.223924, 45.479101 ], [ 9.224305, 45.479019 ], [ 9.224824, 45.478741 ], [ 9.225481, 45.478673 ], [ 9.225704, 45.478487 ], [ 9.226603, 45.478143 ], [ 9.226616, 45.478136 ], [ 9.227979, 45.477941 ], [ 9.228511, 45.478612 ], [ 9.228502, 45.479572 ], [ 9.228611, 45.479709 ], [ 9.229296, 45.480779 ], [ 9.229451, 45.48086 ], [ 9.229597, 45.480995 ], [ 9.229897, 45.481204 ], [ 9.230243, 45.481388 ], [ 9.230715, 45.481681 ], [ 9.230773, 45.481681 ], [ 9.232185, 45.482273 ], [ 9.232393, 45.48242 ], [ 9.232413, 45.482535 ], [ 9.232555, 45.482722 ], [ 9.233566, 45.483164 ], [ 9.233909, 45.483093 ], [ 9.235168, 45.483281 ], [ 9.235189, 45.483276 ], [ 9.235404, 45.483205 ], [ 9.235505, 45.483211 ], [ 9.235562, 45.483355 ], [ 9.235606, 45.483449 ], [ 9.23578, 45.483696 ], [ 9.236815, 45.48474 ], [ 9.236829, 45.484748 ], [ 9.237283, 45.484478 ], [ 9.2383, 45.484075 ], [ 9.238514, 45.483496 ], [ 9.23798, 45.482116 ], [ 9.238682, 45.480603 ], [ 9.238687, 45.479667 ], [ 9.239129, 45.478546 ], [ 9.239144, 45.478122 ], [ 9.23917, 45.478066 ], [ 9.239087, 45.477152 ], [ 9.238623, 45.474563 ], [ 9.238567, 45.474469 ], [ 9.238213, 45.47426 ], [ 9.238184, 45.474189 ], [ 9.2381, 45.474066 ], [ 9.237343, 45.472902 ], [ 9.237144, 45.472553 ], [ 9.237119, 45.46979 ], [ 9.238508, 45.468442 ], [ 9.239203, 45.466837 ], [ 9.238724, 45.46636 ], [ 9.238385, 45.465432 ], [ 9.238291, 45.465139 ], [ 9.238534, 45.464616 ], [ 9.239486, 45.461765 ], [ 9.239532, 45.461525 ], [ 9.236964, 45.46067 ], [ 9.236314, 45.459907 ], [ 9.235414, 45.458035 ], [ 9.233451, 45.45641 ], [ 9.233031, 45.458535 ], [ 9.232343, 45.459879 ], [ 9.23212, 45.460376 ], [ 9.231858, 45.460721 ], [ 9.231613, 45.461004 ], [ 9.231459, 45.461152 ], [ 9.231454, 45.461157 ], [ 9.231305, 45.461313 ], [ 9.231222, 45.461412 ], [ 9.231145, 45.461473 ], [ 9.230968, 45.461641 ], [ 9.230945, 45.461662 ], [ 9.230784, 45.461842 ], [ 9.230468, 45.462066 ], [ 9.230098, 45.462233 ], [ 9.229946, 45.462459 ], [ 9.229538, 45.462607 ], [ 9.229298, 45.46277 ], [ 9.229006, 45.463022 ], [ 9.229003, 45.463025 ], [ 9.229002, 45.463025 ], [ 9.228955, 45.462976 ], [ 9.22884, 45.462879 ], [ 9.228657, 45.462688 ], [ 9.228026, 45.461824 ], [ 9.227915, 45.461822 ], [ 9.226872, 45.461303 ], [ 9.22682, 45.461343 ], [ 9.225915, 45.461498 ], [ 9.225589, 45.461448 ], [ 9.225586, 45.461446 ], [ 9.225041, 45.461423 ], [ 9.224895, 45.461443 ], [ 9.224725, 45.461422 ], [ 9.224595, 45.461432 ], [ 9.22386, 45.461385 ], [ 9.223792, 45.46181 ], [ 9.223015, 45.46261 ], [ 9.222634, 45.462885 ], [ 9.22255, 45.463034 ], [ 9.22254, 45.463049 ], [ 9.222538, 45.463055 ], [ 9.222387, 45.463411 ], [ 9.222415, 45.463486 ], [ 9.222474, 45.46403 ], [ 9.222432, 45.46434 ], [ 9.222405, 45.464484 ], [ 9.222349, 45.464723 ], [ 9.222196, 45.465081 ], [ 9.221979, 45.465482 ], [ 9.221835, 45.465661 ], [ 9.221896, 45.465836 ], [ 9.221947, 45.466026 ], [ 9.222002, 45.466271 ], [ 9.222026, 45.466446 ], [ 9.222047, 45.466714 ], [ 9.222044, 45.466826 ], [ 9.222283, 45.467017 ], [ 9.223489, 45.468612 ], [ 9.223512, 45.468627 ], [ 9.22352, 45.468846 ], [ 9.223504, 45.469086 ], [ 9.223224, 45.469623 ], [ 9.222942, 45.470341 ], [ 9.222509, 45.470546 ], [ 9.222388, 45.471068 ], [ 9.222374, 45.471142 ], [ 9.222364, 45.471208 ], [ 9.222356, 45.471271 ], [ 9.222351, 45.471321 ], [ 9.222347, 45.471367 ], [ 9.222342, 45.471446 ], [ 9.222342, 45.471738 ], [ 9.222314, 45.471915 ], [ 9.221845, 45.472603 ], [ 9.221973, 45.472856 ], [ 9.222213, 45.473209 ], [ 9.222252, 45.473608 ], [ 9.22211, 45.473893 ], [ 9.222083, 45.473957 ], [ 9.221994, 45.474195 ], [ 9.221997, 45.474379 ], [ 9.221857, 45.475088 ], [ 9.22171, 45.475055 ], [ 9.221149, 45.475045 ], [ 9.22094, 45.474924 ], [ 9.220302, 45.474325 ], [ 9.220279, 45.474312 ] ] ] } },
{ "type": "Feature", "properties": { "postcode": "20134", "iou_vs_official": 0.6447, "match_status": "matched", "n_seed_addresses": 182 }, "geometry": { "type": "Polygon", "coordinates": [ [ [ 9.239532, 45.461525 ], [ 9.239486, 45.461765 ], [ 9.238534, 45.464616 ], [ 9.238291, 45.465139 ], [ 9.238385, 45.465432 ], [ 9.238724, 45.46636 ], [ 9.239203, 45.466837 ], [ 9.238508, 45.468442 ], [ 9.237119, 45.46979 ], [ 9.237144, 45.472553 ], [ 9.237343, 45.472902 ], [ 9.2381, 45.474066 ], [ 9.238184, 45.474189 ], [ 9.238213, 45.47426 ], [ 9.238567, 45.474469 ], [ 9.238623, 45.474563 ], [ 9.239087, 45.477152 ], [ 9.23917, 45.478066 ], [ 9.239144, 45.478122 ], [ 9.239129, 45.478546 ], [ 9.238687, 45.479667 ], [ 9.238682, 45.480603 ], [ 9.23798, 45.482116 ], [ 9.238514, 45.483496 ], [ 9.2383, 45.484075 ], [ 9.238986, 45.485487 ], [ 9.238408, 45.486045 ], [ 9.238172, 45.486938 ], [ 9.237948, 45.487312 ], [ 9.237511, 45.487608 ], [ 9.237413, 45.487699 ], [ 9.237701, 45.488175 ], [ 9.237748, 45.488648 ], [ 9.237754, 45.488884 ], [ 9.237757, 45.488921 ], [ 9.237744, 45.489045 ], [ 9.237751, 45.489398 ], [ 9.237934, 45.489945 ], [ 9.238036, 45.490095 ], [ 9.238289, 45.490152 ], [ 9.238472, 45.490164 ], [ 9.239453, 45.489881 ], [ 9.239921, 45.489611 ], [ 9.239935, 45.489642 ], [ 9.240638, 45.490718 ], [ 9.24079, 45.490789 ], [ 9.240842, 45.490811 ], [ 9.240973, 45.490855 ], [ 9.241894, 45.490989 ], [ 9.24188, 45.493066 ], [ 9.242211, 45.493679 ], [ 9.243375, 45.494547 ], [ 9.24391, 45.495196 ], [ 9.245819, 45.495083 ], [ 9.246227, 45.495144 ], [ 9.247357, 45.495419 ], [ 9.247797, 45.495553 ], [ 9.248066, 45.49565 ], [ 9.248458, 45.496368 ], [ 9.250303, 45.497826 ], [ 9.252301, 45.49862 ], [ 9.252333, 45.498632 ], [ 9.252351, 45.498639 ], [ 9.252454, 45.498677 ], [ 9.25247, 45.498683 ], [ 9.260427, 45.499011 ], [ 9.260472, 45.498949 ], [ 9.260503, 45.498904 ], [ 9.260534, 45.498858 ], [ 9.260646, 45.498689 ], [ 9.260749, 45.498524 ], [ 9.260852, 45.498349 ], [ 9.260921, 45.498215 ], [ 9.26096, 45.498146 ], [ 9.261004, 45.498071 ], [ 9.261055, 45.49798 ], [ 9.261248, 45.497485 ], [ 9.261264, 45.497432 ], [ 9.261268, 45.497422 ], [ 9.261321, 45.497297 ], [ 9.261326, 45.497276 ], [ 9.261336, 45.497241 ], [ 9.261358, 45.497148 ], [ 9.261367, 45.497074 ], [ 9.261423, 45.496891 ], [ 9.261454, 45.496792 ], [ 9.261502, 45.496655 ], [ 9.261532, 45.496566 ], [ 9.261567, 45.496463 ], [ 9.261579, 45.496427 ], [ 9.261597, 45.496364 ], [ 9.261654, 45.496193 ], [ 9.261728, 45.495963 ], [ 9.261809, 45.495705 ], [ 9.26184, 45.495615 ], [ 9.261914, 45.495406 ], [ 9.262007, 45.495145 ], [ 9.262047, 45.49499 ], [ 9.261609, 45.494956 ], [ 9.261596, 45.494794 ], [ 9.261567, 45.494581 ], [ 9.261557, 45.494508 ], [ 9.261523, 45.494258 ], [ 9.261507, 45.494137 ], [ 9.261458, 45.493771 ], [ 9.261439, 45.493641 ], [ 9.261433, 45.49358 ], [ 9.261393, 45.493277 ], [ 9.26139, 45.493253 ], [ 9.261379, 45.493171 ], [ 9.261371, 45.493109 ], [ 9.261328, 45.492804 ], [ 9.261267, 45.49234 ], [ 9.261251, 45.492229 ], [ 9.261239, 45.492133 ], [ 9.261211, 45.491941 ], [ 9.261205, 45.491894 ], [ 9.261195, 45.491821 ], [ 9.261141, 45.491415 ], [ 9.26112, 45.491256 ], [ 9.261075, 45.49093 ], [ 9.261062, 45.490839 ], [ 9.261039, 45.490712 ], [ 9.261177, 45.490474 ], [ 9.261167, 45.490436 ], [ 9.258269, 45.489729 ], [ 9.258296, 45.489486 ], [ 9.258312, 45.489384 ], [ 9.258333, 45.489251 ], [ 9.258358, 45.489084 ], [ 9.258373, 45.488973 ], [ 9.258394, 45.488803 ], [ 9.258411, 45.48867 ], [ 9.258427, 45.488562 ], [ 9.258434, 45.4885 ], [ 9.258451, 45.488363 ], [ 9.258464, 45.48827 ], [ 9.258467, 45.488135 ], [ 9.258469, 45.488052 ], [ 9.258494, 45.487901 ], [ 9.258516, 45.487744 ], [ 9.258526, 45.487682 ], [ 9.258541, 45.487579 ], [ 9.258571, 45.487381 ], [ 9.258587, 45.487268 ], [ 9.2586, 45.487183 ], [ 9.258612, 45.487102 ], [ 9.258648, 45.486866 ], [ 9.258683, 45.486637 ], [ 9.258726, 45.486356 ], [ 9.25876, 45.486111 ], [ 9.258765, 45.486099 ], [ 9.258768, 45.486058 ], [ 9.258773, 45.48601 ], [ 9.258811, 45.485632 ], [ 9.258836, 45.485444 ], [ 9.258841, 45.48541 ], [ 9.258862, 45.48522 ], [ 9.258882, 45.485033 ], [ 9.258906, 45.484818 ], [ 9.258912, 45.484783 ], [ 9.258969, 45.484494 ], [ 9.259017, 45.484442 ], [ 9.25906, 45.484404 ], [ 9.25914, 45.484337 ], [ 9.25933, 45.484201 ], [ 9.259416, 45.484197 ], [ 9.259869, 45.484187 ], [ 9.259987, 45.484182 ], [ 9.260086, 45.484181 ], [ 9.260462, 45.484173 ], [ 9.26098, 45.484158 ], [ 9.261579, 45.48414 ], [ 9.261941, 45.484134 ], [ 9.262335, 45.484145 ], [ 9.262559, 45.48415 ], [ 9.263151, 45.484164 ], [ 9.263256, 45.484167 ], [ 9.263471, 45.484172 ], [ 9.263492, 45.484174 ], [ 9.26387, 45.484177 ], [ 9.264528, 45.48418 ], [ 9.264775, 45.484183 ], [ 9.264893, 45.484177 ], [ 9.264881, 45.483713 ], [ 9.264865, 45.483249 ], [ 9.264849, 45.482707 ], [ 9.264842, 45.482525 ], [ 9.264831, 45.482181 ], [ 9.264814, 45.481834 ], [ 9.264793, 45.481472 ], [ 9.264786, 45.481311 ], [ 9.264779, 45.481188 ], [ 9.264769, 45.480989 ], [ 9.26476, 45.480809 ], [ 9.264739, 45.480436 ], [ 9.264738, 45.480428 ], [ 9.264699, 45.480138 ], [ 9.264683, 45.480039 ], [ 9.264655, 45.479848 ], [ 9.264614, 45.47961 ], [ 9.264572, 45.479348 ], [ 9.264561, 45.479285 ], [ 9.264453, 45.479274 ], [ 9.264136, 45.479243 ], [ 9.263862, 45.479216 ], [ 9.263579, 45.479188 ], [ 9.263575, 45.479203 ], [ 9.263233, 45.479171 ], [ 9.263099, 45.479158 ], [ 9.262854, 45.479134 ], [ 9.262465, 45.479107 ], [ 9.262456, 45.479106 ], [ 9.262399, 45.479102 ], [ 9.262329, 45.479095 ], [ 9.26223, 45.479083 ], [ 9.262192, 45.479101 ], [ 9.262153, 45.479122 ], [ 9.262095, 45.479132 ], [ 9.262033, 45.479144 ], [ 9.26198, 45.479165 ], [ 9.261915, 45.479191 ], [ 9.261887, 45.479198 ], [ 9.261857, 45.479194 ], [ 9.26178, 45.479184 ], [ 9.261659, 45.479168 ], [ 9.261564, 45.479156 ], [ 9.261485, 45.479145 ], [ 9.26147, 45.479144 ], [ 9.26149, 45.479002 ], [ 9.261509, 45.478851 ], [ 9.261527, 45.478707 ], [ 9.261538, 45.478619 ], [ 9.261546, 45.478562 ], [ 9.261553, 45.478509 ], [ 9.261557, 45.47849 ], [ 9.261567, 45.478412 ], [ 9.261581, 45.478313 ], [ 9.261589, 45.478244 ], [ 9.261594, 45.47821 ], [ 9.261602, 45.478143 ], [ 9.261617, 45.478023 ], [ 9.261629, 45.47794 ], [ 9.261638, 45.477873 ], [ 9.261643, 45.477833 ], [ 9.261652, 45.477763 ], [ 9.26166, 45.477701 ], [ 9.261669, 45.477628 ], [ 9.26167, 45.477617 ], [ 9.261672, 45.477605 ], [ 9.261679, 45.477553 ], [ 9.261706, 45.477355 ], [ 9.261736, 45.477131 ], [ 9.261772, 45.476891 ], [ 9.261801, 45.476662 ], [ 9.261808, 45.476608 ], [ 9.261808, 45.4766 ], [ 9.261802, 45.476595 ], [ 9.261789, 45.476594 ], [ 9.26175, 45.476594 ], [ 9.261675, 45.476594 ], [ 9.261623, 45.476594 ], [ 9.261527, 45.476593 ], [ 9.261416, 45.476592 ], [ 9.261339, 45.476592 ], [ 9.261239, 45.476591 ], [ 9.261147, 45.476591 ], [ 9.26109, 45.47659 ], [ 9.261056, 45.47659 ], [ 9.261012, 45.47659 ], [ 9.260993, 45.47659 ], [ 9.260992, 45.47659 ], [ 9.260939, 45.476589 ], [ 9.260859, 45.476589 ], [ 9.260752, 45.476589 ], [ 9.260667, 45.476589 ], [ 9.26057, 45.476589 ], [ 9.260494, 45.476589 ], [ 9.260416, 45.476588 ], [ 9.260362, 45.476588 ], [ 9.260363, 45.476571 ], [ 9.260363, 45.476456 ], [ 9.260363, 45.476357 ], [ 9.260364, 45.47625 ], [ 9.260365, 45.476129 ], [ 9.260364, 45.476022 ], [ 9.260366, 45.475864 ], [ 9.260365, 45.475705 ], [ 9.260366, 45.475613 ], [ 9.260368, 45.475446 ], [ 9.26037, 45.475237 ], [ 9.260371, 45.475076 ], [ 9.260372, 45.474946 ], [ 9.260372, 45.474755 ], [ 9.260374, 45.474591 ], [ 9.260374, 45.474563 ], [ 9.258446, 45.474164 ], [ 9.255897, 45.472485 ], [ 9.255065, 45.47203 ], [ 9.254828, 45.471946 ], [ 9.252849, 45.468043 ], [ 9.252622, 45.466082 ], [ 9.249712, 45.465171 ], [ 9.249443, 45.46506 ], [ 9.249408, 45.465029 ], [ 9.24702, 45.465502 ], [ 9.244416, 45.465384 ], [ 9.243174, 45.463429 ], [ 9.243032, 45.463193 ], [ 9.24288, 45.462888 ], [ 9.242818, 45.462741 ], [ 9.24215, 45.46112 ], [ 9.239722, 45.461378 ], [ 9.239532, 45.461525 ] ] ] } },
{ "type": "Feature", "properties": { "postcode": "20135", "iou_vs_official": 0.7936, "match_status": "matched", "n_seed_addresses": 388 }, "geometry": { "type": "Polygon", "coordinates": [ [ [ 9.200563, 45.44574 ], [ 9.19946, 45.446399 ], [ 9.197271, 45.446655 ], [ 9.196674, 45.447658 ], [ 9.196781, 45.448266 ], [ 9.196612, 45.448999 ], [ 9.198116, 45.45079 ], [ 9.198202, 45.450858 ], [ 9.198223, 45.450858 ], [ 9.198345, 45.450846 ], [ 9.198692, 45.450818 ], [ 9.199028, 45.450703 ], [ 9.199205, 45.450879 ], [ 9.199743, 45.451292 ], [ 9.199753, 45.451297 ], [ 9.200225, 45.451425 ], [ 9.200531, 45.451456 ], [ 9.200987, 45.451415 ], [ 9.201512, 45.451127 ], [ 9.201637, 45.451789 ], [ 9.201837, 45.452339 ], [ 9.201831, 45.452391 ], [ 9.201832, 45.452395 ], [ 9.201919, 45.452598 ], [ 9.202184, 45.452724 ], [ 9.202218, 45.4528 ], [ 9.202715, 45.452987 ], [ 9.202706, 45.453054 ], [ 9.202774, 45.453253 ], [ 9.202819, 45.453301 ], [ 9.202851, 45.453461 ], [ 9.202915, 45.453528 ], [ 9.202814, 45.454077 ], [ 9.202846, 45.454117 ], [ 9.202956, 45.454209 ], [ 9.20308, 45.454283 ], [ 9.203345, 45.454218 ], [ 9.203348, 45.45422 ], [ 9.203561, 45.454385 ], [ 9.203588, 45.454422 ], [ 9.20359, 45.454799 ], [ 9.203687, 45.454942 ], [ 9.203711, 45.45497 ], [ 9.203764, 45.455205 ], [ 9.203764, 45.45522 ], [ 9.203741, 45.455445 ], [ 9.203715, 45.455502 ], [ 9.203786, 45.455658 ], [ 9.203881, 45.455773 ], [ 9.203885, 45.455779 ], [ 9.203894, 45.455805 ], [ 9.20393, 45.45588 ], [ 9.203936, 45.455902 ], [ 9.204036, 45.456112 ], [ 9.204108, 45.456184 ], [ 9.204179, 45.456315 ], [ 9.204185, 45.456322 ], [ 9.204264, 45.456455 ], [ 9.204292, 45.456557 ], [ 9.204427, 45.456749 ], [ 9.204432, 45.456762 ], [ 9.204503, 45.456869 ], [ 9.204541, 45.456971 ], [ 9.204601, 45.457067 ], [ 9.204636, 45.457208 ], [ 9.204732, 45.457307 ], [ 9.204764, 45.457349 ], [ 9.205128, 45.457397 ], [ 9.205251, 45.457715 ], [ 9.205242, 45.457873 ], [ 9.205273, 45.457894 ], [ 9.20544, 45.458341 ], [ 9.205381, 45.458542 ], [ 9.205497, 45.45864 ], [ 9.20554, 45.458694 ], [ 9.205761, 45.459535 ], [ 9.20581, 45.45957 ], [ 9.205821, 45.459582 ], [ 9.205853, 45.459653 ], [ 9.206246, 45.459739 ], [ 9.20666, 45.460122 ], [ 9.206879, 45.460083 ], [ 9.207092, 45.460252 ], [ 9.207147, 45.460396 ], [ 9.207185, 45.460434 ], [ 9.207187, 45.460438 ], [ 9.207271, 45.460545 ], [ 9.20728, 45.460699 ], [ 9.20735, 45.460811 ], [ 9.2072, 45.461154 ], [ 9.207135, 45.461238 ], [ 9.2077, 45.461318 ], [ 9.207725, 45.461453 ], [ 9.207721, 45.461462 ], [ 9.207623, 45.461587 ], [ 9.20764, 45.461817 ], [ 9.207624, 45.461867 ], [ 9.207547, 45.461984 ], [ 9.207522, 45.462303 ], [ 9.207725, 45.462518 ], [ 9.207839, 45.462704 ], [ 9.208054, 45.462726 ], [ 9.208102, 45.462742 ], [ 9.208243, 45.462649 ], [ 9.208483, 45.462369 ], [ 9.20863, 45.462317 ], [ 9.208729, 45.462298 ], [ 9.208871, 45.462316 ], [ 9.20935, 45.462648 ], [ 9.209363, 45.462677 ], [ 9.209496, 45.462858 ], [ 9.209729, 45.462735 ], [ 9.209913, 45.462666 ], [ 9.210208, 45.462614 ], [ 9.210223, 45.462612 ], [ 9.210315, 45.462597 ], [ 9.210615, 45.46266 ], [ 9.211284, 45.462008 ], [ 9.211332, 45.461986 ], [ 9.21154, 45.46209 ], [ 9.21218, 45.46208 ], [ 9.212918, 45.461399 ], [ 9.214261, 45.460489 ], [ 9.214392, 45.46049 ], [ 9.21485, 45.46061 ], [ 9.215016, 45.46053 ], [ 9.215144, 45.46047 ], [ 9.215446, 45.460344 ], [ 9.21561, 45.460291 ], [ 9.216666, 45.460458 ], [ 9.217542, 45.460475 ], [ 9.217739, 45.460378 ], [ 9.217966, 45.459105 ], [ 9.217795, 45.457273 ], [ 9.218667, 45.456429 ], [ 9.219005, 45.456227 ], [ 9.219108, 45.456142 ], [ 9.219091, 45.45584 ], [ 9.217545, 45.454161 ], [ 9.217415, 45.454081 ], [ 9.21641, 45.454226 ], [ 9.215825, 45.453479 ], [ 9.215514, 45.453411 ], [ 9.214049, 45.453125 ], [ 9.214033, 45.453112 ], [ 9.214026, 45.453091 ], [ 9.214526, 45.451002 ], [ 9.214539, 45.450939 ], [ 9.214841, 45.450693 ], [ 9.214916, 45.449399 ], [ 9.214519, 45.448628 ], [ 9.214732, 45.447397 ], [ 9.214576, 45.447232 ], [ 9.212722, 45.446858 ], [ 9.212571, 45.446815 ], [ 9.211571, 45.446368 ], [ 9.211038, 45.44644 ], [ 9.211017, 45.446451 ], [ 9.210846, 45.446414 ], [ 9.210424, 45.446221 ], [ 9.210257, 45.446129 ], [ 9.209164, 45.445741 ], [ 9.208992, 45.445659 ], [ 9.208944, 45.445662 ], [ 9.208679, 45.44575 ], [ 9.208137, 45.445835 ], [ 9.207282, 45.445769 ], [ 9.206997, 45.445655 ], [ 9.206559, 45.445386 ], [ 9.206377, 45.445457 ], [ 9.206067, 45.445552 ], [ 9.205684, 45.445618 ], [ 9.205287, 45.445631 ], [ 9.20498, 45.445596 ], [ 9.204773, 45.445556 ], [ 9.204363, 45.445445 ], [ 9.203148, 45.445943 ], [ 9.202882, 45.446008 ], [ 9.202456, 45.445989 ], [ 9.201571, 45.446232 ], [ 9.200563, 45.44574 ] ] ] } },
{ "type": "Feature", "properties": { "postcode": "20136", "iou_vs_official": 0.8223, "match_status": "matched", "n_seed_addresses": 368 }, "geometry": { "type": "Polygon", "coordinates": [ [ [ 9.177186, 45.442722 ], [ 9.176867, 45.443227 ], [ 9.17657, 45.443292 ], [ 9.176124, 45.44363 ], [ 9.176155, 45.443707 ], [ 9.176183, 45.443737 ], [ 9.176296, 45.444007 ], [ 9.17629, 45.444133 ], [ 9.176296, 45.444235 ], [ 9.176331, 45.444409 ], [ 9.176518, 45.444707 ], [ 9.176483, 45.444751 ], [ 9.176446, 45.444819 ], [ 9.176385, 45.445187 ], [ 9.176392, 45.44521 ], [ 9.176401, 45.445292 ], [ 9.17649, 45.445423 ], [ 9.176548, 45.445666 ], [ 9.176617, 45.445716 ], [ 9.176646, 45.445756 ], [ 9.176573, 45.446092 ], [ 9.176651, 45.446161 ], [ 9.176714, 45.446422 ], [ 9.176661, 45.446622 ], [ 9.176531, 45.446837 ], [ 9.176524, 45.446845 ], [ 9.176641, 45.446948 ], [ 9.176676, 45.446968 ], [ 9.176857, 45.447117 ], [ 9.176898, 45.447183 ], [ 9.176963, 45.447401 ], [ 9.176964, 45.447464 ], [ 9.177037, 45.447552 ], [ 9.177051, 45.447709 ], [ 9.17717, 45.447889 ], [ 9.177402, 45.448082 ], [ 9.177433, 45.448125 ], [ 9.177433, 45.448125 ], [ 9.177349, 45.448309 ], [ 9.177299, 45.448435 ], [ 9.177287, 45.448459 ], [ 9.177249, 45.448699 ], [ 9.177302, 45.448846 ], [ 9.17736, 45.44891 ], [ 9.177421, 45.448955 ], [ 9.177426, 45.448965 ], [ 9.177374, 45.449136 ], [ 9.177413, 45.449352 ], [ 9.177404, 45.449381 ], [ 9.177446, 45.449548 ], [ 9.177407, 45.449761 ], [ 9.177263, 45.450013 ], [ 9.177127, 45.450164 ], [ 9.177163, 45.450241 ], [ 9.177203, 45.45037 ], [ 9.177289, 45.450395 ], [ 9.177522, 45.450509 ], [ 9.177688, 45.450638 ], [ 9.17778, 45.450792 ], [ 9.177861, 45.450974 ], [ 9.177995, 45.451048 ], [ 9.177995, 45.451053 ], [ 9.177881, 45.451297 ], [ 9.177932, 45.451532 ], [ 9.178058, 45.451746 ], [ 9.178079, 45.451772 ], [ 9.178117, 45.451816 ], [ 9.178139, 45.45183 ], [ 9.178144, 45.451829 ], [ 9.178366, 45.451598 ], [ 9.178797, 45.451484 ], [ 9.179279, 45.451587 ], [ 9.179311, 45.451652 ], [ 9.179441, 45.451787 ], [ 9.179484, 45.451873 ], [ 9.179634, 45.452359 ], [ 9.179664, 45.452375 ], [ 9.179758, 45.452408 ], [ 9.180143, 45.452506 ], [ 9.180562, 45.452435 ], [ 9.180866, 45.452626 ], [ 9.180907, 45.452621 ], [ 9.18134, 45.452633 ], [ 9.181543, 45.452744 ], [ 9.181552, 45.452746 ], [ 9.181659, 45.452737 ], [ 9.181991, 45.453082 ], [ 9.182211, 45.453043 ], [ 9.182337, 45.453116 ], [ 9.18243, 45.453102 ], [ 9.18249, 45.453072 ], [ 9.182739, 45.453109 ], [ 9.182759, 45.453119 ], [ 9.18289, 45.453109 ], [ 9.182952, 45.453118 ], [ 9.183087, 45.453109 ], [ 9.183252, 45.453172 ], [ 9.183277, 45.453162 ], [ 9.183633, 45.45311 ], [ 9.183728, 45.453053 ], [ 9.183732, 45.453047 ], [ 9.183814, 45.452865 ], [ 9.18384, 45.452626 ], [ 9.184329, 45.452364 ], [ 9.184394, 45.452408 ], [ 9.184417, 45.452467 ], [ 9.184817, 45.453048 ], [ 9.185003, 45.453019 ], [ 9.18505, 45.45303 ], [ 9.185321, 45.452989 ], [ 9.185337, 45.452994 ], [ 9.185478, 45.452989 ], [ 9.185646, 45.452928 ], [ 9.185842, 45.452335 ], [ 9.185882, 45.452054 ], [ 9.186334, 45.452139 ], [ 9.186427, 45.452108 ], [ 9.186508, 45.452106 ], [ 9.186778, 45.452224 ], [ 9.187127, 45.452263 ], [ 9.187344, 45.45206 ], [ 9.18765, 45.452074 ], [ 9.18769, 45.452079 ], [ 9.187691, 45.452079 ], [ 9.18781, 45.452005 ], [ 9.187859, 45.451983 ], [ 9.188003, 45.451958 ], [ 9.188073, 45.451935 ], [ 9.188232, 45.451941 ], [ 9.188235, 45.451939 ], [ 9.188473, 45.45187 ], [ 9.188766, 45.451885 ], [ 9.188777, 45.451875 ], [ 9.189147, 45.451725 ], [ 9.189524, 45.451758 ], [ 9.189551, 45.451747 ], [ 9.189695, 45.45174 ], [ 9.189704, 45.451735 ], [ 9.190218, 45.451531 ], [ 9.19025, 45.451509 ], [ 9.190495, 45.451584 ], [ 9.190866, 45.451601 ], [ 9.191093, 45.451684 ], [ 9.191121, 45.451679 ], [ 9.191233, 45.451682 ], [ 9.191396, 45.451624 ], [ 9.191642, 45.451574 ], [ 9.191828, 45.451605 ], [ 9.191928, 45.451592 ], [ 9.1921, 45.451609 ], [ 9.192178, 45.451602 ], [ 9.192232, 45.451602 ], [ 9.192336, 45.451599 ], [ 9.192599, 45.451639 ], [ 9.192689, 45.451682 ], [ 9.192887, 45.451621 ], [ 9.193082, 45.451586 ], [ 9.193166, 45.451596 ], [ 9.193251, 45.451609 ], [ 9.193414, 45.451598 ], [ 9.193463, 45.451603 ], [ 9.193506, 45.451611 ], [ 9.193657, 45.451602 ], [ 9.193758, 45.451612 ], [ 9.193791, 45.451608 ], [ 9.194088, 45.451598 ], [ 9.194299, 45.451691 ], [ 9.194304, 45.451691 ], [ 9.194525, 45.451617 ], [ 9.19466, 45.451601 ], [ 9.194817, 45.451612 ], [ 9.194849, 45.451609 ], [ 9.194965, 45.451608 ], [ 9.195057, 45.451617 ], [ 9.195126, 45.451605 ], [ 9.195172, 45.451602 ], [ 9.1953, 45.451608 ], [ 9.19533, 45.451612 ], [ 9.19537, 45.451608 ], [ 9.195482, 45.451604 ], [ 9.195579, 45.451608 ], [ 9.195585, 45.451607 ], [ 9.195649, 45.451602 ], [ 9.195788, 45.451606 ], [ 9.195814, 45.451609 ], [ 9.195853, 45.451606 ], [ 9.195873, 45.451605 ], [ 9.195916, 45.451555 ], [ 9.196073, 45.451408 ], [ 9.196169, 45.451345 ], [ 9.19624, 45.451311 ], [ 9.196319, 45.451287 ], [ 9.196426, 45.451272 ], [ 9.196502, 45.451283 ], [ 9.196562, 45.451303 ], [ 9.196684, 45.451186 ], [ 9.196782, 45.450878 ], [ 9.198116, 45.45079 ], [ 9.196612, 45.448999 ], [ 9.196781, 45.448266 ], [ 9.196674, 45.447658 ], [ 9.192999, 45.44716 ], [ 9.192444, 45.4454 ], [ 9.192329, 45.445252 ], [ 9.189351, 45.445755 ], [ 9.189076, 45.445358 ], [ 9.188592, 45.444914 ], [ 9.187004, 45.444427 ], [ 9.186396, 45.443904 ], [ 9.186037, 45.443369 ], [ 9.185814, 45.442949 ], [ 9.185436, 45.442888 ], [ 9.185085, 45.443308 ], [ 9.184047, 45.44372 ], [ 9.183497, 45.443845 ], [ 9.183201, 45.44368 ], [ 9.183029, 45.44379 ], [ 9.182655, 45.443913 ], [ 9.182418, 45.443668 ], [ 9.182395, 45.443664 ], [ 9.182208, 45.443567 ], [ 9.182006, 45.443241 ], [ 9.181729, 45.442643 ], [ 9.181721, 45.442605 ], [ 9.181281, 45.442589 ], [ 9.180914, 45.442453 ], [ 9.180755, 45.442378 ], [ 9.180154, 45.442027 ], [ 9.180153, 45.442026 ], [ 9.17983, 45.442061 ], [ 9.179531, 45.442056 ], [ 9.179161, 45.442173 ], [ 9.178677, 45.442157 ], [ 9.178495, 45.442143 ], [ 9.178122, 45.442075 ], [ 9.178085, 45.442061 ], [ 9.177661, 45.442093 ], [ 9.177453, 45.442072 ], [ 9.177356, 45.442342 ], [ 9.177186, 45.442722 ] ] ] } },
{ "type": "Feature", "properties": { "postcode": "20137", "iou_vs_official": 0.7262, "match_status": "matched", "n_seed_addresses": 151 }, "geometry": { "type": "Polygon", "coordinates": [ [ [ 9.214732, 45.447397 ], [ 9.214519, 45.448628 ], [ 9.214916, 45.449399 ], [ 9.214841, 45.450693 ], [ 9.214539, 45.450939 ], [ 9.214526, 45.451002 ], [ 9.214026, 45.453091 ], [ 9.214033, 45.453112 ], [ 9.214049, 45.453125 ], [ 9.215514, 45.453411 ], [ 9.215825, 45.453479 ], [ 9.21641, 45.454226 ], [ 9.217415, 45.454081 ], [ 9.217545, 45.454161 ], [ 9.219091, 45.45584 ], [ 9.219108, 45.456142 ], [ 9.219005, 45.456227 ], [ 9.218667, 45.456429 ], [ 9.217795, 45.457273 ], [ 9.217966, 45.459105 ], [ 9.217739, 45.460378 ], [ 9.219368, 45.460374 ], [ 9.220042, 45.460305 ], [ 9.220694, 45.460577 ], [ 9.220581, 45.463049 ], [ 9.221695, 45.463257 ], [ 9.222387, 45.463411 ], [ 9.222538, 45.463055 ], [ 9.22254, 45.463049 ], [ 9.22255, 45.463034 ], [ 9.222634, 45.462885 ], [ 9.223015, 45.46261 ], [ 9.223792, 45.46181 ], [ 9.22386, 45.461385 ], [ 9.224595, 45.461432 ], [ 9.224725, 45.461422 ], [ 9.224895, 45.461443 ], [ 9.225041, 45.461423 ], [ 9.225586, 45.461446 ], [ 9.225589, 45.461448 ], [ 9.225915, 45.461498 ], [ 9.22682, 45.461343 ], [ 9.226872, 45.461303 ], [ 9.227915, 45.461822 ], [ 9.228026, 45.461824 ], [ 9.228657, 45.462688 ], [ 9.22884, 45.462879 ], [ 9.228955, 45.462976 ], [ 9.229002, 45.463025 ], [ 9.229003, 45.463025 ], [ 9.229006, 45.463022 ], [ 9.229298, 45.46277 ], [ 9.229538, 45.462607 ], [ 9.229946, 45.462459 ], [ 9.230098, 45.462233 ], [ 9.230468, 45.462066 ], [ 9.230784, 45.461842 ], [ 9.230945, 45.461662 ], [ 9.230968, 45.461641 ], [ 9.231145, 45.461473 ], [ 9.231222, 45.461412 ], [ 9.231305, 45.461313 ], [ 9.231454, 45.461157 ], [ 9.231459, 45.461152 ], [ 9.231613, 45.461004 ], [ 9.231858, 45.460721 ], [ 9.23212, 45.460376 ], [ 9.232343, 45.459879 ], [ 9.233031, 45.458535 ], [ 9.233451, 45.45641 ], [ 9.233391, 45.456274 ], [ 9.233616, 45.455741 ], [ 9.233634, 45.455647 ], [ 9.233293, 45.449942 ], [ 9.228597, 45.448479 ], [ 9.228593, 45.448476 ], [ 9.227805, 45.448531 ], [ 9.226162, 45.448044 ], [ 9.224929, 45.447407 ], [ 9.224375, 45.446596 ], [ 9.22428, 45.446536 ], [ 9.22376, 45.446027 ], [ 9.221986, 45.445478 ], [ 9.219991, 45.445021 ], [ 9.219834, 45.445089 ], [ 9.219715, 45.445179 ], [ 9.219543, 45.445474 ], [ 9.219308, 45.446352 ], [ 9.21901, 45.446681 ], [ 9.217828, 45.447226 ], [ 9.21632, 45.447007 ], [ 9.216056, 45.44695 ], [ 9.214732, 45.447397 ] ] ] } },
{ "type": "Feature", "properties": { "postcode": "20138", "iou_vs_official": 0.7241, "match_status": "matched", "n_seed_addresses": 312 }, "geometry": { "type": "Polygon", "coordinates": [ [ [ 9.237355, 45.436687 ], [ 9.236482, 45.437524 ], [ 9.235669, 45.440042 ], [ 9.234803, 45.441688 ], [ 9.235449, 45.443253 ], [ 9.235777, 45.443639 ], [ 9.236221, 45.445103 ], [ 9.236431, 45.446938 ], [ 9.233293, 45.449942 ], [ 9.233634, 45.455647 ], [ 9.233616, 45.455741 ], [ 9.233391, 45.456274 ], [ 9.233451, 45.45641 ], [ 9.235414, 45.458035 ], [ 9.236314, 45.459907 ], [ 9.236964, 45.46067 ], [ 9.239532, 45.461525 ], [ 9.239722, 45.461378 ], [ 9.24215, 45.46112 ], [ 9.242818, 45.462741 ], [ 9.24288, 45.462888 ], [ 9.243032, 45.463193 ], [ 9.243174, 45.463429 ], [ 9.244416, 45.465384 ], [ 9.24702, 45.465502 ], [ 9.249408, 45.465029 ], [ 9.249443, 45.46506 ], [ 9.249712, 45.465171 ], [ 9.252622, 45.466082 ], [ 9.252849, 45.468043 ], [ 9.254828, 45.471946 ], [ 9.255065, 45.47203 ], [ 9.255897, 45.472485 ], [ 9.258446, 45.474164 ], [ 9.260374, 45.474563 ], [ 9.260375, 45.474438 ], [ 9.260374, 45.474329 ], [ 9.260375, 45.474217 ], [ 9.260376, 45.474172 ], [ 9.260376, 45.474121 ], [ 9.260376, 45.474099 ], [ 9.260376, 45.474059 ], [ 9.260375, 45.474002 ], [ 9.260375, 45.473969 ], [ 9.260375, 45.473929 ], [ 9.260394, 45.47393 ], [ 9.260398, 45.473869 ], [ 9.260403, 45.473784 ], [ 9.260406, 45.47375 ], [ 9.260409, 45.473715 ], [ 9.260414, 45.473648 ], [ 9.26042, 45.473569 ], [ 9.260433, 45.473411 ], [ 9.260445, 45.473236 ], [ 9.26045, 45.473164 ], [ 9.260434, 45.473128 ], [ 9.260403, 45.473054 ], [ 9.260381, 45.473 ], [ 9.260356, 45.472936 ], [ 9.260331, 45.472879 ], [ 9.2603, 45.472827 ], [ 9.260219, 45.472695 ], [ 9.260191, 45.472649 ], [ 9.260115, 45.472583 ], [ 9.26003, 45.472512 ], [ 9.259999, 45.472409 ], [ 9.259967, 45.472303 ], [ 9.259987, 45.472259 ], [ 9.26007, 45.472126 ], [ 9.260093, 45.472076 ], [ 9.260119, 45.472015 ], [ 9.260119, 45.472011 ], [ 9.260131, 45.471874 ], [ 9.260212, 45.471777 ], [ 9.260187, 45.471729 ], [ 9.260136, 45.471665 ], [ 9.260127, 45.471654 ], [ 9.260119, 45.471644 ], [ 9.260106, 45.471602 ], [ 9.260172, 45.471507 ], [ 9.260182, 45.471482 ], [ 9.260185, 45.471473 ], [ 9.260191, 45.471434 ], [ 9.26091, 45.471468 ], [ 9.261172, 45.471476 ], [ 9.261306, 45.471485 ], [ 9.261364, 45.47149 ], [ 9.261846, 45.471537 ], [ 9.262586, 45.471582 ], [ 9.262979, 45.471616 ], [ 9.263197, 45.47163 ], [ 9.263354, 45.471646 ], [ 9.264804, 45.471803 ], [ 9.266004, 45.47194 ], [ 9.266127, 45.471993 ], [ 9.266207, 45.47203 ], [ 9.266247, 45.472049 ], [ 9.266273, 45.472061 ], [ 9.26641, 45.472126 ], [ 9.266569, 45.472205 ], [ 9.267668, 45.472513 ], [ 9.267878, 45.472591 ], [ 9.268014, 45.472641 ], [ 9.268075, 45.472659 ], [ 9.268154, 45.472664 ], [ 9.268373, 45.472641 ], [ 9.26912, 45.472452 ], [ 9.269383, 45.472386 ], [ 9.269421, 45.472375 ], [ 9.269456, 45.47237 ], [ 9.269473, 45.472368 ], [ 9.269493, 45.472365 ], [ 9.269598, 45.472358 ], [ 9.269702, 45.472353 ], [ 9.269909, 45.472341 ], [ 9.26993, 45.472342 ], [ 9.270023, 45.472345 ], [ 9.27042, 45.472326 ], [ 9.270969, 45.472297 ], [ 9.270993, 45.472295 ], [ 9.271092, 45.472297 ], [ 9.271238, 45.472311 ], [ 9.271302, 45.472322 ], [ 9.271421, 45.472345 ], [ 9.271797, 45.472461 ], [ 9.27198, 45.47251 ], [ 9.272076, 45.472538 ], [ 9.272198, 45.472563 ], [ 9.272327, 45.472576 ], [ 9.272613, 45.472597 ], [ 9.272613, 45.472597 ], [ 9.272612, 45.472572 ], [ 9.27261, 45.472167 ], [ 9.272612, 45.471717 ], [ 9.272613, 45.471625 ], [ 9.272619, 45.471102 ], [ 9.272622, 45.470826 ], [ 9.272632, 45.470799 ], [ 9.272638, 45.470683 ], [ 9.272617, 45.470522 ], [ 9.272643, 45.470402 ], [ 9.272633, 45.470322 ], [ 9.272633, 45.470299 ], [ 9.272631, 45.469991 ], [ 9.272631, 45.469782 ], [ 9.272633, 45.46976 ], [ 9.272644, 45.469423 ], [ 9.272647, 45.469379 ], [ 9.272662, 45.469215 ], [ 9.272681, 45.469051 ], [ 9.272689, 45.469013 ], [ 9.272714, 45.468886 ], [ 9.272717, 45.468858 ], [ 9.272741, 45.468677 ], [ 9.272756, 45.468562 ], [ 9.272772, 45.46841 ], [ 9.272778, 45.468313 ], [ 9.272789, 45.468152 ], [ 9.272791, 45.468106 ], [ 9.272722, 45.468088 ], [ 9.272431, 45.468096 ], [ 9.272259, 45.468101 ], [ 9.27199, 45.468083 ], [ 9.271585, 45.468053 ], [ 9.271588, 45.468004 ], [ 9.271639, 45.467529 ], [ 9.271674, 45.467192 ], [ 9.271676, 45.467181 ], [ 9.271888, 45.467204 ], [ 9.272014, 45.467208 ], [ 9.272058, 45.466967 ], [ 9.272057, 45.46692 ], [ 9.272, 45.466886 ], [ 9.271906, 45.466891 ], [ 9.271886, 45.466891 ], [ 9.271433, 45.466881 ], [ 9.271352, 45.466852 ], [ 9.271326, 45.466498 ], [ 9.271325, 45.466489 ], [ 9.271328, 45.466478 ], [ 9.271348, 45.466379 ], [ 9.271385, 45.466199 ], [ 9.271422, 45.465992 ], [ 9.27156, 45.465765 ], [ 9.271589, 45.465717 ], [ 9.271638, 45.465519 ], [ 9.271673, 45.465369 ], [ 9.271618, 45.465125 ], [ 9.271549, 45.46483 ], [ 9.271545, 45.464816 ], [ 9.271543, 45.464741 ], [ 9.271539, 45.464661 ], [ 9.271563, 45.464438 ], [ 9.271565, 45.464427 ], [ 9.271565, 45.464426 ], [ 9.27157, 45.464277 ], [ 9.271575, 45.463983 ], [ 9.271576, 45.463962 ], [ 9.271544, 45.463827 ], [ 9.271553, 45.463555 ], [ 9.271569, 45.463305 ], [ 9.271626, 45.463305 ], [ 9.271678, 45.46326 ], [ 9.27172, 45.46321 ], [ 9.271742, 45.463112 ], [ 9.271751, 45.462834 ], [ 9.271765, 45.462716 ], [ 9.271777, 45.462625 ], [ 9.271841, 45.462443 ], [ 9.271896, 45.462256 ], [ 9.271944, 45.462103 ], [ 9.271999, 45.461962 ], [ 9.272001, 45.461955 ], [ 9.272108, 45.461732 ], [ 9.272125, 45.461697 ], [ 9.272131, 45.461685 ], [ 9.272133, 45.46168 ], [ 9.272155, 45.461645 ], [ 9.272196, 45.461589 ], [ 9.272196, 45.461588 ], [ 9.272242, 45.46152 ], [ 9.272664, 45.460882 ], [ 9.272724, 45.460791 ], [ 9.272772, 45.460718 ], [ 9.272404, 45.460755 ], [ 9.271944, 45.460753 ], [ 9.271697, 45.460778 ], [ 9.271201, 45.460693 ], [ 9.270034, 45.460623 ], [ 9.270212, 45.460465 ], [ 9.270216, 45.460314 ], [ 9.270264, 45.460102 ], [ 9.270366, 45.459882 ], [ 9.270345, 45.459736 ], [ 9.270396, 45.459495 ], [ 9.269982, 45.45891 ], [ 9.269257, 45.458883 ], [ 9.269313, 45.458481 ], [ 9.26951, 45.458516 ], [ 9.269441, 45.458233 ], [ 9.268338, 45.458108 ], [ 9.268331, 45.458172 ], [ 9.267054, 45.457997 ], [ 9.266067, 45.457855 ], [ 9.266069, 45.457809 ], [ 9.265491, 45.457721 ], [ 9.265105, 45.457651 ], [ 9.264482, 45.457487 ], [ 9.264504, 45.457242 ], [ 9.264568, 45.456508 ], [ 9.26464, 45.455695 ], [ 9.264155, 45.455696 ], [ 9.264054, 45.455715 ], [ 9.263966, 45.455487 ], [ 9.263986, 45.455466 ], [ 9.263953, 45.455436 ], [ 9.263858, 45.455444 ], [ 9.263811, 45.455443 ], [ 9.263779, 45.455416 ], [ 9.26376, 45.455388 ], [ 9.263738, 45.455298 ], [ 9.263672, 45.455246 ], [ 9.264198, 45.45405 ], [ 9.264528, 45.453301 ], [ 9.264635, 45.45306 ], [ 9.264642, 45.45296 ], [ 9.265094, 45.452528 ], [ 9.265129, 45.452482 ], [ 9.265131, 45.452454 ], [ 9.265122, 45.452421 ], [ 9.265077, 45.452389 ], [ 9.26506, 45.452368 ], [ 9.265046, 45.452349 ], [ 9.265045, 45.452326 ], [ 9.265062, 45.452299 ], [ 9.265105, 45.452264 ], [ 9.265115, 45.452248 ], [ 9.265126, 45.452219 ], [ 9.265138, 45.452197 ], [ 9.265157, 45.45218 ], [ 9.265187, 45.452167 ], [ 9.265244, 45.452144 ], [ 9.26527, 45.452115 ], [ 9.265274, 45.452085 ], [ 9.265254, 45.452061 ], [ 9.264969, 45.451922 ], [ 9.264937, 45.451905 ], [ 9.264922, 45.451909 ], [ 9.264906, 45.451924 ], [ 9.264906, 45.451944 ], [ 9.264899, 45.451989 ], [ 9.26488, 45.452009 ], [ 9.264846, 45.452022 ], [ 9.264806, 45.452018 ], [ 9.264765, 45.451997 ], [ 9.264753, 45.451978 ], [ 9.264757, 45.451956 ], [ 9.264807, 45.451909 ], [ 9.264828, 45.451881 ], [ 9.264866, 45.451801 ], [ 9.264871, 45.451781 ], [ 9.264879, 45.451768 ], [ 9.264906, 45.451721 ], [ 9.264922, 45.451695 ], [ 9.264943, 45.45166 ], [ 9.264991, 45.451615 ], [ 9.26508, 45.451532 ], [ 9.265083, 45.451527 ], [ 9.265103, 45.451491 ], [ 9.265134, 45.451435 ], [ 9.265159, 45.451335 ], [ 9.265172, 45.451287 ], [ 9.265185, 45.451245 ], [ 9.265315, 45.45121 ], [ 9.265453, 45.451299 ], [ 9.265468, 45.451307 ], [ 9.265522, 45.451308 ], [ 9.265541, 45.451308 ], [ 9.265598, 45.451302 ], [ 9.265824, 45.451318 ], [ 9.265834, 45.45132 ], [ 9.265871, 45.451308 ], [ 9.265957, 45.451279 ], [ 9.266144, 45.451213 ], [ 9.266157, 45.451206 ], [ 9.266222, 45.451134 ], [ 9.266234, 45.451121 ], [ 9.266212, 45.451041 ], [ 9.266205, 45.451012 ], [ 9.266169, 45.45094 ], [ 9.266158, 45.450921 ], [ 9.266097, 45.450809 ], [ 9.266218, 45.450763 ], [ 9.26623, 45.450758 ], [ 9.266233, 45.450757 ], [ 9.266237, 45.450756 ], [ 9.266243, 45.450752 ], [ 9.266262, 45.450743 ], [ 9.266277, 45.450736 ], [ 9.266283, 45.450733 ], [ 9.266292, 45.450729 ], [ 9.266312, 45.450719 ], [ 9.266326, 45.450714 ], [ 9.266327, 45.450714 ], [ 9.266336, 45.450709 ], [ 9.266348, 45.450704 ], [ 9.266361, 45.450699 ], [ 9.266512, 45.450624 ], [ 9.266523, 45.450619 ], [ 9.266527, 45.450618 ], [ 9.266535, 45.450613 ], [ 9.266547, 45.450607 ], [ 9.26655, 45.450606 ], [ 9.266562, 45.4506 ], [ 9.266575, 45.450593 ], [ 9.266587, 45.450587 ], [ 9.266599, 45.450581 ], [ 9.266611, 45.450575 ], [ 9.266623, 45.450569 ], [ 9.266632, 45.450564 ], [ 9.266641, 45.45056 ], [ 9.26665, 45.450555 ], [ 9.26666, 45.450549 ], [ 9.26667, 45.450544 ], [ 9.26668, 45.450538 ], [ 9.266691, 45.450533 ], [ 9.266701, 45.450527 ], [ 9.266712, 45.450522 ], [ 9.266722, 45.450517 ], [ 9.266729, 45.450513 ], [ 9.266736, 45.45051 ], [ 9.266744, 45.450505 ], [ 9.266754, 45.450499 ], [ 9.266765, 45.450494 ], [ 9.266773, 45.450489 ], [ 9.266783, 45.450483 ], [ 9.266789, 45.450479 ], [ 9.266796, 45.450475 ], [ 9.266802, 45.450471 ], [ 9.266809, 45.450466 ], [ 9.266964, 45.450363 ], [ 9.266973, 45.450357 ], [ 9.26698, 45.450352 ], [ 9.266985, 45.450347 ], [ 9.266988, 45.450345 ], [ 9.266992, 45.45034 ], [ 9.267003, 45.450331 ], [ 9.267021, 45.450318 ], [ 9.26703, 45.450312 ], [ 9.267036, 45.450307 ], [ 9.26704, 45.450303 ], [ 9.267046, 45.450298 ], [ 9.267055, 45.450289 ], [ 9.267064, 45.45028 ], [ 9.267073, 45.450273 ], [ 9.267079, 45.450267 ], [ 9.267083, 45.450264 ], [ 9.267086, 45.450259 ], [ 9.267094, 45.450251 ], [ 9.267105, 45.450241 ], [ 9.267113, 45.450232 ], [ 9.26712, 45.450225 ], [ 9.267125, 45.45022 ], [ 9.267128, 45.450216 ], [ 9.267136, 45.450207 ], [ 9.267154, 45.450185 ], [ 9.267161, 45.450178 ], [ 9.267163, 45.450177 ], [ 9.267167, 45.450173 ], [ 9.26717, 45.450168 ], [ 9.267175, 45.450161 ], [ 9.267181, 45.450154 ], [ 9.267187, 45.450146 ], [ 9.267192, 45.450138 ], [ 9.267198, 45.450129 ], [ 9.2672, 45.450126 ], [ 9.267202, 45.450122 ], [ 9.267207, 45.450114 ], [ 9.267213, 45.450102 ], [ 9.267254, 45.450034 ], [ 9.267304, 45.449982 ], [ 9.26731, 45.449974 ], [ 9.267317, 45.449966 ], [ 9.267324, 45.449959 ], [ 9.26733, 45.449951 ], [ 9.267336, 45.449943 ], [ 9.267341, 45.449935 ], [ 9.267347, 45.449926 ], [ 9.267353, 45.449918 ], [ 9.267359, 45.449911 ], [ 9.267365, 45.449902 ], [ 9.26737, 45.449894 ], [ 9.267375, 45.449886 ], [ 9.26738, 45.449878 ], [ 9.267386, 45.449869 ], [ 9.26739, 45.449861 ], [ 9.267393, 45.449852 ], [ 9.267397, 45.449844 ], [ 9.267401, 45.449835 ], [ 9.267405, 45.449826 ], [ 9.267409, 45.449818 ], [ 9.267412, 45.449809 ], [ 9.267416, 45.449801 ], [ 9.26742, 45.449792 ], [ 9.267424, 45.449783 ], [ 9.267428, 45.449775 ], [ 9.267433, 45.449766 ], [ 9.267437, 45.449758 ], [ 9.26744, 45.449749 ], [ 9.267442, 45.449739 ], [ 9.267444, 45.44973 ], [ 9.267455, 45.449638 ], [ 9.267456, 45.449629 ], [ 9.267456, 45.44962 ], [ 9.267456, 45.449611 ], [ 9.267457, 45.449602 ], [ 9.267457, 45.449593 ], [ 9.267458, 45.449584 ], [ 9.267458, 45.449575 ], [ 9.267459, 45.449565 ], [ 9.26746, 45.449556 ], [ 9.267459, 45.449547 ], [ 9.267458, 45.449538 ], [ 9.267457, 45.449529 ], [ 9.267457, 45.44952 ], [ 9.267456, 45.449511 ], [ 9.267455, 45.449503 ], [ 9.267454, 45.449494 ], [ 9.267453, 45.449485 ], [ 9.267452, 45.449476 ], [ 9.267451, 45.449467 ], [ 9.267449, 45.449458 ], [ 9.267449, 45.449449 ], [ 9.267448, 45.44944 ], [ 9.267446, 45.449431 ], [ 9.267445, 45.449422 ], [ 9.267444, 45.449413 ], [ 9.267443, 45.449404 ], [ 9.267441, 45.449395 ], [ 9.267439, 45.449386 ], [ 9.267436, 45.449377 ], [ 9.267433, 45.449368 ], [ 9.267434, 45.449359 ], [ 9.267432, 45.44935 ], [ 9.26743, 45.449341 ], [ 9.267428, 45.449332 ], [ 9.267424, 45.449323 ], [ 9.267408, 45.449245 ], [ 9.267406, 45.449236 ], [ 9.267404, 45.449227 ], [ 9.267402, 45.449218 ], [ 9.267399, 45.449209 ], [ 9.267396, 45.449201 ], [ 9.267393, 45.449192 ], [ 9.26739, 45.449183 ], [ 9.267386, 45.449174 ], [ 9.267383, 45.449165 ], [ 9.267383, 45.449156 ], [ 9.267382, 45.449147 ], [ 9.26738, 45.449138 ], [ 9.267378, 45.44913 ], [ 9.267376, 45.449121 ], [ 9.267374, 45.449112 ], [ 9.267372, 45.449103 ], [ 9.267371, 45.449094 ], [ 9.26737, 45.449085 ], [ 9.267369, 45.449076 ], [ 9.267367, 45.449067 ], [ 9.267365, 45.449058 ], [ 9.267363, 45.449049 ], [ 9.26736, 45.44904 ], [ 9.267358, 45.449031 ], [ 9.267357, 45.449023 ], [ 9.267356, 45.449013 ], [ 9.267354, 45.449005 ], [ 9.267352, 45.448996 ], [ 9.26735, 45.448987 ], [ 9.267348, 45.448978 ], [ 9.267345, 45.448969 ], [ 9.267343, 45.44896 ], [ 9.267341, 45.448951 ], [ 9.267339, 45.448942 ], [ 9.267337, 45.448934 ], [ 9.267335, 45.448925 ], [ 9.267333, 45.448916 ], [ 9.26733, 45.448907 ], [ 9.267327, 45.448898 ], [ 9.267324, 45.448889 ], [ 9.267321, 45.448881 ], [ 9.267318, 45.448872 ], [ 9.267314, 45.448863 ], [ 9.26731, 45.448855 ], [ 9.267306, 45.448846 ], [ 9.267303, 45.448837 ], [ 9.267301, 45.448828 ], [ 9.267298, 45.44882 ], [ 9.267294, 45.448811 ], [ 9.267289, 45.448802 ], [ 9.267285, 45.448794 ], [ 9.26728, 45.448785 ], [ 9.26721, 45.448596 ], [ 9.267158, 45.448504 ], [ 9.267074, 45.448378 ], [ 9.267024, 45.448228 ], [ 9.26687, 45.448011 ], [ 9.266743, 45.447858 ], [ 9.266671, 45.447753 ], [ 9.266609, 45.447671 ], [ 9.266571, 45.447587 ], [ 9.266516, 45.447356 ], [ 9.266515, 45.447347 ], [ 9.266513, 45.447338 ], [ 9.266511, 45.447329 ], [ 9.26651, 45.44732 ], [ 9.266509, 45.447311 ], [ 9.266508, 45.447302 ], [ 9.266507, 45.447293 ], [ 9.266506, 45.447284 ], [ 9.266505, 45.447275 ], [ 9.266504, 45.447266 ], [ 9.266503, 45.447257 ], [ 9.266501, 45.447248 ], [ 9.2665, 45.447239 ], [ 9.266499, 45.44723 ], [ 9.266498, 45.447221 ], [ 9.266498, 45.447212 ], [ 9.266497, 45.447203 ], [ 9.266497, 45.447194 ], [ 9.266496, 45.447185 ], [ 9.266496, 45.447176 ], [ 9.266495, 45.447167 ], [ 9.266494, 45.447158 ], [ 9.266494, 45.447149 ], [ 9.266494, 45.44714 ], [ 9.266495, 45.447131 ], [ 9.266495, 45.447122 ], [ 9.266495, 45.447113 ], [ 9.266494, 45.447104 ], [ 9.266494, 45.447095 ], [ 9.266493, 45.447086 ], [ 9.266492, 45.447077 ], [ 9.266491, 45.447068 ], [ 9.266491, 45.447059 ], [ 9.266492, 45.44705 ], [ 9.266493, 45.447041 ], [ 9.266493, 45.447032 ], [ 9.266493, 45.447023 ], [ 9.266492, 45.447014 ], [ 9.266491, 45.447005 ], [ 9.26649, 45.446996 ], [ 9.266489, 45.446987 ], [ 9.26649, 45.446978 ], [ 9.26649, 45.446969 ], [ 9.266491, 45.44696 ], [ 9.266491, 45.446951 ], [ 9.266491, 45.446942 ], [ 9.266491, 45.446933 ], [ 9.266491, 45.446924 ], [ 9.266491, 45.446915 ], [ 9.26649, 45.446906 ], [ 9.26649, 45.446897 ], [ 9.266489, 45.446888 ], [ 9.266488, 45.446879 ], [ 9.266487, 45.44687 ], [ 9.266486, 45.446861 ], [ 9.266487, 45.446852 ], [ 9.266487, 45.446843 ], [ 9.266487, 45.446834 ], [ 9.266487, 45.446825 ], [ 9.266487, 45.446816 ], [ 9.266486, 45.446807 ], [ 9.266483, 45.446798 ], [ 9.266482, 45.446788 ], [ 9.266483, 45.446779 ], [ 9.266483, 45.446771 ], [ 9.266482, 45.446762 ], [ 9.266483, 45.446753 ], [ 9.266485, 45.446744 ], [ 9.266485, 45.446735 ], [ 9.266486, 45.446726 ], [ 9.266486, 45.446717 ], [ 9.266485, 45.446708 ], [ 9.266484, 45.446699 ], [ 9.266483, 45.44669 ], [ 9.266482, 45.44668 ], [ 9.266481, 45.446671 ], [ 9.266482, 45.446662 ], [ 9.266484, 45.446653 ], [ 9.266487, 45.446645 ], [ 9.266489, 45.446636 ], [ 9.266491, 45.446627 ], [ 9.266491, 45.446618 ], [ 9.266491, 45.446609 ], [ 9.266492, 45.446599 ], [ 9.266492, 45.44659 ], [ 9.266492, 45.446581 ], [ 9.266493, 45.446572 ], [ 9.266493, 45.446563 ], [ 9.266494, 45.446554 ], [ 9.266495, 45.446545 ], [ 9.266495, 45.446536 ], [ 9.266496, 45.446527 ], [ 9.266498, 45.446518 ], [ 9.266499, 45.446509 ], [ 9.266502, 45.4465 ], [ 9.266504, 45.446491 ], [ 9.266507, 45.446482 ], [ 9.266509, 45.446474 ], [ 9.266511, 45.446465 ], [ 9.266514, 45.446456 ], [ 9.266516, 45.446447 ], [ 9.266519, 45.446438 ], [ 9.266522, 45.446429 ], [ 9.266525, 45.446421 ], [ 9.266529, 45.446412 ], [ 9.266531, 45.446408 ], [ 9.266534, 45.446399 ], [ 9.266537, 45.44639 ], [ 9.26654, 45.446381 ], [ 9.266544, 45.446372 ], [ 9.266547, 45.446364 ], [ 9.266551, 45.446355 ], [ 9.266555, 45.446346 ], [ 9.266559, 45.446338 ], [ 9.266563, 45.446329 ], [ 9.266567, 45.44632 ], [ 9.266571, 45.446312 ], [ 9.266576, 45.446303 ], [ 9.26658, 45.446295 ], [ 9.266585, 45.446287 ], [ 9.26659, 45.446278 ], [ 9.266595, 45.44627 ], [ 9.2666, 45.446262 ], [ 9.266605, 45.446253 ], [ 9.266611, 45.446245 ], [ 9.266616, 45.446237 ], [ 9.266621, 45.446229 ], [ 9.266627, 45.446221 ], [ 9.266633, 45.446213 ], [ 9.266638, 45.446204 ], [ 9.266644, 45.446196 ], [ 9.26665, 45.446188 ], [ 9.266656, 45.44618 ], [ 9.266662, 45.446173 ], [ 9.266668, 45.446165 ], [ 9.266675, 45.446157 ], [ 9.266681, 45.446149 ], [ 9.266688, 45.446142 ], [ 9.266695, 45.446134 ], [ 9.266702, 45.446126 ], [ 9.266708, 45.446118 ], [ 9.266714, 45.44611 ], [ 9.26672, 45.446103 ], [ 9.266725, 45.446094 ], [ 9.266731, 45.446086 ], [ 9.266736, 45.446078 ], [ 9.266742, 45.44607 ], [ 9.266747, 45.446062 ], [ 9.266752, 45.446053 ], [ 9.266757, 45.446045 ], [ 9.266761, 45.446036 ], [ 9.266766, 45.446028 ], [ 9.26677, 45.446019 ], [ 9.266775, 45.446011 ], [ 9.26678, 45.446002 ], [ 9.266785, 45.445993 ], [ 9.26679, 45.445985 ], [ 9.266794, 45.445976 ], [ 9.266799, 45.445966 ], [ 9.266802, 45.445954 ], [ 9.266834, 45.445892 ], [ 9.266836, 45.445883 ], [ 9.266839, 45.445874 ], [ 9.266842, 45.445865 ], [ 9.266844, 45.445856 ], [ 9.266847, 45.445847 ], [ 9.26685, 45.445838 ], [ 9.266852, 45.445829 ], [ 9.266855, 45.44582 ], [ 9.266857, 45.445809 ], [ 9.266855, 45.445754 ], [ 9.266854, 45.445745 ], [ 9.266854, 45.445736 ], [ 9.266853, 45.445727 ], [ 9.266852, 45.445718 ], [ 9.266848, 45.445709 ], [ 9.266846, 45.4457 ], [ 9.266843, 45.445691 ], [ 9.26684, 45.445682 ], [ 9.266837, 45.445674 ], [ 9.266835, 45.445665 ], [ 9.266833, 45.445656 ], [ 9.266832, 45.445647 ], [ 9.266831, 45.445638 ], [ 9.266829, 45.445629 ], [ 9.266827, 45.44562 ], [ 9.266825, 45.445611 ], [ 9.266823, 45.445602 ], [ 9.266821, 45.445593 ], [ 9.266819, 45.445584 ], [ 9.266817, 45.445575 ], [ 9.266815, 45.445567 ], [ 9.266814, 45.445558 ], [ 9.266812, 45.445549 ], [ 9.26681, 45.44554 ], [ 9.266807, 45.445531 ], [ 9.266805, 45.445522 ], [ 9.266802, 45.445513 ], [ 9.266799, 45.445504 ], [ 9.266796, 45.445495 ], [ 9.266794, 45.445487 ], [ 9.266792, 45.445478 ], [ 9.26679, 45.445469 ], [ 9.266788, 45.44546 ], [ 9.266786, 45.445451 ], [ 9.266784, 45.445442 ], [ 9.266782, 45.445433 ], [ 9.26678, 45.445424 ], [ 9.266779, 45.445415 ], [ 9.266777, 45.445406 ], [ 9.266775, 45.445397 ], [ 9.266773, 45.445388 ], [ 9.266771, 45.44538 ], [ 9.266768, 45.445371 ], [ 9.266766, 45.445362 ], [ 9.266764, 45.445353 ], [ 9.266762, 45.445344 ], [ 9.26676, 45.445335 ], [ 9.266758, 45.445326 ], [ 9.266755, 45.445317 ], [ 9.266752, 45.445308 ], [ 9.26675, 45.445299 ], [ 9.266748, 45.44529 ], [ 9.266746, 45.445281 ], [ 9.266744, 45.445272 ], [ 9.266742, 45.445264 ], [ 9.26674, 45.445255 ], [ 9.266737, 45.445246 ], [ 9.266735, 45.445237 ], [ 9.266732, 45.445228 ], [ 9.266729, 45.445219 ], [ 9.266727, 45.44521 ], [ 9.266724, 45.445201 ], [ 9.266721, 45.445192 ], [ 9.266718, 45.445183 ], [ 9.266715, 45.445174 ], [ 9.266713, 45.445165 ], [ 9.26671, 45.445156 ], [ 9.266706, 45.445147 ], [ 9.266703, 45.445138 ], [ 9.2667, 45.445129 ], [ 9.266697, 45.44512 ], [ 9.266694, 45.445111 ], [ 9.266692, 45.445102 ], [ 9.266689, 45.445092 ], [ 9.266688, 45.445083 ], [ 9.266688, 45.445074 ], [ 9.266688, 45.445065 ], [ 9.266687, 45.445056 ], [ 9.266687, 45.445047 ], [ 9.266686, 45.445038 ], [ 9.266686, 45.445029 ], [ 9.266685, 45.44502 ], [ 9.266685, 45.445011 ], [ 9.266684, 45.445002 ], [ 9.266684, 45.444992 ], [ 9.266683, 45.444983 ], [ 9.266682, 45.444974 ], [ 9.266682, 45.444965 ], [ 9.266681, 45.444955 ], [ 9.26668, 45.444946 ], [ 9.26668, 45.444937 ], [ 9.26668, 45.444927 ], [ 9.266679, 45.444918 ], [ 9.266676, 45.444786 ], [ 9.266672, 45.444764 ], [ 9.26667, 45.444755 ], [ 9.266669, 45.444747 ], [ 9.266668, 45.444738 ], [ 9.266667, 45.444729 ], [ 9.266666, 45.44472 ], [ 9.266665, 45.444711 ], [ 9.266665, 45.444702 ], [ 9.266664, 45.444693 ], [ 9.266663, 45.444684 ], [ 9.266661, 45.444675 ], [ 9.26666, 45.444666 ], [ 9.266659, 45.444657 ], [ 9.266658, 45.444648 ], [ 9.266657, 45.444639 ], [ 9.266656, 45.44463 ], [ 9.266656, 45.444621 ], [ 9.266655, 45.444612 ], [ 9.266654, 45.444603 ], [ 9.266653, 45.444594 ], [ 9.266651, 45.444585 ], [ 9.266649, 45.444576 ], [ 9.266648, 45.444567 ], [ 9.266646, 45.444558 ], [ 9.266644, 45.444549 ], [ 9.266642, 45.44454 ], [ 9.266641, 45.444531 ], [ 9.266639, 45.444523 ], [ 9.266631, 45.444433 ], [ 9.266628, 45.444396 ], [ 9.266627, 45.444387 ], [ 9.266625, 45.444378 ], [ 9.266624, 45.444369 ], [ 9.266607, 45.444255 ], [ 9.266602, 45.44422 ], [ 9.266601, 45.444211 ], [ 9.266601, 45.444202 ], [ 9.2666, 45.444193 ], [ 9.266599, 45.444183 ], [ 9.266598, 45.444174 ], [ 9.266597, 45.444165 ], [ 9.266598, 45.444082 ], [ 9.266598, 45.444073 ], [ 9.266596, 45.444064 ], [ 9.266595, 45.444055 ], [ 9.266594, 45.444046 ], [ 9.266592, 45.444037 ], [ 9.266591, 45.444028 ], [ 9.26659, 45.444019 ], [ 9.266589, 45.44401 ], [ 9.266587, 45.444001 ], [ 9.266586, 45.443992 ], [ 9.266585, 45.443983 ], [ 9.266584, 45.443974 ], [ 9.266583, 45.443965 ], [ 9.266582, 45.443956 ], [ 9.266581, 45.443947 ], [ 9.26658, 45.443938 ], [ 9.266579, 45.443929 ], [ 9.266578, 45.44392 ], [ 9.266577, 45.443911 ], [ 9.266576, 45.443902 ], [ 9.266574, 45.443893 ], [ 9.266572, 45.443884 ], [ 9.266571, 45.443875 ], [ 9.266569, 45.443867 ], [ 9.266569, 45.443867 ], [ 9.266567, 45.443858 ], [ 9.266566, 45.443849 ], [ 9.266564, 45.44384 ], [ 9.266562, 45.443831 ], [ 9.266561, 45.443822 ], [ 9.266559, 45.443813 ], [ 9.266557, 45.443804 ], [ 9.266555, 45.443795 ], [ 9.266552, 45.443786 ], [ 9.26655, 45.443778 ], [ 9.266548, 45.443769 ], [ 9.266546, 45.44376 ], [ 9.266545, 45.443751 ], [ 9.266543, 45.443742 ], [ 9.266541, 45.443733 ], [ 9.266541, 45.443724 ], [ 9.26654, 45.443715 ], [ 9.266538, 45.443706 ], [ 9.266536, 45.443697 ], [ 9.266533, 45.443688 ], [ 9.266531, 45.443679 ], [ 9.26653, 45.443675 ], [ 9.266529, 45.443671 ], [ 9.266526, 45.443662 ], [ 9.266523, 45.443653 ], [ 9.26652, 45.443644 ], [ 9.266517, 45.443635 ], [ 9.266514, 45.443627 ], [ 9.266511, 45.443618 ], [ 9.266508, 45.443609 ], [ 9.266505, 45.4436 ], [ 9.266502, 45.443591 ], [ 9.266499, 45.443583 ], [ 9.266496, 45.443574 ], [ 9.266493, 45.443565 ], [ 9.26649, 45.443556 ], [ 9.266487, 45.443547 ], [ 9.266483, 45.443538 ], [ 9.266479, 45.443528 ], [ 9.266463, 45.443477 ], [ 9.266459, 45.443468 ], [ 9.266457, 45.443459 ], [ 9.266454, 45.44345 ], [ 9.266451, 45.443441 ], [ 9.266449, 45.443432 ], [ 9.266446, 45.443423 ], [ 9.266445, 45.443414 ], [ 9.266444, 45.443405 ], [ 9.266444, 45.443396 ], [ 9.266443, 45.443387 ], [ 9.266442, 45.443379 ], [ 9.266442, 45.443378 ], [ 9.266446, 45.443369 ], [ 9.266447, 45.44336 ], [ 9.266447, 45.443351 ], [ 9.266448, 45.443342 ], [ 9.266447, 45.443333 ], [ 9.266447, 45.443324 ], [ 9.266447, 45.443315 ], [ 9.266447, 45.443306 ], [ 9.266447, 45.443297 ], [ 9.266447, 45.443288 ], [ 9.266447, 45.443279 ], [ 9.266446, 45.44327 ], [ 9.266446, 45.443261 ], [ 9.266446, 45.443252 ], [ 9.266445, 45.443243 ], [ 9.266444, 45.443234 ], [ 9.266443, 45.443225 ], [ 9.266442, 45.443216 ], [ 9.266441, 45.443207 ], [ 9.266439, 45.443198 ], [ 9.266438, 45.443189 ], [ 9.266438, 45.44318 ], [ 9.266437, 45.443171 ], [ 9.266437, 45.443162 ], [ 9.266437, 45.443153 ], [ 9.266437, 45.443144 ], [ 9.266437, 45.443135 ], [ 9.266437, 45.443126 ], [ 9.266437, 45.443117 ], [ 9.266437, 45.443108 ], [ 9.266437, 45.443099 ], [ 9.266435, 45.443089 ], [ 9.266431, 45.443031 ], [ 9.266433, 45.443007 ], [ 9.266434, 45.442998 ], [ 9.266435, 45.442989 ], [ 9.266437, 45.44298 ], [ 9.266438, 45.442971 ], [ 9.26644, 45.442962 ], [ 9.266442, 45.442953 ], [ 9.266444, 45.442945 ], [ 9.266446, 45.442936 ], [ 9.266448, 45.442927 ], [ 9.266449, 45.442918 ], [ 9.266451, 45.442908 ], [ 9.266453, 45.4429 ], [ 9.266456, 45.442891 ], [ 9.266458, 45.442882 ], [ 9.266461, 45.442873 ], [ 9.266468, 45.442841 ], [ 9.266469, 45.442835 ], [ 9.266493, 45.442723 ], [ 9.266494, 45.442714 ], [ 9.266495, 45.442704 ], [ 9.266496, 45.4427 ], [ 9.266496, 45.442695 ], [ 9.266497, 45.442686 ], [ 9.266497, 45.442677 ], [ 9.266498, 45.44267 ], [ 9.266498, 45.442661 ], [ 9.266498, 45.442651 ], [ 9.266498, 45.442642 ], [ 9.266497, 45.442633 ], [ 9.266497, 45.442624 ], [ 9.266497, 45.442615 ], [ 9.266496, 45.442606 ], [ 9.266495, 45.442597 ], [ 9.266494, 45.442588 ], [ 9.266493, 45.442579 ], [ 9.266492, 45.44257 ], [ 9.266491, 45.442561 ], [ 9.266491, 45.442552 ], [ 9.26649, 45.442543 ], [ 9.266489, 45.442534 ], [ 9.266488, 45.442525 ], [ 9.266486, 45.442516 ], [ 9.266485, 45.442507 ], [ 9.266483, 45.442498 ], [ 9.266482, 45.442489 ], [ 9.26648, 45.44248 ], [ 9.266478, 45.442471 ], [ 9.266476, 45.442462 ], [ 9.266474, 45.442454 ], [ 9.266471, 45.442445 ], [ 9.266469, 45.442436 ], [ 9.266466, 45.442427 ], [ 9.266463, 45.442418 ], [ 9.266461, 45.44241 ], [ 9.266458, 45.442401 ], [ 9.266455, 45.442392 ], [ 9.266452, 45.442383 ], [ 9.266449, 45.442374 ], [ 9.266446, 45.442366 ], [ 9.266443, 45.442357 ], [ 9.26644, 45.442348 ], [ 9.266437, 45.442339 ], [ 9.266434, 45.442331 ], [ 9.266431, 45.442322 ], [ 9.266428, 45.442313 ], [ 9.266424, 45.442304 ], [ 9.266421, 45.442295 ], [ 9.266418, 45.442287 ], [ 9.266415, 45.442278 ], [ 9.26639, 45.442191 ], [ 9.266382, 45.442167 ], [ 9.266369, 45.442122 ], [ 9.266366, 45.442113 ], [ 9.266363, 45.442104 ], [ 9.26636, 45.442095 ], [ 9.266357, 45.442087 ], [ 9.266354, 45.442078 ], [ 9.266351, 45.442069 ], [ 9.266349, 45.44206 ], [ 9.266346, 45.442051 ], [ 9.266344, 45.442042 ], [ 9.266342, 45.442033 ], [ 9.266339, 45.442024 ], [ 9.266337, 45.442015 ], [ 9.266334, 45.442006 ], [ 9.266332, 45.441997 ], [ 9.26633, 45.441988 ], [ 9.266328, 45.441979 ], [ 9.266327, 45.44197 ], [ 9.266325, 45.441961 ], [ 9.266324, 45.441952 ], [ 9.266323, 45.441943 ], [ 9.266322, 45.441934 ], [ 9.266321, 45.441925 ], [ 9.266319, 45.441916 ], [ 9.266318, 45.441907 ], [ 9.266317, 45.441898 ], [ 9.266317, 45.441889 ], [ 9.266317, 45.441887 ], [ 9.266317, 45.44188 ], [ 9.266317, 45.44187 ], [ 9.266317, 45.441861 ], [ 9.266317, 45.44185 ], [ 9.266317, 45.441842 ], [ 9.266318, 45.441833 ], [ 9.266318, 45.441824 ], [ 9.266318, 45.441815 ], [ 9.266319, 45.441806 ], [ 9.266319, 45.441797 ], [ 9.266319, 45.441788 ], [ 9.266319, 45.441779 ], [ 9.26632, 45.44177 ], [ 9.266321, 45.441761 ], [ 9.266321, 45.441752 ], [ 9.266322, 45.441743 ], [ 9.266323, 45.441734 ], [ 9.266323, 45.441725 ], [ 9.266324, 45.441716 ], [ 9.266326, 45.441707 ], [ 9.266328, 45.441698 ], [ 9.266329, 45.44169 ], [ 9.266329, 45.44168 ], [ 9.266329, 45.441671 ], [ 9.26633, 45.441662 ], [ 9.266331, 45.441653 ], [ 9.266333, 45.441645 ], [ 9.266334, 45.441636 ], [ 9.266336, 45.441627 ], [ 9.266338, 45.441618 ], [ 9.266339, 45.441609 ], [ 9.266341, 45.4416 ], [ 9.266342, 45.441596 ], [ 9.266343, 45.441591 ], [ 9.266344, 45.441582 ], [ 9.266346, 45.441573 ], [ 9.266348, 45.441564 ], [ 9.266353, 45.441555 ], [ 9.266355, 45.441546 ], [ 9.266356, 45.441538 ], [ 9.266358, 45.441529 ], [ 9.26636, 45.44152 ], [ 9.266362, 45.441511 ], [ 9.266363, 45.441502 ], [ 9.266365, 45.441493 ], [ 9.266366, 45.441484 ], [ 9.266368, 45.441475 ], [ 9.266369, 45.441466 ], [ 9.266371, 45.441457 ], [ 9.266372, 45.441448 ], [ 9.266374, 45.441439 ], [ 9.266375, 45.44143 ], [ 9.266376, 45.441421 ], [ 9.266377, 45.441412 ], [ 9.266379, 45.441403 ], [ 9.26638, 45.441394 ], [ 9.266381, 45.441385 ], [ 9.266382, 45.441376 ], [ 9.266384, 45.441367 ], [ 9.266385, 45.441358 ], [ 9.266386, 45.441349 ], [ 9.266387, 45.44134 ], [ 9.266389, 45.441332 ], [ 9.26639, 45.441323 ], [ 9.26639, 45.441314 ], [ 9.266391, 45.441305 ], [ 9.266392, 45.441296 ], [ 9.266393, 45.441287 ], [ 9.266393, 45.441278 ], [ 9.266394, 45.441269 ], [ 9.266395, 45.44126 ], [ 9.266396, 45.441251 ], [ 9.266397, 45.441242 ], [ 9.266397, 45.441233 ], [ 9.266398, 45.441227 ], [ 9.266398, 45.441224 ], [ 9.266399, 45.441215 ], [ 9.266399, 45.441206 ], [ 9.266399, 45.441197 ], [ 9.2664, 45.441188 ], [ 9.2664, 45.441179 ], [ 9.266401, 45.44117 ], [ 9.266402, 45.441161 ], [ 9.266402, 45.441152 ], [ 9.266403, 45.441143 ], [ 9.266403, 45.441134 ], [ 9.266404, 45.441125 ], [ 9.266405, 45.441116 ], [ 9.266405, 45.441107 ], [ 9.266406, 45.441098 ], [ 9.266406, 45.441089 ], [ 9.266405, 45.44108 ], [ 9.266406, 45.441071 ], [ 9.266406, 45.441062 ], [ 9.266407, 45.441053 ], [ 9.266407, 45.441044 ], [ 9.266408, 45.441035 ], [ 9.266408, 45.441026 ], [ 9.266409, 45.441017 ], [ 9.266409, 45.441008 ], [ 9.26641, 45.440999 ], [ 9.26641, 45.44099 ], [ 9.266411, 45.440981 ], [ 9.266411, 45.440972 ], [ 9.266411, 45.440963 ], [ 9.266412, 45.440954 ], [ 9.266412, 45.440945 ], [ 9.266413, 45.440936 ], [ 9.266414, 45.440926 ], [ 9.266415, 45.440918 ], [ 9.266417, 45.440909 ], [ 9.266418, 45.4409 ], [ 9.26642, 45.440891 ], [ 9.266421, 45.440882 ], [ 9.266423, 45.440873 ], [ 9.266425, 45.440864 ], [ 9.266425, 45.440863 ], [ 9.266427, 45.440855 ], [ 9.266429, 45.440846 ], [ 9.266431, 45.440837 ], [ 9.266434, 45.440828 ], [ 9.266436, 45.440819 ], [ 9.266438, 45.44081 ], [ 9.26644, 45.440801 ], [ 9.266443, 45.440792 ], [ 9.266445, 45.440783 ], [ 9.266448, 45.440775 ], [ 9.26645, 45.440766 ], [ 9.266453, 45.440757 ], [ 9.266456, 45.440748 ], [ 9.266458, 45.440739 ], [ 9.266461, 45.44073 ], [ 9.266463, 45.440721 ], [ 9.266466, 45.440712 ], [ 9.266469, 45.440704 ], [ 9.266472, 45.440695 ], [ 9.266476, 45.440686 ], [ 9.266479, 45.440677 ], [ 9.266483, 45.440669 ], [ 9.266486, 45.44066 ], [ 9.26649, 45.440651 ], [ 9.266494, 45.440643 ], [ 9.266497, 45.440634 ], [ 9.266501, 45.440625 ], [ 9.266505, 45.440617 ], [ 9.266508, 45.440608 ], [ 9.266512, 45.440599 ], [ 9.266516, 45.440591 ], [ 9.26652, 45.440582 ], [ 9.266524, 45.440574 ], [ 9.266527, 45.440565 ], [ 9.266531, 45.440556 ], [ 9.266535, 45.440548 ], [ 9.266539, 45.440539 ], [ 9.266542, 45.44053 ], [ 9.266546, 45.440522 ], [ 9.26655, 45.440513 ], [ 9.266553, 45.440504 ], [ 9.266557, 45.440496 ], [ 9.266561, 45.440487 ], [ 9.266565, 45.440478 ], [ 9.266569, 45.44047 ], [ 9.266573, 45.440461 ], [ 9.266578, 45.440453 ], [ 9.266582, 45.440444 ], [ 9.266586, 45.440435 ], [ 9.26659, 45.440427 ], [ 9.266594, 45.440418 ], [ 9.266599, 45.44041 ], [ 9.266603, 45.440401 ], [ 9.266608, 45.440393 ], [ 9.266613, 45.440384 ], [ 9.266618, 45.440376 ], [ 9.266623, 45.440367 ], [ 9.266628, 45.440359 ], [ 9.266633, 45.44035 ], [ 9.266638, 45.440341 ], [ 9.266677, 45.440286 ], [ 9.266683, 45.440278 ], [ 9.266688, 45.44027 ], [ 9.266694, 45.440262 ], [ 9.2667, 45.440254 ], [ 9.266707, 45.440246 ], [ 9.266713, 45.440238 ], [ 9.266719, 45.44023 ], [ 9.266725, 45.440222 ], [ 9.266731, 45.440215 ], [ 9.266738, 45.440207 ], [ 9.266745, 45.440199 ], [ 9.266751, 45.440192 ], [ 9.266758, 45.440184 ], [ 9.266765, 45.440176 ], [ 9.266771, 45.440168 ], [ 9.266777, 45.440161 ], [ 9.266784, 45.440153 ], [ 9.26679, 45.440145 ], [ 9.266797, 45.440137 ], [ 9.266803, 45.440129 ], [ 9.26681, 45.440122 ], [ 9.266816, 45.440114 ], [ 9.266823, 45.440106 ], [ 9.26683, 45.440099 ], [ 9.266837, 45.440091 ], [ 9.266843, 45.440083 ], [ 9.26685, 45.440076 ], [ 9.266856, 45.440068 ], [ 9.266863, 45.44006 ], [ 9.26687, 45.440053 ], [ 9.266876, 45.440045 ], [ 9.266883, 45.440037 ], [ 9.26689, 45.44003 ], [ 9.266897, 45.440022 ], [ 9.266904, 45.440015 ], [ 9.266911, 45.440007 ], [ 9.266918, 45.44 ], [ 9.266925, 45.439992 ], [ 9.266932, 45.439984 ], [ 9.266939, 45.439977 ], [ 9.266945, 45.439969 ], [ 9.266952, 45.439961 ], [ 9.266959, 45.439954 ], [ 9.266965, 45.439946 ], [ 9.266971, 45.439938 ], [ 9.266977, 45.43993 ], [ 9.266983, 45.439922 ], [ 9.266989, 45.439914 ], [ 9.266995, 45.439906 ], [ 9.267001, 45.439898 ], [ 9.267006, 45.43989 ], [ 9.267011, 45.439881 ], [ 9.267016, 45.439873 ], [ 9.267021, 45.439864 ], [ 9.267026, 45.439856 ], [ 9.267031, 45.439847 ], [ 9.267036, 45.439838 ], [ 9.267077, 45.439766 ], [ 9.267081, 45.439758 ], [ 9.267084, 45.439749 ], [ 9.267088, 45.43974 ], [ 9.267091, 45.439731 ], [ 9.267094, 45.439723 ], [ 9.267098, 45.439714 ], [ 9.267102, 45.439705 ], [ 9.267105, 45.439696 ], [ 9.267109, 45.439688 ], [ 9.267112, 45.439679 ], [ 9.267115, 45.43967 ], [ 9.267118, 45.439661 ], [ 9.267121, 45.439653 ], [ 9.267124, 45.439644 ], [ 9.267126, 45.439635 ], [ 9.267128, 45.439626 ], [ 9.26713, 45.439617 ], [ 9.267132, 45.439608 ], [ 9.267134, 45.439599 ], [ 9.267134, 45.439599 ], [ 9.267136, 45.43959 ], [ 9.267137, 45.439581 ], [ 9.267139, 45.439573 ], [ 9.26714, 45.439564 ], [ 9.267142, 45.439555 ], [ 9.267143, 45.439546 ], [ 9.267144, 45.439537 ], [ 9.267144, 45.439528 ], [ 9.267145, 45.439519 ], [ 9.267146, 45.43951 ], [ 9.267147, 45.439501 ], [ 9.267147, 45.439492 ], [ 9.267147, 45.439482 ], [ 9.267148, 45.439473 ], [ 9.267148, 45.439464 ], [ 9.267147, 45.439455 ], [ 9.267146, 45.439446 ], [ 9.267145, 45.439436 ], [ 9.267144, 45.439426 ], [ 9.267144, 45.439416 ], [ 9.267135, 45.439368 ], [ 9.267134, 45.439358 ], [ 9.267132, 45.439349 ], [ 9.26713, 45.43934 ], [ 9.267129, 45.439331 ], [ 9.267127, 45.439322 ], [ 9.267125, 45.439313 ], [ 9.267124, 45.439303 ], [ 9.267122, 45.439294 ], [ 9.26712, 45.439285 ], [ 9.267118, 45.439276 ], [ 9.267115, 45.439267 ], [ 9.267111, 45.439258 ], [ 9.267107, 45.43925 ], [ 9.267104, 45.439241 ], [ 9.2671, 45.439232 ], [ 9.267095, 45.439224 ], [ 9.267091, 45.439216 ], [ 9.267086, 45.439207 ], [ 9.267081, 45.439199 ], [ 9.267076, 45.43919 ], [ 9.267071, 45.439182 ], [ 9.267067, 45.439174 ], [ 9.267062, 45.439165 ], [ 9.267056, 45.439157 ], [ 9.26705, 45.439149 ], [ 9.267045, 45.439141 ], [ 9.267039, 45.439133 ], [ 9.267033, 45.439125 ], [ 9.267028, 45.439117 ], [ 9.267022, 45.439109 ], [ 9.267017, 45.439101 ], [ 9.267011, 45.439093 ], [ 9.267005, 45.439085 ], [ 9.266999, 45.439077 ], [ 9.266992, 45.439069 ], [ 9.266986, 45.439061 ], [ 9.26698, 45.439053 ], [ 9.266974, 45.439045 ], [ 9.266968, 45.439037 ], [ 9.266961, 45.439029 ], [ 9.266955, 45.439021 ], [ 9.266949, 45.439013 ], [ 9.266942, 45.439005 ], [ 9.266936, 45.438997 ], [ 9.266931, 45.438988 ], [ 9.266926, 45.43898 ], [ 9.266921, 45.438972 ], [ 9.266916, 45.438963 ], [ 9.266891, 45.438914 ], [ 9.266888, 45.438905 ], [ 9.266885, 45.438896 ], [ 9.266883, 45.438887 ], [ 9.266881, 45.438878 ], [ 9.266879, 45.438869 ], [ 9.266878, 45.43886 ], [ 9.266876, 45.438851 ], [ 9.266875, 45.438842 ], [ 9.266873, 45.438834 ], [ 9.266869, 45.438825 ], [ 9.266866, 45.438816 ], [ 9.266863, 45.438807 ], [ 9.266863, 45.438798 ], [ 9.266863, 45.438789 ], [ 9.266863, 45.43878 ], [ 9.266863, 45.43877 ], [ 9.266863, 45.438761 ], [ 9.266861, 45.438713 ], [ 9.266861, 45.438704 ], [ 9.26686, 45.438695 ], [ 9.26686, 45.438686 ], [ 9.26686, 45.438677 ], [ 9.26686, 45.438668 ], [ 9.266861, 45.438659 ], [ 9.266862, 45.43865 ], [ 9.266863, 45.438641 ], [ 9.266865, 45.438632 ], [ 9.266867, 45.438623 ], [ 9.266869, 45.438614 ], [ 9.266872, 45.438605 ], [ 9.266874, 45.438596 ], [ 9.266876, 45.438587 ], [ 9.266878, 45.438579 ], [ 9.266881, 45.43857 ], [ 9.266883, 45.438561 ], [ 9.266885, 45.438552 ], [ 9.266887, 45.438543 ], [ 9.266889, 45.438534 ], [ 9.266892, 45.438525 ], [ 9.266894, 45.438516 ], [ 9.266896, 45.438507 ], [ 9.266898, 45.438498 ], [ 9.266901, 45.438489 ], [ 9.266903, 45.43848 ], [ 9.266905, 45.438471 ], [ 9.266907, 45.438462 ], [ 9.266909, 45.438453 ], [ 9.266911, 45.438444 ], [ 9.266913, 45.438435 ], [ 9.266915, 45.438426 ], [ 9.266917, 45.438417 ], [ 9.266919, 45.438408 ], [ 9.266922, 45.438399 ], [ 9.266924, 45.43839 ], [ 9.266926, 45.438381 ], [ 9.266928, 45.438372 ], [ 9.26693, 45.438363 ], [ 9.266932, 45.438354 ], [ 9.266934, 45.438345 ], [ 9.266936, 45.438336 ], [ 9.266937, 45.438327 ], [ 9.266937, 45.438318 ], [ 9.266937, 45.438309 ], [ 9.266937, 45.4383 ], [ 9.266938, 45.438291 ], [ 9.266939, 45.438282 ], [ 9.26694, 45.438273 ], [ 9.266942, 45.438264 ], [ 9.266943, 45.438255 ], [ 9.266944, 45.438245 ], [ 9.266946, 45.438236 ], [ 9.266947, 45.438227 ], [ 9.266948, 45.438218 ], [ 9.266949, 45.438209 ], [ 9.26695, 45.438205 ], [ 9.266951, 45.4382 ], [ 9.266952, 45.438191 ], [ 9.266953, 45.438182 ], [ 9.266953, 45.438173 ], [ 9.266954, 45.438164 ], [ 9.266954, 45.438155 ], [ 9.266955, 45.438146 ], [ 9.266955, 45.438137 ], [ 9.266955, 45.438128 ], [ 9.266956, 45.438119 ], [ 9.266956, 45.43811 ], [ 9.266957, 45.4381 ], [ 9.266957, 45.438091 ], [ 9.266958, 45.438082 ], [ 9.266958, 45.438073 ], [ 9.266958, 45.438064 ], [ 9.266958, 45.438055 ], [ 9.266958, 45.438046 ], [ 9.266958, 45.438037 ], [ 9.266958, 45.438028 ], [ 9.266958, 45.438019 ], [ 9.266958, 45.43801 ], [ 9.266958, 45.438 ], [ 9.266958, 45.437991 ], [ 9.266959, 45.437982 ], [ 9.266959, 45.437973 ], [ 9.266958, 45.437964 ], [ 9.266958, 45.437955 ], [ 9.266958, 45.437945 ], [ 9.266958, 45.437936 ], [ 9.266958, 45.437927 ], [ 9.266958, 45.437917 ], [ 9.266958, 45.437908 ], [ 9.266958, 45.437898 ], [ 9.266958, 45.437888 ], [ 9.26694, 45.437775 ], [ 9.266928, 45.437691 ], [ 9.266917, 45.437641 ], [ 9.266899, 45.437591 ], [ 9.266892, 45.437569 ], [ 9.266821, 45.437526 ], [ 9.266753, 45.437497 ], [ 9.266732, 45.437499 ], [ 9.266714, 45.437494 ], [ 9.266709, 45.437489 ], [ 9.266694, 45.437474 ], [ 9.266685, 45.437461 ], [ 9.266652, 45.437405 ], [ 9.266574, 45.43743 ], [ 9.266504, 45.43743 ], [ 9.266344, 45.437435 ], [ 9.266263, 45.437429 ], [ 9.266222, 45.437421 ], [ 9.266225, 45.437415 ], [ 9.266208, 45.437415 ], [ 9.266195, 45.437415 ], [ 9.266147, 45.437412 ], [ 9.266118, 45.437412 ], [ 9.266085, 45.437411 ], [ 9.266055, 45.4373 ], [ 9.266063, 45.437174 ], [ 9.26607, 45.437004 ], [ 9.266082, 45.436785 ], [ 9.266086, 45.436776 ], [ 9.266086, 45.436712 ], [ 9.266093, 45.436568 ], [ 9.266102, 45.436371 ], [ 9.266112, 45.436164 ], [ 9.266213, 45.435937 ], [ 9.266263, 45.435822 ], [ 9.266298, 45.435749 ], [ 9.266333, 45.435635 ], [ 9.266382, 45.435508 ], [ 9.26645, 45.435327 ], [ 9.266471, 45.435255 ], [ 9.266489, 45.435192 ], [ 9.266489, 45.435154 ], [ 9.266494, 45.435133 ], [ 9.26653, 45.435008 ], [ 9.266264, 45.434957 ], [ 9.266082, 45.434872 ], [ 9.266078, 45.43487 ], [ 9.265975, 45.434799 ], [ 9.265704, 45.434653 ], [ 9.265528, 45.434529 ], [ 9.265454, 45.434446 ], [ 9.265036, 45.433937 ], [ 9.26498, 45.433868 ], [ 9.264943, 45.433822 ], [ 9.264798, 45.433631 ], [ 9.264708, 45.43352 ], [ 9.264537, 45.433348 ], [ 9.264391, 45.433208 ], [ 9.264366, 45.433184 ], [ 9.264151, 45.432953 ], [ 9.264119, 45.432902 ], [ 9.264016, 45.432732 ], [ 9.263947, 45.432619 ], [ 9.263861, 45.432478 ], [ 9.263826, 45.432448 ], [ 9.263825, 45.432447 ], [ 9.263708, 45.432366 ], [ 9.263677, 45.432345 ], [ 9.263608, 45.432298 ], [ 9.263538, 45.432257 ], [ 9.263518, 45.432245 ], [ 9.263513, 45.432242 ], [ 9.263499, 45.432234 ], [ 9.263494, 45.43223 ], [ 9.263479, 45.432222 ], [ 9.263474, 45.432219 ], [ 9.263461, 45.432211 ], [ 9.263456, 45.432208 ], [ 9.263441, 45.432199 ], [ 9.263436, 45.432196 ], [ 9.263434, 45.432195 ], [ 9.263429, 45.432192 ], [ 9.263415, 45.432184 ], [ 9.26341, 45.432181 ], [ 9.263396, 45.432172 ], [ 9.26339, 45.432169 ], [ 9.263371, 45.432157 ], [ 9.263176, 45.432042 ], [ 9.263156, 45.43203 ], [ 9.263152, 45.432028 ], [ 9.263151, 45.432027 ], [ 9.263146, 45.432025 ], [ 9.263127, 45.432013 ], [ 9.263013, 45.431945 ], [ 9.26282, 45.431829 ], [ 9.262433, 45.431604 ], [ 9.26228, 45.431515 ], [ 9.262114, 45.43142 ], [ 9.262013, 45.431367 ], [ 9.261961, 45.43136 ], [ 9.261935, 45.431357 ], [ 9.261911, 45.431353 ], [ 9.261832, 45.431346 ], [ 9.261805, 45.431343 ], [ 9.261794, 45.43134 ], [ 9.261784, 45.431338 ], [ 9.261751, 45.431329 ], [ 9.261718, 45.43132 ], [ 9.26169, 45.431303 ], [ 9.261667, 45.431285 ], [ 9.261568, 45.431197 ], [ 9.261548, 45.43118 ], [ 9.261484, 45.431123 ], [ 9.261391, 45.431043 ], [ 9.26131, 45.430992 ], [ 9.261131, 45.430895 ], [ 9.261034, 45.430844 ], [ 9.260809, 45.430723 ], [ 9.260403, 45.43051 ], [ 9.260296, 45.430448 ], [ 9.260285, 45.430442 ], [ 9.260274, 45.430437 ], [ 9.260263, 45.430431 ], [ 9.260251, 45.430426 ], [ 9.26024, 45.430421 ], [ 9.260228, 45.430416 ], [ 9.260216, 45.430411 ], [ 9.260204, 45.430406 ], [ 9.260192, 45.430401 ], [ 9.26018, 45.430396 ], [ 9.260168, 45.430391 ], [ 9.260156, 45.430387 ], [ 9.260144, 45.430382 ], [ 9.260132, 45.430378 ], [ 9.26012, 45.430373 ], [ 9.260108, 45.430369 ], [ 9.260096, 45.430364 ], [ 9.259915, 45.430339 ], [ 9.259747, 45.43033 ], [ 9.259672, 45.430325 ], [ 9.259596, 45.430316 ], [ 9.259562, 45.430312 ], [ 9.259526, 45.430307 ], [ 9.259505, 45.430303 ], [ 9.25948, 45.430296 ], [ 9.259471, 45.430293 ], [ 9.259452, 45.430286 ], [ 9.259438, 45.430276 ], [ 9.259421, 45.430263 ], [ 9.259409, 45.430256 ], [ 9.259399, 45.430249 ], [ 9.259389, 45.430243 ], [ 9.25938, 45.430236 ], [ 9.259371, 45.43023 ], [ 9.259361, 45.430224 ], [ 9.259352, 45.430218 ], [ 9.259342, 45.430212 ], [ 9.259333, 45.430206 ], [ 9.259324, 45.4302 ], [ 9.259314, 45.430193 ], [ 9.25925, 45.43015 ], [ 9.259241, 45.430144 ], [ 9.259232, 45.430138 ], [ 9.259223, 45.430131 ], [ 9.259214, 45.430125 ], [ 9.259205, 45.430118 ], [ 9.259197, 45.430112 ], [ 9.259188, 45.430105 ], [ 9.25918, 45.430099 ], [ 9.259171, 45.430092 ], [ 9.259162, 45.430085 ], [ 9.259154, 45.430079 ], [ 9.259145, 45.430072 ], [ 9.259137, 45.430066 ], [ 9.259128, 45.430059 ], [ 9.25912, 45.430052 ], [ 9.259111, 45.430046 ], [ 9.259102, 45.430039 ], [ 9.259094, 45.430032 ], [ 9.259085, 45.430025 ], [ 9.259077, 45.430019 ], [ 9.259068, 45.430012 ], [ 9.25906, 45.430005 ], [ 9.259052, 45.429998 ], [ 9.259043, 45.429991 ], [ 9.259035, 45.429984 ], [ 9.259026, 45.429977 ], [ 9.259016, 45.429968 ], [ 9.259005, 45.429956 ], [ 9.258986, 45.429938 ], [ 9.258964, 45.42991 ], [ 9.258842, 45.429757 ], [ 9.258835, 45.429744 ], [ 9.258829, 45.429734 ], [ 9.258824, 45.429724 ], [ 9.258817, 45.429714 ], [ 9.25881, 45.429706 ], [ 9.258804, 45.429698 ], [ 9.258798, 45.429689 ], [ 9.258792, 45.429681 ], [ 9.258786, 45.429673 ], [ 9.25878, 45.429665 ], [ 9.258774, 45.429657 ], [ 9.258768, 45.429649 ], [ 9.258762, 45.429641 ], [ 9.258756, 45.429633 ], [ 9.25875, 45.429625 ], [ 9.258744, 45.429617 ], [ 9.258738, 45.429609 ], [ 9.258732, 45.429601 ], [ 9.258726, 45.429593 ], [ 9.25872, 45.429585 ], [ 9.258714, 45.429577 ], [ 9.258708, 45.429569 ], [ 9.258702, 45.429561 ], [ 9.258695, 45.429553 ], [ 9.258688, 45.429546 ], [ 9.258681, 45.429538 ], [ 9.258673, 45.429529 ], [ 9.258638, 45.4295 ], [ 9.258557, 45.429448 ], [ 9.258539, 45.429436 ], [ 9.25853, 45.42943 ], [ 9.25852, 45.429425 ], [ 9.25851, 45.429419 ], [ 9.2585, 45.429413 ], [ 9.25849, 45.429407 ], [ 9.258481, 45.429401 ], [ 9.258471, 45.429396 ], [ 9.258461, 45.42939 ], [ 9.258451, 45.429384 ], [ 9.258441, 45.429378 ], [ 9.258432, 45.429372 ], [ 9.258422, 45.429367 ], [ 9.258412, 45.429361 ], [ 9.258402, 45.429355 ], [ 9.258392, 45.429349 ], [ 9.258383, 45.429344 ], [ 9.258373, 45.429338 ], [ 9.258363, 45.429332 ], [ 9.258353, 45.429326 ], [ 9.258343, 45.42932 ], [ 9.258334, 45.429315 ], [ 9.258324, 45.429309 ], [ 9.258314, 45.429303 ], [ 9.258304, 45.429297 ], [ 9.258294, 45.429292 ], [ 9.258285, 45.429286 ], [ 9.258275, 45.42928 ], [ 9.258265, 45.429274 ], [ 9.258255, 45.429268 ], [ 9.258245, 45.429263 ], [ 9.258236, 45.429257 ], [ 9.258226, 45.429251 ], [ 9.258216, 45.429245 ], [ 9.258206, 45.429239 ], [ 9.258197, 45.429234 ], [ 9.258187, 45.429228 ], [ 9.258177, 45.429222 ], [ 9.258167, 45.429216 ], [ 9.258157, 45.42921 ], [ 9.258148, 45.429205 ], [ 9.258138, 45.429199 ], [ 9.258128, 45.429193 ], [ 9.258118, 45.429187 ], [ 9.258108, 45.429181 ], [ 9.258099, 45.429176 ], [ 9.258089, 45.42917 ], [ 9.258079, 45.429164 ], [ 9.258069, 45.429158 ], [ 9.258059, 45.429152 ], [ 9.258049, 45.429146 ], [ 9.258039, 45.42914 ], [ 9.258029, 45.429135 ], [ 9.258019, 45.429129 ], [ 9.258009, 45.429122 ], [ 9.257998, 45.429116 ], [ 9.257985, 45.42911 ], [ 9.257969, 45.429103 ], [ 9.257955, 45.429096 ], [ 9.257936, 45.429088 ], [ 9.257365, 45.428773 ], [ 9.257075, 45.428623 ], [ 9.256992, 45.428583 ], [ 9.256869, 45.428528 ], [ 9.256779, 45.428486 ], [ 9.256713, 45.428456 ], [ 9.256709, 45.428454 ], [ 9.256527, 45.428354 ], [ 9.256168, 45.428143 ], [ 9.25595, 45.428004 ], [ 9.255105, 45.42751 ], [ 9.254835, 45.427364 ], [ 9.25438, 45.427118 ], [ 9.254201, 45.427028 ], [ 9.254041, 45.42692 ], [ 9.253871, 45.426727 ], [ 9.253717, 45.426524 ], [ 9.253591, 45.426442 ], [ 9.253538, 45.426422 ], [ 9.253225, 45.426305 ], [ 9.253181, 45.426283 ], [ 9.252964, 45.426172 ], [ 9.252759, 45.426076 ], [ 9.252559, 45.426004 ], [ 9.252516, 45.425986 ], [ 9.252475, 45.425969 ], [ 9.25223, 45.42584 ], [ 9.252004, 45.425722 ], [ 9.252001, 45.425721 ], [ 9.251938, 45.425688 ], [ 9.251792, 45.425612 ], [ 9.251874, 45.425541 ], [ 9.252145, 45.425308 ], [ 9.252753, 45.424786 ], [ 9.252761, 45.42478 ], [ 9.25288, 45.424688 ], [ 9.252958, 45.424626 ], [ 9.253189, 45.424422 ], [ 9.25349, 45.424166 ], [ 9.253579, 45.424091 ], [ 9.253777, 45.423922 ], [ 9.253949, 45.423771 ], [ 9.25396, 45.423761 ], [ 9.254109, 45.423632 ], [ 9.253897, 45.423507 ], [ 9.253884, 45.423516 ], [ 9.253867, 45.423515 ], [ 9.253856, 45.423516 ], [ 9.253605, 45.423422 ], [ 9.253574, 45.423445 ], [ 9.253455, 45.423397 ], [ 9.253344, 45.423352 ], [ 9.25323, 45.423315 ], [ 9.253119, 45.423279 ], [ 9.253119, 45.423279 ], [ 9.253053, 45.423257 ], [ 9.252961, 45.423228 ], [ 9.25288, 45.423205 ], [ 9.252847, 45.423196 ], [ 9.252746, 45.423168 ], [ 9.252671, 45.423147 ], [ 9.252508, 45.423101 ], [ 9.252364, 45.423062 ], [ 9.25225, 45.423027 ], [ 9.252088, 45.422978 ], [ 9.251953, 45.422936 ], [ 9.251873, 45.422912 ], [ 9.251824, 45.422897 ], [ 9.251787, 45.422887 ], [ 9.251706, 45.422861 ], [ 9.251627, 45.42283 ], [ 9.251579, 45.422812 ], [ 9.25147, 45.422771 ], [ 9.251284, 45.422701 ], [ 9.251116, 45.422636 ], [ 9.251072, 45.422619 ], [ 9.251016, 45.42259 ], [ 9.250997, 45.42258 ], [ 9.251, 45.422557 ], [ 9.250953, 45.422537 ], [ 9.250906, 45.422516 ], [ 9.250864, 45.422498 ], [ 9.250708, 45.422563 ], [ 9.250686, 45.422572 ], [ 9.250554, 45.422627 ], [ 9.250411, 45.422686 ], [ 9.250406, 45.422688 ], [ 9.250404, 45.42269 ], [ 9.250313, 45.422727 ], [ 9.250278, 45.422742 ], [ 9.250142, 45.422798 ], [ 9.250129, 45.422803 ], [ 9.250128, 45.422804 ], [ 9.249963, 45.422896 ], [ 9.24989, 45.422923 ], [ 9.249786, 45.422964 ], [ 9.249646, 45.423019 ], [ 9.249448, 45.423098 ], [ 9.249387, 45.423139 ], [ 9.249284, 45.423207 ], [ 9.249254, 45.423227 ], [ 9.249099, 45.423278 ], [ 9.249089, 45.423282 ], [ 9.249031, 45.423301 ], [ 9.248928, 45.423337 ], [ 9.248833, 45.423382 ], [ 9.248813, 45.423391 ], [ 9.248779, 45.423408 ], [ 9.248707, 45.423442 ], [ 9.248626, 45.423482 ], [ 9.248533, 45.423529 ], [ 9.248504, 45.423529 ], [ 9.248435, 45.423531 ], [ 9.248402, 45.423533 ], [ 9.248274, 45.423536 ], [ 9.248247, 45.423537 ], [ 9.248126, 45.423542 ], [ 9.248062, 45.423545 ], [ 9.248001, 45.423548 ], [ 9.247919, 45.423551 ], [ 9.2479, 45.423552 ], [ 9.247876, 45.423553 ], [ 9.247764, 45.423559 ], [ 9.247626, 45.423545 ], [ 9.247609, 45.423543 ], [ 9.247507, 45.423525 ], [ 9.247481, 45.423519 ], [ 9.247446, 45.423512 ], [ 9.247324, 45.42345 ], [ 9.2473, 45.423438 ], [ 9.247227, 45.423424 ], [ 9.247211, 45.423421 ], [ 9.247146, 45.423409 ], [ 9.24711, 45.423402 ], [ 9.247066, 45.423391 ], [ 9.246966, 45.423367 ], [ 9.246965, 45.423367 ], [ 9.246908, 45.423352 ], [ 9.246881, 45.423345 ], [ 9.24679, 45.423318 ], [ 9.246716, 45.423297 ], [ 9.246657, 45.423279 ], [ 9.24654, 45.423247 ], [ 9.246394, 45.423206 ], [ 9.246276, 45.423172 ], [ 9.246182, 45.423147 ], [ 9.246138, 45.423129 ], [ 9.24598, 45.423067 ], [ 9.245923, 45.423047 ], [ 9.245794, 45.423001 ], [ 9.245745, 45.422984 ], [ 9.245708, 45.423 ], [ 9.245689, 45.423008 ], [ 9.245683, 45.423011 ], [ 9.245648, 45.423002 ], [ 9.245645, 45.422936 ], [ 9.245531, 45.422892 ], [ 9.245494, 45.422878 ], [ 9.245438, 45.422858 ], [ 9.245407, 45.422839 ], [ 9.245397, 45.422833 ], [ 9.245417, 45.422794 ], [ 9.245384, 45.422751 ], [ 9.245181, 45.422629 ], [ 9.245163, 45.422621 ], [ 9.244959, 45.422516 ], [ 9.244902, 45.422487 ], [ 9.244713, 45.422378 ], [ 9.244544, 45.422286 ], [ 9.244535, 45.422281 ], [ 9.244052, 45.42296 ], [ 9.243311, 45.42355 ], [ 9.235162, 45.426197 ], [ 9.235408, 45.42725 ], [ 9.235265, 45.428566 ], [ 9.237817, 45.43528 ], [ 9.237324, 45.436293 ], [ 9.237355, 45.436687 ] ] ] } },
{ "type": "Feature", "properties": { "postcode": "20139", "iou_vs_official": 0.6607, "match_status": "matched", "n_seed_addresses": 246 }, "geometry": { "type": "Polygon", "coordinates": [ [ [ 9.202421, 45.435056 ], [ 9.202415, 45.435063 ], [ 9.20219, 45.435261 ], [ 9.201961, 45.435436 ], [ 9.201849, 45.435732 ], [ 9.2017, 45.437421 ], [ 9.201952, 45.437801 ], [ 9.20197, 45.43783 ], [ 9.201562, 45.43831 ], [ 9.201551, 45.438331 ], [ 9.201375, 45.438832 ], [ 9.202107, 45.440609 ], [ 9.201736, 45.440714 ], [ 9.200749, 45.4411 ], [ 9.20009, 45.442409 ], [ 9.199878, 45.442573 ], [ 9.199734, 45.442771 ], [ 9.199791, 45.442965 ], [ 9.199823, 45.443084 ], [ 9.200204, 45.444791 ], [ 9.200404, 45.445107 ], [ 9.200563, 45.44574 ], [ 9.201571, 45.446232 ], [ 9.202456, 45.445989 ], [ 9.202882, 45.446008 ], [ 9.203148, 45.445943 ], [ 9.204363, 45.445445 ], [ 9.204773, 45.445556 ], [ 9.20498, 45.445596 ], [ 9.205287, 45.445631 ], [ 9.205684, 45.445618 ], [ 9.206067, 45.445552 ], [ 9.206377, 45.445457 ], [ 9.206559, 45.445386 ], [ 9.206997, 45.445655 ], [ 9.207282, 45.445769 ], [ 9.208137, 45.445835 ], [ 9.208679, 45.44575 ], [ 9.208944, 45.445662 ], [ 9.208992, 45.445659 ], [ 9.209164, 45.445741 ], [ 9.210257, 45.446129 ], [ 9.210424, 45.446221 ], [ 9.210846, 45.446414 ], [ 9.211017, 45.446451 ], [ 9.211038, 45.44644 ], [ 9.211571, 45.446368 ], [ 9.212571, 45.446815 ], [ 9.212722, 45.446858 ], [ 9.214576, 45.447232 ], [ 9.214732, 45.447397 ], [ 9.216056, 45.44695 ], [ 9.21632, 45.447007 ], [ 9.217828, 45.447226 ], [ 9.21901, 45.446681 ], [ 9.219308, 45.446352 ], [ 9.219543, 45.445474 ], [ 9.219715, 45.445179 ], [ 9.219834, 45.445089 ], [ 9.219991, 45.445021 ], [ 9.221986, 45.445478 ], [ 9.22376, 45.446027 ], [ 9.22428, 45.446536 ], [ 9.224375, 45.446596 ], [ 9.224929, 45.447407 ], [ 9.226162, 45.448044 ], [ 9.227805, 45.448531 ], [ 9.228593, 45.448476 ], [ 9.228597, 45.448479 ], [ 9.233293, 45.449942 ], [ 9.236431, 45.446938 ], [ 9.236221, 45.445103 ], [ 9.235777, 45.443639 ], [ 9.235449, 45.443253 ], [ 9.234803, 45.441688 ], [ 9.235669, 45.440042 ], [ 9.236482, 45.437524 ], [ 9.237355, 45.436687 ], [ 9.237324, 45.436293 ], [ 9.237817, 45.43528 ], [ 9.235265, 45.428566 ], [ 9.235408, 45.42725 ], [ 9.235162, 45.426197 ], [ 9.243311, 45.42355 ], [ 9.244052, 45.42296 ], [ 9.244535, 45.422281 ], [ 9.244478, 45.42225 ], [ 9.244398, 45.422206 ], [ 9.244252, 45.422126 ], [ 9.244155, 45.42208 ], [ 9.244133, 45.42207 ], [ 9.244026, 45.422019 ], [ 9.243996, 45.422001 ], [ 9.243838, 45.421906 ], [ 9.243829, 45.421902 ], [ 9.243788, 45.421881 ], [ 9.243782, 45.421878 ], [ 9.24369, 45.421828 ], [ 9.243676, 45.42182 ], [ 9.243664, 45.421812 ], [ 9.243654, 45.421806 ], [ 9.243643, 45.4218 ], [ 9.243633, 45.421794 ], [ 9.243623, 45.421789 ], [ 9.243613, 45.421783 ], [ 9.243603, 45.421778 ], [ 9.243593, 45.421772 ], [ 9.243583, 45.421767 ], [ 9.243573, 45.421761 ], [ 9.243563, 45.421756 ], [ 9.243553, 45.42175 ], [ 9.243543, 45.421745 ], [ 9.243533, 45.421739 ], [ 9.243524, 45.421733 ], [ 9.243514, 45.421728 ], [ 9.243503, 45.421722 ], [ 9.243493, 45.421716 ], [ 9.243483, 45.421711 ], [ 9.243473, 45.421705 ], [ 9.243463, 45.4217 ], [ 9.243453, 45.421695 ], [ 9.243442, 45.421689 ], [ 9.243432, 45.421684 ], [ 9.243422, 45.421678 ], [ 9.243412, 45.421673 ], [ 9.243402, 45.421667 ], [ 9.243391, 45.421662 ], [ 9.243381, 45.421656 ], [ 9.243371, 45.421651 ], [ 9.243361, 45.421645 ], [ 9.243351, 45.42164 ], [ 9.243341, 45.421634 ], [ 9.243331, 45.421629 ], [ 9.243321, 45.421623 ], [ 9.243311, 45.421618 ], [ 9.243301, 45.421612 ], [ 9.243291, 45.421607 ], [ 9.243281, 45.421601 ], [ 9.243271, 45.421595 ], [ 9.243261, 45.421589 ], [ 9.243251, 45.421583 ], [ 9.243241, 45.421578 ], [ 9.243231, 45.421572 ], [ 9.243221, 45.421567 ], [ 9.243211, 45.421561 ], [ 9.243201, 45.421556 ], [ 9.243191, 45.42155 ], [ 9.24318, 45.421545 ], [ 9.24317, 45.421539 ], [ 9.24316, 45.421534 ], [ 9.24315, 45.421528 ], [ 9.24314, 45.421523 ], [ 9.24313, 45.421518 ], [ 9.243119, 45.421512 ], [ 9.243109, 45.421507 ], [ 9.243099, 45.421501 ], [ 9.243089, 45.421496 ], [ 9.243079, 45.42149 ], [ 9.243069, 45.421485 ], [ 9.243059, 45.421479 ], [ 9.243049, 45.421474 ], [ 9.243039, 45.421468 ], [ 9.243029, 45.421463 ], [ 9.243019, 45.421457 ], [ 9.243008, 45.421452 ], [ 9.242998, 45.421446 ], [ 9.242988, 45.421441 ], [ 9.242978, 45.421435 ], [ 9.242968, 45.42143 ], [ 9.242958, 45.421424 ], [ 9.242947, 45.421419 ], [ 9.242937, 45.421414 ], [ 9.242681, 45.421286 ], [ 9.242511, 45.421168 ], [ 9.242489, 45.421152 ], [ 9.24248, 45.421145 ], [ 9.242471, 45.421139 ], [ 9.242461, 45.421133 ], [ 9.242452, 45.421127 ], [ 9.242443, 45.42112 ], [ 9.242434, 45.421114 ], [ 9.242425, 45.421108 ], [ 9.242416, 45.421102 ], [ 9.242406, 45.421096 ], [ 9.242396, 45.42109 ], [ 9.242387, 45.421084 ], [ 9.242377, 45.421079 ], [ 9.242367, 45.421073 ], [ 9.242357, 45.421067 ], [ 9.242348, 45.421061 ], [ 9.242338, 45.421055 ], [ 9.242329, 45.421048 ], [ 9.24232, 45.421042 ], [ 9.242311, 45.421036 ], [ 9.242301, 45.421029 ], [ 9.242292, 45.421023 ], [ 9.242284, 45.421017 ], [ 9.242275, 45.42101 ], [ 9.242266, 45.421004 ], [ 9.242257, 45.420997 ], [ 9.242248, 45.420991 ], [ 9.242239, 45.420984 ], [ 9.24223, 45.420978 ], [ 9.242221, 45.420972 ], [ 9.242211, 45.420965 ], [ 9.242202, 45.420959 ], [ 9.242193, 45.420952 ], [ 9.242184, 45.420946 ], [ 9.242176, 45.420939 ], [ 9.242167, 45.420933 ], [ 9.242158, 45.420926 ], [ 9.24215, 45.420919 ], [ 9.242141, 45.420913 ], [ 9.242133, 45.420906 ], [ 9.242124, 45.420899 ], [ 9.242116, 45.420892 ], [ 9.242107, 45.420886 ], [ 9.242099, 45.420879 ], [ 9.24209, 45.420873 ], [ 9.242081, 45.420866 ], [ 9.242072, 45.42086 ], [ 9.242063, 45.420853 ], [ 9.242054, 45.420847 ], [ 9.242045, 45.420841 ], [ 9.242036, 45.420834 ], [ 9.242027, 45.420828 ], [ 9.242018, 45.420822 ], [ 9.242009, 45.420815 ], [ 9.242, 45.420809 ], [ 9.241991, 45.420802 ], [ 9.241982, 45.420796 ], [ 9.241974, 45.420789 ], [ 9.241965, 45.420782 ], [ 9.241956, 45.420776 ], [ 9.241947, 45.420769 ], [ 9.241939, 45.420762 ], [ 9.24193, 45.420755 ], [ 9.241922, 45.420748 ], [ 9.241913, 45.420741 ], [ 9.241905, 45.420734 ], [ 9.241897, 45.420727 ], [ 9.241889, 45.42072 ], [ 9.241882, 45.420712 ], [ 9.241874, 45.420705 ], [ 9.241867, 45.420698 ], [ 9.241859, 45.42069 ], [ 9.241852, 45.420683 ], [ 9.241844, 45.420676 ], [ 9.241836, 45.420669 ], [ 9.241828, 45.420662 ], [ 9.241783, 45.420637 ], [ 9.241747, 45.420616 ], [ 9.241715, 45.420597 ], [ 9.241704, 45.420589 ], [ 9.241691, 45.42058 ], [ 9.241679, 45.420571 ], [ 9.241669, 45.420566 ], [ 9.241659, 45.420561 ], [ 9.241649, 45.420555 ], [ 9.24164, 45.42055 ], [ 9.241631, 45.420544 ], [ 9.241622, 45.420537 ], [ 9.241613, 45.420531 ], [ 9.241604, 45.420525 ], [ 9.241595, 45.420518 ], [ 9.241587, 45.420512 ], [ 9.241578, 45.420505 ], [ 9.241569, 45.420499 ], [ 9.24156, 45.420492 ], [ 9.241552, 45.420486 ], [ 9.241543, 45.420479 ], [ 9.241534, 45.420473 ], [ 9.241525, 45.420466 ], [ 9.241517, 45.42046 ], [ 9.241508, 45.420453 ], [ 9.2415, 45.420446 ], [ 9.241491, 45.420439 ], [ 9.241482, 45.420433 ], [ 9.241474, 45.420426 ], [ 9.241465, 45.420419 ], [ 9.241457, 45.420413 ], [ 9.241448, 45.420406 ], [ 9.24144, 45.420399 ], [ 9.241431, 45.420392 ], [ 9.241423, 45.420386 ], [ 9.241414, 45.420379 ], [ 9.241406, 45.420372 ], [ 9.241397, 45.420366 ], [ 9.241389, 45.420359 ], [ 9.24138, 45.420352 ], [ 9.241372, 45.420345 ], [ 9.241363, 45.420339 ], [ 9.241355, 45.420332 ], [ 9.241346, 45.420325 ], [ 9.241338, 45.420319 ], [ 9.241329, 45.420312 ], [ 9.241321, 45.420305 ], [ 9.241312, 45.420298 ], [ 9.241304, 45.420292 ], [ 9.241295, 45.420285 ], [ 9.241287, 45.420278 ], [ 9.241278, 45.420272 ], [ 9.24127, 45.420265 ], [ 9.241261, 45.420258 ], [ 9.241253, 45.420251 ], [ 9.241244, 45.420245 ], [ 9.241236, 45.420238 ], [ 9.241227, 45.420231 ], [ 9.241219, 45.420225 ], [ 9.24121, 45.420218 ], [ 9.241202, 45.420211 ], [ 9.241193, 45.420204 ], [ 9.241185, 45.420198 ], [ 9.241176, 45.420191 ], [ 9.241168, 45.420184 ], [ 9.241159, 45.420178 ], [ 9.241151, 45.420171 ], [ 9.241142, 45.420164 ], [ 9.241134, 45.420157 ], [ 9.241125, 45.420151 ], [ 9.241117, 45.420144 ], [ 9.241108, 45.420137 ], [ 9.2411, 45.42013 ], [ 9.241091, 45.420124 ], [ 9.241083, 45.420117 ], [ 9.241074, 45.42011 ], [ 9.241066, 45.420103 ], [ 9.241057, 45.420097 ], [ 9.241049, 45.42009 ], [ 9.24104, 45.420083 ], [ 9.241032, 45.420077 ], [ 9.241023, 45.42007 ], [ 9.241015, 45.420063 ], [ 9.241007, 45.420056 ], [ 9.240998, 45.42005 ], [ 9.24099, 45.420043 ], [ 9.240981, 45.420036 ], [ 9.240973, 45.420029 ], [ 9.240964, 45.420023 ], [ 9.240956, 45.420016 ], [ 9.240947, 45.420009 ], [ 9.240939, 45.420002 ], [ 9.24093, 45.419996 ], [ 9.240922, 45.419989 ], [ 9.240914, 45.419982 ], [ 9.240905, 45.419975 ], [ 9.240897, 45.419969 ], [ 9.240888, 45.419962 ], [ 9.24088, 45.419955 ], [ 9.240871, 45.419948 ], [ 9.240863, 45.419942 ], [ 9.240854, 45.419935 ], [ 9.240846, 45.419928 ], [ 9.240838, 45.419921 ], [ 9.240829, 45.419915 ], [ 9.240821, 45.419908 ], [ 9.240812, 45.419901 ], [ 9.240804, 45.419894 ], [ 9.240796, 45.419887 ], [ 9.240788, 45.41988 ], [ 9.240779, 45.419874 ], [ 9.240771, 45.419867 ], [ 9.240762, 45.41986 ], [ 9.240754, 45.419853 ], [ 9.240745, 45.419846 ], [ 9.240737, 45.41984 ], [ 9.240728, 45.419833 ], [ 9.24072, 45.419826 ], [ 9.240711, 45.41982 ], [ 9.240703, 45.419813 ], [ 9.240694, 45.419806 ], [ 9.240685, 45.419799 ], [ 9.240677, 45.419793 ], [ 9.240668, 45.419786 ], [ 9.240659, 45.419779 ], [ 9.24065, 45.419773 ], [ 9.240642, 45.419766 ], [ 9.240633, 45.419759 ], [ 9.240625, 45.419753 ], [ 9.240616, 45.419746 ], [ 9.240607, 45.41974 ], [ 9.240599, 45.419733 ], [ 9.24059, 45.419726 ], [ 9.240582, 45.419719 ], [ 9.240574, 45.419713 ], [ 9.240565, 45.419706 ], [ 9.240557, 45.419699 ], [ 9.240548, 45.419693 ], [ 9.24054, 45.419686 ], [ 9.240532, 45.419679 ], [ 9.240523, 45.419673 ], [ 9.240514, 45.419666 ], [ 9.240505, 45.419659 ], [ 9.240496, 45.419652 ], [ 9.240487, 45.419646 ], [ 9.240391, 45.419556 ], [ 9.24035, 45.419519 ], [ 9.240379, 45.419507 ], [ 9.240597, 45.419417 ], [ 9.240693, 45.41938 ], [ 9.240892, 45.419302 ], [ 9.241184, 45.41917 ], [ 9.241602, 45.41898 ], [ 9.241636, 45.418966 ], [ 9.241844, 45.418879 ], [ 9.241844, 45.418879 ], [ 9.242175, 45.418749 ], [ 9.242305, 45.418695 ], [ 9.2425, 45.418609 ], [ 9.242599, 45.418565 ], [ 9.24301, 45.418379 ], [ 9.243394, 45.418229 ], [ 9.243707, 45.418135 ], [ 9.244099, 45.417962 ], [ 9.244139, 45.417944 ], [ 9.244206, 45.417907 ], [ 9.244216, 45.417901 ], [ 9.244225, 45.417895 ], [ 9.244235, 45.41789 ], [ 9.244245, 45.417884 ], [ 9.244255, 45.417878 ], [ 9.244265, 45.417872 ], [ 9.244275, 45.417867 ], [ 9.244285, 45.417861 ], [ 9.244295, 45.417855 ], [ 9.244304, 45.41785 ], [ 9.244314, 45.417844 ], [ 9.244324, 45.417838 ], [ 9.244334, 45.417833 ], [ 9.244344, 45.417827 ], [ 9.244354, 45.417821 ], [ 9.244364, 45.417816 ], [ 9.244374, 45.41781 ], [ 9.244384, 45.417804 ], [ 9.244394, 45.417799 ], [ 9.244404, 45.417793 ], [ 9.244414, 45.417788 ], [ 9.244424, 45.417782 ], [ 9.244434, 45.417777 ], [ 9.244444, 45.417771 ], [ 9.244454, 45.417765 ], [ 9.244464, 45.41776 ], [ 9.244474, 45.417754 ], [ 9.244485, 45.417749 ], [ 9.244495, 45.417743 ], [ 9.244505, 45.417738 ], [ 9.244515, 45.417732 ], [ 9.244525, 45.417727 ], [ 9.244535, 45.417721 ], [ 9.244545, 45.417716 ], [ 9.244556, 45.417711 ], [ 9.244566, 45.417705 ], [ 9.244576, 45.4177 ], [ 9.244586, 45.417694 ], [ 9.244596, 45.417689 ], [ 9.244606, 45.417683 ], [ 9.244616, 45.417678 ], [ 9.244627, 45.417672 ], [ 9.244637, 45.417667 ], [ 9.244647, 45.417661 ], [ 9.244657, 45.417656 ], [ 9.244667, 45.417651 ], [ 9.244678, 45.417645 ], [ 9.244688, 45.41764 ], [ 9.244698, 45.417634 ], [ 9.244708, 45.417629 ], [ 9.244719, 45.417624 ], [ 9.244729, 45.417618 ], [ 9.244739, 45.417613 ], [ 9.24475, 45.417608 ], [ 9.24476, 45.417602 ], [ 9.24477, 45.417597 ], [ 9.24478, 45.417591 ], [ 9.24479, 45.417586 ], [ 9.2448, 45.41758 ], [ 9.244899, 45.417525 ], [ 9.244919, 45.417512 ], [ 9.244929, 45.417507 ], [ 9.244939, 45.417501 ], [ 9.244949, 45.417496 ], [ 9.244959, 45.41749 ], [ 9.244969, 45.417485 ], [ 9.24498, 45.417479 ], [ 9.24499, 45.417474 ], [ 9.245, 45.417468 ], [ 9.24501, 45.417463 ], [ 9.24502, 45.417457 ], [ 9.24503, 45.417451 ], [ 9.24504, 45.417446 ], [ 9.24505, 45.41744 ], [ 9.245059, 45.417434 ], [ 9.245069, 45.417428 ], [ 9.245079, 45.417423 ], [ 9.245089, 45.417417 ], [ 9.245099, 45.417411 ], [ 9.245109, 45.417405 ], [ 9.245114, 45.417402 ], [ 9.245124, 45.417397 ], [ 9.245133, 45.417391 ], [ 9.245143, 45.417385 ], [ 9.245152, 45.417379 ], [ 9.245162, 45.417373 ], [ 9.245171, 45.417367 ], [ 9.245181, 45.41736 ], [ 9.24519, 45.417354 ], [ 9.245199, 45.417348 ], [ 9.245208, 45.417341 ], [ 9.245217, 45.417335 ], [ 9.245226, 45.417328 ], [ 9.245235, 45.417322 ], [ 9.245244, 45.417315 ], [ 9.245253, 45.417309 ], [ 9.245263, 45.417303 ], [ 9.245273, 45.417297 ], [ 9.245282, 45.417292 ], [ 9.245292, 45.417286 ], [ 9.245302, 45.41728 ], [ 9.245311, 45.417274 ], [ 9.245322, 45.417269 ], [ 9.245332, 45.417264 ], [ 9.245343, 45.417259 ], [ 9.245354, 45.417254 ], [ 9.245364, 45.417249 ], [ 9.245375, 45.417243 ], [ 9.245385, 45.417238 ], [ 9.245395, 45.417233 ], [ 9.245397, 45.417232 ], [ 9.245408, 45.417226 ], [ 9.245418, 45.417221 ], [ 9.245428, 45.417216 ], [ 9.245438, 45.41721 ], [ 9.245448, 45.417205 ], [ 9.245458, 45.417199 ], [ 9.245469, 45.417194 ], [ 9.245479, 45.417188 ], [ 9.245489, 45.417182 ], [ 9.245498, 45.417177 ], [ 9.245508, 45.417171 ], [ 9.245518, 45.417166 ], [ 9.245528, 45.41716 ], [ 9.245538, 45.417154 ], [ 9.245548, 45.417149 ], [ 9.245558, 45.417143 ], [ 9.245568, 45.417137 ], [ 9.245578, 45.417131 ], [ 9.245588, 45.417126 ], [ 9.245598, 45.41712 ], [ 9.245608, 45.417114 ], [ 9.245618, 45.417109 ], [ 9.245628, 45.417103 ], [ 9.245638, 45.417097 ], [ 9.245648, 45.417092 ], [ 9.245659, 45.417087 ], [ 9.24567, 45.417082 ], [ 9.245681, 45.417077 ], [ 9.245691, 45.417073 ], [ 9.245702, 45.417068 ], [ 9.245713, 45.417063 ], [ 9.245723, 45.417058 ], [ 9.245734, 45.417053 ], [ 9.245739, 45.417051 ], [ 9.245749, 45.417045 ], [ 9.24576, 45.41704 ], [ 9.245771, 45.417035 ], [ 9.245781, 45.41703 ], [ 9.245792, 45.417025 ], [ 9.245802, 45.41702 ], [ 9.245812, 45.417014 ], [ 9.245822, 45.417009 ], [ 9.245833, 45.417004 ], [ 9.245843, 45.416998 ], [ 9.245853, 45.416993 ], [ 9.246057, 45.416888 ], [ 9.246068, 45.416883 ], [ 9.246079, 45.416879 ], [ 9.246089, 45.416874 ], [ 9.2461, 45.416869 ], [ 9.246111, 45.416864 ], [ 9.246121, 45.416859 ], [ 9.246132, 45.416854 ], [ 9.246143, 45.416849 ], [ 9.246154, 45.416844 ], [ 9.246164, 45.416839 ], [ 9.246175, 45.416835 ], [ 9.246186, 45.41683 ], [ 9.246197, 45.416825 ], [ 9.246208, 45.41682 ], [ 9.246218, 45.416815 ], [ 9.246229, 45.41681 ], [ 9.24624, 45.416806 ], [ 9.246251, 45.416801 ], [ 9.246261, 45.416796 ], [ 9.246272, 45.416791 ], [ 9.246283, 45.416786 ], [ 9.246294, 45.416781 ], [ 9.246305, 45.416776 ], [ 9.246315, 45.416772 ], [ 9.246326, 45.416767 ], [ 9.246337, 45.416762 ], [ 9.246348, 45.416757 ], [ 9.246359, 45.416752 ], [ 9.246369, 45.416747 ], [ 9.24638, 45.416742 ], [ 9.24639, 45.416737 ], [ 9.246401, 45.416731 ], [ 9.246411, 45.416726 ], [ 9.246422, 45.416721 ], [ 9.246432, 45.416716 ], [ 9.246443, 45.41671 ], [ 9.246445, 45.416709 ], [ 9.246455, 45.416703 ], [ 9.246466, 45.416698 ], [ 9.246476, 45.416692 ], [ 9.246486, 45.416687 ], [ 9.246496, 45.416681 ], [ 9.246506, 45.416675 ], [ 9.246516, 45.41667 ], [ 9.246526, 45.416664 ], [ 9.246536, 45.416659 ], [ 9.246546, 45.416653 ], [ 9.246556, 45.416648 ], [ 9.246566, 45.416642 ], [ 9.246576, 45.416636 ], [ 9.246586, 45.416631 ], [ 9.246596, 45.416625 ], [ 9.246606, 45.416619 ], [ 9.246616, 45.416613 ], [ 9.246626, 45.416608 ], [ 9.246636, 45.416602 ], [ 9.246645, 45.416596 ], [ 9.246655, 45.41659 ], [ 9.246665, 45.416584 ], [ 9.246674, 45.416578 ], [ 9.246684, 45.416572 ], [ 9.246693, 45.416566 ], [ 9.246703, 45.41656 ], [ 9.246713, 45.416554 ], [ 9.246722, 45.416548 ], [ 9.246732, 45.416543 ], [ 9.246741, 45.416537 ], [ 9.246751, 45.41653 ], [ 9.24676, 45.416524 ], [ 9.24677, 45.416518 ], [ 9.246779, 45.416512 ], [ 9.246789, 45.416506 ], [ 9.246798, 45.4165 ], [ 9.246808, 45.416494 ], [ 9.246817, 45.416488 ], [ 9.246827, 45.416482 ], [ 9.246836, 45.416476 ], [ 9.246846, 45.41647 ], [ 9.246855, 45.416464 ], [ 9.246983, 45.416376 ], [ 9.246993, 45.416371 ], [ 9.247003, 45.416365 ], [ 9.247013, 45.416359 ], [ 9.247022, 45.416353 ], [ 9.247032, 45.416347 ], [ 9.247041, 45.416341 ], [ 9.24705, 45.416335 ], [ 9.24706, 45.416329 ], [ 9.247069, 45.416323 ], [ 9.247079, 45.416317 ], [ 9.247088, 45.416311 ], [ 9.247097, 45.416304 ], [ 9.247107, 45.416298 ], [ 9.247116, 45.416292 ], [ 9.247126, 45.416286 ], [ 9.247135, 45.41628 ], [ 9.247144, 45.416274 ], [ 9.247154, 45.416268 ], [ 9.247163, 45.416262 ], [ 9.247173, 45.416256 ], [ 9.247182, 45.41625 ], [ 9.247192, 45.416244 ], [ 9.247202, 45.416238 ], [ 9.247204, 45.416237 ], [ 9.247213, 45.416231 ], [ 9.247223, 45.416225 ], [ 9.247233, 45.416219 ], [ 9.247243, 45.416213 ], [ 9.247252, 45.416208 ], [ 9.247262, 45.416202 ], [ 9.247272, 45.416196 ], [ 9.247282, 45.41619 ], [ 9.247292, 45.416185 ], [ 9.247302, 45.416179 ], [ 9.247312, 45.416174 ], [ 9.247322, 45.416168 ], [ 9.247333, 45.416163 ], [ 9.247343, 45.416157 ], [ 9.247353, 45.416152 ], [ 9.247364, 45.416147 ], [ 9.247374, 45.416142 ], [ 9.247385, 45.416136 ], [ 9.247395, 45.416131 ], [ 9.247406, 45.416126 ], [ 9.247416, 45.41612 ], [ 9.247426, 45.416114 ], [ 9.247436, 45.416109 ], [ 9.247446, 45.416103 ], [ 9.247455, 45.416096 ], [ 9.247464, 45.41609 ], [ 9.247474, 45.416084 ], [ 9.247483, 45.416078 ], [ 9.247492, 45.416071 ], [ 9.2475, 45.416064 ], [ 9.247508, 45.416058 ], [ 9.247517, 45.416051 ], [ 9.247525, 45.416044 ], [ 9.247528, 45.416041 ], [ 9.247537, 45.416034 ], [ 9.247545, 45.416027 ], [ 9.247553, 45.41602 ], [ 9.247561, 45.416013 ], [ 9.247569, 45.416006 ], [ 9.247578, 45.415999 ], [ 9.247586, 45.415992 ], [ 9.247594, 45.415985 ], [ 9.247603, 45.415979 ], [ 9.247611, 45.415972 ], [ 9.247619, 45.415965 ], [ 9.247627, 45.415958 ], [ 9.247636, 45.415951 ], [ 9.247644, 45.415944 ], [ 9.247652, 45.415937 ], [ 9.24766, 45.41593 ], [ 9.247668, 45.415923 ], [ 9.247676, 45.415917 ], [ 9.247685, 45.41591 ], [ 9.247693, 45.415903 ], [ 9.247701, 45.415896 ], [ 9.247709, 45.415889 ], [ 9.247717, 45.415882 ], [ 9.247725, 45.415875 ], [ 9.247733, 45.415868 ], [ 9.247741, 45.415861 ], [ 9.247749, 45.415854 ], [ 9.247757, 45.415846 ], [ 9.247765, 45.415839 ], [ 9.247772, 45.415832 ], [ 9.24778, 45.415825 ], [ 9.247789, 45.415818 ], [ 9.247797, 45.415811 ], [ 9.247805, 45.415805 ], [ 9.247814, 45.415798 ], [ 9.247822, 45.415791 ], [ 9.247831, 45.415784 ], [ 9.247839, 45.415778 ], [ 9.247848, 45.415771 ], [ 9.247857, 45.415765 ], [ 9.247865, 45.415758 ], [ 9.247874, 45.415751 ], [ 9.247883, 45.415745 ], [ 9.247892, 45.415738 ], [ 9.247901, 45.415731 ], [ 9.247906, 45.415727 ], [ 9.247916, 45.415721 ], [ 9.247925, 45.415715 ], [ 9.247935, 45.415709 ], [ 9.247944, 45.415702 ], [ 9.247953, 45.415696 ], [ 9.247963, 45.41569 ], [ 9.247973, 45.415684 ], [ 9.247982, 45.415678 ], [ 9.247992, 45.415673 ], [ 9.248002, 45.415667 ], [ 9.248012, 45.415661 ], [ 9.248022, 45.415655 ], [ 9.248032, 45.415649 ], [ 9.248041, 45.415644 ], [ 9.248051, 45.415638 ], [ 9.248061, 45.415632 ], [ 9.248071, 45.415626 ], [ 9.248081, 45.415621 ], [ 9.248091, 45.415615 ], [ 9.248101, 45.415609 ], [ 9.248111, 45.415604 ], [ 9.248121, 45.415598 ], [ 9.248131, 45.415593 ], [ 9.248142, 45.415587 ], [ 9.248152, 45.415582 ], [ 9.248162, 45.415576 ], [ 9.248172, 45.415571 ], [ 9.248182, 45.415565 ], [ 9.248193, 45.41556 ], [ 9.248203, 45.415555 ], [ 9.248214, 45.41555 ], [ 9.248224, 45.415545 ], [ 9.248235, 45.41554 ], [ 9.248245, 45.415535 ], [ 9.248256, 45.41553 ], [ 9.248267, 45.415525 ], [ 9.248277, 45.41552 ], [ 9.248288, 45.415515 ], [ 9.248299, 45.41551 ], [ 9.24831, 45.415505 ], [ 9.24832, 45.4155 ], [ 9.248331, 45.415496 ], [ 9.248342, 45.415491 ], [ 9.248353, 45.415486 ], [ 9.248363, 45.415481 ], [ 9.248374, 45.415476 ], [ 9.248385, 45.415472 ], [ 9.248396, 45.415467 ], [ 9.248407, 45.415463 ], [ 9.248419, 45.415458 ], [ 9.24843, 45.415453 ], [ 9.248435, 45.415451 ], [ 9.248446, 45.415447 ], [ 9.248457, 45.415442 ], [ 9.248468, 45.415438 ], [ 9.248479, 45.415433 ], [ 9.24849, 45.415428 ], [ 9.248501, 45.415424 ], [ 9.248512, 45.415419 ], [ 9.248523, 45.415415 ], [ 9.248534, 45.41541 ], [ 9.248545, 45.415405 ], [ 9.248555, 45.4154 ], [ 9.248663, 45.415354 ], [ 9.248675, 45.41535 ], [ 9.248687, 45.415347 ], [ 9.248699, 45.415343 ], [ 9.24871, 45.415339 ], [ 9.248722, 45.415335 ], [ 9.248733, 45.415331 ], [ 9.248745, 45.415327 ], [ 9.248756, 45.415322 ], [ 9.248767, 45.415318 ], [ 9.248778, 45.415313 ], [ 9.248789, 45.415308 ], [ 9.2488, 45.415304 ], [ 9.24881, 45.415299 ], [ 9.248821, 45.415294 ], [ 9.248832, 45.41529 ], [ 9.248843, 45.415285 ], [ 9.248854, 45.41528 ], [ 9.248865, 45.415276 ], [ 9.248876, 45.415271 ], [ 9.248887, 45.415266 ], [ 9.248898, 45.415262 ], [ 9.248909, 45.415257 ], [ 9.24892, 45.415252 ], [ 9.248931, 45.415248 ], [ 9.248942, 45.415243 ], [ 9.248953, 45.415238 ], [ 9.248964, 45.415234 ], [ 9.248975, 45.415229 ], [ 9.248979, 45.415228 ], [ 9.24899, 45.415223 ], [ 9.249001, 45.415219 ], [ 9.249012, 45.415214 ], [ 9.249023, 45.41521 ], [ 9.249035, 45.415205 ], [ 9.249046, 45.415201 ], [ 9.249057, 45.415197 ], [ 9.249068, 45.415192 ], [ 9.249079, 45.415188 ], [ 9.24909, 45.415183 ], [ 9.249102, 45.415179 ], [ 9.249113, 45.415174 ], [ 9.249124, 45.41517 ], [ 9.249135, 45.415166 ], [ 9.249146, 45.415161 ], [ 9.249157, 45.415157 ], [ 9.249169, 45.415152 ], [ 9.24918, 45.415148 ], [ 9.249191, 45.415144 ], [ 9.249203, 45.41514 ], [ 9.249214, 45.415135 ], [ 9.249225, 45.415131 ], [ 9.249237, 45.415127 ], [ 9.249248, 45.415123 ], [ 9.24926, 45.415119 ], [ 9.249271, 45.415115 ], [ 9.249283, 45.415112 ], [ 9.249294, 45.415108 ], [ 9.249306, 45.415104 ], [ 9.249317, 45.4151 ], [ 9.249329, 45.415096 ], [ 9.24934, 45.415092 ], [ 9.249352, 45.415088 ], [ 9.249363, 45.415084 ], [ 9.249375, 45.41508 ], [ 9.249386, 45.415076 ], [ 9.249398, 45.415072 ], [ 9.249409, 45.415068 ], [ 9.24942, 45.415064 ], [ 9.249432, 45.41506 ], [ 9.249443, 45.415056 ], [ 9.249455, 45.415052 ], [ 9.249467, 45.415049 ], [ 9.249478, 45.415045 ], [ 9.24949, 45.415041 ], [ 9.249501, 45.415037 ], [ 9.249513, 45.415033 ], [ 9.249525, 45.41503 ], [ 9.249536, 45.415026 ], [ 9.249548, 45.415022 ], [ 9.24956, 45.415019 ], [ 9.249571, 45.415015 ], [ 9.249583, 45.415011 ], [ 9.249595, 45.415008 ], [ 9.249606, 45.415004 ], [ 9.249618, 45.415 ], [ 9.24963, 45.414997 ], [ 9.249641, 45.414993 ], [ 9.249653, 45.414989 ], [ 9.249665, 45.414986 ], [ 9.249676, 45.414982 ], [ 9.249688, 45.414979 ], [ 9.2497, 45.414975 ], [ 9.249712, 45.414971 ], [ 9.249723, 45.414968 ], [ 9.249735, 45.414964 ], [ 9.249747, 45.414961 ], [ 9.249758, 45.414957 ], [ 9.24977, 45.414953 ], [ 9.249782, 45.41495 ], [ 9.249793, 45.414946 ], [ 9.249805, 45.414942 ], [ 9.249816, 45.414938 ], [ 9.249828, 45.414934 ], [ 9.249839, 45.41493 ], [ 9.249851, 45.414926 ], [ 9.249862, 45.414922 ], [ 9.249874, 45.414918 ], [ 9.249885, 45.414914 ], [ 9.249897, 45.41491 ], [ 9.249908, 45.414907 ], [ 9.24992, 45.414903 ], [ 9.249931, 45.414899 ], [ 9.249943, 45.414895 ], [ 9.249955, 45.414891 ], [ 9.249966, 45.414887 ], [ 9.249978, 45.414883 ], [ 9.249989, 45.414879 ], [ 9.249997, 45.414876 ], [ 9.250008, 45.414871 ], [ 9.25002, 45.414867 ], [ 9.250031, 45.414863 ], [ 9.250042, 45.414858 ], [ 9.250053, 45.414854 ], [ 9.250064, 45.41485 ], [ 9.250076, 45.414845 ], [ 9.250087, 45.414841 ], [ 9.250098, 45.414836 ], [ 9.250109, 45.414832 ], [ 9.25012, 45.414827 ], [ 9.250131, 45.414822 ], [ 9.250184, 45.414797 ], [ 9.250194, 45.414792 ], [ 9.250205, 45.414787 ], [ 9.250215, 45.414782 ], [ 9.250226, 45.414777 ], [ 9.250236, 45.414772 ], [ 9.250247, 45.414766 ], [ 9.250257, 45.414761 ], [ 9.250268, 45.414756 ], [ 9.250278, 45.414751 ], [ 9.250288, 45.414746 ], [ 9.250299, 45.41474 ], [ 9.250309, 45.414735 ], [ 9.250319, 45.41473 ], [ 9.25033, 45.414724 ], [ 9.250339, 45.414718 ], [ 9.250349, 45.414713 ], [ 9.250359, 45.414707 ], [ 9.250369, 45.414701 ], [ 9.250379, 45.414696 ], [ 9.25039, 45.41469 ], [ 9.2504, 45.414685 ], [ 9.25041, 45.414679 ], [ 9.25042, 45.414674 ], [ 9.25043, 45.414668 ], [ 9.25044, 45.414663 ], [ 9.250451, 45.414657 ], [ 9.25046, 45.414653 ], [ 9.25047, 45.414647 ], [ 9.25048, 45.414642 ], [ 9.25049, 45.414636 ], [ 9.250501, 45.414631 ], [ 9.250511, 45.414625 ], [ 9.250521, 45.41462 ], [ 9.250531, 45.414614 ], [ 9.250541, 45.414608 ], [ 9.250658, 45.414542 ], [ 9.250585, 45.414501 ], [ 9.250441, 45.414421 ], [ 9.250303, 45.414342 ], [ 9.250126, 45.414242 ], [ 9.250076, 45.414213 ], [ 9.249862, 45.414102 ], [ 9.249803, 45.414069 ], [ 9.249618, 45.413965 ], [ 9.248763, 45.413497 ], [ 9.24859, 45.413401 ], [ 9.248423, 45.413307 ], [ 9.248317, 45.41325 ], [ 9.248149, 45.413151 ], [ 9.248073, 45.413106 ], [ 9.247922, 45.413018 ], [ 9.247806, 45.41295 ], [ 9.247659, 45.412864 ], [ 9.247605, 45.412837 ], [ 9.2475, 45.412781 ], [ 9.247318, 45.412687 ], [ 9.247297, 45.412677 ], [ 9.247149, 45.412595 ], [ 9.24683, 45.412426 ], [ 9.246636, 45.412464 ], [ 9.24636, 45.412521 ], [ 9.24625, 45.412532 ], [ 9.246166, 45.412517 ], [ 9.246089, 45.412488 ], [ 9.246035, 45.412468 ], [ 9.245983, 45.412449 ], [ 9.24597, 45.412445 ], [ 9.245803, 45.412401 ], [ 9.245781, 45.412395 ], [ 9.245719, 45.41238 ], [ 9.245614, 45.412413 ], [ 9.245397, 45.412478 ], [ 9.245168, 45.412547 ], [ 9.245019, 45.412592 ], [ 9.244966, 45.412608 ], [ 9.244774, 45.412664 ], [ 9.244691, 45.41269 ], [ 9.244592, 45.412719 ], [ 9.244578, 45.412723 ], [ 9.24432, 45.4128 ], [ 9.244073, 45.412875 ], [ 9.244, 45.412897 ], [ 9.243969, 45.412905 ], [ 9.243767, 45.412625 ], [ 9.243671, 45.412494 ], [ 9.243662, 45.41248 ], [ 9.243633, 45.412438 ], [ 9.243603, 45.412394 ], [ 9.243563, 45.412335 ], [ 9.243563, 45.412334 ], [ 9.243534, 45.412291 ], [ 9.243503, 45.412242 ], [ 9.243451, 45.412171 ], [ 9.243407, 45.412102 ], [ 9.243353, 45.412025 ], [ 9.243293, 45.411933 ], [ 9.243235, 45.411845 ], [ 9.243193, 45.41178 ], [ 9.243133, 45.411688 ], [ 9.243091, 45.411623 ], [ 9.243018, 45.411511 ], [ 9.242947, 45.411404 ], [ 9.242901, 45.411335 ], [ 9.242846, 45.411253 ], [ 9.24278, 45.411156 ], [ 9.242721, 45.411066 ], [ 9.242674, 45.410998 ], [ 9.242612, 45.410883 ], [ 9.242604, 45.410863 ], [ 9.242612, 45.410856 ], [ 9.24262, 45.41085 ], [ 9.242628, 45.410843 ], [ 9.242636, 45.410836 ], [ 9.242644, 45.410829 ], [ 9.242652, 45.410822 ], [ 9.24266, 45.410815 ], [ 9.242668, 45.410808 ], [ 9.242675, 45.410801 ], [ 9.242683, 45.410794 ], [ 9.242691, 45.410787 ], [ 9.242698, 45.41078 ], [ 9.242706, 45.410772 ], [ 9.242714, 45.410765 ], [ 9.242721, 45.410758 ], [ 9.242729, 45.410751 ], [ 9.242736, 45.410744 ], [ 9.242744, 45.410736 ], [ 9.242752, 45.410729 ], [ 9.24276, 45.410722 ], [ 9.242767, 45.410715 ], [ 9.242775, 45.410708 ], [ 9.242783, 45.4107 ], [ 9.242791, 45.410693 ], [ 9.242798, 45.410686 ], [ 9.242806, 45.410679 ], [ 9.242814, 45.410672 ], [ 9.242822, 45.410665 ], [ 9.242829, 45.410658 ], [ 9.242837, 45.41065 ], [ 9.242845, 45.410643 ], [ 9.242853, 45.410636 ], [ 9.24286, 45.410629 ], [ 9.242868, 45.410622 ], [ 9.242876, 45.410615 ], [ 9.242884, 45.410607 ], [ 9.242892, 45.4106 ], [ 9.2429, 45.410593 ], [ 9.242908, 45.410586 ], [ 9.242916, 45.410579 ], [ 9.242923, 45.410572 ], [ 9.242931, 45.410565 ], [ 9.242939, 45.410558 ], [ 9.242947, 45.410551 ], [ 9.242955, 45.410544 ], [ 9.242963, 45.410536 ], [ 9.242971, 45.410529 ], [ 9.242979, 45.410522 ], [ 9.242986, 45.410515 ], [ 9.24311, 45.410411 ], [ 9.243118, 45.410404 ], [ 9.243126, 45.410397 ], [ 9.243134, 45.41039 ], [ 9.243142, 45.410383 ], [ 9.243151, 45.410376 ], [ 9.243159, 45.410369 ], [ 9.243167, 45.410363 ], [ 9.243176, 45.410356 ], [ 9.243184, 45.410349 ], [ 9.243192, 45.410342 ], [ 9.243201, 45.410335 ], [ 9.243209, 45.410328 ], [ 9.243217, 45.410321 ], [ 9.243226, 45.410315 ], [ 9.243234, 45.410308 ], [ 9.243243, 45.410301 ], [ 9.243251, 45.410294 ], [ 9.24326, 45.410287 ], [ 9.243268, 45.410281 ], [ 9.243277, 45.410274 ], [ 9.243286, 45.410267 ], [ 9.243295, 45.410261 ], [ 9.243304, 45.410254 ], [ 9.243313, 45.410247 ], [ 9.243322, 45.410241 ], [ 9.243331, 45.410234 ], [ 9.24334, 45.410228 ], [ 9.243349, 45.410221 ], [ 9.243358, 45.410215 ], [ 9.243368, 45.410208 ], [ 9.243377, 45.410202 ], [ 9.243387, 45.410196 ], [ 9.243396, 45.410189 ], [ 9.243406, 45.410183 ], [ 9.243415, 45.410177 ], [ 9.243425, 45.410171 ], [ 9.243511, 45.410119 ], [ 9.243543, 45.410093 ], [ 9.243552, 45.410075 ], [ 9.243556, 45.410059 ], [ 9.243546, 45.410039 ], [ 9.243538, 45.410031 ], [ 9.243535, 45.410029 ], [ 9.243525, 45.410019 ], [ 9.243515, 45.41001 ], [ 9.243506, 45.410003 ], [ 9.243497, 45.409995 ], [ 9.243489, 45.409988 ], [ 9.243481, 45.409982 ], [ 9.243473, 45.409975 ], [ 9.243465, 45.409968 ], [ 9.243456, 45.409961 ], [ 9.243448, 45.409954 ], [ 9.24344, 45.409947 ], [ 9.243432, 45.40994 ], [ 9.243423, 45.409933 ], [ 9.243415, 45.409926 ], [ 9.243407, 45.409919 ], [ 9.243399, 45.409913 ], [ 9.243391, 45.409906 ], [ 9.243383, 45.409899 ], [ 9.243375, 45.409892 ], [ 9.243366, 45.409885 ], [ 9.243358, 45.409878 ], [ 9.24335, 45.409871 ], [ 9.243342, 45.409864 ], [ 9.243334, 45.409857 ], [ 9.243326, 45.40985 ], [ 9.243319, 45.409843 ], [ 9.243311, 45.409836 ], [ 9.243303, 45.409829 ], [ 9.243295, 45.409822 ], [ 9.243287, 45.409815 ], [ 9.243279, 45.409808 ], [ 9.243271, 45.409801 ], [ 9.243263, 45.409794 ], [ 9.243256, 45.409787 ], [ 9.243248, 45.40978 ], [ 9.24324, 45.409773 ], [ 9.243232, 45.409765 ], [ 9.243224, 45.409758 ], [ 9.243217, 45.409751 ], [ 9.243209, 45.409744 ], [ 9.243201, 45.409737 ], [ 9.243194, 45.40973 ], [ 9.243186, 45.409723 ], [ 9.243179, 45.409716 ], [ 9.243171, 45.409708 ], [ 9.243164, 45.409701 ], [ 9.243156, 45.409694 ], [ 9.243149, 45.409686 ], [ 9.243141, 45.409679 ], [ 9.243134, 45.409672 ], [ 9.243127, 45.409665 ], [ 9.243119, 45.409657 ], [ 9.243112, 45.40965 ], [ 9.243104, 45.409643 ], [ 9.243097, 45.409635 ], [ 9.24309, 45.409628 ], [ 9.243083, 45.409621 ], [ 9.243075, 45.409613 ], [ 9.243068, 45.409606 ], [ 9.243061, 45.409598 ], [ 9.243054, 45.409591 ], [ 9.243047, 45.409584 ], [ 9.243039, 45.409576 ], [ 9.243032, 45.409569 ], [ 9.243025, 45.409561 ], [ 9.243018, 45.409554 ], [ 9.243011, 45.409546 ], [ 9.243004, 45.409539 ], [ 9.242997, 45.409531 ], [ 9.24299, 45.409524 ], [ 9.242982, 45.409516 ], [ 9.242975, 45.409509 ], [ 9.242968, 45.409501 ], [ 9.242961, 45.409494 ], [ 9.242954, 45.409486 ], [ 9.242946, 45.409479 ], [ 9.242939, 45.409471 ], [ 9.242932, 45.409464 ], [ 9.242925, 45.409457 ], [ 9.242917, 45.409449 ], [ 9.24291, 45.409442 ], [ 9.242903, 45.409434 ], [ 9.242896, 45.409427 ], [ 9.242888, 45.409419 ], [ 9.242881, 45.409412 ], [ 9.242874, 45.409405 ], [ 9.242867, 45.409397 ], [ 9.242859, 45.40939 ], [ 9.242852, 45.409382 ], [ 9.242845, 45.409375 ], [ 9.242837, 45.409367 ], [ 9.24283, 45.40936 ], [ 9.242822, 45.409353 ], [ 9.242815, 45.409345 ], [ 9.242807, 45.409338 ], [ 9.2428, 45.40933 ], [ 9.242792, 45.409323 ], [ 9.242785, 45.409315 ], [ 9.242777, 45.409308 ], [ 9.242769, 45.409301 ], [ 9.242761, 45.409294 ], [ 9.242752, 45.409287 ], [ 9.242744, 45.40928 ], [ 9.242735, 45.409272 ], [ 9.242725, 45.409265 ], [ 9.242716, 45.409258 ], [ 9.242706, 45.409251 ], [ 9.242696, 45.409245 ], [ 9.242686, 45.409239 ], [ 9.242676, 45.409233 ], [ 9.242665, 45.409227 ], [ 9.242654, 45.409221 ], [ 9.242641, 45.409215 ], [ 9.242629, 45.40921 ], [ 9.242617, 45.409205 ], [ 9.242605, 45.409201 ], [ 9.242593, 45.409197 ], [ 9.242581, 45.409193 ], [ 9.242568, 45.409189 ], [ 9.242556, 45.409185 ], [ 9.242544, 45.409182 ], [ 9.242531, 45.409179 ], [ 9.242519, 45.409175 ], [ 9.242507, 45.409172 ], [ 9.242494, 45.409169 ], [ 9.24246, 45.40916 ], [ 9.242287, 45.409119 ], [ 9.242275, 45.409116 ], [ 9.242263, 45.409113 ], [ 9.242251, 45.40911 ], [ 9.242238, 45.409107 ], [ 9.242226, 45.409104 ], [ 9.242214, 45.409102 ], [ 9.241921, 45.40903 ], [ 9.241909, 45.409026 ], [ 9.241897, 45.409023 ], [ 9.241885, 45.40902 ], [ 9.241873, 45.409017 ], [ 9.241861, 45.409014 ], [ 9.241849, 45.409011 ], [ 9.241837, 45.409008 ], [ 9.241825, 45.409004 ], [ 9.241813, 45.409001 ], [ 9.241801, 45.408998 ], [ 9.24179, 45.408994 ], [ 9.241778, 45.408991 ], [ 9.241766, 45.408988 ], [ 9.241754, 45.408985 ], [ 9.241742, 45.408981 ], [ 9.24173, 45.408978 ], [ 9.241719, 45.408974 ], [ 9.241707, 45.408971 ], [ 9.241695, 45.408968 ], [ 9.241683, 45.408964 ], [ 9.241671, 45.408961 ], [ 9.241659, 45.408958 ], [ 9.241648, 45.408954 ], [ 9.241636, 45.408951 ], [ 9.241624, 45.408948 ], [ 9.241612, 45.408944 ], [ 9.2416, 45.408941 ], [ 9.241589, 45.408937 ], [ 9.241577, 45.408934 ], [ 9.241565, 45.40893 ], [ 9.241553, 45.408927 ], [ 9.241542, 45.408923 ], [ 9.24153, 45.40892 ], [ 9.241518, 45.408916 ], [ 9.241507, 45.408913 ], [ 9.241495, 45.408909 ], [ 9.241483, 45.408906 ], [ 9.241471, 45.408902 ], [ 9.24146, 45.408899 ], [ 9.241448, 45.408895 ], [ 9.241437, 45.408891 ], [ 9.241425, 45.408888 ], [ 9.241413, 45.408884 ], [ 9.241402, 45.408881 ], [ 9.24139, 45.408877 ], [ 9.241378, 45.408873 ], [ 9.241367, 45.40887 ], [ 9.241355, 45.408866 ], [ 9.241343, 45.408863 ], [ 9.241332, 45.408859 ], [ 9.24132, 45.408855 ], [ 9.241309, 45.408851 ], [ 9.241297, 45.408848 ], [ 9.241286, 45.408844 ], [ 9.241274, 45.40884 ], [ 9.241262, 45.408836 ], [ 9.241251, 45.408832 ], [ 9.241239, 45.408829 ], [ 9.241228, 45.408825 ], [ 9.241216, 45.408821 ], [ 9.241205, 45.408817 ], [ 9.241193, 45.408813 ], [ 9.241182, 45.40881 ], [ 9.24117, 45.408806 ], [ 9.241158, 45.408802 ], [ 9.241147, 45.408798 ], [ 9.241135, 45.408794 ], [ 9.241124, 45.408791 ], [ 9.241112, 45.408787 ], [ 9.241101, 45.408783 ], [ 9.241089, 45.408779 ], [ 9.241078, 45.408775 ], [ 9.241066, 45.408771 ], [ 9.241055, 45.408767 ], [ 9.241044, 45.408763 ], [ 9.241032, 45.408759 ], [ 9.241021, 45.408755 ], [ 9.241009, 45.408751 ], [ 9.240998, 45.408747 ], [ 9.240987, 45.408743 ], [ 9.240975, 45.408739 ], [ 9.240964, 45.408735 ], [ 9.240953, 45.408731 ], [ 9.240941, 45.408727 ], [ 9.24093, 45.408723 ], [ 9.240919, 45.408719 ], [ 9.240908, 45.408714 ], [ 9.240908, 45.408714 ], [ 9.240898, 45.40871 ], [ 9.240887, 45.408706 ], [ 9.240877, 45.408701 ], [ 9.240866, 45.408697 ], [ 9.240856, 45.408692 ], [ 9.240846, 45.408687 ], [ 9.240836, 45.408682 ], [ 9.240827, 45.408677 ], [ 9.240817, 45.408672 ], [ 9.240807, 45.408667 ], [ 9.240798, 45.408661 ], [ 9.240788, 45.408656 ], [ 9.240779, 45.40865 ], [ 9.24077, 45.408644 ], [ 9.24076, 45.408638 ], [ 9.240751, 45.408632 ], [ 9.240742, 45.408626 ], [ 9.240733, 45.40862 ], [ 9.240724, 45.408614 ], [ 9.240716, 45.408608 ], [ 9.240707, 45.408602 ], [ 9.240699, 45.408595 ], [ 9.240691, 45.408589 ], [ 9.240683, 45.408582 ], [ 9.240675, 45.408575 ], [ 9.240668, 45.408568 ], [ 9.240661, 45.408562 ], [ 9.240653, 45.408555 ], [ 9.240645, 45.408548 ], [ 9.240638, 45.40854 ], [ 9.240631, 45.408533 ], [ 9.240624, 45.408526 ], [ 9.240616, 45.408518 ], [ 9.240609, 45.408511 ], [ 9.240602, 45.408503 ], [ 9.240595, 45.408496 ], [ 9.240587, 45.408488 ], [ 9.24058, 45.408481 ], [ 9.240573, 45.408474 ], [ 9.240566, 45.408466 ], [ 9.240559, 45.408459 ], [ 9.240552, 45.408451 ], [ 9.240546, 45.408444 ], [ 9.240539, 45.408436 ], [ 9.240532, 45.408428 ], [ 9.240525, 45.40842 ], [ 9.240518, 45.408413 ], [ 9.240516, 45.40841 ], [ 9.240511, 45.408405 ], [ 9.240504, 45.408398 ], [ 9.240496, 45.40839 ], [ 9.240482, 45.408378 ], [ 9.240422, 45.408328 ], [ 9.240406, 45.408314 ], [ 9.240396, 45.408309 ], [ 9.240368, 45.408293 ], [ 9.240318, 45.408271 ], [ 9.240303, 45.408294 ], [ 9.240285, 45.40832 ], [ 9.24028, 45.408328 ], [ 9.240269, 45.408348 ], [ 9.240257, 45.408365 ], [ 9.240253, 45.408367 ], [ 9.240249, 45.408369 ], [ 9.240237, 45.408371 ], [ 9.240224, 45.408372 ], [ 9.240211, 45.408373 ], [ 9.240198, 45.408374 ], [ 9.240186, 45.408376 ], [ 9.240173, 45.408377 ], [ 9.240161, 45.408405 ], [ 9.240149, 45.408433 ], [ 9.240136, 45.408436 ], [ 9.239561, 45.408582 ], [ 9.239547, 45.408583 ], [ 9.239528, 45.408584 ], [ 9.239476, 45.408585 ], [ 9.239459, 45.408587 ], [ 9.239448, 45.408592 ], [ 9.239437, 45.408597 ], [ 9.239426, 45.408602 ], [ 9.239415, 45.408607 ], [ 9.239405, 45.408613 ], [ 9.239396, 45.40862 ], [ 9.239387, 45.408626 ], [ 9.239378, 45.408633 ], [ 9.23937, 45.40864 ], [ 9.239362, 45.408647 ], [ 9.239353, 45.408654 ], [ 9.239344, 45.40866 ], [ 9.239336, 45.408666 ], [ 9.239327, 45.408673 ], [ 9.239318, 45.408679 ], [ 9.239309, 45.408686 ], [ 9.239301, 45.408693 ], [ 9.239292, 45.408699 ], [ 9.239283, 45.408706 ], [ 9.239275, 45.408712 ], [ 9.239266, 45.408719 ], [ 9.239257, 45.408725 ], [ 9.239248, 45.408732 ], [ 9.239239, 45.408738 ], [ 9.23923, 45.408744 ], [ 9.239221, 45.408751 ], [ 9.239212, 45.408757 ], [ 9.239202, 45.408762 ], [ 9.239193, 45.408768 ], [ 9.239183, 45.408775 ], [ 9.239174, 45.408781 ], [ 9.239164, 45.408787 ], [ 9.239155, 45.408793 ], [ 9.239145, 45.408799 ], [ 9.239136, 45.408805 ], [ 9.239126, 45.408811 ], [ 9.239117, 45.408817 ], [ 9.239107, 45.408823 ], [ 9.239098, 45.408829 ], [ 9.239089, 45.408836 ], [ 9.23908, 45.408842 ], [ 9.239071, 45.408849 ], [ 9.239062, 45.408855 ], [ 9.239053, 45.408862 ], [ 9.239044, 45.408868 ], [ 9.239036, 45.408875 ], [ 9.239027, 45.408881 ], [ 9.239018, 45.408888 ], [ 9.239009, 45.408895 ], [ 9.239001, 45.408901 ], [ 9.238992, 45.408908 ], [ 9.238983, 45.408914 ], [ 9.238974, 45.408921 ], [ 9.238966, 45.408928 ], [ 9.238957, 45.408934 ], [ 9.238948, 45.408941 ], [ 9.238939, 45.408947 ], [ 9.238931, 45.408954 ], [ 9.238922, 45.408961 ], [ 9.238914, 45.408968 ], [ 9.238907, 45.408975 ], [ 9.238899, 45.408982 ], [ 9.238891, 45.40899 ], [ 9.238883, 45.408997 ], [ 9.238876, 45.409004 ], [ 9.238868, 45.409012 ], [ 9.23886, 45.409019 ], [ 9.238855, 45.409028 ], [ 9.23885, 45.409037 ], [ 9.238846, 45.409045 ], [ 9.238842, 45.409054 ], [ 9.238838, 45.409062 ], [ 9.238834, 45.409071 ], [ 9.23883, 45.409079 ], [ 9.238826, 45.409088 ], [ 9.238822, 45.409096 ], [ 9.238816, 45.409104 ], [ 9.23881, 45.409112 ], [ 9.238804, 45.40912 ], [ 9.238798, 45.409128 ], [ 9.238791, 45.409135 ], [ 9.238785, 45.409143 ], [ 9.238779, 45.409151 ], [ 9.238773, 45.409159 ], [ 9.238765, 45.409165 ], [ 9.238756, 45.409172 ], [ 9.238748, 45.409179 ], [ 9.238739, 45.409185 ], [ 9.238731, 45.409192 ], [ 9.238722, 45.409199 ], [ 9.238714, 45.409206 ], [ 9.238705, 45.409212 ], [ 9.238697, 45.409219 ], [ 9.238688, 45.409226 ], [ 9.23868, 45.409233 ], [ 9.238671, 45.409239 ], [ 9.238663, 45.409246 ], [ 9.238655, 45.409253 ], [ 9.238646, 45.40926 ], [ 9.238638, 45.409267 ], [ 9.23863, 45.409274 ], [ 9.238622, 45.40928 ], [ 9.238613, 45.409287 ], [ 9.238605, 45.409294 ], [ 9.238597, 45.409301 ], [ 9.238589, 45.409308 ], [ 9.23858, 45.409315 ], [ 9.238572, 45.409322 ], [ 9.238564, 45.409328 ], [ 9.238556, 45.409335 ], [ 9.238547, 45.409342 ], [ 9.238537, 45.409348 ], [ 9.238528, 45.409353 ], [ 9.238518, 45.409359 ], [ 9.238508, 45.409365 ], [ 9.238499, 45.409371 ], [ 9.238489, 45.409377 ], [ 9.238479, 45.409382 ], [ 9.238468, 45.409387 ], [ 9.238457, 45.409392 ], [ 9.238447, 45.409397 ], [ 9.238436, 45.409402 ], [ 9.238425, 45.409407 ], [ 9.238415, 45.409412 ], [ 9.238404, 45.409417 ], [ 9.238394, 45.409422 ], [ 9.238383, 45.409427 ], [ 9.238373, 45.409432 ], [ 9.238362, 45.409437 ], [ 9.238352, 45.409442 ], [ 9.238341, 45.409447 ], [ 9.23833, 45.409452 ], [ 9.238319, 45.409457 ], [ 9.238309, 45.409462 ], [ 9.238298, 45.409466 ], [ 9.238287, 45.409471 ], [ 9.238277, 45.409476 ], [ 9.238266, 45.409481 ], [ 9.238255, 45.409486 ], [ 9.238244, 45.409491 ], [ 9.238234, 45.409496 ], [ 9.238223, 45.409501 ], [ 9.238212, 45.409506 ], [ 9.238202, 45.409511 ], [ 9.238191, 45.409516 ], [ 9.23818, 45.40952 ], [ 9.238169, 45.409525 ], [ 9.238159, 45.40953 ], [ 9.238148, 45.409535 ], [ 9.238137, 45.40954 ], [ 9.238126, 45.409544 ], [ 9.238115, 45.409549 ], [ 9.238105, 45.409554 ], [ 9.238094, 45.409559 ], [ 9.238083, 45.409564 ], [ 9.238072, 45.409568 ], [ 9.238061, 45.409573 ], [ 9.238051, 45.409578 ], [ 9.23804, 45.409583 ], [ 9.238029, 45.409588 ], [ 9.238018, 45.409592 ], [ 9.238007, 45.409597 ], [ 9.237996, 45.409601 ], [ 9.237985, 45.409606 ], [ 9.237974, 45.409611 ], [ 9.237963, 45.409615 ], [ 9.237952, 45.40962 ], [ 9.237941, 45.409624 ], [ 9.23793, 45.409629 ], [ 9.237919, 45.409633 ], [ 9.237908, 45.409638 ], [ 9.237421, 45.409833 ], [ 9.237349, 45.409861 ], [ 9.237341, 45.409856 ], [ 9.237296, 45.409826 ], [ 9.237022, 45.409703 ], [ 9.236939, 45.409667 ], [ 9.236899, 45.409649 ], [ 9.236829, 45.409631 ], [ 9.236784, 45.409616 ], [ 9.236736, 45.409607 ], [ 9.236699, 45.409598 ], [ 9.236673, 45.40959 ], [ 9.23664, 45.40958 ], [ 9.2366, 45.409566 ], [ 9.236588, 45.409555 ], [ 9.236563, 45.409526 ], [ 9.236482, 45.409437 ], [ 9.236459, 45.40943 ], [ 9.236426, 45.409427 ], [ 9.236408, 45.409428 ], [ 9.236385, 45.409431 ], [ 9.236289, 45.409439 ], [ 9.236277, 45.409448 ], [ 9.236262, 45.409457 ], [ 9.236306, 45.409629 ], [ 9.236303, 45.409629 ], [ 9.236269, 45.409634 ], [ 9.236157, 45.409617 ], [ 9.236153, 45.409616 ], [ 9.23607, 45.409572 ], [ 9.236026, 45.409545 ], [ 9.23591, 45.409474 ], [ 9.235906, 45.409473 ], [ 9.235828, 45.40945 ], [ 9.235692, 45.409413 ], [ 9.235688, 45.409412 ], [ 9.235638, 45.409407 ], [ 9.23561, 45.409399 ], [ 9.235579, 45.409392 ], [ 9.235493, 45.40937 ], [ 9.235466, 45.409356 ], [ 9.235365, 45.409325 ], [ 9.235347, 45.40932 ], [ 9.235339, 45.409319 ], [ 9.235245, 45.409301 ], [ 9.235222, 45.409297 ], [ 9.235199, 45.409293 ], [ 9.235152, 45.409289 ], [ 9.235021, 45.409276 ], [ 9.235005, 45.409274 ], [ 9.234892, 45.40925 ], [ 9.23488, 45.409246 ], [ 9.234842, 45.409234 ], [ 9.23478, 45.40921 ], [ 9.234773, 45.409209 ], [ 9.234706, 45.409195 ], [ 9.2347, 45.409195 ], [ 9.23453, 45.409205 ], [ 9.234513, 45.409203 ], [ 9.234453, 45.409189 ], [ 9.234396, 45.409175 ], [ 9.234337, 45.409158 ], [ 9.234326, 45.409153 ], [ 9.23426, 45.409123 ], [ 9.234224, 45.409134 ], [ 9.234219, 45.409133 ], [ 9.234196, 45.40913 ], [ 9.234182, 45.409128 ], [ 9.234122, 45.409119 ], [ 9.234116, 45.409118 ], [ 9.234042, 45.409117 ], [ 9.234034, 45.409116 ], [ 9.233963, 45.40911 ], [ 9.233921, 45.409103 ], [ 9.233874, 45.409095 ], [ 9.233821, 45.409088 ], [ 9.23377, 45.409076 ], [ 9.233702, 45.409062 ], [ 9.233659, 45.409048 ], [ 9.233639, 45.409036 ], [ 9.233604, 45.409013 ], [ 9.23358, 45.408998 ], [ 9.233537, 45.408974 ], [ 9.23349, 45.408951 ], [ 9.233455, 45.408935 ], [ 9.233416, 45.408916 ], [ 9.233398, 45.408906 ], [ 9.233367, 45.408887 ], [ 9.233323, 45.408857 ], [ 9.23327, 45.408819 ], [ 9.233254, 45.408811 ], [ 9.233229, 45.408798 ], [ 9.23322, 45.408795 ], [ 9.233214, 45.408794 ], [ 9.233186, 45.408779 ], [ 9.233157, 45.408764 ], [ 9.233075, 45.408717 ], [ 9.232936, 45.408641 ], [ 9.232597, 45.408456 ], [ 9.232356, 45.408325 ], [ 9.232232, 45.408259 ], [ 9.231986, 45.408126 ], [ 9.231637, 45.407943 ], [ 9.23147, 45.407853 ], [ 9.231389, 45.407922 ], [ 9.231386, 45.407924 ], [ 9.23127, 45.407982 ], [ 9.231253, 45.407983 ], [ 9.231136, 45.40799 ], [ 9.231124, 45.407992 ], [ 9.231099, 45.407994 ], [ 9.231043, 45.408001 ], [ 9.231034, 45.408001 ], [ 9.230945, 45.408002 ], [ 9.230859, 45.408002 ], [ 9.230796, 45.408001 ], [ 9.230593, 45.408001 ], [ 9.230447, 45.408002 ], [ 9.230432, 45.408001 ], [ 9.230344, 45.407997 ], [ 9.230144, 45.407987 ], [ 9.229887, 45.407975 ], [ 9.229659, 45.407964 ], [ 9.229625, 45.407962 ], [ 9.22959, 45.407963 ], [ 9.22953, 45.407961 ], [ 9.229436, 45.407959 ], [ 9.22922, 45.407955 ], [ 9.228938, 45.40795 ], [ 9.228536, 45.407943 ], [ 9.228261, 45.407937 ], [ 9.228253, 45.407936 ], [ 9.228072, 45.40794 ], [ 9.227897, 45.407944 ], [ 9.227813, 45.407934 ], [ 9.22781, 45.407933 ], [ 9.227636, 45.407873 ], [ 9.227629, 45.40787 ], [ 9.227207, 45.407686 ], [ 9.226939, 45.407567 ], [ 9.226933, 45.407565 ], [ 9.226673, 45.40744 ], [ 9.22667, 45.407437 ], [ 9.226529, 45.407337 ], [ 9.226503, 45.407319 ], [ 9.226501, 45.407317 ], [ 9.226491, 45.407322 ], [ 9.226481, 45.407327 ], [ 9.22647, 45.407332 ], [ 9.22646, 45.407338 ], [ 9.22645, 45.407343 ], [ 9.226439, 45.407348 ], [ 9.226429, 45.407353 ], [ 9.226418, 45.407358 ], [ 9.226408, 45.407363 ], [ 9.226397, 45.407368 ], [ 9.226386, 45.407373 ], [ 9.226376, 45.407378 ], [ 9.226365, 45.407383 ], [ 9.226354, 45.407388 ], [ 9.226344, 45.407393 ], [ 9.226333, 45.407398 ], [ 9.226322, 45.407403 ], [ 9.226311, 45.407408 ], [ 9.226301, 45.407413 ], [ 9.22629, 45.407418 ], [ 9.226279, 45.407423 ], [ 9.226269, 45.407428 ], [ 9.226258, 45.407433 ], [ 9.226247, 45.407438 ], [ 9.226236, 45.407443 ], [ 9.226225, 45.407448 ], [ 9.226215, 45.407454 ], [ 9.226205, 45.40746 ], [ 9.226195, 45.407465 ], [ 9.226185, 45.407471 ], [ 9.226174, 45.407477 ], [ 9.226164, 45.407482 ], [ 9.226154, 45.407488 ], [ 9.226144, 45.407493 ], [ 9.226134, 45.407499 ], [ 9.226124, 45.407505 ], [ 9.226114, 45.407511 ], [ 9.226104, 45.407516 ], [ 9.226094, 45.407522 ], [ 9.226084, 45.407528 ], [ 9.226074, 45.407534 ], [ 9.226064, 45.40754 ], [ 9.226054, 45.407546 ], [ 9.226044, 45.407552 ], [ 9.226035, 45.407558 ], [ 9.226025, 45.407564 ], [ 9.226015, 45.40757 ], [ 9.226005, 45.407576 ], [ 9.225996, 45.407582 ], [ 9.225986, 45.407588 ], [ 9.225977, 45.407595 ], [ 9.225967, 45.407601 ], [ 9.225958, 45.407607 ], [ 9.225948, 45.407613 ], [ 9.225939, 45.40762 ], [ 9.22593, 45.407626 ], [ 9.225921, 45.407633 ], [ 9.225912, 45.407639 ], [ 9.225902, 45.407646 ], [ 9.225893, 45.407652 ], [ 9.225884, 45.407659 ], [ 9.225876, 45.407666 ], [ 9.225867, 45.407672 ], [ 9.225858, 45.407679 ], [ 9.225849, 45.407686 ], [ 9.225841, 45.407693 ], [ 9.225833, 45.407701 ], [ 9.225825, 45.407708 ], [ 9.225817, 45.407715 ], [ 9.225809, 45.407723 ], [ 9.225801, 45.40773 ], [ 9.225793, 45.407737 ], [ 9.225785, 45.407744 ], [ 9.225777, 45.407752 ], [ 9.22577, 45.407759 ], [ 9.225762, 45.407766 ], [ 9.225754, 45.407773 ], [ 9.225746, 45.407781 ], [ 9.225739, 45.407788 ], [ 9.225731, 45.407795 ], [ 9.225723, 45.407803 ], [ 9.225716, 45.40781 ], [ 9.225708, 45.407818 ], [ 9.225701, 45.407825 ], [ 9.225694, 45.407833 ], [ 9.225686, 45.40784 ], [ 9.225679, 45.407847 ], [ 9.225672, 45.407855 ], [ 9.225665, 45.407862 ], [ 9.225657, 45.40787 ], [ 9.22565, 45.407877 ], [ 9.225643, 45.407885 ], [ 9.225636, 45.407892 ], [ 9.225629, 45.4079 ], [ 9.225621, 45.407907 ], [ 9.225614, 45.407914 ], [ 9.225607, 45.407922 ], [ 9.2256, 45.407929 ], [ 9.225593, 45.407937 ], [ 9.225585, 45.407944 ], [ 9.225578, 45.407951 ], [ 9.225571, 45.407959 ], [ 9.225564, 45.407966 ], [ 9.225556, 45.407974 ], [ 9.225549, 45.407981 ], [ 9.225542, 45.407988 ], [ 9.225535, 45.407996 ], [ 9.225527, 45.408003 ], [ 9.22552, 45.408011 ], [ 9.225513, 45.408018 ], [ 9.225505, 45.408025 ], [ 9.225498, 45.408032 ], [ 9.225491, 45.40804 ], [ 9.225483, 45.408047 ], [ 9.225476, 45.408054 ], [ 9.225468, 45.408062 ], [ 9.225461, 45.408069 ], [ 9.225453, 45.408076 ], [ 9.225446, 45.408083 ], [ 9.225438, 45.408091 ], [ 9.225431, 45.408098 ], [ 9.225423, 45.408105 ], [ 9.225415, 45.408112 ], [ 9.225407, 45.408119 ], [ 9.2254, 45.408126 ], [ 9.225392, 45.408133 ], [ 9.225384, 45.408141 ], [ 9.225376, 45.408148 ], [ 9.225369, 45.408155 ], [ 9.225361, 45.408162 ], [ 9.225353, 45.408169 ], [ 9.225346, 45.408176 ], [ 9.225338, 45.408183 ], [ 9.22533, 45.408191 ], [ 9.225322, 45.408198 ], [ 9.225315, 45.408205 ], [ 9.225307, 45.408212 ], [ 9.225299, 45.408219 ], [ 9.225291, 45.408226 ], [ 9.225283, 45.408233 ], [ 9.225275, 45.40824 ], [ 9.225268, 45.408247 ], [ 9.22526, 45.408254 ], [ 9.225252, 45.408261 ], [ 9.225244, 45.408268 ], [ 9.225236, 45.408274 ], [ 9.225228, 45.408281 ], [ 9.22522, 45.408288 ], [ 9.225211, 45.408295 ], [ 9.225203, 45.408302 ], [ 9.225195, 45.408308 ], [ 9.225186, 45.408315 ], [ 9.225178, 45.408322 ], [ 9.22517, 45.408328 ], [ 9.225161, 45.408335 ], [ 9.225153, 45.408342 ], [ 9.225145, 45.408348 ], [ 9.225136, 45.408355 ], [ 9.225128, 45.408361 ], [ 9.225119, 45.408368 ], [ 9.22511, 45.408374 ], [ 9.225102, 45.408381 ], [ 9.225093, 45.408387 ], [ 9.225084, 45.408394 ], [ 9.225075, 45.4084 ], [ 9.225066, 45.408406 ], [ 9.225057, 45.408413 ], [ 9.225048, 45.408419 ], [ 9.225039, 45.408426 ], [ 9.22503, 45.408432 ], [ 9.225021, 45.408439 ], [ 9.225012, 45.408445 ], [ 9.225003, 45.408451 ], [ 9.224994, 45.408458 ], [ 9.224985, 45.408464 ], [ 9.224976, 45.408471 ], [ 9.224967, 45.408477 ], [ 9.224958, 45.408483 ], [ 9.224949, 45.40849 ], [ 9.22494, 45.408496 ], [ 9.224931, 45.408503 ], [ 9.224922, 45.408509 ], [ 9.224914, 45.408515 ], [ 9.224905, 45.408522 ], [ 9.224896, 45.408528 ], [ 9.224886, 45.408534 ], [ 9.224877, 45.408541 ], [ 9.224868, 45.408547 ], [ 9.224859, 45.408553 ], [ 9.22485, 45.40856 ], [ 9.224841, 45.408566 ], [ 9.224832, 45.408572 ], [ 9.224823, 45.408579 ], [ 9.224814, 45.408585 ], [ 9.224805, 45.408591 ], [ 9.224796, 45.408598 ], [ 9.224787, 45.408604 ], [ 9.224778, 45.40861 ], [ 9.224769, 45.408617 ], [ 9.22476, 45.408623 ], [ 9.224751, 45.408629 ], [ 9.224742, 45.408636 ], [ 9.224733, 45.408642 ], [ 9.224724, 45.408648 ], [ 9.224715, 45.408655 ], [ 9.224705, 45.408661 ], [ 9.224696, 45.408667 ], [ 9.224687, 45.408673 ], [ 9.224678, 45.40868 ], [ 9.224669, 45.408686 ], [ 9.22466, 45.408692 ], [ 9.224651, 45.408699 ], [ 9.224641, 45.408705 ], [ 9.224632, 45.408711 ], [ 9.224623, 45.408717 ], [ 9.224614, 45.408724 ], [ 9.224605, 45.40873 ], [ 9.224596, 45.408736 ], [ 9.224587, 45.408743 ], [ 9.224577, 45.408749 ], [ 9.224568, 45.408755 ], [ 9.224559, 45.408761 ], [ 9.22455, 45.408768 ], [ 9.224541, 45.408774 ], [ 9.224532, 45.40878 ], [ 9.224523, 45.408787 ], [ 9.224513, 45.408793 ], [ 9.224504, 45.408799 ], [ 9.224495, 45.408805 ], [ 9.224486, 45.408812 ], [ 9.224477, 45.408818 ], [ 9.224468, 45.408824 ], [ 9.224459, 45.408831 ], [ 9.224449, 45.408837 ], [ 9.22444, 45.408843 ], [ 9.224431, 45.408849 ], [ 9.224422, 45.408856 ], [ 9.224413, 45.408862 ], [ 9.224404, 45.408868 ], [ 9.224395, 45.408875 ], [ 9.224385, 45.408881 ], [ 9.224376, 45.408887 ], [ 9.224367, 45.408893 ], [ 9.224358, 45.408899 ], [ 9.224349, 45.408906 ], [ 9.224339, 45.408912 ], [ 9.22433, 45.408918 ], [ 9.224321, 45.408924 ], [ 9.224312, 45.408931 ], [ 9.224302, 45.408937 ], [ 9.224293, 45.408943 ], [ 9.224284, 45.408949 ], [ 9.224275, 45.408955 ], [ 9.224266, 45.408962 ], [ 9.224256, 45.408968 ], [ 9.224247, 45.408974 ], [ 9.224238, 45.40898 ], [ 9.224228, 45.408986 ], [ 9.224219, 45.408992 ], [ 9.224209, 45.408998 ], [ 9.2242, 45.409004 ], [ 9.224191, 45.409011 ], [ 9.224181, 45.409017 ], [ 9.224172, 45.409023 ], [ 9.224163, 45.409029 ], [ 9.224153, 45.409035 ], [ 9.224144, 45.409041 ], [ 9.224135, 45.409047 ], [ 9.224125, 45.409053 ], [ 9.224116, 45.409059 ], [ 9.224107, 45.409064 ], [ 9.224097, 45.40907 ], [ 9.224088, 45.409076 ], [ 9.224078, 45.409081 ], [ 9.224069, 45.409086 ], [ 9.224059, 45.409092 ], [ 9.224049, 45.409097 ], [ 9.22404, 45.409102 ], [ 9.22403, 45.409108 ], [ 9.22402, 45.409113 ], [ 9.224009, 45.409118 ], [ 9.223999, 45.409124 ], [ 9.223989, 45.409129 ], [ 9.223978, 45.409134 ], [ 9.223968, 45.409139 ], [ 9.223957, 45.409144 ], [ 9.223947, 45.40915 ], [ 9.223937, 45.409155 ], [ 9.223926, 45.40916 ], [ 9.223916, 45.409165 ], [ 9.223905, 45.40917 ], [ 9.223894, 45.409175 ], [ 9.223884, 45.40918 ], [ 9.223873, 45.409185 ], [ 9.223863, 45.40919 ], [ 9.223852, 45.409195 ], [ 9.223841, 45.4092 ], [ 9.223831, 45.409205 ], [ 9.22382, 45.40921 ], [ 9.223809, 45.409215 ], [ 9.223799, 45.40922 ], [ 9.223788, 45.409225 ], [ 9.223777, 45.40923 ], [ 9.223767, 45.409235 ], [ 9.223756, 45.40924 ], [ 9.223745, 45.409245 ], [ 9.223735, 45.40925 ], [ 9.223724, 45.409254 ], [ 9.223713, 45.409259 ], [ 9.223702, 45.409264 ], [ 9.223692, 45.409269 ], [ 9.223681, 45.409274 ], [ 9.22367, 45.409279 ], [ 9.22366, 45.409284 ], [ 9.223649, 45.409289 ], [ 9.223638, 45.409293 ], [ 9.223627, 45.409298 ], [ 9.223617, 45.409303 ], [ 9.223606, 45.409308 ], [ 9.223595, 45.409313 ], [ 9.223584, 45.409318 ], [ 9.223574, 45.409323 ], [ 9.223563, 45.409328 ], [ 9.223552, 45.409333 ], [ 9.223542, 45.409338 ], [ 9.223531, 45.409343 ], [ 9.223521, 45.409348 ], [ 9.22351, 45.409353 ], [ 9.223499, 45.409358 ], [ 9.223489, 45.409363 ], [ 9.223478, 45.409368 ], [ 9.223468, 45.409373 ], [ 9.223457, 45.409378 ], [ 9.223446, 45.409383 ], [ 9.223436, 45.409388 ], [ 9.223425, 45.409393 ], [ 9.223414, 45.409398 ], [ 9.223404, 45.409403 ], [ 9.223393, 45.409408 ], [ 9.223383, 45.409413 ], [ 9.223372, 45.409418 ], [ 9.223361, 45.409423 ], [ 9.223351, 45.409428 ], [ 9.22334, 45.409433 ], [ 9.223329, 45.409438 ], [ 9.223318, 45.409443 ], [ 9.223307, 45.409448 ], [ 9.223296, 45.409453 ], [ 9.223285, 45.409459 ], [ 9.223274, 45.409464 ], [ 9.223263, 45.40947 ], [ 9.223252, 45.409477 ], [ 9.223241, 45.409483 ], [ 9.22323, 45.409489 ], [ 9.223185, 45.409517 ], [ 9.223147, 45.409533 ], [ 9.223108, 45.409543 ], [ 9.223089, 45.409547 ], [ 9.223078, 45.40955 ], [ 9.223045, 45.409552 ], [ 9.223028, 45.409551 ], [ 9.223014, 45.40955 ], [ 9.223001, 45.409548 ], [ 9.222989, 45.409545 ], [ 9.222977, 45.409542 ], [ 9.222965, 45.409539 ], [ 9.222955, 45.409535 ], [ 9.222945, 45.409532 ], [ 9.222935, 45.409528 ], [ 9.222925, 45.409523 ], [ 9.222914, 45.409518 ], [ 9.222914, 45.409518 ], [ 9.222904, 45.409514 ], [ 9.222893, 45.409509 ], [ 9.222883, 45.409503 ], [ 9.222872, 45.409498 ], [ 9.222862, 45.409493 ], [ 9.222851, 45.409488 ], [ 9.222841, 45.409483 ], [ 9.22283, 45.409478 ], [ 9.22282, 45.409473 ], [ 9.22281, 45.409468 ], [ 9.222799, 45.409463 ], [ 9.222789, 45.409457 ], [ 9.222778, 45.409452 ], [ 9.222768, 45.409447 ], [ 9.222757, 45.409442 ], [ 9.222747, 45.409437 ], [ 9.222736, 45.409431 ], [ 9.222726, 45.409426 ], [ 9.222716, 45.409421 ], [ 9.222705, 45.409416 ], [ 9.222695, 45.409411 ], [ 9.222684, 45.409405 ], [ 9.222674, 45.4094 ], [ 9.222664, 45.409395 ], [ 9.222653, 45.40939 ], [ 9.222643, 45.409385 ], [ 9.222632, 45.409379 ], [ 9.222622, 45.409374 ], [ 9.222611, 45.409369 ], [ 9.222601, 45.409364 ], [ 9.22259, 45.409359 ], [ 9.22258, 45.409353 ], [ 9.22257, 45.409348 ], [ 9.222559, 45.409343 ], [ 9.222549, 45.409338 ], [ 9.222538, 45.409333 ], [ 9.222528, 45.409327 ], [ 9.222518, 45.409322 ], [ 9.222507, 45.409317 ], [ 9.222497, 45.409312 ], [ 9.222486, 45.409306 ], [ 9.222476, 45.409301 ], [ 9.222466, 45.409296 ], [ 9.222455, 45.409291 ], [ 9.222445, 45.409285 ], [ 9.222434, 45.40928 ], [ 9.222424, 45.409275 ], [ 9.222414, 45.40927 ], [ 9.222403, 45.409264 ], [ 9.222393, 45.409259 ], [ 9.222383, 45.409254 ], [ 9.222372, 45.409249 ], [ 9.222362, 45.409243 ], [ 9.222351, 45.409238 ], [ 9.222341, 45.409233 ], [ 9.222331, 45.409228 ], [ 9.22232, 45.409222 ], [ 9.22231, 45.409217 ], [ 9.222299, 45.409212 ], [ 9.222289, 45.409207 ], [ 9.222279, 45.409201 ], [ 9.222268, 45.409196 ], [ 9.222258, 45.409191 ], [ 9.222247, 45.409186 ], [ 9.222237, 45.40918 ], [ 9.222227, 45.409175 ], [ 9.222216, 45.40917 ], [ 9.222206, 45.409165 ], [ 9.222196, 45.409159 ], [ 9.222185, 45.409154 ], [ 9.222175, 45.409149 ], [ 9.222164, 45.409144 ], [ 9.222154, 45.409138 ], [ 9.222144, 45.409133 ], [ 9.222133, 45.409128 ], [ 9.222123, 45.409123 ], [ 9.222112, 45.409118 ], [ 9.222102, 45.409112 ], [ 9.222092, 45.409107 ], [ 9.222081, 45.409102 ], [ 9.222071, 45.409097 ], [ 9.22206, 45.409091 ], [ 9.22205, 45.409086 ], [ 9.222039, 45.409081 ], [ 9.222012, 45.409068 ], [ 9.221987, 45.409056 ], [ 9.221977, 45.40905 ], [ 9.221966, 45.409045 ], [ 9.221956, 45.40904 ], [ 9.221945, 45.409035 ], [ 9.221935, 45.40903 ], [ 9.221924, 45.409025 ], [ 9.221914, 45.40902 ], [ 9.221903, 45.409015 ], [ 9.221892, 45.40901 ], [ 9.221882, 45.409005 ], [ 9.221871, 45.409 ], [ 9.221861, 45.408995 ], [ 9.22185, 45.408989 ], [ 9.22184, 45.408984 ], [ 9.221829, 45.408979 ], [ 9.221818, 45.408974 ], [ 9.221808, 45.408969 ], [ 9.221797, 45.408964 ], [ 9.221787, 45.408959 ], [ 9.221776, 45.408954 ], [ 9.221766, 45.408949 ], [ 9.221755, 45.408944 ], [ 9.221745, 45.408938 ], [ 9.221734, 45.408933 ], [ 9.221724, 45.408928 ], [ 9.221713, 45.408923 ], [ 9.221703, 45.408918 ], [ 9.221692, 45.408913 ], [ 9.221682, 45.408908 ], [ 9.221671, 45.408903 ], [ 9.221661, 45.408897 ], [ 9.22165, 45.408892 ], [ 9.22164, 45.408887 ], [ 9.221629, 45.408882 ], [ 9.221619, 45.408877 ], [ 9.221608, 45.408872 ], [ 9.221598, 45.408867 ], [ 9.221587, 45.408862 ], [ 9.221577, 45.408857 ], [ 9.221566, 45.408852 ], [ 9.221555, 45.408846 ], [ 9.221545, 45.408841 ], [ 9.221534, 45.408836 ], [ 9.221524, 45.408831 ], [ 9.221513, 45.408826 ], [ 9.221503, 45.408821 ], [ 9.221492, 45.408816 ], [ 9.221482, 45.408811 ], [ 9.221471, 45.408806 ], [ 9.221461, 45.4088 ], [ 9.22145, 45.408795 ], [ 9.221444, 45.408793 ], [ 9.22144, 45.40879 ], [ 9.221429, 45.408785 ], [ 9.221419, 45.40878 ], [ 9.221408, 45.408775 ], [ 9.221397, 45.40877 ], [ 9.221387, 45.408765 ], [ 9.221376, 45.40876 ], [ 9.221366, 45.408755 ], [ 9.221251, 45.408699 ], [ 9.22124, 45.408694 ], [ 9.22123, 45.408688 ], [ 9.221219, 45.408683 ], [ 9.221209, 45.408678 ], [ 9.221199, 45.408673 ], [ 9.221188, 45.408668 ], [ 9.221178, 45.408663 ], [ 9.221167, 45.408657 ], [ 9.221157, 45.408652 ], [ 9.221146, 45.408647 ], [ 9.221136, 45.408642 ], [ 9.221126, 45.408637 ], [ 9.221115, 45.408631 ], [ 9.221105, 45.408626 ], [ 9.221094, 45.408621 ], [ 9.221084, 45.408616 ], [ 9.221073, 45.408611 ], [ 9.221063, 45.408606 ], [ 9.221052, 45.4086 ], [ 9.221045, 45.408597 ], [ 9.221042, 45.408595 ], [ 9.221031, 45.40859 ], [ 9.221021, 45.408585 ], [ 9.22101, 45.40858 ], [ 9.221, 45.408575 ], [ 9.220989, 45.408569 ], [ 9.220979, 45.408564 ], [ 9.220968, 45.408559 ], [ 9.220958, 45.408554 ], [ 9.220947, 45.408549 ], [ 9.220937, 45.408544 ], [ 9.220926, 45.408539 ], [ 9.220916, 45.408534 ], [ 9.220905, 45.408528 ], [ 9.220895, 45.408523 ], [ 9.220884, 45.408518 ], [ 9.220874, 45.408513 ], [ 9.220863, 45.408508 ], [ 9.220853, 45.408503 ], [ 9.220843, 45.408498 ], [ 9.220832, 45.408492 ], [ 9.220822, 45.408487 ], [ 9.220811, 45.408482 ], [ 9.220801, 45.408477 ], [ 9.22079, 45.408472 ], [ 9.22078, 45.408467 ], [ 9.220769, 45.408462 ], [ 9.220759, 45.408456 ], [ 9.220748, 45.408451 ], [ 9.220738, 45.408446 ], [ 9.220727, 45.408441 ], [ 9.220717, 45.408436 ], [ 9.220706, 45.408431 ], [ 9.220696, 45.408425 ], [ 9.220685, 45.40842 ], [ 9.220675, 45.408415 ], [ 9.220664, 45.40841 ], [ 9.220654, 45.408405 ], [ 9.220643, 45.4084 ], [ 9.220633, 45.408395 ], [ 9.220622, 45.40839 ], [ 9.220612, 45.408385 ], [ 9.220601, 45.40838 ], [ 9.22059, 45.408375 ], [ 9.220579, 45.40837 ], [ 9.220569, 45.408365 ], [ 9.220558, 45.40836 ], [ 9.220547, 45.408355 ], [ 9.220537, 45.40835 ], [ 9.220526, 45.408345 ], [ 9.220515, 45.40834 ], [ 9.220505, 45.408335 ], [ 9.220494, 45.40833 ], [ 9.220483, 45.408326 ], [ 9.220472, 45.408321 ], [ 9.220461, 45.408316 ], [ 9.220451, 45.408311 ], [ 9.22044, 45.408307 ], [ 9.220429, 45.408302 ], [ 9.220418, 45.408297 ], [ 9.220411, 45.408294 ], [ 9.2204, 45.408289 ], [ 9.220389, 45.408284 ], [ 9.220378, 45.40828 ], [ 9.220367, 45.408275 ], [ 9.220356, 45.40827 ], [ 9.220345, 45.408266 ], [ 9.220334, 45.408261 ], [ 9.220323, 45.408257 ], [ 9.220312, 45.408252 ], [ 9.220301, 45.408248 ], [ 9.22029, 45.408243 ], [ 9.220279, 45.408239 ], [ 9.220268, 45.408234 ], [ 9.220256, 45.40823 ], [ 9.220245, 45.408226 ], [ 9.220234, 45.408221 ], [ 9.220223, 45.408217 ], [ 9.220211, 45.408213 ], [ 9.2202, 45.408209 ], [ 9.220189, 45.408204 ], [ 9.220178, 45.4082 ], [ 9.220166, 45.408196 ], [ 9.220155, 45.408192 ], [ 9.220144, 45.408188 ], [ 9.220132, 45.408184 ], [ 9.220121, 45.40818 ], [ 9.220109, 45.408176 ], [ 9.220098, 45.408172 ], [ 9.220086, 45.408168 ], [ 9.220075, 45.408164 ], [ 9.220063, 45.40816 ], [ 9.220052, 45.408156 ], [ 9.220041, 45.408151 ], [ 9.220029, 45.408147 ], [ 9.220018, 45.408143 ], [ 9.220006, 45.408139 ], [ 9.219995, 45.408135 ], [ 9.219983, 45.408131 ], [ 9.219972, 45.408127 ], [ 9.219961, 45.408123 ], [ 9.219949, 45.408119 ], [ 9.219938, 45.408115 ], [ 9.219927, 45.408111 ], [ 9.219915, 45.408106 ], [ 9.219904, 45.408102 ], [ 9.219893, 45.408098 ], [ 9.219881, 45.408094 ], [ 9.21987, 45.40809 ], [ 9.219859, 45.408085 ], [ 9.219848, 45.408081 ], [ 9.219836, 45.408077 ], [ 9.219825, 45.408072 ], [ 9.219814, 45.408068 ], [ 9.219803, 45.408063 ], [ 9.219792, 45.408059 ], [ 9.219781, 45.408054 ], [ 9.21977, 45.408049 ], [ 9.219759, 45.408045 ], [ 9.219748, 45.40804 ], [ 9.219737, 45.408035 ], [ 9.219726, 45.408031 ], [ 9.219716, 45.408026 ], [ 9.219705, 45.408021 ], [ 9.219694, 45.408016 ], [ 9.219683, 45.408012 ], [ 9.21968, 45.40801 ], [ 9.219669, 45.408006 ], [ 9.219659, 45.408001 ], [ 9.219648, 45.407996 ], [ 9.219637, 45.407991 ], [ 9.219626, 45.407986 ], [ 9.219616, 45.407981 ], [ 9.219605, 45.407977 ], [ 9.219594, 45.407972 ], [ 9.219583, 45.407967 ], [ 9.219573, 45.407962 ], [ 9.219562, 45.407957 ], [ 9.219551, 45.407952 ], [ 9.21954, 45.407947 ], [ 9.21953, 45.407942 ], [ 9.219519, 45.407937 ], [ 9.219509, 45.407932 ], [ 9.219498, 45.407927 ], [ 9.219488, 45.407922 ], [ 9.219477, 45.407917 ], [ 9.219467, 45.407911 ], [ 9.219456, 45.407906 ], [ 9.219446, 45.407901 ], [ 9.219435, 45.407896 ], [ 9.219425, 45.407891 ], [ 9.219414, 45.407886 ], [ 9.219404, 45.40788 ], [ 9.219393, 45.407875 ], [ 9.219383, 45.40787 ], [ 9.219373, 45.407865 ], [ 9.219362, 45.40786 ], [ 9.219352, 45.407854 ], [ 9.219341, 45.407849 ], [ 9.219331, 45.407844 ], [ 9.219321, 45.407839 ], [ 9.21931, 45.407833 ], [ 9.2193, 45.407828 ], [ 9.219289, 45.407823 ], [ 9.219279, 45.407818 ], [ 9.219269, 45.407812 ], [ 9.219258, 45.407807 ], [ 9.219248, 45.407802 ], [ 9.219237, 45.407797 ], [ 9.219227, 45.407791 ], [ 9.219217, 45.407786 ], [ 9.219206, 45.407781 ], [ 9.219196, 45.407776 ], [ 9.219186, 45.40777 ], [ 9.219175, 45.407765 ], [ 9.219165, 45.40776 ], [ 9.219155, 45.407754 ], [ 9.219144, 45.407749 ], [ 9.219134, 45.407744 ], [ 9.219124, 45.407739 ], [ 9.219113, 45.407733 ], [ 9.219103, 45.407728 ], [ 9.219093, 45.407723 ], [ 9.219082, 45.407717 ], [ 9.219072, 45.407712 ], [ 9.219061, 45.407707 ], [ 9.219051, 45.407702 ], [ 9.21904, 45.407696 ], [ 9.21903, 45.407691 ], [ 9.219019, 45.407685 ], [ 9.219015, 45.407683 ], [ 9.219004, 45.407678 ], [ 9.218994, 45.407673 ], [ 9.218983, 45.407668 ], [ 9.218973, 45.407662 ], [ 9.218963, 45.407657 ], [ 9.218952, 45.407652 ], [ 9.218942, 45.407647 ], [ 9.218932, 45.407641 ], [ 9.218921, 45.407636 ], [ 9.218911, 45.407631 ], [ 9.2189, 45.407626 ], [ 9.21889, 45.40762 ], [ 9.21888, 45.407615 ], [ 9.218869, 45.40761 ], [ 9.218859, 45.407605 ], [ 9.218848, 45.407599 ], [ 9.218838, 45.407594 ], [ 9.218828, 45.407589 ], [ 9.218817, 45.407584 ], [ 9.218807, 45.407578 ], [ 9.218797, 45.407573 ], [ 9.218786, 45.407568 ], [ 9.218776, 45.407563 ], [ 9.218765, 45.407557 ], [ 9.218755, 45.407552 ], [ 9.218745, 45.407547 ], [ 9.218734, 45.407542 ], [ 9.218724, 45.407536 ], [ 9.218713, 45.407531 ], [ 9.218703, 45.407526 ], [ 9.218693, 45.407521 ], [ 9.218682, 45.407515 ], [ 9.218672, 45.40751 ], [ 9.218662, 45.407505 ], [ 9.218651, 45.4075 ], [ 9.218641, 45.407494 ], [ 9.218631, 45.407489 ], [ 9.21862, 45.407484 ], [ 9.21861, 45.407478 ], [ 9.2186, 45.407473 ], [ 9.218589, 45.407468 ], [ 9.218579, 45.407463 ], [ 9.218569, 45.407457 ], [ 9.218558, 45.407452 ], [ 9.218548, 45.407447 ], [ 9.218538, 45.407441 ], [ 9.218527, 45.407436 ], [ 9.218517, 45.407431 ], [ 9.218507, 45.407425 ], [ 9.218497, 45.40742 ], [ 9.218486, 45.407414 ], [ 9.218476, 45.407409 ], [ 9.218466, 45.407404 ], [ 9.218455, 45.407398 ], [ 9.218445, 45.407393 ], [ 9.218435, 45.407388 ], [ 9.218425, 45.407382 ], [ 9.218414, 45.407377 ], [ 9.218404, 45.407372 ], [ 9.218394, 45.407366 ], [ 9.218393, 45.407366 ], [ 9.218382, 45.407361 ], [ 9.218372, 45.407355 ], [ 9.218362, 45.40735 ], [ 9.218351, 45.407345 ], [ 9.218341, 45.407339 ], [ 9.218331, 45.407334 ], [ 9.21832, 45.407329 ], [ 9.21831, 45.407323 ], [ 9.2183, 45.407318 ], [ 9.218289, 45.407313 ], [ 9.218279, 45.407308 ], [ 9.218269, 45.407302 ], [ 9.218258, 45.407297 ], [ 9.218248, 45.407292 ], [ 9.218238, 45.407286 ], [ 9.218227, 45.407281 ], [ 9.218217, 45.407276 ], [ 9.218206, 45.407271 ], [ 9.218196, 45.407266 ], [ 9.218185, 45.407261 ], [ 9.218174, 45.407256 ], [ 9.218164, 45.407251 ], [ 9.218034, 45.407186 ], [ 9.218039, 45.407178 ], [ 9.218193, 45.406933 ], [ 9.218261, 45.406822 ], [ 9.218378, 45.406636 ], [ 9.218585, 45.406309 ], [ 9.218555, 45.406301 ], [ 9.21852, 45.406291 ], [ 9.218479, 45.40628 ], [ 9.218484, 45.406271 ], [ 9.218488, 45.406263 ], [ 9.218492, 45.406254 ], [ 9.218496, 45.406246 ], [ 9.218501, 45.406237 ], [ 9.218505, 45.406229 ], [ 9.218509, 45.406221 ], [ 9.218514, 45.406212 ], [ 9.218518, 45.406204 ], [ 9.218522, 45.406195 ], [ 9.218526, 45.406187 ], [ 9.21853, 45.406178 ], [ 9.218534, 45.40617 ], [ 9.218538, 45.406161 ], [ 9.218542, 45.406152 ], [ 9.218546, 45.406144 ], [ 9.21855, 45.406135 ], [ 9.218555, 45.406127 ], [ 9.218559, 45.406118 ], [ 9.218563, 45.40611 ], [ 9.218567, 45.406101 ], [ 9.218571, 45.406093 ], [ 9.218575, 45.406084 ], [ 9.218579, 45.406076 ], [ 9.218584, 45.406067 ], [ 9.218589, 45.406059 ], [ 9.218593, 45.40605 ], [ 9.218598, 45.406042 ], [ 9.218602, 45.406033 ], [ 9.218607, 45.406025 ], [ 9.218611, 45.406017 ], [ 9.218616, 45.406008 ], [ 9.21862, 45.406 ], [ 9.218625, 45.405991 ], [ 9.218629, 45.405983 ], [ 9.218634, 45.405974 ], [ 9.218639, 45.405966 ], [ 9.218644, 45.405957 ], [ 9.218649, 45.405949 ], [ 9.218654, 45.405941 ], [ 9.218659, 45.405932 ], [ 9.218665, 45.405924 ], [ 9.218671, 45.405916 ], [ 9.218677, 45.405908 ], [ 9.218682, 45.4059 ], [ 9.218688, 45.405892 ], [ 9.218694, 45.405884 ], [ 9.218701, 45.405876 ], [ 9.218707, 45.405868 ], [ 9.218713, 45.40586 ], [ 9.218719, 45.405852 ], [ 9.218725, 45.405844 ], [ 9.218731, 45.405836 ], [ 9.218736, 45.405828 ], [ 9.218741, 45.40582 ], [ 9.218746, 45.405812 ], [ 9.21875, 45.405804 ], [ 9.218755, 45.405796 ], [ 9.218759, 45.405788 ], [ 9.218764, 45.405779 ], [ 9.218768, 45.405771 ], [ 9.218772, 45.405762 ], [ 9.218775, 45.405754 ], [ 9.218779, 45.405745 ], [ 9.218783, 45.405737 ], [ 9.218787, 45.405728 ], [ 9.218789, 45.40572 ], [ 9.21879, 45.405712 ], [ 9.218791, 45.405704 ], [ 9.218791, 45.405696 ], [ 9.21879, 45.405688 ], [ 9.218787, 45.405679 ], [ 9.218782, 45.405671 ], [ 9.218776, 45.405664 ], [ 9.218774, 45.40566 ], [ 9.218774, 45.405659 ], [ 9.218764, 45.405654 ], [ 9.218756, 45.405651 ], [ 9.218746, 45.405647 ], [ 9.218735, 45.405645 ], [ 9.218724, 45.405642 ], [ 9.218712, 45.40564 ], [ 9.2187, 45.405638 ], [ 9.218687, 45.405636 ], [ 9.218674, 45.405635 ], [ 9.218662, 45.405633 ], [ 9.218649, 45.405632 ], [ 9.218636, 45.40563 ], [ 9.218624, 45.405629 ], [ 9.218612, 45.405627 ], [ 9.2186, 45.405625 ], [ 9.218588, 45.405623 ], [ 9.218574, 45.405621 ], [ 9.21856, 45.405619 ], [ 9.218547, 45.405616 ], [ 9.218534, 45.405612 ], [ 9.218522, 45.405609 ], [ 9.218511, 45.405606 ], [ 9.218498, 45.405602 ], [ 9.218487, 45.405599 ], [ 9.218475, 45.405595 ], [ 9.218463, 45.405592 ], [ 9.218452, 45.405588 ], [ 9.21844, 45.405584 ], [ 9.218427, 45.40558 ], [ 9.218415, 45.405575 ], [ 9.218403, 45.405568 ], [ 9.218393, 45.405559 ], [ 9.218385, 45.405551 ], [ 9.218379, 45.405542 ], [ 9.218373, 45.405533 ], [ 9.218369, 45.405525 ], [ 9.218363, 45.405517 ], [ 9.218358, 45.405509 ], [ 9.218352, 45.405501 ], [ 9.218347, 45.405493 ], [ 9.218341, 45.405486 ], [ 9.218333, 45.405479 ], [ 9.218325, 45.405473 ], [ 9.218318, 45.405466 ], [ 9.21831, 45.405461 ], [ 9.218302, 45.405456 ], [ 9.218291, 45.40545 ], [ 9.218282, 45.405445 ], [ 9.218271, 45.40544 ], [ 9.218261, 45.405434 ], [ 9.218251, 45.405428 ], [ 9.21824, 45.405423 ], [ 9.21823, 45.405417 ], [ 9.218221, 45.405412 ], [ 9.21821, 45.405406 ], [ 9.218201, 45.405401 ], [ 9.21819, 45.405395 ], [ 9.21818, 45.40539 ], [ 9.21817, 45.405384 ], [ 9.21816, 45.405379 ], [ 9.21815, 45.405374 ], [ 9.218139, 45.405369 ], [ 9.218129, 45.405364 ], [ 9.218119, 45.405359 ], [ 9.218108, 45.405354 ], [ 9.218097, 45.405349 ], [ 9.218087, 45.405345 ], [ 9.218076, 45.40534 ], [ 9.218065, 45.405336 ], [ 9.218054, 45.405331 ], [ 9.218042, 45.405327 ], [ 9.218031, 45.405323 ], [ 9.21802, 45.405318 ], [ 9.218008, 45.405314 ], [ 9.217997, 45.40531 ], [ 9.217986, 45.405305 ], [ 9.217975, 45.4053 ], [ 9.217964, 45.405296 ], [ 9.217953, 45.405291 ], [ 9.217943, 45.405285 ], [ 9.217932, 45.40528 ], [ 9.217816, 45.40522 ], [ 9.217806, 45.405214 ], [ 9.217795, 45.405208 ], [ 9.217784, 45.405203 ], [ 9.217774, 45.405198 ], [ 9.217763, 45.405192 ], [ 9.217752, 45.405187 ], [ 9.217741, 45.405182 ], [ 9.21773, 45.405177 ], [ 9.217719, 45.405172 ], [ 9.217707, 45.405167 ], [ 9.217695, 45.405163 ], [ 9.217682, 45.40516 ], [ 9.217672, 45.405157 ], [ 9.217661, 45.405153 ], [ 9.21765, 45.405149 ], [ 9.217639, 45.405144 ], [ 9.217628, 45.40514 ], [ 9.217617, 45.405135 ], [ 9.217606, 45.405131 ], [ 9.217596, 45.405126 ], [ 9.217587, 45.405121 ], [ 9.217577, 45.405117 ], [ 9.21757, 45.405113 ], [ 9.217562, 45.405108 ], [ 9.217554, 45.405102 ], [ 9.217546, 45.405095 ], [ 9.217537, 45.405088 ], [ 9.217529, 45.405081 ], [ 9.217521, 45.405074 ], [ 9.217513, 45.405067 ], [ 9.217505, 45.40506 ], [ 9.217498, 45.405053 ], [ 9.21749, 45.405045 ], [ 9.217482, 45.405038 ], [ 9.217474, 45.40503 ], [ 9.217465, 45.405023 ], [ 9.217456, 45.405016 ], [ 9.217446, 45.40501 ], [ 9.217436, 45.405003 ], [ 9.217426, 45.404998 ], [ 9.217414, 45.404992 ], [ 9.217402, 45.404988 ], [ 9.217391, 45.404983 ], [ 9.217379, 45.404979 ], [ 9.217368, 45.404975 ], [ 9.217356, 45.404971 ], [ 9.217345, 45.404967 ], [ 9.217334, 45.404963 ], [ 9.217323, 45.404959 ], [ 9.217312, 45.404954 ], [ 9.217301, 45.40495 ], [ 9.217291, 45.404945 ], [ 9.217281, 45.40494 ], [ 9.217271, 45.404936 ], [ 9.217261, 45.404931 ], [ 9.217251, 45.404926 ], [ 9.217241, 45.40492 ], [ 9.217231, 45.404915 ], [ 9.21722, 45.404909 ], [ 9.21721, 45.404903 ], [ 9.217199, 45.404897 ], [ 9.217189, 45.404892 ], [ 9.217179, 45.404886 ], [ 9.217165, 45.404875 ], [ 9.21713, 45.40485 ], [ 9.217125, 45.404842 ], [ 9.217118, 45.404834 ], [ 9.21711, 45.404827 ], [ 9.217102, 45.40482 ], [ 9.217092, 45.404814 ], [ 9.217091, 45.404814 ], [ 9.21708, 45.404809 ], [ 9.217068, 45.404805 ], [ 9.217057, 45.404802 ], [ 9.217045, 45.404798 ], [ 9.217032, 45.404795 ], [ 9.217028, 45.404794 ], [ 9.217016, 45.404791 ], [ 9.217004, 45.404789 ], [ 9.216992, 45.404786 ], [ 9.21698, 45.404783 ], [ 9.216967, 45.40478 ], [ 9.216957, 45.404778 ], [ 9.216945, 45.404774 ], [ 9.216933, 45.404771 ], [ 9.216921, 45.404767 ], [ 9.21691, 45.404763 ], [ 9.216899, 45.404759 ], [ 9.21689, 45.404756 ], [ 9.216879, 45.404751 ], [ 9.216869, 45.404745 ], [ 9.216859, 45.404739 ], [ 9.21685, 45.404733 ], [ 9.21684, 45.404727 ], [ 9.216831, 45.404721 ], [ 9.216828, 45.404719 ], [ 9.216819, 45.404712 ], [ 9.216811, 45.404705 ], [ 9.216803, 45.404698 ], [ 9.216799, 45.404694 ], [ 9.216792, 45.404686 ], [ 9.216786, 45.404678 ], [ 9.216781, 45.40467 ], [ 9.21678, 45.404666 ], [ 9.216776, 45.404658 ], [ 9.216773, 45.404649 ], [ 9.21677, 45.40464 ], [ 9.216768, 45.404631 ], [ 9.216767, 45.404625 ], [ 9.216767, 45.404616 ], [ 9.216767, 45.404607 ], [ 9.216768, 45.404598 ], [ 9.216769, 45.404592 ], [ 9.216821, 45.404594 ], [ 9.216864, 45.404596 ], [ 9.216957, 45.4046 ], [ 9.216948, 45.404593 ], [ 9.216941, 45.404584 ], [ 9.216934, 45.404575 ], [ 9.216931, 45.404566 ], [ 9.216928, 45.404556 ], [ 9.216928, 45.404547 ], [ 9.216928, 45.404538 ], [ 9.216929, 45.404528 ], [ 9.21693, 45.404519 ], [ 9.216932, 45.40451 ], [ 9.216935, 45.404501 ], [ 9.216937, 45.404492 ], [ 9.21694, 45.404483 ], [ 9.216943, 45.404475 ], [ 9.216945, 45.404466 ], [ 9.216946, 45.404457 ], [ 9.216947, 45.404448 ], [ 9.216949, 45.40444 ], [ 9.216949, 45.404431 ], [ 9.21695, 45.404422 ], [ 9.21695, 45.404413 ], [ 9.21695, 45.404404 ], [ 9.216951, 45.404395 ], [ 9.216951, 45.404386 ], [ 9.216951, 45.404377 ], [ 9.216952, 45.404368 ], [ 9.216952, 45.404359 ], [ 9.216953, 45.404349 ], [ 9.216954, 45.40434 ], [ 9.216956, 45.404331 ], [ 9.216957, 45.404323 ], [ 9.216958, 45.404314 ], [ 9.216959, 45.404305 ], [ 9.21696, 45.404296 ], [ 9.216961, 45.404287 ], [ 9.216961, 45.404278 ], [ 9.216961, 45.404269 ], [ 9.216961, 45.40426 ], [ 9.216961, 45.404251 ], [ 9.21696, 45.404242 ], [ 9.21696, 45.404234 ], [ 9.216959, 45.404225 ], [ 9.216957, 45.404216 ], [ 9.216956, 45.404207 ], [ 9.216954, 45.404198 ], [ 9.216953, 45.404189 ], [ 9.216951, 45.40418 ], [ 9.21695, 45.404171 ], [ 9.216949, 45.404162 ], [ 9.216948, 45.404153 ], [ 9.216948, 45.404144 ], [ 9.216948, 45.404135 ], [ 9.216947, 45.404126 ], [ 9.216947, 45.404117 ], [ 9.216946, 45.404108 ], [ 9.216945, 45.404099 ], [ 9.216944, 45.40409 ], [ 9.216943, 45.404081 ], [ 9.216941, 45.404072 ], [ 9.21694, 45.404064 ], [ 9.216938, 45.404055 ], [ 9.216936, 45.404046 ], [ 9.216933, 45.404037 ], [ 9.216931, 45.404028 ], [ 9.216928, 45.40402 ], [ 9.216926, 45.404011 ], [ 9.216923, 45.404002 ], [ 9.216921, 45.403993 ], [ 9.216918, 45.403985 ], [ 9.216915, 45.403976 ], [ 9.216912, 45.403967 ], [ 9.216908, 45.403959 ], [ 9.216904, 45.403951 ], [ 9.2169, 45.403942 ], [ 9.216895, 45.403934 ], [ 9.21689, 45.403926 ], [ 9.216885, 45.403918 ], [ 9.21688, 45.403909 ], [ 9.216875, 45.403901 ], [ 9.21687, 45.403893 ], [ 9.216865, 45.403885 ], [ 9.21686, 45.403876 ], [ 9.216855, 45.403868 ], [ 9.21685, 45.40386 ], [ 9.216845, 45.403851 ], [ 9.21684, 45.403843 ], [ 9.216835, 45.403834 ], [ 9.216831, 45.403826 ], [ 9.216827, 45.403817 ], [ 9.216822, 45.403809 ], [ 9.216818, 45.4038 ], [ 9.216814, 45.403792 ], [ 9.216809, 45.403784 ], [ 9.216805, 45.403775 ], [ 9.2168, 45.403767 ], [ 9.216796, 45.403758 ], [ 9.216791, 45.40375 ], [ 9.216786, 45.403742 ], [ 9.216781, 45.403734 ], [ 9.216776, 45.403725 ], [ 9.216771, 45.403717 ], [ 9.216766, 45.403709 ], [ 9.216761, 45.403701 ], [ 9.216756, 45.403692 ], [ 9.216751, 45.403684 ], [ 9.216746, 45.403676 ], [ 9.216741, 45.403668 ], [ 9.216736, 45.403659 ], [ 9.216731, 45.403651 ], [ 9.216726, 45.403643 ], [ 9.216721, 45.403634 ], [ 9.216716, 45.403626 ], [ 9.216711, 45.403618 ], [ 9.216706, 45.40361 ], [ 9.216701, 45.403601 ], [ 9.216696, 45.403593 ], [ 9.216691, 45.403585 ], [ 9.216686, 45.403576 ], [ 9.216681, 45.403568 ], [ 9.216676, 45.403559 ], [ 9.216672, 45.403551 ], [ 9.216668, 45.403542 ], [ 9.216664, 45.403533 ], [ 9.216661, 45.403525 ], [ 9.216657, 45.403516 ], [ 9.216654, 45.403507 ], [ 9.21665, 45.403499 ], [ 9.216645, 45.403491 ], [ 9.216641, 45.403482 ], [ 9.216637, 45.403474 ], [ 9.216633, 45.403465 ], [ 9.216629, 45.403456 ], [ 9.216625, 45.403448 ], [ 9.216622, 45.403439 ], [ 9.216618, 45.40343 ], [ 9.216615, 45.403422 ], [ 9.216612, 45.403413 ], [ 9.216608, 45.403404 ], [ 9.216604, 45.403396 ], [ 9.2166, 45.403387 ], [ 9.216596, 45.403379 ], [ 9.216592, 45.40337 ], [ 9.216588, 45.403361 ], [ 9.216585, 45.403353 ], [ 9.216582, 45.403344 ], [ 9.216579, 45.403335 ], [ 9.216576, 45.403326 ], [ 9.216573, 45.403318 ], [ 9.216569, 45.403309 ], [ 9.216566, 45.4033 ], [ 9.216562, 45.403292 ], [ 9.216558, 45.403283 ], [ 9.216555, 45.403274 ], [ 9.216552, 45.403266 ], [ 9.216549, 45.403257 ], [ 9.216546, 45.403248 ], [ 9.216544, 45.403239 ], [ 9.216541, 45.40323 ], [ 9.21654, 45.403221 ], [ 9.216538, 45.403211 ], [ 9.216538, 45.403202 ], [ 9.216537, 45.403193 ], [ 9.216537, 45.403184 ], [ 9.216536, 45.403175 ], [ 9.216536, 45.403166 ], [ 9.216535, 45.403157 ], [ 9.216535, 45.403148 ], [ 9.216534, 45.403139 ], [ 9.216534, 45.40313 ], [ 9.216534, 45.403121 ], [ 9.216534, 45.403112 ], [ 9.216533, 45.403103 ], [ 9.216533, 45.403094 ], [ 9.216534, 45.403085 ], [ 9.216534, 45.403076 ], [ 9.216534, 45.403067 ], [ 9.216535, 45.403058 ], [ 9.216535, 45.403049 ], [ 9.216534, 45.40304 ], [ 9.216534, 45.403031 ], [ 9.216534, 45.403022 ], [ 9.216533, 45.403013 ], [ 9.216532, 45.403004 ], [ 9.216532, 45.402995 ], [ 9.216531, 45.402986 ], [ 9.21653, 45.402978 ], [ 9.216529, 45.402969 ], [ 9.216528, 45.40296 ], [ 9.216527, 45.402951 ], [ 9.216525, 45.402942 ], [ 9.216524, 45.402933 ], [ 9.216524, 45.402923 ], [ 9.216523, 45.402914 ], [ 9.216523, 45.402905 ], [ 9.216524, 45.402896 ], [ 9.216524, 45.402887 ], [ 9.216524, 45.402878 ], [ 9.216524, 45.402869 ], [ 9.216524, 45.40286 ], [ 9.216524, 45.402851 ], [ 9.216524, 45.402842 ], [ 9.216524, 45.402833 ], [ 9.216524, 45.402824 ], [ 9.216524, 45.402815 ], [ 9.216524, 45.402806 ], [ 9.216524, 45.402797 ], [ 9.216524, 45.402788 ], [ 9.216524, 45.402779 ], [ 9.216524, 45.40277 ], [ 9.216525, 45.402761 ], [ 9.216524, 45.402752 ], [ 9.216524, 45.402743 ], [ 9.216524, 45.402734 ], [ 9.216524, 45.402725 ], [ 9.216523, 45.402716 ], [ 9.216523, 45.402708 ], [ 9.216522, 45.402699 ], [ 9.216521, 45.40269 ], [ 9.216521, 45.402681 ], [ 9.21652, 45.402672 ], [ 9.216519, 45.402663 ], [ 9.216518, 45.402654 ], [ 9.216517, 45.402645 ], [ 9.216516, 45.402636 ], [ 9.216515, 45.402627 ], [ 9.216514, 45.402618 ], [ 9.216512, 45.402609 ], [ 9.216511, 45.4026 ], [ 9.216509, 45.402591 ], [ 9.216508, 45.402582 ], [ 9.216507, 45.402573 ], [ 9.216505, 45.402565 ], [ 9.216503, 45.402556 ], [ 9.216501, 45.402547 ], [ 9.2165, 45.402538 ], [ 9.216499, 45.402529 ], [ 9.216498, 45.40252 ], [ 9.216496, 45.402511 ], [ 9.216495, 45.402502 ], [ 9.216494, 45.402493 ], [ 9.216494, 45.402484 ], [ 9.216493, 45.402474 ], [ 9.216493, 45.402465 ], [ 9.216493, 45.402456 ], [ 9.216492, 45.402447 ], [ 9.216492, 45.402438 ], [ 9.216492, 45.402429 ], [ 9.216492, 45.40242 ], [ 9.216492, 45.402411 ], [ 9.216492, 45.402402 ], [ 9.216492, 45.402393 ], [ 9.216491, 45.402384 ], [ 9.216491, 45.402375 ], [ 9.216491, 45.402366 ], [ 9.216491, 45.402357 ], [ 9.216491, 45.402348 ], [ 9.216493, 45.402339 ], [ 9.216494, 45.402329 ], [ 9.216495, 45.402319 ], [ 9.216492, 45.402277 ], [ 9.216492, 45.402268 ], [ 9.216491, 45.402259 ], [ 9.216491, 45.40225 ], [ 9.216491, 45.402241 ], [ 9.216491, 45.402232 ], [ 9.216491, 45.402223 ], [ 9.216491, 45.402214 ], [ 9.216491, 45.402205 ], [ 9.216491, 45.402196 ], [ 9.216491, 45.402187 ], [ 9.216491, 45.402178 ], [ 9.21649, 45.402169 ], [ 9.216489, 45.40216 ], [ 9.216489, 45.402151 ], [ 9.216488, 45.402142 ], [ 9.216488, 45.402133 ], [ 9.216488, 45.402124 ], [ 9.216487, 45.402115 ], [ 9.216487, 45.402106 ], [ 9.216486, 45.402097 ], [ 9.216486, 45.402088 ], [ 9.216486, 45.402079 ], [ 9.216486, 45.40207 ], [ 9.216485, 45.402061 ], [ 9.216485, 45.402052 ], [ 9.216485, 45.402043 ], [ 9.216485, 45.402034 ], [ 9.216485, 45.402025 ], [ 9.216484, 45.402016 ], [ 9.216484, 45.402007 ], [ 9.216484, 45.401998 ], [ 9.216484, 45.401989 ], [ 9.216484, 45.40198 ], [ 9.216484, 45.401971 ], [ 9.216484, 45.401962 ], [ 9.216484, 45.401953 ], [ 9.216484, 45.401944 ], [ 9.216484, 45.401935 ], [ 9.216484, 45.401927 ], [ 9.216484, 45.401918 ], [ 9.216484, 45.401909 ], [ 9.216484, 45.4019 ], [ 9.216484, 45.401891 ], [ 9.216484, 45.401882 ], [ 9.216484, 45.401872 ], [ 9.216483, 45.401863 ], [ 9.216482, 45.401854 ], [ 9.216481, 45.401845 ], [ 9.21648, 45.401836 ], [ 9.21648, 45.401827 ], [ 9.216479, 45.401818 ], [ 9.216478, 45.401809 ], [ 9.216477, 45.4018 ], [ 9.216476, 45.401791 ], [ 9.216476, 45.401782 ], [ 9.216476, 45.401774 ], [ 9.216475, 45.401765 ], [ 9.216475, 45.401756 ], [ 9.216475, 45.401747 ], [ 9.216475, 45.401738 ], [ 9.216475, 45.401728 ], [ 9.216474, 45.401719 ], [ 9.216473, 45.40171 ], [ 9.216472, 45.401701 ], [ 9.216471, 45.401692 ], [ 9.21647, 45.401683 ], [ 9.216469, 45.401674 ], [ 9.216467, 45.401665 ], [ 9.216466, 45.401656 ], [ 9.216464, 45.401647 ], [ 9.216463, 45.401639 ], [ 9.216463, 45.40163 ], [ 9.216462, 45.401621 ], [ 9.216461, 45.401612 ], [ 9.216461, 45.401603 ], [ 9.216461, 45.401594 ], [ 9.21646, 45.401585 ], [ 9.21646, 45.401576 ], [ 9.216461, 45.401567 ], [ 9.216461, 45.401558 ], [ 9.216462, 45.40155 ], [ 9.216463, 45.401541 ], [ 9.216465, 45.401532 ], [ 9.216467, 45.401524 ], [ 9.21647, 45.401515 ], [ 9.216473, 45.401506 ], [ 9.216477, 45.401498 ], [ 9.21648, 45.401489 ], [ 9.216484, 45.40148 ], [ 9.216487, 45.401472 ], [ 9.216491, 45.401464 ], [ 9.216495, 45.401455 ], [ 9.2165, 45.401447 ], [ 9.216505, 45.401438 ], [ 9.216509, 45.40143 ], [ 9.216513, 45.401421 ], [ 9.216516, 45.401412 ], [ 9.21652, 45.401404 ], [ 9.216523, 45.401395 ], [ 9.216527, 45.401386 ], [ 9.21653, 45.401378 ], [ 9.216534, 45.401369 ], [ 9.216538, 45.40136 ], [ 9.216541, 45.401352 ], [ 9.216544, 45.401343 ], [ 9.216548, 45.401334 ], [ 9.216551, 45.401325 ], [ 9.216554, 45.401317 ], [ 9.216557, 45.401308 ], [ 9.21656, 45.401299 ], [ 9.216563, 45.40129 ], [ 9.216565, 45.401281 ], [ 9.216568, 45.401272 ], [ 9.21657, 45.401263 ], [ 9.216571, 45.401254 ], [ 9.216573, 45.401245 ], [ 9.216575, 45.401237 ], [ 9.216577, 45.401228 ], [ 9.216579, 45.401219 ], [ 9.216581, 45.40121 ], [ 9.216583, 45.401201 ], [ 9.216585, 45.401192 ], [ 9.216587, 45.401183 ], [ 9.216588, 45.401174 ], [ 9.216589, 45.401165 ], [ 9.216591, 45.401156 ], [ 9.216593, 45.401147 ], [ 9.216595, 45.401138 ], [ 9.216597, 45.40113 ], [ 9.216598, 45.401121 ], [ 9.2166, 45.401112 ], [ 9.216602, 45.401103 ], [ 9.216604, 45.401094 ], [ 9.216607, 45.401086 ], [ 9.21661, 45.401077 ], [ 9.216614, 45.401068 ], [ 9.216617, 45.40106 ], [ 9.21662, 45.401051 ], [ 9.216624, 45.401042 ], [ 9.216627, 45.401034 ], [ 9.216631, 45.401025 ], [ 9.216634, 45.401017 ], [ 9.216638, 45.401008 ], [ 9.216642, 45.400999 ], [ 9.216645, 45.400991 ], [ 9.216649, 45.400982 ], [ 9.216652, 45.400973 ], [ 9.216655, 45.400964 ], [ 9.216658, 45.400955 ], [ 9.216661, 45.400947 ], [ 9.216663, 45.400938 ], [ 9.216665, 45.400929 ], [ 9.216667, 45.40092 ], [ 9.21667, 45.400911 ], [ 9.216672, 45.400902 ], [ 9.216673, 45.400893 ], [ 9.216676, 45.400885 ], [ 9.216679, 45.400876 ], [ 9.216682, 45.400867 ], [ 9.216685, 45.400858 ], [ 9.216688, 45.40085 ], [ 9.216691, 45.400841 ], [ 9.216694, 45.400832 ], [ 9.216696, 45.400823 ], [ 9.216699, 45.400814 ], [ 9.216702, 45.400805 ], [ 9.216704, 45.400797 ], [ 9.216707, 45.400788 ], [ 9.216709, 45.400779 ], [ 9.216712, 45.40077 ], [ 9.216714, 45.400761 ], [ 9.216717, 45.400753 ], [ 9.216719, 45.400744 ], [ 9.216722, 45.400735 ], [ 9.216725, 45.400726 ], [ 9.216727, 45.400717 ], [ 9.21673, 45.400709 ], [ 9.216733, 45.4007 ], [ 9.216736, 45.400691 ], [ 9.216739, 45.400683 ], [ 9.216743, 45.400674 ], [ 9.216747, 45.400665 ], [ 9.21675, 45.400657 ], [ 9.216753, 45.400648 ], [ 9.216755, 45.400639 ], [ 9.216757, 45.40063 ], [ 9.216759, 45.400621 ], [ 9.216761, 45.400612 ], [ 9.216763, 45.400603 ], [ 9.216765, 45.400594 ], [ 9.216767, 45.400585 ], [ 9.21677, 45.400577 ], [ 9.216773, 45.400568 ], [ 9.216776, 45.400559 ], [ 9.216778, 45.40055 ], [ 9.216781, 45.400542 ], [ 9.216784, 45.400533 ], [ 9.216786, 45.400524 ], [ 9.21679, 45.400515 ], [ 9.216793, 45.400507 ], [ 9.216796, 45.400498 ], [ 9.2168, 45.400489 ], [ 9.216803, 45.400481 ], [ 9.216807, 45.400472 ], [ 9.21681, 45.400464 ], [ 9.216814, 45.400455 ], [ 9.216817, 45.400446 ], [ 9.216821, 45.400438 ], [ 9.216825, 45.400429 ], [ 9.216829, 45.400421 ], [ 9.216833, 45.400412 ], [ 9.216836, 45.400403 ], [ 9.216839, 45.400394 ], [ 9.216842, 45.400385 ], [ 9.216845, 45.400376 ], [ 9.216846, 45.400367 ], [ 9.216847, 45.400358 ], [ 9.216849, 45.400349 ], [ 9.21685, 45.40034 ], [ 9.216852, 45.400331 ], [ 9.216852, 45.400322 ], [ 9.216853, 45.400312 ], [ 9.216852, 45.400303 ], [ 9.216851, 45.400294 ], [ 9.216849, 45.400285 ], [ 9.216847, 45.400276 ], [ 9.216845, 45.400267 ], [ 9.216842, 45.400258 ], [ 9.21684, 45.400249 ], [ 9.216837, 45.40024 ], [ 9.216835, 45.400231 ], [ 9.216833, 45.400223 ], [ 9.21683, 45.400214 ], [ 9.216828, 45.400205 ], [ 9.216826, 45.400196 ], [ 9.216824, 45.400187 ], [ 9.216822, 45.400178 ], [ 9.21682, 45.40017 ], [ 9.216818, 45.400161 ], [ 9.216817, 45.400152 ], [ 9.216815, 45.400143 ], [ 9.216814, 45.400134 ], [ 9.216813, 45.400125 ], [ 9.216811, 45.400116 ], [ 9.21681, 45.400107 ], [ 9.216809, 45.400098 ], [ 9.216807, 45.400089 ], [ 9.216806, 45.40008 ], [ 9.216805, 45.400071 ], [ 9.216803, 45.400062 ], [ 9.216802, 45.400053 ], [ 9.216801, 45.400045 ], [ 9.2168, 45.400036 ], [ 9.216799, 45.400027 ], [ 9.216798, 45.400018 ], [ 9.216796, 45.400009 ], [ 9.216795, 45.4 ], [ 9.216794, 45.399991 ], [ 9.216793, 45.399982 ], [ 9.216791, 45.399973 ], [ 9.216791, 45.399964 ], [ 9.21679, 45.399955 ], [ 9.21679, 45.399946 ], [ 9.216791, 45.399938 ], [ 9.216791, 45.399929 ], [ 9.216793, 45.39992 ], [ 9.216795, 45.399912 ], [ 9.216797, 45.399903 ], [ 9.216799, 45.399894 ], [ 9.216802, 45.399885 ], [ 9.216805, 45.399877 ], [ 9.216808, 45.399869 ], [ 9.216814, 45.399862 ], [ 9.216821, 45.399854 ], [ 9.216828, 45.399847 ], [ 9.216837, 45.39984 ], [ 9.216844, 45.399832 ], [ 9.216851, 45.399824 ], [ 9.216856, 45.399815 ], [ 9.21686, 45.399807 ], [ 9.216865, 45.399798 ], [ 9.216868, 45.399789 ], [ 9.216872, 45.39978 ], [ 9.216875, 45.399771 ], [ 9.216878, 45.399762 ], [ 9.21688, 45.399754 ], [ 9.216885, 45.399735 ], [ 9.216889, 45.399718 ], [ 9.216892, 45.399709 ], [ 9.216894, 45.3997 ], [ 9.216896, 45.399691 ], [ 9.216898, 45.399683 ], [ 9.2169, 45.399674 ], [ 9.216903, 45.399665 ], [ 9.216906, 45.399656 ], [ 9.216909, 45.399648 ], [ 9.216912, 45.399639 ], [ 9.216914, 45.39963 ], [ 9.216918, 45.399622 ], [ 9.216921, 45.399613 ], [ 9.216925, 45.399605 ], [ 9.216929, 45.399596 ], [ 9.216932, 45.399588 ], [ 9.216936, 45.399579 ], [ 9.21694, 45.399571 ], [ 9.216945, 45.399563 ], [ 9.216951, 45.399555 ], [ 9.216957, 45.399548 ], [ 9.216965, 45.399541 ], [ 9.216972, 45.399534 ], [ 9.21698, 45.399527 ], [ 9.216989, 45.399521 ], [ 9.216998, 45.399515 ], [ 9.217007, 45.399509 ], [ 9.217017, 45.399503 ], [ 9.217027, 45.399497 ], [ 9.217036, 45.399491 ], [ 9.217046, 45.399485 ], [ 9.217055, 45.399479 ], [ 9.217065, 45.399473 ], [ 9.217074, 45.399467 ], [ 9.217083, 45.39946 ], [ 9.217092, 45.399454 ], [ 9.217101, 45.399447 ], [ 9.217109, 45.39944 ], [ 9.217118, 45.399433 ], [ 9.217126, 45.399426 ], [ 9.217134, 45.399419 ], [ 9.217142, 45.399412 ], [ 9.217149, 45.399404 ], [ 9.217157, 45.399397 ], [ 9.217164, 45.39939 ], [ 9.217172, 45.399382 ], [ 9.217179, 45.399375 ], [ 9.217187, 45.399368 ], [ 9.217194, 45.39936 ], [ 9.217202, 45.399353 ], [ 9.217209, 45.399346 ], [ 9.217216, 45.399338 ], [ 9.217223, 45.39933 ], [ 9.21723, 45.399323 ], [ 9.217237, 45.399315 ], [ 9.217244, 45.399307 ], [ 9.21725, 45.399299 ], [ 9.217256, 45.399291 ], [ 9.217262, 45.399283 ], [ 9.217268, 45.399275 ], [ 9.217273, 45.399267 ], [ 9.217279, 45.399259 ], [ 9.217285, 45.399252 ], [ 9.217292, 45.399244 ], [ 9.217299, 45.399237 ], [ 9.217306, 45.399229 ], [ 9.217313, 45.399221 ], [ 9.21732, 45.399214 ], [ 9.217327, 45.399206 ], [ 9.217334, 45.399199 ], [ 9.217341, 45.399191 ], [ 9.217347, 45.399183 ], [ 9.217354, 45.399176 ], [ 9.217361, 45.399168 ], [ 9.217367, 45.39916 ], [ 9.217374, 45.399153 ], [ 9.217381, 45.399145 ], [ 9.217388, 45.399138 ], [ 9.217396, 45.399131 ], [ 9.217403, 45.399124 ], [ 9.217411, 45.399116 ], [ 9.217418, 45.399109 ], [ 9.217426, 45.399102 ], [ 9.217433, 45.399095 ], [ 9.217441, 45.399087 ], [ 9.217448, 45.39908 ], [ 9.217456, 45.399073 ], [ 9.217463, 45.399065 ], [ 9.217471, 45.399058 ], [ 9.217478, 45.399051 ], [ 9.217486, 45.399044 ], [ 9.217493, 45.399036 ], [ 9.217501, 45.399029 ], [ 9.217509, 45.399022 ], [ 9.217517, 45.399015 ], [ 9.217525, 45.399008 ], [ 9.217532, 45.399001 ], [ 9.21754, 45.398994 ], [ 9.217547, 45.398986 ], [ 9.217555, 45.398979 ], [ 9.217563, 45.398973 ], [ 9.217572, 45.398966 ], [ 9.21758, 45.398959 ], [ 9.217588, 45.398952 ], [ 9.217596, 45.398945 ], [ 9.217604, 45.398938 ], [ 9.217612, 45.39893 ], [ 9.217619, 45.398923 ], [ 9.217626, 45.398915 ], [ 9.217634, 45.398909 ], [ 9.217643, 45.398902 ], [ 9.21765, 45.398894 ], [ 9.217658, 45.398887 ], [ 9.217665, 45.398879 ], [ 9.217672, 45.398871 ], [ 9.217679, 45.398864 ], [ 9.217685, 45.398855 ], [ 9.217689, 45.398847 ], [ 9.217695, 45.398839 ], [ 9.217701, 45.398831 ], [ 9.217707, 45.398823 ], [ 9.217712, 45.398815 ], [ 9.217719, 45.398807 ], [ 9.217725, 45.398799 ], [ 9.217731, 45.398791 ], [ 9.217737, 45.398784 ], [ 9.217744, 45.398776 ], [ 9.21775, 45.398768 ], [ 9.217757, 45.39876 ], [ 9.217763, 45.398753 ], [ 9.21777, 45.398745 ], [ 9.217776, 45.398737 ], [ 9.217782, 45.398729 ], [ 9.217789, 45.398721 ], [ 9.217795, 45.398714 ], [ 9.217802, 45.398706 ], [ 9.217808, 45.398698 ], [ 9.217814, 45.39869 ], [ 9.21782, 45.398682 ], [ 9.217826, 45.398674 ], [ 9.217833, 45.398667 ], [ 9.21784, 45.39866 ], [ 9.217847, 45.398652 ], [ 9.217854, 45.398644 ], [ 9.21786, 45.398637 ], [ 9.217868, 45.39863 ], [ 9.217875, 45.398623 ], [ 9.217883, 45.398616 ], [ 9.217892, 45.398609 ], [ 9.217899, 45.398601 ], [ 9.217907, 45.398594 ], [ 9.217914, 45.398586 ], [ 9.217921, 45.398579 ], [ 9.217928, 45.398572 ], [ 9.217936, 45.398565 ], [ 9.217944, 45.398558 ], [ 9.217952, 45.398551 ], [ 9.21796, 45.398544 ], [ 9.217969, 45.398538 ], [ 9.217977, 45.398531 ], [ 9.217986, 45.398524 ], [ 9.217994, 45.398516 ], [ 9.218001, 45.398509 ], [ 9.218008, 45.398501 ], [ 9.218015, 45.398493 ], [ 9.218022, 45.398486 ], [ 9.218029, 45.398478 ], [ 9.218036, 45.398471 ], [ 9.218043, 45.398463 ], [ 9.218049, 45.398455 ], [ 9.218056, 45.398448 ], [ 9.218063, 45.39844 ], [ 9.21807, 45.398433 ], [ 9.218077, 45.398425 ], [ 9.218084, 45.398417 ], [ 9.21809, 45.398409 ], [ 9.218097, 45.398401 ], [ 9.218103, 45.398394 ], [ 9.218109, 45.398386 ], [ 9.218116, 45.398378 ], [ 9.218122, 45.398371 ], [ 9.218129, 45.398363 ], [ 9.218136, 45.398356 ], [ 9.218142, 45.398348 ], [ 9.218149, 45.39834 ], [ 9.218156, 45.398333 ], [ 9.218163, 45.398325 ], [ 9.21817, 45.398317 ], [ 9.218176, 45.39831 ], [ 9.218183, 45.398303 ], [ 9.218191, 45.398296 ], [ 9.218198, 45.398288 ], [ 9.218205, 45.398281 ], [ 9.218213, 45.398274 ], [ 9.218221, 45.398267 ], [ 9.218229, 45.398259 ], [ 9.218237, 45.398252 ], [ 9.218244, 45.398245 ], [ 9.218252, 45.398238 ], [ 9.21826, 45.39823 ], [ 9.218267, 45.398223 ], [ 9.218274, 45.398215 ], [ 9.218281, 45.398208 ], [ 9.218288, 45.3982 ], [ 9.218295, 45.398193 ], [ 9.218302, 45.398185 ], [ 9.218308, 45.398176 ], [ 9.218314, 45.398168 ], [ 9.21832, 45.398159 ], [ 9.218324, 45.398151 ], [ 9.218329, 45.398142 ], [ 9.218332, 45.398133 ], [ 9.218336, 45.398124 ], [ 9.218339, 45.398115 ], [ 9.218341, 45.398106 ], [ 9.218344, 45.398097 ], [ 9.218346, 45.398088 ], [ 9.218347, 45.398079 ], [ 9.218349, 45.39807 ], [ 9.21835, 45.398061 ], [ 9.218352, 45.398052 ], [ 9.218354, 45.398044 ], [ 9.218356, 45.398035 ], [ 9.218359, 45.398026 ], [ 9.218362, 45.398018 ], [ 9.218365, 45.398009 ], [ 9.218369, 45.398001 ], [ 9.218373, 45.397992 ], [ 9.218378, 45.397984 ], [ 9.218382, 45.397976 ], [ 9.218387, 45.397968 ], [ 9.218393, 45.39796 ], [ 9.218399, 45.397952 ], [ 9.218405, 45.397944 ], [ 9.218412, 45.397937 ], [ 9.218418, 45.397929 ], [ 9.218425, 45.397922 ], [ 9.218433, 45.397916 ], [ 9.218441, 45.397909 ], [ 9.218449, 45.397902 ], [ 9.218457, 45.397896 ], [ 9.218467, 45.39789 ], [ 9.218476, 45.397883 ], [ 9.218485, 45.397877 ], [ 9.218494, 45.39787 ], [ 9.218503, 45.397863 ], [ 9.218511, 45.397856 ], [ 9.21852, 45.397849 ], [ 9.218528, 45.397842 ], [ 9.218536, 45.397835 ], [ 9.218543, 45.397828 ], [ 9.21855, 45.39782 ], [ 9.218557, 45.397812 ], [ 9.218564, 45.397805 ], [ 9.218571, 45.397797 ], [ 9.218577, 45.397789 ], [ 9.218583, 45.397781 ], [ 9.21859, 45.397773 ], [ 9.218596, 45.397765 ], [ 9.218602, 45.397757 ], [ 9.218608, 45.397749 ], [ 9.218613, 45.397741 ], [ 9.218619, 45.397733 ], [ 9.218625, 45.397725 ], [ 9.218632, 45.397717 ], [ 9.218638, 45.39771 ], [ 9.218644, 45.397702 ], [ 9.218651, 45.397694 ], [ 9.218657, 45.397686 ], [ 9.218664, 45.397679 ], [ 9.21867, 45.397671 ], [ 9.218677, 45.397664 ], [ 9.218684, 45.397657 ], [ 9.218692, 45.39765 ], [ 9.2187, 45.397643 ], [ 9.218708, 45.397636 ], [ 9.218716, 45.397629 ], [ 9.218725, 45.397622 ], [ 9.218733, 45.397615 ], [ 9.218741, 45.397608 ], [ 9.218749, 45.397601 ], [ 9.218757, 45.397594 ], [ 9.218766, 45.397587 ], [ 9.218774, 45.39758 ], [ 9.218782, 45.397573 ], [ 9.21879, 45.397565 ], [ 9.218797, 45.397558 ], [ 9.218803, 45.39755 ], [ 9.21881, 45.397542 ], [ 9.218816, 45.397534 ], [ 9.218822, 45.397526 ], [ 9.218836, 45.397508 ], [ 9.218794, 45.397498 ], [ 9.218782, 45.397495 ], [ 9.218669, 45.397467 ], [ 9.218639, 45.39746 ], [ 9.218623, 45.397455 ], [ 9.21861, 45.397454 ], [ 9.218598, 45.397451 ], [ 9.218585, 45.397449 ], [ 9.218573, 45.397447 ], [ 9.21856, 45.397444 ], [ 9.218548, 45.397442 ], [ 9.218536, 45.397439 ], [ 9.218523, 45.397437 ], [ 9.218511, 45.397435 ], [ 9.218499, 45.397433 ], [ 9.218486, 45.397431 ], [ 9.218474, 45.397429 ], [ 9.218461, 45.397427 ], [ 9.218449, 45.397424 ], [ 9.218437, 45.397421 ], [ 9.218426, 45.397418 ], [ 9.218414, 45.397415 ], [ 9.218402, 45.397412 ], [ 9.218389, 45.397409 ], [ 9.218377, 45.397406 ], [ 9.218365, 45.397403 ], [ 9.218353, 45.3974 ], [ 9.218341, 45.397397 ], [ 9.218328, 45.397395 ], [ 9.218316, 45.397392 ], [ 9.218303, 45.39739 ], [ 9.218291, 45.397388 ], [ 9.218279, 45.397386 ], [ 9.218267, 45.397384 ], [ 9.218254, 45.397381 ], [ 9.218242, 45.397379 ], [ 9.218229, 45.397377 ], [ 9.218217, 45.397374 ], [ 9.218204, 45.397372 ], [ 9.218191, 45.397371 ], [ 9.218179, 45.397369 ], [ 9.218166, 45.397367 ], [ 9.218154, 45.397365 ], [ 9.218142, 45.397363 ], [ 9.21813, 45.397361 ], [ 9.218117, 45.397359 ], [ 9.218104, 45.397357 ], [ 9.218092, 45.397355 ], [ 9.218079, 45.397353 ], [ 9.218067, 45.397351 ], [ 9.218055, 45.397349 ], [ 9.218042, 45.397347 ], [ 9.21803, 45.397345 ], [ 9.218018, 45.397343 ], [ 9.218006, 45.39734 ], [ 9.217993, 45.397338 ], [ 9.217981, 45.397336 ], [ 9.217968, 45.397334 ], [ 9.217956, 45.397332 ], [ 9.217943, 45.39733 ], [ 9.217931, 45.397328 ], [ 9.217919, 45.397326 ], [ 9.217906, 45.397324 ], [ 9.217894, 45.397321 ], [ 9.217882, 45.397319 ], [ 9.217869, 45.397317 ], [ 9.217857, 45.397314 ], [ 9.217844, 45.397312 ], [ 9.217832, 45.39731 ], [ 9.217819, 45.397308 ], [ 9.217807, 45.397306 ], [ 9.217794, 45.397304 ], [ 9.217782, 45.397302 ], [ 9.217769, 45.3973 ], [ 9.217757, 45.397298 ], [ 9.217745, 45.397295 ], [ 9.217733, 45.397293 ], [ 9.21772, 45.39729 ], [ 9.217708, 45.397288 ], [ 9.217695, 45.397286 ], [ 9.217683, 45.397284 ], [ 9.21767, 45.397282 ], [ 9.217658, 45.39728 ], [ 9.217646, 45.397278 ], [ 9.217633, 45.397276 ], [ 9.217621, 45.397274 ], [ 9.217608, 45.397272 ], [ 9.217596, 45.39727 ], [ 9.217583, 45.397268 ], [ 9.217571, 45.397265 ], [ 9.217559, 45.397263 ], [ 9.217546, 45.397261 ], [ 9.217534, 45.397259 ], [ 9.217522, 45.397256 ], [ 9.21751, 45.397254 ], [ 9.217497, 45.397252 ], [ 9.217485, 45.397249 ], [ 9.217473, 45.397247 ], [ 9.217461, 45.397244 ], [ 9.217448, 45.397242 ], [ 9.217436, 45.397239 ], [ 9.217423, 45.397237 ], [ 9.217411, 45.397234 ], [ 9.217398, 45.397232 ], [ 9.217386, 45.39723 ], [ 9.217373, 45.397228 ], [ 9.217361, 45.397227 ], [ 9.217348, 45.397225 ], [ 9.217336, 45.397223 ], [ 9.217323, 45.397222 ], [ 9.217311, 45.39722 ], [ 9.217298, 45.397218 ], [ 9.217286, 45.397216 ], [ 9.217273, 45.397214 ], [ 9.21726, 45.397212 ], [ 9.217248, 45.39721 ], [ 9.217236, 45.397208 ], [ 9.217224, 45.397205 ], [ 9.217212, 45.397202 ], [ 9.2172, 45.3972 ], [ 9.217188, 45.397197 ], [ 9.217175, 45.397195 ], [ 9.217163, 45.397192 ], [ 9.217151, 45.397189 ], [ 9.217139, 45.397187 ], [ 9.217127, 45.397184 ], [ 9.217115, 45.397181 ], [ 9.217103, 45.397178 ], [ 9.217092, 45.397176 ], [ 9.217077, 45.397173 ], [ 9.217065, 45.397171 ], [ 9.217053, 45.397168 ], [ 9.21704, 45.397166 ], [ 9.217028, 45.397164 ], [ 9.217016, 45.397161 ], [ 9.217003, 45.39716 ], [ 9.21699, 45.397158 ], [ 9.216978, 45.397156 ], [ 9.216965, 45.397154 ], [ 9.216953, 45.397153 ], [ 9.21694, 45.397151 ], [ 9.216928, 45.397149 ], [ 9.216915, 45.397147 ], [ 9.216903, 45.397145 ], [ 9.216891, 45.397143 ], [ 9.216879, 45.397141 ], [ 9.216866, 45.397138 ], [ 9.216854, 45.397136 ], [ 9.216842, 45.397134 ], [ 9.216829, 45.397132 ], [ 9.216817, 45.39713 ], [ 9.216804, 45.397128 ], [ 9.216792, 45.397126 ], [ 9.216779, 45.397124 ], [ 9.216766, 45.397122 ], [ 9.216754, 45.39712 ], [ 9.216741, 45.397118 ], [ 9.216729, 45.397117 ], [ 9.216716, 45.397115 ], [ 9.216703, 45.397113 ], [ 9.216691, 45.397112 ], [ 9.216678, 45.39711 ], [ 9.216666, 45.397109 ], [ 9.216653, 45.397107 ], [ 9.216641, 45.397106 ], [ 9.216628, 45.397104 ], [ 9.216616, 45.397102 ], [ 9.216603, 45.397101 ], [ 9.216591, 45.397098 ], [ 9.216578, 45.397096 ], [ 9.216566, 45.397095 ], [ 9.216553, 45.397093 ], [ 9.216541, 45.397091 ], [ 9.216529, 45.397089 ], [ 9.216517, 45.397086 ], [ 9.216505, 45.397083 ], [ 9.216493, 45.397081 ], [ 9.216481, 45.397078 ], [ 9.216469, 45.397075 ], [ 9.216457, 45.397072 ], [ 9.216445, 45.397069 ], [ 9.216433, 45.397065 ], [ 9.216421, 45.397062 ], [ 9.216409, 45.397059 ], [ 9.216397, 45.397056 ], [ 9.216385, 45.397053 ], [ 9.216372, 45.397051 ], [ 9.21636, 45.397049 ], [ 9.216348, 45.397046 ], [ 9.216335, 45.397043 ], [ 9.216323, 45.39704 ], [ 9.216311, 45.397038 ], [ 9.216299, 45.397035 ], [ 9.216287, 45.397032 ], [ 9.216274, 45.39703 ], [ 9.216262, 45.397027 ], [ 9.21625, 45.397024 ], [ 9.216238, 45.397021 ], [ 9.216226, 45.397019 ], [ 9.216214, 45.397016 ], [ 9.216201, 45.397013 ], [ 9.216189, 45.397011 ], [ 9.216177, 45.397008 ], [ 9.216165, 45.397005 ], [ 9.216153, 45.397002 ], [ 9.21614, 45.397 ], [ 9.216128, 45.396997 ], [ 9.216116, 45.396995 ], [ 9.216104, 45.396992 ], [ 9.216091, 45.39699 ], [ 9.216079, 45.396987 ], [ 9.216067, 45.396985 ], [ 9.216054, 45.396982 ], [ 9.216042, 45.39698 ], [ 9.21603, 45.396977 ], [ 9.216018, 45.396975 ], [ 9.216005, 45.396972 ], [ 9.215993, 45.39697 ], [ 9.215981, 45.396967 ], [ 9.215969, 45.396965 ], [ 9.215956, 45.396962 ], [ 9.215944, 45.39696 ], [ 9.215932, 45.396957 ], [ 9.215919, 45.396954 ], [ 9.215907, 45.396952 ], [ 9.215895, 45.396949 ], [ 9.215883, 45.396947 ], [ 9.21587, 45.396944 ], [ 9.215858, 45.396942 ], [ 9.215846, 45.396939 ], [ 9.215834, 45.396937 ], [ 9.215821, 45.396934 ], [ 9.215809, 45.396932 ], [ 9.215797, 45.396929 ], [ 9.215784, 45.396927 ], [ 9.215772, 45.396924 ], [ 9.21576, 45.396922 ], [ 9.215748, 45.396919 ], [ 9.215735, 45.396917 ], [ 9.215723, 45.396914 ], [ 9.215711, 45.396912 ], [ 9.215699, 45.396909 ], [ 9.215686, 45.396907 ], [ 9.215674, 45.396905 ], [ 9.215662, 45.396902 ], [ 9.215649, 45.3969 ], [ 9.215637, 45.396897 ], [ 9.215625, 45.396895 ], [ 9.215613, 45.396892 ], [ 9.2156, 45.396889 ], [ 9.215588, 45.396887 ], [ 9.215576, 45.396884 ], [ 9.215564, 45.396882 ], [ 9.215551, 45.396879 ], [ 9.215539, 45.396877 ], [ 9.215527, 45.396874 ], [ 9.215515, 45.396871 ], [ 9.215503, 45.396869 ], [ 9.21549, 45.396866 ], [ 9.215478, 45.396864 ], [ 9.215466, 45.396861 ], [ 9.215454, 45.396858 ], [ 9.215441, 45.396856 ], [ 9.215429, 45.396853 ], [ 9.215417, 45.396851 ], [ 9.215405, 45.396848 ], [ 9.215393, 45.396845 ], [ 9.215381, 45.396842 ], [ 9.215369, 45.396838 ], [ 9.215357, 45.396835 ], [ 9.215294, 45.396807 ], [ 9.215281, 45.396803 ], [ 9.215202, 45.39678 ], [ 9.215126, 45.396987 ], [ 9.215089, 45.397071 ], [ 9.215041, 45.397216 ], [ 9.215034, 45.39729 ], [ 9.215037, 45.397335 ], [ 9.214936, 45.397331 ], [ 9.214933, 45.397331 ], [ 9.214885, 45.397327 ], [ 9.214872, 45.397325 ], [ 9.21486, 45.397324 ], [ 9.214847, 45.397322 ], [ 9.214835, 45.39732 ], [ 9.214822, 45.397318 ], [ 9.214809, 45.397316 ], [ 9.214797, 45.397315 ], [ 9.214784, 45.397313 ], [ 9.214772, 45.397311 ], [ 9.214759, 45.397309 ], [ 9.214747, 45.397308 ], [ 9.214734, 45.397306 ], [ 9.214722, 45.397304 ], [ 9.214709, 45.397302 ], [ 9.214697, 45.397301 ], [ 9.214684, 45.397299 ], [ 9.214672, 45.397297 ], [ 9.214659, 45.397295 ], [ 9.214647, 45.397293 ], [ 9.214634, 45.397292 ], [ 9.214622, 45.39729 ], [ 9.214609, 45.397288 ], [ 9.214597, 45.397286 ], [ 9.214584, 45.397284 ], [ 9.214572, 45.397283 ], [ 9.214559, 45.397281 ], [ 9.214547, 45.397279 ], [ 9.214534, 45.397277 ], [ 9.214521, 45.397275 ], [ 9.214509, 45.397273 ], [ 9.214496, 45.397272 ], [ 9.214484, 45.39727 ], [ 9.214471, 45.397268 ], [ 9.214459, 45.397267 ], [ 9.214446, 45.397265 ], [ 9.214434, 45.397264 ], [ 9.214421, 45.397262 ], [ 9.214408, 45.397261 ], [ 9.214396, 45.397259 ], [ 9.214383, 45.397257 ], [ 9.214371, 45.397256 ], [ 9.214358, 45.397254 ], [ 9.214345, 45.397253 ], [ 9.214333, 45.397251 ], [ 9.21432, 45.39725 ], [ 9.214308, 45.397248 ], [ 9.214295, 45.397247 ], [ 9.214282, 45.397245 ], [ 9.21427, 45.397243 ], [ 9.214257, 45.397242 ], [ 9.214245, 45.39724 ], [ 9.214232, 45.397239 ], [ 9.21422, 45.397237 ], [ 9.214207, 45.397236 ], [ 9.214194, 45.397234 ], [ 9.214182, 45.397232 ], [ 9.214169, 45.397231 ], [ 9.214157, 45.397229 ], [ 9.214144, 45.397228 ], [ 9.214131, 45.397226 ], [ 9.214119, 45.397225 ], [ 9.214106, 45.397223 ], [ 9.214094, 45.397222 ], [ 9.214081, 45.39722 ], [ 9.214068, 45.397219 ], [ 9.214056, 45.397217 ], [ 9.214043, 45.397216 ], [ 9.214031, 45.397214 ], [ 9.214018, 45.397213 ], [ 9.214005, 45.397212 ], [ 9.213993, 45.39721 ], [ 9.21398, 45.397209 ], [ 9.213967, 45.397207 ], [ 9.213955, 45.397206 ], [ 9.213942, 45.397204 ], [ 9.21393, 45.397203 ], [ 9.213917, 45.397202 ], [ 9.213904, 45.3972 ], [ 9.213892, 45.397199 ], [ 9.213879, 45.397198 ], [ 9.213866, 45.397196 ], [ 9.213854, 45.397195 ], [ 9.213841, 45.397194 ], [ 9.213828, 45.397192 ], [ 9.213816, 45.397191 ], [ 9.213803, 45.39719 ], [ 9.213791, 45.397188 ], [ 9.213778, 45.397187 ], [ 9.213765, 45.397186 ], [ 9.213753, 45.397185 ], [ 9.21374, 45.397184 ], [ 9.213727, 45.397183 ], [ 9.213658, 45.397176 ], [ 9.213626, 45.397171 ], [ 9.213584, 45.397163 ], [ 9.213381, 45.397136 ], [ 9.21321, 45.397109 ], [ 9.21277, 45.397041 ], [ 9.212221, 45.39696 ], [ 9.211743, 45.396899 ], [ 9.210648, 45.396758 ], [ 9.210547, 45.396745 ], [ 9.210479, 45.396995 ], [ 9.210401, 45.396985 ], [ 9.21039, 45.396983 ], [ 9.210118, 45.396948 ], [ 9.209983, 45.396932 ], [ 9.209876, 45.396916 ], [ 9.209876, 45.396915 ], [ 9.209631, 45.396882 ], [ 9.209589, 45.396876 ], [ 9.209099, 45.396232 ], [ 9.209073, 45.396197 ], [ 9.208811, 45.395976 ], [ 9.208823, 45.395526 ], [ 9.208826, 45.39531 ], [ 9.208839, 45.394916 ], [ 9.20885, 45.394589 ], [ 9.208858, 45.394277 ], [ 9.20886, 45.394238 ], [ 9.208834, 45.394081 ], [ 9.208921, 45.39405 ], [ 9.20893, 45.394035 ], [ 9.208933, 45.39403 ], [ 9.208933, 45.394021 ], [ 9.208933, 45.394012 ], [ 9.208934, 45.394003 ], [ 9.208936, 45.393994 ], [ 9.208938, 45.393985 ], [ 9.208941, 45.393976 ], [ 9.208943, 45.393967 ], [ 9.208945, 45.393958 ], [ 9.208946, 45.393949 ], [ 9.208948, 45.39394 ], [ 9.208949, 45.393932 ], [ 9.208951, 45.393923 ], [ 9.208953, 45.393914 ], [ 9.208954, 45.393905 ], [ 9.208956, 45.393896 ], [ 9.208958, 45.393887 ], [ 9.208959, 45.393879 ], [ 9.208961, 45.39387 ], [ 9.208964, 45.393861 ], [ 9.208966, 45.393852 ], [ 9.208968, 45.393844 ], [ 9.20897, 45.393835 ], [ 9.208972, 45.393826 ], [ 9.208975, 45.393818 ], [ 9.208977, 45.393809 ], [ 9.20898, 45.3938 ], [ 9.208982, 45.393791 ], [ 9.208985, 45.393783 ], [ 9.208989, 45.393774 ], [ 9.208992, 45.393765 ], [ 9.208995, 45.393756 ], [ 9.208998, 45.393747 ], [ 9.209001, 45.393739 ], [ 9.209003, 45.39373 ], [ 9.209006, 45.393721 ], [ 9.209008, 45.393711 ], [ 9.209009, 45.393702 ], [ 9.209011, 45.393693 ], [ 9.209012, 45.393684 ], [ 9.209013, 45.393676 ], [ 9.209014, 45.393667 ], [ 9.209017, 45.393659 ], [ 9.20902, 45.39365 ], [ 9.209024, 45.393642 ], [ 9.209028, 45.393633 ], [ 9.209032, 45.393625 ], [ 9.209035, 45.393616 ], [ 9.209039, 45.393608 ], [ 9.209043, 45.393599 ], [ 9.209047, 45.393591 ], [ 9.209051, 45.393582 ], [ 9.209055, 45.393574 ], [ 9.209059, 45.393565 ], [ 9.209064, 45.393557 ], [ 9.209067, 45.393547 ], [ 9.20907, 45.393538 ], [ 9.209073, 45.393529 ], [ 9.209075, 45.393519 ], [ 9.209076, 45.39351 ], [ 9.209078, 45.393501 ], [ 9.209079, 45.393492 ], [ 9.20908, 45.393483 ], [ 9.209081, 45.393474 ], [ 9.209082, 45.393466 ], [ 9.209083, 45.393457 ], [ 9.209085, 45.393448 ], [ 9.209086, 45.393439 ], [ 9.209088, 45.39343 ], [ 9.20909, 45.393421 ], [ 9.209091, 45.393412 ], [ 9.209092, 45.393402 ], [ 9.209093, 45.393393 ], [ 9.209093, 45.393384 ], [ 9.209093, 45.393375 ], [ 9.209094, 45.393367 ], [ 9.209094, 45.393359 ], [ 9.209095, 45.39335 ], [ 9.209098, 45.393342 ], [ 9.2091, 45.393332 ], [ 9.209101, 45.393323 ], [ 9.209111, 45.393287 ], [ 9.20912, 45.393246 ], [ 9.209143, 45.393169 ], [ 9.209152, 45.39311 ], [ 9.209172, 45.393071 ], [ 9.209177, 45.393046 ], [ 9.209127, 45.393047 ], [ 9.209105, 45.393047 ], [ 9.209077, 45.393051 ], [ 9.209044, 45.39302 ], [ 9.209034, 45.393011 ], [ 9.208805, 45.392949 ], [ 9.208804, 45.392948 ], [ 9.208716, 45.39293 ], [ 9.208507, 45.39288 ], [ 9.208206, 45.392808 ], [ 9.207909, 45.392737 ], [ 9.20763, 45.39267 ], [ 9.207561, 45.392665 ], [ 9.207507, 45.392665 ], [ 9.207462, 45.392669 ], [ 9.207461, 45.39267 ], [ 9.207432, 45.392693 ], [ 9.207403, 45.392713 ], [ 9.207378, 45.392728 ], [ 9.207347, 45.392747 ], [ 9.207314, 45.392763 ], [ 9.207283, 45.392781 ], [ 9.207248, 45.392797 ], [ 9.207213, 45.392818 ], [ 9.207175, 45.392842 ], [ 9.207139, 45.392864 ], [ 9.207105, 45.392889 ], [ 9.207067, 45.392915 ], [ 9.207033, 45.392939 ], [ 9.206994, 45.392964 ], [ 9.206956, 45.39299 ], [ 9.206921, 45.393011 ], [ 9.206885, 45.393032 ], [ 9.20685, 45.393051 ], [ 9.206819, 45.393065 ], [ 9.206789, 45.393078 ], [ 9.206753, 45.393082 ], [ 9.206717, 45.393083 ], [ 9.206677, 45.393088 ], [ 9.206639, 45.393095 ], [ 9.206602, 45.393108 ], [ 9.20656, 45.393122 ], [ 9.206521, 45.393139 ], [ 9.206481, 45.393157 ], [ 9.206439, 45.393173 ], [ 9.206395, 45.393179 ], [ 9.20635, 45.39318 ], [ 9.206301, 45.393174 ], [ 9.206255, 45.393162 ], [ 9.206216, 45.393147 ], [ 9.206179, 45.393132 ], [ 9.206143, 45.393118 ], [ 9.206112, 45.393106 ], [ 9.206105, 45.393103 ], [ 9.208195, 45.398168 ], [ 9.21832, 45.414396 ], [ 9.218553, 45.414805 ], [ 9.219512, 45.416608 ], [ 9.22084, 45.420813 ], [ 9.216718, 45.423728 ], [ 9.216265, 45.427422 ], [ 9.215847, 45.428363 ], [ 9.215269, 45.429023 ], [ 9.214157, 45.430113 ], [ 9.212788, 45.431309 ], [ 9.210234, 45.432142 ], [ 9.207743, 45.432485 ], [ 9.206739, 45.43321 ], [ 9.204569, 45.432857 ], [ 9.203059, 45.433846 ], [ 9.20285, 45.434735 ], [ 9.202813, 45.434838 ], [ 9.202767, 45.434868 ], [ 9.20256, 45.43496 ], [ 9.202421, 45.435056 ] ] ] } },
{ "type": "Feature", "properties": { "postcode": "20141", "iou_vs_official": 0.6929, "match_status": "matched", "n_seed_addresses": 324 }, "geometry": { "type": "Polygon", "coordinates": [ [ [ 9.175805, 45.432989 ], [ 9.175863, 45.433109 ], [ 9.175857, 45.433727 ], [ 9.175878, 45.433884 ], [ 9.176163, 45.434945 ], [ 9.176134, 45.434963 ], [ 9.174366, 45.436977 ], [ 9.174378, 45.437242 ], [ 9.174249, 45.437407 ], [ 9.174037, 45.438304 ], [ 9.174464, 45.438491 ], [ 9.174762, 45.438655 ], [ 9.174957, 45.438883 ], [ 9.17502, 45.439118 ], [ 9.175156, 45.439294 ], [ 9.175402, 45.439478 ], [ 9.175825, 45.439665 ], [ 9.17652, 45.439814 ], [ 9.176496, 45.439915 ], [ 9.176471, 45.440148 ], [ 9.175608, 45.440806 ], [ 9.175535, 45.441413 ], [ 9.175589, 45.441542 ], [ 9.175601, 45.44181 ], [ 9.175512, 45.441981 ], [ 9.17551, 45.441988 ], [ 9.175519, 45.442168 ], [ 9.175505, 45.442405 ], [ 9.175334, 45.442659 ], [ 9.17572, 45.443028 ], [ 9.175856, 45.443131 ], [ 9.175954, 45.443441 ], [ 9.176124, 45.44363 ], [ 9.17657, 45.443292 ], [ 9.176867, 45.443227 ], [ 9.177186, 45.442722 ], [ 9.177356, 45.442342 ], [ 9.177453, 45.442072 ], [ 9.177661, 45.442093 ], [ 9.178085, 45.442061 ], [ 9.178122, 45.442075 ], [ 9.178495, 45.442143 ], [ 9.178677, 45.442157 ], [ 9.179161, 45.442173 ], [ 9.179531, 45.442056 ], [ 9.17983, 45.442061 ], [ 9.180153, 45.442026 ], [ 9.180154, 45.442027 ], [ 9.180755, 45.442378 ], [ 9.180914, 45.442453 ], [ 9.181281, 45.442589 ], [ 9.181721, 45.442605 ], [ 9.181729, 45.442643 ], [ 9.182006, 45.443241 ], [ 9.182208, 45.443567 ], [ 9.182395, 45.443664 ], [ 9.182418, 45.443668 ], [ 9.182655, 45.443913 ], [ 9.183029, 45.44379 ], [ 9.183201, 45.44368 ], [ 9.183497, 45.443845 ], [ 9.184047, 45.44372 ], [ 9.185085, 45.443308 ], [ 9.185436, 45.442888 ], [ 9.185814, 45.442949 ], [ 9.186037, 45.443369 ], [ 9.186396, 45.443904 ], [ 9.187004, 45.444427 ], [ 9.188592, 45.444914 ], [ 9.189076, 45.445358 ], [ 9.189351, 45.445755 ], [ 9.192329, 45.445252 ], [ 9.192444, 45.4454 ], [ 9.192999, 45.44716 ], [ 9.196674, 45.447658 ], [ 9.197271, 45.446655 ], [ 9.19946, 45.446399 ], [ 9.200563, 45.44574 ], [ 9.200404, 45.445107 ], [ 9.200204, 45.444791 ], [ 9.199823, 45.443084 ], [ 9.199791, 45.442965 ], [ 9.199734, 45.442771 ], [ 9.199878, 45.442573 ], [ 9.20009, 45.442409 ], [ 9.200749, 45.4411 ], [ 9.201736, 45.440714 ], [ 9.202107, 45.440609 ], [ 9.201375, 45.438832 ], [ 9.201551, 45.438331 ], [ 9.201562, 45.43831 ], [ 9.20197, 45.43783 ], [ 9.201952, 45.437801 ], [ 9.2017, 45.437421 ], [ 9.201849, 45.435732 ], [ 9.201961, 45.435436 ], [ 9.20219, 45.435261 ], [ 9.202415, 45.435063 ], [ 9.202421, 45.435056 ], [ 9.20256, 45.43496 ], [ 9.202767, 45.434868 ], [ 9.202813, 45.434838 ], [ 9.20285, 45.434735 ], [ 9.203059, 45.433846 ], [ 9.204569, 45.432857 ], [ 9.206739, 45.43321 ], [ 9.207743, 45.432485 ], [ 9.210234, 45.432142 ], [ 9.212788, 45.431309 ], [ 9.214157, 45.430113 ], [ 9.215269, 45.429023 ], [ 9.215847, 45.428363 ], [ 9.216265, 45.427422 ], [ 9.216718, 45.423728 ], [ 9.22084, 45.420813 ], [ 9.219512, 45.416608 ], [ 9.218553, 45.414805 ], [ 9.21832, 45.414396 ], [ 9.208195, 45.398168 ], [ 9.206105, 45.393103 ], [ 9.206087, 45.393097 ], [ 9.206062, 45.393095 ], [ 9.206042, 45.393107 ], [ 9.206023, 45.393126 ], [ 9.206006, 45.393147 ], [ 9.205994, 45.39317 ], [ 9.205977, 45.393193 ], [ 9.205958, 45.393219 ], [ 9.205939, 45.393245 ], [ 9.20592, 45.393274 ], [ 9.205905, 45.393298 ], [ 9.205889, 45.393322 ], [ 9.205877, 45.393334 ], [ 9.205747, 45.393329 ], [ 9.205707, 45.39333 ], [ 9.205661, 45.393324 ], [ 9.205584, 45.393308 ], [ 9.205492, 45.393285 ], [ 9.205264, 45.393231 ], [ 9.205188, 45.39322 ], [ 9.20517, 45.393225 ], [ 9.205151, 45.393249 ], [ 9.205127, 45.393285 ], [ 9.205082, 45.393362 ], [ 9.205037, 45.393443 ], [ 9.205012, 45.39352 ], [ 9.205004, 45.393532 ], [ 9.204979, 45.393571 ], [ 9.204908, 45.39368 ], [ 9.204904, 45.393688 ], [ 9.204807, 45.393866 ], [ 9.204688, 45.394084 ], [ 9.204578, 45.394284 ], [ 9.20445, 45.394523 ], [ 9.20433, 45.394747 ], [ 9.204225, 45.394972 ], [ 9.204115, 45.395176 ], [ 9.204033, 45.395348 ], [ 9.203984, 45.395408 ], [ 9.203856, 45.395614 ], [ 9.203843, 45.395701 ], [ 9.203892, 45.395834 ], [ 9.203886, 45.395864 ], [ 9.203821, 45.395898 ], [ 9.203776, 45.395982 ], [ 9.203662, 45.396057 ], [ 9.203529, 45.396085 ], [ 9.20347, 45.396134 ], [ 9.203444, 45.396209 ], [ 9.20341, 45.396343 ], [ 9.20339, 45.39641 ], [ 9.203364, 45.396537 ], [ 9.20337, 45.396577 ], [ 9.203376, 45.396619 ], [ 9.203389, 45.396715 ], [ 9.203396, 45.396796 ], [ 9.203386, 45.396922 ], [ 9.203395, 45.397083 ], [ 9.203412, 45.397445 ], [ 9.203418, 45.39755 ], [ 9.203416, 45.39755 ], [ 9.203059, 45.397559 ], [ 9.202573, 45.397572 ], [ 9.202189, 45.397582 ], [ 9.201946, 45.397588 ], [ 9.201825, 45.397591 ], [ 9.201753, 45.397521 ], [ 9.201679, 45.3975 ], [ 9.201679, 45.3975 ], [ 9.201616, 45.397499 ], [ 9.201588, 45.397499 ], [ 9.201524, 45.397553 ], [ 9.201524, 45.397553 ], [ 9.201477, 45.39757 ], [ 9.201427, 45.397578 ], [ 9.201391, 45.397584 ], [ 9.201357, 45.397586 ], [ 9.201339, 45.397592 ], [ 9.201331, 45.397598 ], [ 9.201302, 45.397628 ], [ 9.20127, 45.397662 ], [ 9.201256, 45.397658 ], [ 9.201244, 45.397655 ], [ 9.201232, 45.397652 ], [ 9.201219, 45.397648 ], [ 9.201207, 45.397645 ], [ 9.201194, 45.397642 ], [ 9.20118, 45.39764 ], [ 9.201167, 45.397638 ], [ 9.201155, 45.397636 ], [ 9.201142, 45.397635 ], [ 9.20113, 45.397633 ], [ 9.201118, 45.397631 ], [ 9.201106, 45.397628 ], [ 9.201094, 45.397626 ], [ 9.201081, 45.397624 ], [ 9.201068, 45.397621 ], [ 9.201056, 45.397619 ], [ 9.201043, 45.397617 ], [ 9.20103, 45.397615 ], [ 9.201018, 45.397612 ], [ 9.201006, 45.39761 ], [ 9.200994, 45.397608 ], [ 9.200982, 45.397606 ], [ 9.20097, 45.397603 ], [ 9.200958, 45.397601 ], [ 9.200945, 45.397599 ], [ 9.200931, 45.397597 ], [ 9.200918, 45.397595 ], [ 9.200904, 45.397593 ], [ 9.20089, 45.397592 ], [ 9.200876, 45.397591 ], [ 9.200863, 45.397591 ], [ 9.200849, 45.397591 ], [ 9.200836, 45.397591 ], [ 9.200823, 45.397592 ], [ 9.20081, 45.397593 ], [ 9.200797, 45.397593 ], [ 9.200783, 45.397594 ], [ 9.20077, 45.397595 ], [ 9.200757, 45.397596 ], [ 9.200744, 45.397597 ], [ 9.200731, 45.397599 ], [ 9.200718, 45.397601 ], [ 9.200706, 45.397602 ], [ 9.200694, 45.397604 ], [ 9.200686, 45.397605 ], [ 9.200679, 45.397604 ], [ 9.200668, 45.397603 ], [ 9.200652, 45.397602 ], [ 9.20061, 45.397603 ], [ 9.200598, 45.397603 ], [ 9.200585, 45.397604 ], [ 9.200573, 45.397604 ], [ 9.200562, 45.397604 ], [ 9.20055, 45.397604 ], [ 9.200537, 45.397603 ], [ 9.200525, 45.397603 ], [ 9.200512, 45.397602 ], [ 9.2005, 45.397601 ], [ 9.200488, 45.3976 ], [ 9.200477, 45.397598 ], [ 9.200465, 45.397596 ], [ 9.200453, 45.397594 ], [ 9.200442, 45.397592 ], [ 9.20043, 45.39759 ], [ 9.200419, 45.397587 ], [ 9.200408, 45.397584 ], [ 9.2004, 45.397581 ], [ 9.200391, 45.397576 ], [ 9.200383, 45.397571 ], [ 9.200377, 45.397566 ], [ 9.20037, 45.39756 ], [ 9.200364, 45.397553 ], [ 9.200358, 45.397546 ], [ 9.200354, 45.397538 ], [ 9.20035, 45.397532 ], [ 9.200348, 45.397525 ], [ 9.200347, 45.397518 ], [ 9.200346, 45.39751 ], [ 9.200346, 45.397502 ], [ 9.200346, 45.397495 ], [ 9.200348, 45.397488 ], [ 9.200351, 45.39748 ], [ 9.200354, 45.397472 ], [ 9.200357, 45.397463 ], [ 9.200361, 45.397455 ], [ 9.200366, 45.397447 ], [ 9.200371, 45.397439 ], [ 9.200376, 45.397431 ], [ 9.200381, 45.397423 ], [ 9.200387, 45.397415 ], [ 9.200392, 45.397407 ], [ 9.200398, 45.397399 ], [ 9.200403, 45.397391 ], [ 9.200408, 45.397383 ], [ 9.200413, 45.397375 ], [ 9.200418, 45.397366 ], [ 9.200423, 45.397357 ], [ 9.200427, 45.397348 ], [ 9.20043, 45.397338 ], [ 9.200435, 45.397328 ], [ 9.200437, 45.397318 ], [ 9.200439, 45.397309 ], [ 9.200441, 45.397299 ], [ 9.20044, 45.397289 ], [ 9.20044, 45.397279 ], [ 9.200439, 45.39727 ], [ 9.200436, 45.39726 ], [ 9.200434, 45.39725 ], [ 9.20043, 45.39724 ], [ 9.200425, 45.397231 ], [ 9.20042, 45.397222 ], [ 9.200414, 45.397213 ], [ 9.200408, 45.397205 ], [ 9.200401, 45.397197 ], [ 9.200395, 45.397189 ], [ 9.200389, 45.397181 ], [ 9.200382, 45.397173 ], [ 9.200376, 45.397165 ], [ 9.20037, 45.397157 ], [ 9.200364, 45.397149 ], [ 9.200358, 45.397141 ], [ 9.200352, 45.397133 ], [ 9.200346, 45.397125 ], [ 9.200341, 45.397118 ], [ 9.200336, 45.39711 ], [ 9.200331, 45.397102 ], [ 9.200327, 45.397095 ], [ 9.200323, 45.397087 ], [ 9.200319, 45.397079 ], [ 9.200316, 45.397071 ], [ 9.200312, 45.397063 ], [ 9.200309, 45.397054 ], [ 9.200307, 45.397045 ], [ 9.200304, 45.397036 ], [ 9.200301, 45.397027 ], [ 9.200299, 45.397019 ], [ 9.200296, 45.39701 ], [ 9.200294, 45.397001 ], [ 9.200292, 45.396993 ], [ 9.20029, 45.396984 ], [ 9.200288, 45.396975 ], [ 9.200287, 45.396967 ], [ 9.200285, 45.396958 ], [ 9.200284, 45.396949 ], [ 9.200283, 45.39694 ], [ 9.200281, 45.396931 ], [ 9.20028, 45.396922 ], [ 9.200279, 45.396913 ], [ 9.200277, 45.396904 ], [ 9.200275, 45.396895 ], [ 9.200272, 45.396885 ], [ 9.200271, 45.39688 ], [ 9.193239, 45.410341 ], [ 9.191406, 45.411757 ], [ 9.190836, 45.413781 ], [ 9.190563, 45.414743 ], [ 9.188057, 45.41827 ], [ 9.186563, 45.422792 ], [ 9.186494, 45.423012 ], [ 9.186431, 45.423226 ], [ 9.186426, 45.423246 ], [ 9.186276, 45.423862 ], [ 9.186229, 45.424077 ], [ 9.186191, 45.424264 ], [ 9.186153, 45.424468 ], [ 9.186118, 45.424677 ], [ 9.185999, 45.425458 ], [ 9.185899, 45.425876 ], [ 9.185133, 45.427607 ], [ 9.182241, 45.42803 ], [ 9.18202, 45.42816 ], [ 9.178883, 45.429015 ], [ 9.178574, 45.429324 ], [ 9.177978, 45.429471 ], [ 9.177944, 45.429501 ], [ 9.1778, 45.429627 ], [ 9.177636, 45.429795 ], [ 9.176473, 45.431127 ], [ 9.176329, 45.431277 ], [ 9.176028, 45.431431 ], [ 9.175645, 45.431716 ], [ 9.175685, 45.432163 ], [ 9.175713, 45.432657 ], [ 9.175805, 45.432989 ] ] ] } },
{ "type": "Feature", "properties": { "postcode": "20142", "iou_vs_official": 0.8997, "match_status": "matched", "n_seed_addresses": 1033 }, "geometry": { "type": "Polygon", "coordinates": [ [ [ 9.130538, 45.420098 ], [ 9.130524, 45.420251 ], [ 9.130498, 45.420559 ], [ 9.130885, 45.420609 ], [ 9.130689, 45.421395 ], [ 9.130669, 45.4216 ], [ 9.130673, 45.42162 ], [ 9.130674, 45.421623 ], [ 9.130675, 45.42163 ], [ 9.130705, 45.421621 ], [ 9.130735, 45.421613 ], [ 9.13076, 45.421607 ], [ 9.130793, 45.421599 ], [ 9.130835, 45.421589 ], [ 9.130874, 45.421578 ], [ 9.130903, 45.421568 ], [ 9.13093, 45.421552 ], [ 9.130956, 45.421535 ], [ 9.130974, 45.421519 ], [ 9.130995, 45.421495 ], [ 9.131009, 45.421467 ], [ 9.131027, 45.421429 ], [ 9.131039, 45.421393 ], [ 9.131048, 45.421352 ], [ 9.131061, 45.421306 ], [ 9.131068, 45.421287 ], [ 9.131095, 45.421235 ], [ 9.131108, 45.421207 ], [ 9.131114, 45.421173 ], [ 9.131111, 45.421133 ], [ 9.131101, 45.42106 ], [ 9.131095, 45.421025 ], [ 9.131092, 45.420993 ], [ 9.131093, 45.420964 ], [ 9.131095, 45.420927 ], [ 9.131098, 45.420896 ], [ 9.131103, 45.420865 ], [ 9.131109, 45.420836 ], [ 9.131123, 45.420813 ], [ 9.131143, 45.420795 ], [ 9.13116, 45.420787 ], [ 9.131185, 45.42078 ], [ 9.131216, 45.420772 ], [ 9.131248, 45.420764 ], [ 9.131279, 45.420756 ], [ 9.13131, 45.42075 ], [ 9.131346, 45.420745 ], [ 9.131393, 45.420738 ], [ 9.131435, 45.420736 ], [ 9.131475, 45.420735 ], [ 9.13152, 45.420735 ], [ 9.13157, 45.420736 ], [ 9.131618, 45.420737 ], [ 9.131666, 45.42074 ], [ 9.131721, 45.420745 ], [ 9.131763, 45.420749 ], [ 9.131796, 45.420753 ], [ 9.131812, 45.420755 ], [ 9.131838, 45.420756 ], [ 9.131873, 45.420766 ], [ 9.131886, 45.420784 ], [ 9.131889, 45.420809 ], [ 9.131887, 45.420839 ], [ 9.131881, 45.420874 ], [ 9.131875, 45.420904 ], [ 9.131862, 45.42095 ], [ 9.13184, 45.420985 ], [ 9.131826, 45.421006 ], [ 9.131815, 45.42103 ], [ 9.131808, 45.421054 ], [ 9.131803, 45.42109 ], [ 9.131808, 45.421133 ], [ 9.131817, 45.421154 ], [ 9.131829, 45.421175 ], [ 9.131848, 45.4212 ], [ 9.131876, 45.421227 ], [ 9.131922, 45.421256 ], [ 9.13195, 45.421265 ], [ 9.131976, 45.421272 ], [ 9.132025, 45.421284 ], [ 9.132059, 45.421301 ], [ 9.132082, 45.421307 ], [ 9.132104, 45.421313 ], [ 9.132123, 45.421317 ], [ 9.132142, 45.42132 ], [ 9.132162, 45.421323 ], [ 9.13218, 45.421329 ], [ 9.132188, 45.421339 ], [ 9.132197, 45.42135 ], [ 9.132204, 45.421367 ], [ 9.132212, 45.421387 ], [ 9.13222, 45.421411 ], [ 9.132225, 45.421434 ], [ 9.132226, 45.421458 ], [ 9.132224, 45.421485 ], [ 9.132222, 45.42151 ], [ 9.132221, 45.421535 ], [ 9.132218, 45.421563 ], [ 9.132215, 45.421589 ], [ 9.132211, 45.421621 ], [ 9.132208, 45.421645 ], [ 9.132202, 45.421673 ], [ 9.132193, 45.421723 ], [ 9.132191, 45.421758 ], [ 9.13219, 45.421765 ], [ 9.132187, 45.421792 ], [ 9.132185, 45.421814 ], [ 9.132181, 45.421843 ], [ 9.132184, 45.421865 ], [ 9.132188, 45.421889 ], [ 9.132187, 45.421922 ], [ 9.132179, 45.421952 ], [ 9.132172, 45.421973 ], [ 9.132169, 45.421994 ], [ 9.132168, 45.422013 ], [ 9.132171, 45.422032 ], [ 9.13217, 45.422056 ], [ 9.132166, 45.422079 ], [ 9.132159, 45.42211 ], [ 9.132156, 45.422132 ], [ 9.132155, 45.422151 ], [ 9.132153, 45.422178 ], [ 9.132153, 45.422199 ], [ 9.132152, 45.422224 ], [ 9.132146, 45.422247 ], [ 9.132143, 45.42226 ], [ 9.132145, 45.422283 ], [ 9.132141, 45.42231 ], [ 9.132137, 45.422343 ], [ 9.132135, 45.422364 ], [ 9.132134, 45.422389 ], [ 9.132134, 45.422411 ], [ 9.132132, 45.422454 ], [ 9.132127, 45.422481 ], [ 9.132125, 45.422496 ], [ 9.132122, 45.422524 ], [ 9.132114, 45.42255 ], [ 9.132113, 45.422575 ], [ 9.132114, 45.422606 ], [ 9.13211, 45.422631 ], [ 9.132106, 45.422656 ], [ 9.132103, 45.422681 ], [ 9.1321, 45.422706 ], [ 9.132095, 45.422732 ], [ 9.132089, 45.422757 ], [ 9.132086, 45.422782 ], [ 9.132084, 45.422805 ], [ 9.132082, 45.422835 ], [ 9.132078, 45.422865 ], [ 9.132073, 45.422895 ], [ 9.13207, 45.422922 ], [ 9.132065, 45.422949 ], [ 9.132062, 45.422981 ], [ 9.132059, 45.423044 ], [ 9.132055, 45.423069 ], [ 9.132048, 45.4231 ], [ 9.132045, 45.423132 ], [ 9.132038, 45.423198 ], [ 9.132035, 45.423228 ], [ 9.132033, 45.42326 ], [ 9.132029, 45.423293 ], [ 9.132027, 45.423325 ], [ 9.132025, 45.423357 ], [ 9.132022, 45.423393 ], [ 9.132024, 45.423418 ], [ 9.132028, 45.42345 ], [ 9.132027, 45.423483 ], [ 9.132026, 45.423512 ], [ 9.132023, 45.423539 ], [ 9.132017, 45.423566 ], [ 9.132009, 45.423596 ], [ 9.131999, 45.423627 ], [ 9.131982, 45.423656 ], [ 9.131967, 45.423681 ], [ 9.13195, 45.423704 ], [ 9.131929, 45.423728 ], [ 9.131899, 45.42376 ], [ 9.131872, 45.423785 ], [ 9.131844, 45.423805 ], [ 9.131807, 45.423834 ], [ 9.131782, 45.423855 ], [ 9.131717, 45.423895 ], [ 9.131652, 45.423937 ], [ 9.131591, 45.423984 ], [ 9.131556, 45.424015 ], [ 9.131513, 45.424057 ], [ 9.131478, 45.42408 ], [ 9.131454, 45.424092 ], [ 9.131435, 45.424103 ], [ 9.131368, 45.424132 ], [ 9.131305, 45.424163 ], [ 9.131181, 45.424242 ], [ 9.131013, 45.424342 ], [ 9.130975, 45.424364 ], [ 9.130721, 45.424502 ], [ 9.130679, 45.424525 ], [ 9.130634, 45.424555 ], [ 9.130611, 45.42457 ], [ 9.130528, 45.424611 ], [ 9.130438, 45.424661 ], [ 9.130394, 45.424685 ], [ 9.130223, 45.424778 ], [ 9.130047, 45.424876 ], [ 9.129871, 45.424976 ], [ 9.129709, 45.425059 ], [ 9.129572, 45.425139 ], [ 9.129499, 45.425178 ], [ 9.129447, 45.425206 ], [ 9.129253, 45.425317 ], [ 9.129139, 45.425376 ], [ 9.12912, 45.425388 ], [ 9.129109, 45.425393 ], [ 9.129088, 45.425405 ], [ 9.129078, 45.425412 ], [ 9.129068, 45.425417 ], [ 9.129058, 45.425422 ], [ 9.129037, 45.425433 ], [ 9.129025, 45.425439 ], [ 9.129015, 45.425445 ], [ 9.129006, 45.42545 ], [ 9.128994, 45.425455 ], [ 9.128984, 45.425461 ], [ 9.128973, 45.425466 ], [ 9.12896, 45.425472 ], [ 9.128948, 45.425478 ], [ 9.128937, 45.425484 ], [ 9.128928, 45.42549 ], [ 9.128918, 45.425495 ], [ 9.128906, 45.4255 ], [ 9.128895, 45.425506 ], [ 9.128883, 45.425512 ], [ 9.128872, 45.425518 ], [ 9.128861, 45.425524 ], [ 9.128848, 45.425531 ], [ 9.128838, 45.425536 ], [ 9.128826, 45.425542 ], [ 9.128815, 45.425548 ], [ 9.128805, 45.425554 ], [ 9.128794, 45.42556 ], [ 9.128784, 45.425566 ], [ 9.128773, 45.425572 ], [ 9.128763, 45.425579 ], [ 9.128753, 45.425586 ], [ 9.128741, 45.425592 ], [ 9.12873, 45.425599 ], [ 9.12872, 45.425604 ], [ 9.128709, 45.42561 ], [ 9.128699, 45.425616 ], [ 9.12869, 45.425621 ], [ 9.128679, 45.425625 ], [ 9.128667, 45.42563 ], [ 9.128656, 45.425635 ], [ 9.128645, 45.425641 ], [ 9.128633, 45.425645 ], [ 9.128621, 45.42565 ], [ 9.128608, 45.425656 ], [ 9.128603, 45.425657 ], [ 9.128583, 45.425665 ], [ 9.128571, 45.42567 ], [ 9.128557, 45.425675 ], [ 9.128546, 45.425681 ], [ 9.128535, 45.425686 ], [ 9.128521, 45.425691 ], [ 9.128511, 45.425698 ], [ 9.128501, 45.425702 ], [ 9.128489, 45.425707 ], [ 9.128477, 45.425713 ], [ 9.128465, 45.425719 ], [ 9.128456, 45.425726 ], [ 9.128446, 45.425732 ], [ 9.128435, 45.425738 ], [ 9.128424, 45.425746 ], [ 9.128416, 45.425752 ], [ 9.128407, 45.425757 ], [ 9.128397, 45.425762 ], [ 9.128386, 45.425768 ], [ 9.128375, 45.425775 ], [ 9.128363, 45.425784 ], [ 9.128354, 45.425792 ], [ 9.128345, 45.4258 ], [ 9.128336, 45.425808 ], [ 9.128328, 45.425816 ], [ 9.128319, 45.425824 ], [ 9.128311, 45.425832 ], [ 9.128304, 45.42584 ], [ 9.128295, 45.425849 ], [ 9.128289, 45.425858 ], [ 9.128282, 45.425865 ], [ 9.128275, 45.425873 ], [ 9.128268, 45.425883 ], [ 9.128263, 45.425892 ], [ 9.128258, 45.4259 ], [ 9.128251, 45.425908 ], [ 9.128243, 45.425915 ], [ 9.128235, 45.425924 ], [ 9.128228, 45.425932 ], [ 9.128221, 45.425941 ], [ 9.128213, 45.42595 ], [ 9.128206, 45.425959 ], [ 9.128199, 45.425968 ], [ 9.128193, 45.425977 ], [ 9.128188, 45.425986 ], [ 9.128182, 45.425994 ], [ 9.128176, 45.426002 ], [ 9.12817, 45.42601 ], [ 9.128162, 45.426018 ], [ 9.128156, 45.426026 ], [ 9.12815, 45.426032 ], [ 9.128148, 45.426034 ], [ 9.128142, 45.426043 ], [ 9.128135, 45.42605 ], [ 9.128126, 45.426058 ], [ 9.128118, 45.426068 ], [ 9.128111, 45.426078 ], [ 9.128107, 45.426087 ], [ 9.128102, 45.426094 ], [ 9.128097, 45.426101 ], [ 9.128091, 45.426108 ], [ 9.128083, 45.426116 ], [ 9.128075, 45.426124 ], [ 9.128067, 45.426133 ], [ 9.12806, 45.426142 ], [ 9.128054, 45.42615 ], [ 9.128047, 45.426159 ], [ 9.128041, 45.426168 ], [ 9.128035, 45.426176 ], [ 9.128028, 45.426184 ], [ 9.128021, 45.426193 ], [ 9.128014, 45.4262 ], [ 9.128008, 45.426208 ], [ 9.128002, 45.426214 ], [ 9.127991, 45.426222 ], [ 9.127984, 45.426232 ], [ 9.127976, 45.426241 ], [ 9.12797, 45.42625 ], [ 9.127964, 45.426258 ], [ 9.127958, 45.426266 ], [ 9.127952, 45.426272 ], [ 9.127945, 45.426279 ], [ 9.127936, 45.426286 ], [ 9.127926, 45.426294 ], [ 9.127918, 45.426302 ], [ 9.12791, 45.426309 ], [ 9.127902, 45.426317 ], [ 9.127894, 45.426324 ], [ 9.127886, 45.42633 ], [ 9.127877, 45.426337 ], [ 9.127865, 45.426345 ], [ 9.127854, 45.426352 ], [ 9.127845, 45.426359 ], [ 9.127836, 45.426365 ], [ 9.127826, 45.426372 ], [ 9.127817, 45.426379 ], [ 9.127807, 45.426385 ], [ 9.127798, 45.426391 ], [ 9.127789, 45.426397 ], [ 9.127779, 45.426402 ], [ 9.127768, 45.426406 ], [ 9.127756, 45.426412 ], [ 9.127745, 45.426418 ], [ 9.127735, 45.426422 ], [ 9.127723, 45.426428 ], [ 9.127709, 45.426435 ], [ 9.127698, 45.426443 ], [ 9.127688, 45.42645 ], [ 9.127678, 45.426459 ], [ 9.12767, 45.426468 ], [ 9.127662, 45.426476 ], [ 9.127655, 45.426485 ], [ 9.127647, 45.426494 ], [ 9.127641, 45.426502 ], [ 9.127634, 45.426511 ], [ 9.127628, 45.42652 ], [ 9.127621, 45.426529 ], [ 9.127616, 45.426538 ], [ 9.12761, 45.426547 ], [ 9.127606, 45.426555 ], [ 9.127598, 45.426563 ], [ 9.127592, 45.426574 ], [ 9.127587, 45.426583 ], [ 9.127583, 45.426592 ], [ 9.127578, 45.426599 ], [ 9.127573, 45.426607 ], [ 9.127567, 45.426615 ], [ 9.12756, 45.426623 ], [ 9.127554, 45.426632 ], [ 9.127548, 45.426641 ], [ 9.127542, 45.426652 ], [ 9.127538, 45.426662 ], [ 9.127534, 45.426672 ], [ 9.127531, 45.426683 ], [ 9.127528, 45.426693 ], [ 9.127523, 45.426702 ], [ 9.127519, 45.426711 ], [ 9.127516, 45.426718 ], [ 9.127509, 45.426725 ], [ 9.127502, 45.426733 ], [ 9.127494, 45.426742 ], [ 9.127486, 45.426754 ], [ 9.127481, 45.426764 ], [ 9.127478, 45.426774 ], [ 9.127474, 45.426783 ], [ 9.127471, 45.426792 ], [ 9.127466, 45.4268 ], [ 9.127461, 45.426809 ], [ 9.127456, 45.426818 ], [ 9.127451, 45.426827 ], [ 9.127447, 45.426836 ], [ 9.127442, 45.426846 ], [ 9.127438, 45.426855 ], [ 9.127434, 45.426865 ], [ 9.12743, 45.426875 ], [ 9.127426, 45.426883 ], [ 9.127422, 45.426892 ], [ 9.127418, 45.426902 ], [ 9.127413, 45.42691 ], [ 9.127409, 45.426918 ], [ 9.127404, 45.426926 ], [ 9.127398, 45.426936 ], [ 9.127392, 45.426946 ], [ 9.127387, 45.426955 ], [ 9.127382, 45.426964 ], [ 9.127377, 45.426973 ], [ 9.127372, 45.426984 ], [ 9.127369, 45.426994 ], [ 9.127366, 45.427004 ], [ 9.127362, 45.427013 ], [ 9.127358, 45.427021 ], [ 9.127354, 45.427029 ], [ 9.127348, 45.427037 ], [ 9.127342, 45.427045 ], [ 9.127335, 45.427054 ], [ 9.127329, 45.427063 ], [ 9.127323, 45.427071 ], [ 9.127316, 45.42708 ], [ 9.127309, 45.427089 ], [ 9.127303, 45.427097 ], [ 9.127296, 45.427106 ], [ 9.12729, 45.427115 ], [ 9.127284, 45.427124 ], [ 9.127277, 45.427133 ], [ 9.127272, 45.427143 ], [ 9.127267, 45.42715 ], [ 9.12726, 45.427159 ], [ 9.127254, 45.42717 ], [ 9.127251, 45.42718 ], [ 9.127248, 45.427188 ], [ 9.127245, 45.427196 ], [ 9.12724, 45.427203 ], [ 9.127233, 45.427211 ], [ 9.127227, 45.427221 ], [ 9.127222, 45.42723 ], [ 9.127216, 45.42724 ], [ 9.127212, 45.427249 ], [ 9.127208, 45.427258 ], [ 9.127204, 45.427267 ], [ 9.1272, 45.427276 ], [ 9.127195, 45.427287 ], [ 9.127192, 45.427295 ], [ 9.127187, 45.427304 ], [ 9.127181, 45.427314 ], [ 9.127177, 45.427323 ], [ 9.127173, 45.42733 ], [ 9.127166, 45.42734 ], [ 9.127161, 45.42735 ], [ 9.127157, 45.42736 ], [ 9.127154, 45.427368 ], [ 9.127151, 45.427376 ], [ 9.127146, 45.427385 ], [ 9.127141, 45.427395 ], [ 9.127136, 45.427406 ], [ 9.127132, 45.427415 ], [ 9.127129, 45.427424 ], [ 9.127125, 45.427432 ], [ 9.127121, 45.42744 ], [ 9.127116, 45.427448 ], [ 9.12711, 45.427456 ], [ 9.127103, 45.427465 ], [ 9.127097, 45.427475 ], [ 9.127091, 45.427484 ], [ 9.127086, 45.427493 ], [ 9.12708, 45.427505 ], [ 9.127075, 45.427516 ], [ 9.127071, 45.427526 ], [ 9.127067, 45.427534 ], [ 9.12706, 45.427545 ], [ 9.127055, 45.427553 ], [ 9.127048, 45.427562 ], [ 9.12704, 45.427572 ], [ 9.127034, 45.427583 ], [ 9.12703, 45.427595 ], [ 9.127027, 45.427604 ], [ 9.127025, 45.427614 ], [ 9.127022, 45.427623 ], [ 9.127019, 45.427631 ], [ 9.127015, 45.427639 ], [ 9.12701, 45.427648 ], [ 9.127005, 45.42766 ], [ 9.127001, 45.42767 ], [ 9.126997, 45.427677 ], [ 9.126992, 45.427685 ], [ 9.126987, 45.427693 ], [ 9.126981, 45.4277 ], [ 9.126975, 45.427709 ], [ 9.126969, 45.427717 ], [ 9.126962, 45.427727 ], [ 9.126957, 45.427736 ], [ 9.126951, 45.427745 ], [ 9.126947, 45.427753 ], [ 9.126942, 45.427761 ], [ 9.126935, 45.427769 ], [ 9.126928, 45.427778 ], [ 9.126922, 45.427788 ], [ 9.126916, 45.427798 ], [ 9.126912, 45.427808 ], [ 9.126908, 45.427816 ], [ 9.126903, 45.427825 ], [ 9.126899, 45.427834 ], [ 9.126894, 45.427843 ], [ 9.12689, 45.427853 ], [ 9.126885, 45.427861 ], [ 9.126881, 45.42787 ], [ 9.126876, 45.427878 ], [ 9.126871, 45.427887 ], [ 9.126868, 45.427896 ], [ 9.126862, 45.427904 ], [ 9.126856, 45.427915 ], [ 9.126853, 45.427926 ], [ 9.126851, 45.427936 ], [ 9.126849, 45.427945 ], [ 9.126846, 45.427953 ], [ 9.126841, 45.427961 ], [ 9.126837, 45.427971 ], [ 9.126832, 45.427981 ], [ 9.126829, 45.42799 ], [ 9.126825, 45.427999 ], [ 9.126821, 45.428009 ], [ 9.126818, 45.428018 ], [ 9.126814, 45.428027 ], [ 9.126811, 45.428037 ], [ 9.126807, 45.428047 ], [ 9.126804, 45.428055 ], [ 9.126799, 45.428065 ], [ 9.126795, 45.428076 ], [ 9.126791, 45.428085 ], [ 9.126787, 45.428094 ], [ 9.126785, 45.428103 ], [ 9.126781, 45.428113 ], [ 9.126778, 45.428124 ], [ 9.126776, 45.428135 ], [ 9.126776, 45.428146 ], [ 9.126776, 45.428155 ], [ 9.126776, 45.428162 ], [ 9.126774, 45.428169 ], [ 9.126769, 45.428178 ], [ 9.126764, 45.428189 ], [ 9.126761, 45.428199 ], [ 9.126758, 45.428209 ], [ 9.126755, 45.428219 ], [ 9.126752, 45.428229 ], [ 9.126751, 45.428238 ], [ 9.126748, 45.428248 ], [ 9.126746, 45.428258 ], [ 9.126744, 45.428268 ], [ 9.126743, 45.428278 ], [ 9.126743, 45.428288 ], [ 9.126737, 45.428323 ], [ 9.126733, 45.428331 ], [ 9.126731, 45.428342 ], [ 9.126729, 45.428352 ], [ 9.126728, 45.428361 ], [ 9.126727, 45.428372 ], [ 9.126727, 45.428383 ], [ 9.126726, 45.428393 ], [ 9.126725, 45.428402 ], [ 9.126724, 45.428412 ], [ 9.126723, 45.42842 ], [ 9.126722, 45.428429 ], [ 9.12672, 45.428439 ], [ 9.12672, 45.428449 ], [ 9.12672, 45.428458 ], [ 9.126719, 45.428467 ], [ 9.126718, 45.428476 ], [ 9.126717, 45.428486 ], [ 9.126716, 45.428494 ], [ 9.126714, 45.428504 ], [ 9.126713, 45.428516 ], [ 9.126713, 45.428526 ], [ 9.126714, 45.428536 ], [ 9.126714, 45.428545 ], [ 9.126714, 45.428554 ], [ 9.126714, 45.428564 ], [ 9.126715, 45.428575 ], [ 9.126715, 45.428584 ], [ 9.126715, 45.428593 ], [ 9.126715, 45.428604 ], [ 9.126716, 45.428613 ], [ 9.126716, 45.428623 ], [ 9.126716, 45.428633 ], [ 9.126716, 45.428642 ], [ 9.126717, 45.428653 ], [ 9.126717, 45.428663 ], [ 9.126717, 45.428672 ], [ 9.126716, 45.42868 ], [ 9.126714, 45.42869 ], [ 9.126712, 45.4287 ], [ 9.126711, 45.428711 ], [ 9.126711, 45.428721 ], [ 9.12671, 45.428731 ], [ 9.12671, 45.42874 ], [ 9.12671, 45.428749 ], [ 9.126711, 45.428759 ], [ 9.126711, 45.428768 ], [ 9.126711, 45.428779 ], [ 9.126711, 45.428789 ], [ 9.126711, 45.428799 ], [ 9.126711, 45.428809 ], [ 9.126711, 45.428819 ], [ 9.126712, 45.428828 ], [ 9.126712, 45.428837 ], [ 9.126712, 45.428846 ], [ 9.126712, 45.428871 ], [ 9.126713, 45.428907 ], [ 9.126713, 45.428918 ], [ 9.126714, 45.428928 ], [ 9.126714, 45.42894 ], [ 9.126714, 45.428949 ], [ 9.126715, 45.428958 ], [ 9.126715, 45.428968 ], [ 9.126715, 45.428979 ], [ 9.126715, 45.428988 ], [ 9.126716, 45.428998 ], [ 9.126716, 45.429007 ], [ 9.126717, 45.429017 ], [ 9.126717, 45.429027 ], [ 9.126717, 45.429035 ], [ 9.126717, 45.429045 ], [ 9.126717, 45.429055 ], [ 9.126717, 45.429065 ], [ 9.126718, 45.429075 ], [ 9.126718, 45.429084 ], [ 9.126719, 45.429094 ], [ 9.126719, 45.429103 ], [ 9.126719, 45.429113 ], [ 9.12672, 45.429123 ], [ 9.12672, 45.429132 ], [ 9.12672, 45.429141 ], [ 9.126719, 45.429168 ], [ 9.126718, 45.429194 ], [ 9.126716, 45.429213 ], [ 9.126715, 45.429223 ], [ 9.126715, 45.429231 ], [ 9.126714, 45.42924 ], [ 9.126713, 45.429245 ], [ 9.126712, 45.429254 ], [ 9.126711, 45.429263 ], [ 9.12671, 45.429266 ], [ 9.126709, 45.429274 ], [ 9.126707, 45.429283 ], [ 9.126707, 45.429287 ], [ 9.126705, 45.429296 ], [ 9.126704, 45.429305 ], [ 9.126703, 45.429312 ], [ 9.126689, 45.429476 ], [ 9.12669, 45.42952 ], [ 9.126686, 45.42957 ], [ 9.12669, 45.42965 ], [ 9.126696, 45.429664 ], [ 9.1267, 45.429677 ], [ 9.126702, 45.429692 ], [ 9.1267, 45.429704 ], [ 9.126699, 45.429714 ], [ 9.126696, 45.42974 ], [ 9.126693, 45.429762 ], [ 9.126696, 45.429784 ], [ 9.126705, 45.42981 ], [ 9.126707, 45.429832 ], [ 9.126701, 45.42986 ], [ 9.126699, 45.429897 ], [ 9.12672, 45.429965 ], [ 9.126719, 45.43002 ], [ 9.126692, 45.430079 ], [ 9.126655, 45.430137 ], [ 9.126608, 45.430201 ], [ 9.126539, 45.430248 ], [ 9.126468, 45.430295 ], [ 9.126425, 45.430332 ], [ 9.126389, 45.430362 ], [ 9.126386, 45.430364 ], [ 9.126009, 45.430707 ], [ 9.126005, 45.43071 ], [ 9.125864, 45.430828 ], [ 9.125861, 45.430831 ], [ 9.125512, 45.431124 ], [ 9.125437, 45.431184 ], [ 9.125361, 45.431243 ], [ 9.125307, 45.431286 ], [ 9.125067, 45.431477 ], [ 9.125056, 45.431487 ], [ 9.125027, 45.431516 ], [ 9.124969, 45.43156 ], [ 9.124915, 45.431602 ], [ 9.124858, 45.431648 ], [ 9.124725, 45.431762 ], [ 9.124627, 45.431852 ], [ 9.124585, 45.431893 ], [ 9.124537, 45.431943 ], [ 9.124501, 45.43197 ], [ 9.124429, 45.432032 ], [ 9.124354, 45.432105 ], [ 9.124229, 45.432213 ], [ 9.124104, 45.432316 ], [ 9.124008, 45.432399 ], [ 9.123747, 45.432609 ], [ 9.123607, 45.432737 ], [ 9.123542, 45.43281 ], [ 9.123477, 45.432863 ], [ 9.123447, 45.432884 ], [ 9.123404, 45.432914 ], [ 9.123341, 45.43297 ], [ 9.12327, 45.433028 ], [ 9.123069, 45.433187 ], [ 9.123, 45.433248 ], [ 9.122926, 45.433324 ], [ 9.122855, 45.433393 ], [ 9.122778, 45.433455 ], [ 9.122676, 45.433532 ], [ 9.122579, 45.43362 ], [ 9.122488, 45.433701 ], [ 9.122383, 45.43379 ], [ 9.122324, 45.433836 ], [ 9.122273, 45.43388 ], [ 9.122077, 45.434048 ], [ 9.121944, 45.434157 ], [ 9.121775, 45.434303 ], [ 9.121707, 45.434359 ], [ 9.121683, 45.434384 ], [ 9.121662, 45.434409 ], [ 9.121651, 45.434425 ], [ 9.121632, 45.434442 ], [ 9.12159, 45.43447 ], [ 9.12156, 45.434491 ], [ 9.121422, 45.434581 ], [ 9.121366, 45.434608 ], [ 9.121337, 45.434622 ], [ 9.121269, 45.434654 ], [ 9.121245, 45.434668 ], [ 9.121236, 45.434686 ], [ 9.121231, 45.434703 ], [ 9.121237, 45.434728 ], [ 9.121249, 45.434752 ], [ 9.121265, 45.434766 ], [ 9.121283, 45.434778 ], [ 9.121306, 45.434792 ], [ 9.121345, 45.434814 ], [ 9.121378, 45.43483 ], [ 9.121404, 45.43484 ], [ 9.121465, 45.434864 ], [ 9.121519, 45.434891 ], [ 9.121522, 45.434892 ], [ 9.121629, 45.434947 ], [ 9.121643, 45.434955 ], [ 9.121665, 45.434966 ], [ 9.121693, 45.434974 ], [ 9.121721, 45.434981 ], [ 9.121751, 45.434991 ], [ 9.121775, 45.434999 ], [ 9.121802, 45.435008 ], [ 9.121846, 45.435018 ], [ 9.121909, 45.435033 ], [ 9.121968, 45.435045 ], [ 9.122015, 45.435056 ], [ 9.122049, 45.435066 ], [ 9.122068, 45.435079 ], [ 9.122088, 45.435095 ], [ 9.122099, 45.435115 ], [ 9.122102, 45.43514 ], [ 9.122101, 45.435173 ], [ 9.122096, 45.435213 ], [ 9.122091, 45.435239 ], [ 9.122083, 45.435271 ], [ 9.122078, 45.435288 ], [ 9.122072, 45.435308 ], [ 9.122059, 45.435335 ], [ 9.122048, 45.435357 ], [ 9.122034, 45.435383 ], [ 9.122019, 45.435401 ], [ 9.122005, 45.435425 ], [ 9.121973, 45.435502 ], [ 9.121954, 45.435539 ], [ 9.121941, 45.435557 ], [ 9.121918, 45.435586 ], [ 9.121915, 45.43559 ], [ 9.121895, 45.435616 ], [ 9.121881, 45.435642 ], [ 9.121871, 45.435663 ], [ 9.121856, 45.435686 ], [ 9.121842, 45.435716 ], [ 9.121822, 45.435743 ], [ 9.121805, 45.43577 ], [ 9.121787, 45.435799 ], [ 9.121773, 45.435824 ], [ 9.121755, 45.435848 ], [ 9.121737, 45.435877 ], [ 9.12172, 45.435906 ], [ 9.121697, 45.435941 ], [ 9.121676, 45.435979 ], [ 9.121653, 45.436011 ], [ 9.121621, 45.436072 ], [ 9.121583, 45.436119 ], [ 9.121556, 45.436162 ], [ 9.121533, 45.4362 ], [ 9.12151, 45.436246 ], [ 9.121486, 45.436286 ], [ 9.121464, 45.436322 ], [ 9.121425, 45.436387 ], [ 9.121399, 45.436428 ], [ 9.121375, 45.436472 ], [ 9.121333, 45.436542 ], [ 9.121307, 45.436571 ], [ 9.121287, 45.4366 ], [ 9.121269, 45.436623 ], [ 9.121247, 45.436652 ], [ 9.121231, 45.436676 ], [ 9.121215, 45.436705 ], [ 9.121196, 45.436736 ], [ 9.121182, 45.436763 ], [ 9.121168, 45.436784 ], [ 9.121146, 45.436819 ], [ 9.121132, 45.436842 ], [ 9.121117, 45.436869 ], [ 9.121102, 45.436896 ], [ 9.121072, 45.436952 ], [ 9.121057, 45.436976 ], [ 9.121044, 45.436997 ], [ 9.121031, 45.437014 ], [ 9.121017, 45.437037 ], [ 9.121003, 45.437056 ], [ 9.12099, 45.437074 ], [ 9.12097, 45.437099 ], [ 9.120958, 45.437121 ], [ 9.120944, 45.437152 ], [ 9.12092, 45.437205 ], [ 9.1209, 45.43725 ], [ 9.120896, 45.437259 ], [ 9.120868, 45.437312 ], [ 9.120836, 45.437359 ], [ 9.120778, 45.437463 ], [ 9.120744, 45.437523 ], [ 9.120348, 45.437415 ], [ 9.120314, 45.437476 ], [ 9.120289, 45.437523 ], [ 9.12024, 45.437611 ], [ 9.120168, 45.437711 ], [ 9.120064, 45.437846 ], [ 9.120004, 45.437934 ], [ 9.12041, 45.438358 ], [ 9.121548, 45.439305 ], [ 9.122018, 45.439552 ], [ 9.123381, 45.440104 ], [ 9.123942, 45.440198 ], [ 9.124518, 45.440859 ], [ 9.124774, 45.441235 ], [ 9.125283, 45.441753 ], [ 9.125635, 45.442157 ], [ 9.125991, 45.442755 ], [ 9.127367, 45.442566 ], [ 9.127744, 45.44258 ], [ 9.127773, 45.442579 ], [ 9.128311, 45.442617 ], [ 9.128957, 45.442718 ], [ 9.129431, 45.44287 ], [ 9.129806, 45.442821 ], [ 9.130297, 45.442911 ], [ 9.130357, 45.442925 ], [ 9.130728, 45.442952 ], [ 9.131043, 45.443025 ], [ 9.131599, 45.443188 ], [ 9.131922, 45.443409 ], [ 9.132093, 45.44349 ], [ 9.132182, 45.443502 ], [ 9.132616, 45.443611 ], [ 9.13295, 45.44376 ], [ 9.133281, 45.443966 ], [ 9.133312, 45.443969 ], [ 9.133842, 45.444079 ], [ 9.134291, 45.442678 ], [ 9.134555, 45.442453 ], [ 9.134626, 45.442502 ], [ 9.134671, 45.442515 ], [ 9.134884, 45.442536 ], [ 9.13501, 45.442496 ], [ 9.135386, 45.442487 ], [ 9.135572, 45.442277 ], [ 9.136019, 45.442052 ], [ 9.1363, 45.442097 ], [ 9.136875, 45.441643 ], [ 9.136492, 45.440855 ], [ 9.136422, 45.440527 ], [ 9.136175, 45.44039 ], [ 9.136165, 45.440389 ], [ 9.135066, 45.439647 ], [ 9.135066, 45.439646 ], [ 9.134079, 45.43791 ], [ 9.134392, 45.437749 ], [ 9.135393, 45.437302 ], [ 9.136214, 45.437375 ], [ 9.136714, 45.437289 ], [ 9.137166, 45.437333 ], [ 9.137251, 45.437357 ], [ 9.137619, 45.437456 ], [ 9.137675, 45.437478 ], [ 9.137773, 45.437495 ], [ 9.138588, 45.437351 ], [ 9.139449, 45.436873 ], [ 9.141046, 45.435656 ], [ 9.141112, 45.435707 ], [ 9.141505, 45.435974 ], [ 9.141555, 45.436005 ], [ 9.142261, 45.436406 ], [ 9.142359, 45.436386 ], [ 9.144298, 45.436701 ], [ 9.144315, 45.436701 ], [ 9.144751, 45.436653 ], [ 9.14499, 45.436606 ], [ 9.145176, 45.436656 ], [ 9.145891, 45.436963 ], [ 9.146836, 45.436601 ], [ 9.147445, 45.437119 ], [ 9.147533, 45.437467 ], [ 9.147792, 45.437666 ], [ 9.14798, 45.438034 ], [ 9.148245, 45.438248 ], [ 9.148466, 45.438266 ], [ 9.148928, 45.438159 ], [ 9.149018, 45.438128 ], [ 9.14902, 45.438127 ], [ 9.149203, 45.438185 ], [ 9.149228, 45.43819 ], [ 9.149233, 45.438191 ], [ 9.149377, 45.4382 ], [ 9.149428, 45.438201 ], [ 9.149441, 45.438215 ], [ 9.149499, 45.438274 ], [ 9.149635, 45.438385 ], [ 9.149708, 45.43843 ], [ 9.149747, 45.438451 ], [ 9.150284, 45.438664 ], [ 9.150438, 45.438656 ], [ 9.150468, 45.438649 ], [ 9.150646, 45.438706 ], [ 9.150736, 45.438722 ], [ 9.150957, 45.438918 ], [ 9.151409, 45.43899 ], [ 9.151713, 45.439001 ], [ 9.151786, 45.439079 ], [ 9.151974, 45.43922 ], [ 9.152136, 45.439279 ], [ 9.152522, 45.439085 ], [ 9.152548, 45.439011 ], [ 9.152783, 45.438623 ], [ 9.152959, 45.438566 ], [ 9.153099, 45.438414 ], [ 9.153107, 45.438404 ], [ 9.153099, 45.438303 ], [ 9.153236, 45.437951 ], [ 9.153242, 45.437925 ], [ 9.153257, 45.437892 ], [ 9.153274, 45.43785 ], [ 9.153285, 45.437816 ], [ 9.153322, 45.437752 ], [ 9.153331, 45.437734 ], [ 9.153345, 45.437728 ], [ 9.153471, 45.437665 ], [ 9.153617, 45.437668 ], [ 9.153684, 45.437628 ], [ 9.153782, 45.437589 ], [ 9.153806, 45.437583 ], [ 9.153827, 45.437576 ], [ 9.153839, 45.437561 ], [ 9.153895, 45.437505 ], [ 9.153912, 45.437493 ], [ 9.153941, 45.43746 ], [ 9.153979, 45.437392 ], [ 9.154038, 45.437091 ], [ 9.154164, 45.437093 ], [ 9.15425, 45.437114 ], [ 9.154372, 45.437165 ], [ 9.154561, 45.437261 ], [ 9.154616, 45.437333 ], [ 9.154708, 45.43735 ], [ 9.154812, 45.437285 ], [ 9.154866, 45.437249 ], [ 9.154942, 45.437204 ], [ 9.15526, 45.437132 ], [ 9.155363, 45.437507 ], [ 9.155401, 45.437566 ], [ 9.155453, 45.43763 ], [ 9.155544, 45.437708 ], [ 9.155578, 45.43773 ], [ 9.155641, 45.437816 ], [ 9.155717, 45.437876 ], [ 9.155753, 45.437915 ], [ 9.155861, 45.437986 ], [ 9.155896, 45.438013 ], [ 9.156005, 45.438011 ], [ 9.156219, 45.438045 ], [ 9.156294, 45.438076 ], [ 9.156827, 45.438 ], [ 9.157018, 45.438102 ], [ 9.157234, 45.438069 ], [ 9.157284, 45.438064 ], [ 9.157384, 45.438061 ], [ 9.157458, 45.438063 ], [ 9.157563, 45.438073 ], [ 9.157657, 45.438092 ], [ 9.15768, 45.438098 ], [ 9.157743, 45.438039 ], [ 9.157807, 45.437989 ], [ 9.157905, 45.437883 ], [ 9.157962, 45.437834 ], [ 9.15809, 45.437763 ], [ 9.158179, 45.437728 ], [ 9.158197, 45.437723 ], [ 9.158446, 45.437697 ], [ 9.15845, 45.437695 ], [ 9.158792, 45.437817 ], [ 9.158873, 45.437885 ], [ 9.158999, 45.43802 ], [ 9.15913, 45.438188 ], [ 9.159166, 45.43819 ], [ 9.159422, 45.438146 ], [ 9.160002, 45.438363 ], [ 9.160431, 45.438686 ], [ 9.160558, 45.438567 ], [ 9.161026, 45.437994 ], [ 9.161041, 45.437867 ], [ 9.16117, 45.437726 ], [ 9.16142, 45.437515 ], [ 9.16157, 45.437404 ], [ 9.16189, 45.437395 ], [ 9.161916, 45.437387 ], [ 9.161927, 45.437385 ], [ 9.161987, 45.437381 ], [ 9.16217, 45.437389 ], [ 9.162219, 45.437409 ], [ 9.162646, 45.437352 ], [ 9.162732, 45.438075 ], [ 9.16288, 45.438162 ], [ 9.163172, 45.438239 ], [ 9.163613, 45.438539 ], [ 9.163673, 45.438609 ], [ 9.16371, 45.438627 ], [ 9.164112, 45.438238 ], [ 9.16524, 45.437816 ], [ 9.165367, 45.43786 ], [ 9.165483, 45.438775 ], [ 9.16565, 45.438933 ], [ 9.165671, 45.438948 ], [ 9.165709, 45.440041 ], [ 9.165709, 45.440043 ], [ 9.165937, 45.440557 ], [ 9.165936, 45.440581 ], [ 9.165942, 45.440599 ], [ 9.166643, 45.441186 ], [ 9.166656, 45.44122 ], [ 9.16698, 45.441337 ], [ 9.167652, 45.441978 ], [ 9.167962, 45.442009 ], [ 9.168095, 45.442227 ], [ 9.167798, 45.443521 ], [ 9.16789, 45.443574 ], [ 9.16822, 45.443578 ], [ 9.168608, 45.443355 ], [ 9.168975, 45.443251 ], [ 9.169256, 45.443362 ], [ 9.169396, 45.443362 ], [ 9.169407, 45.443366 ], [ 9.169764, 45.443317 ], [ 9.169777, 45.443311 ], [ 9.169981, 45.443324 ], [ 9.170174, 45.443307 ], [ 9.17045, 45.443381 ], [ 9.170639, 45.443171 ], [ 9.17088, 45.443126 ], [ 9.171259, 45.443123 ], [ 9.171761, 45.44349 ], [ 9.171873, 45.443641 ], [ 9.17202, 45.443719 ], [ 9.172059, 45.443741 ], [ 9.172157, 45.443687 ], [ 9.172273, 45.443615 ], [ 9.172491, 45.443542 ], [ 9.172628, 45.443483 ], [ 9.172662, 45.443463 ], [ 9.172805, 45.443426 ], [ 9.1733, 45.443031 ], [ 9.173314, 45.442734 ], [ 9.173298, 45.442556 ], [ 9.173259, 45.442421 ], [ 9.173498, 45.442129 ], [ 9.173721, 45.442098 ], [ 9.17382, 45.442051 ], [ 9.174021, 45.442056 ], [ 9.174323, 45.442165 ], [ 9.174617, 45.442412 ], [ 9.174726, 45.442704 ], [ 9.174845, 45.442726 ], [ 9.174889, 45.44273 ], [ 9.175334, 45.442659 ], [ 9.175505, 45.442405 ], [ 9.175519, 45.442168 ], [ 9.17551, 45.441988 ], [ 9.175512, 45.441981 ], [ 9.175601, 45.44181 ], [ 9.175589, 45.441542 ], [ 9.175535, 45.441413 ], [ 9.175608, 45.440806 ], [ 9.176471, 45.440148 ], [ 9.176496, 45.439915 ], [ 9.17652, 45.439814 ], [ 9.175825, 45.439665 ], [ 9.175402, 45.439478 ], [ 9.175156, 45.439294 ], [ 9.17502, 45.439118 ], [ 9.174957, 45.438883 ], [ 9.174762, 45.438655 ], [ 9.174464, 45.438491 ], [ 9.174037, 45.438304 ], [ 9.174249, 45.437407 ], [ 9.174378, 45.437242 ], [ 9.174366, 45.436977 ], [ 9.176134, 45.434963 ], [ 9.176163, 45.434945 ], [ 9.175878, 45.433884 ], [ 9.175857, 45.433727 ], [ 9.175863, 45.433109 ], [ 9.175805, 45.432989 ], [ 9.175713, 45.432657 ], [ 9.175685, 45.432163 ], [ 9.175645, 45.431716 ], [ 9.176028, 45.431431 ], [ 9.176329, 45.431277 ], [ 9.176473, 45.431127 ], [ 9.177636, 45.429795 ], [ 9.1778, 45.429627 ], [ 9.177944, 45.429501 ], [ 9.177978, 45.429471 ], [ 9.178574, 45.429324 ], [ 9.178883, 45.429015 ], [ 9.18202, 45.42816 ], [ 9.182241, 45.42803 ], [ 9.185133, 45.427607 ], [ 9.185899, 45.425876 ], [ 9.185999, 45.425458 ], [ 9.186118, 45.424677 ], [ 9.186153, 45.424468 ], [ 9.186191, 45.424264 ], [ 9.186229, 45.424077 ], [ 9.186276, 45.423862 ], [ 9.186426, 45.423246 ], [ 9.186431, 45.423226 ], [ 9.186494, 45.423012 ], [ 9.186563, 45.422792 ], [ 9.188057, 45.41827 ], [ 9.190563, 45.414743 ], [ 9.190836, 45.413781 ], [ 9.191406, 45.411757 ], [ 9.193239, 45.410341 ], [ 9.200271, 45.39688 ], [ 9.20027, 45.396876 ], [ 9.200267, 45.396867 ], [ 9.200263, 45.396858 ], [ 9.20026, 45.39685 ], [ 9.200257, 45.396841 ], [ 9.200254, 45.396832 ], [ 9.200251, 45.396823 ], [ 9.200248, 45.396814 ], [ 9.200246, 45.396805 ], [ 9.200243, 45.396797 ], [ 9.200241, 45.396788 ], [ 9.200239, 45.39678 ], [ 9.200237, 45.396772 ], [ 9.200235, 45.396763 ], [ 9.200234, 45.396754 ], [ 9.200232, 45.396746 ], [ 9.20023, 45.396737 ], [ 9.200229, 45.396728 ], [ 9.200227, 45.396719 ], [ 9.200225, 45.39671 ], [ 9.200224, 45.3967 ], [ 9.200222, 45.396691 ], [ 9.20022, 45.396683 ], [ 9.200219, 45.396674 ], [ 9.200217, 45.396665 ], [ 9.200215, 45.396655 ], [ 9.200213, 45.396646 ], [ 9.200211, 45.396637 ], [ 9.200208, 45.396628 ], [ 9.200204, 45.396619 ], [ 9.200201, 45.39661 ], [ 9.200197, 45.396602 ], [ 9.200194, 45.396593 ], [ 9.200191, 45.396584 ], [ 9.200188, 45.396576 ], [ 9.200185, 45.396567 ], [ 9.200182, 45.396558 ], [ 9.200179, 45.39655 ], [ 9.200177, 45.396542 ], [ 9.200174, 45.396533 ], [ 9.200173, 45.396525 ], [ 9.200172, 45.396516 ], [ 9.20017, 45.396507 ], [ 9.200168, 45.396497 ], [ 9.200166, 45.396488 ], [ 9.200163, 45.396479 ], [ 9.20016, 45.39647 ], [ 9.200157, 45.396461 ], [ 9.200155, 45.396452 ], [ 9.200152, 45.396443 ], [ 9.200149, 45.396434 ], [ 9.200146, 45.396426 ], [ 9.200143, 45.396417 ], [ 9.20014, 45.396408 ], [ 9.200137, 45.396399 ], [ 9.200134, 45.39639 ], [ 9.20013, 45.396381 ], [ 9.200126, 45.396372 ], [ 9.200122, 45.396364 ], [ 9.200118, 45.396355 ], [ 9.200115, 45.396347 ], [ 9.200112, 45.396339 ], [ 9.200109, 45.39633 ], [ 9.200106, 45.396322 ], [ 9.200104, 45.396314 ], [ 9.200102, 45.396305 ], [ 9.2001, 45.396297 ], [ 9.200098, 45.396288 ], [ 9.200097, 45.396279 ], [ 9.200095, 45.396271 ], [ 9.200094, 45.396262 ], [ 9.200094, 45.396253 ], [ 9.200093, 45.396244 ], [ 9.200093, 45.396235 ], [ 9.200092, 45.396226 ], [ 9.200091, 45.396216 ], [ 9.20009, 45.396207 ], [ 9.200088, 45.396198 ], [ 9.200086, 45.396188 ], [ 9.200083, 45.396179 ], [ 9.20008, 45.39617 ], [ 9.200077, 45.396161 ], [ 9.200073, 45.396152 ], [ 9.20007, 45.396143 ], [ 9.200066, 45.396135 ], [ 9.200062, 45.396126 ], [ 9.200059, 45.396117 ], [ 9.200055, 45.396109 ], [ 9.200051, 45.3961 ], [ 9.200047, 45.396091 ], [ 9.200042, 45.396083 ], [ 9.200038, 45.396074 ], [ 9.200034, 45.396065 ], [ 9.20003, 45.396057 ], [ 9.200027, 45.396048 ], [ 9.200023, 45.39604 ], [ 9.200019, 45.396031 ], [ 9.200015, 45.396023 ], [ 9.200011, 45.396014 ], [ 9.200008, 45.396006 ], [ 9.200005, 45.395997 ], [ 9.200002, 45.395989 ], [ 9.199998, 45.39598 ], [ 9.199995, 45.395971 ], [ 9.199992, 45.395963 ], [ 9.19999, 45.395954 ], [ 9.199987, 45.395945 ], [ 9.199984, 45.395936 ], [ 9.199981, 45.395928 ], [ 9.199979, 45.395919 ], [ 9.199976, 45.39591 ], [ 9.199973, 45.395901 ], [ 9.199969, 45.395893 ], [ 9.199966, 45.395884 ], [ 9.199963, 45.395875 ], [ 9.19996, 45.395866 ], [ 9.199957, 45.395858 ], [ 9.199954, 45.395849 ], [ 9.19995, 45.39584 ], [ 9.199947, 45.395832 ], [ 9.199943, 45.395823 ], [ 9.199941, 45.395815 ], [ 9.199938, 45.395806 ], [ 9.199935, 45.395798 ], [ 9.199933, 45.395789 ], [ 9.19993, 45.39578 ], [ 9.199928, 45.395772 ], [ 9.199925, 45.395763 ], [ 9.199922, 45.395754 ], [ 9.19992, 45.395745 ], [ 9.199917, 45.395735 ], [ 9.199913, 45.395726 ], [ 9.19991, 45.395718 ], [ 9.199906, 45.395709 ], [ 9.199903, 45.3957 ], [ 9.199899, 45.395691 ], [ 9.199896, 45.395682 ], [ 9.199893, 45.395673 ], [ 9.199889, 45.395665 ], [ 9.199887, 45.395657 ], [ 9.199884, 45.395649 ], [ 9.199881, 45.39564 ], [ 9.199879, 45.395631 ], [ 9.199877, 45.395622 ], [ 9.199875, 45.395613 ], [ 9.199872, 45.395604 ], [ 9.19987, 45.395596 ], [ 9.199868, 45.395587 ], [ 9.199865, 45.395578 ], [ 9.199862, 45.395569 ], [ 9.199859, 45.39556 ], [ 9.199857, 45.395552 ], [ 9.199855, 45.395543 ], [ 9.199853, 45.395535 ], [ 9.19985, 45.395526 ], [ 9.199848, 45.395517 ], [ 9.199847, 45.395509 ], [ 9.199845, 45.3955 ], [ 9.199844, 45.395491 ], [ 9.199842, 45.395482 ], [ 9.19984, 45.395473 ], [ 9.199839, 45.395465 ], [ 9.199838, 45.395456 ], [ 9.199837, 45.395447 ], [ 9.199835, 45.395438 ], [ 9.199833, 45.395429 ], [ 9.199832, 45.395419 ], [ 9.19983, 45.39541 ], [ 9.199828, 45.395401 ], [ 9.199826, 45.395392 ], [ 9.199824, 45.395383 ], [ 9.199822, 45.395374 ], [ 9.19982, 45.395365 ], [ 9.199818, 45.395356 ], [ 9.199816, 45.395348 ], [ 9.199814, 45.395338 ], [ 9.199813, 45.395329 ], [ 9.199811, 45.395321 ], [ 9.199809, 45.395312 ], [ 9.199807, 45.395303 ], [ 9.199804, 45.395294 ], [ 9.199802, 45.395285 ], [ 9.1998, 45.395277 ], [ 9.199799, 45.395268 ], [ 9.199797, 45.395259 ], [ 9.199795, 45.395251 ], [ 9.199794, 45.395242 ], [ 9.199792, 45.395233 ], [ 9.199791, 45.395224 ], [ 9.199789, 45.395215 ], [ 9.199787, 45.395206 ], [ 9.199786, 45.395197 ], [ 9.199784, 45.395188 ], [ 9.199782, 45.395179 ], [ 9.19978, 45.39517 ], [ 9.199778, 45.395161 ], [ 9.199776, 45.395152 ], [ 9.199775, 45.395143 ], [ 9.199773, 45.395134 ], [ 9.199771, 45.395125 ], [ 9.199769, 45.395116 ], [ 9.199767, 45.395107 ], [ 9.199765, 45.395098 ], [ 9.199763, 45.39509 ], [ 9.199761, 45.395081 ], [ 9.199759, 45.395072 ], [ 9.199756, 45.395063 ], [ 9.199754, 45.395054 ], [ 9.199751, 45.395045 ], [ 9.199749, 45.395036 ], [ 9.199746, 45.395027 ], [ 9.199744, 45.395018 ], [ 9.199741, 45.39501 ], [ 9.199739, 45.395001 ], [ 9.199736, 45.394992 ], [ 9.199734, 45.394983 ], [ 9.199731, 45.394974 ], [ 9.199729, 45.394965 ], [ 9.199726, 45.394956 ], [ 9.199724, 45.394948 ], [ 9.199721, 45.394939 ], [ 9.199719, 45.39493 ], [ 9.199717, 45.394921 ], [ 9.199715, 45.394912 ], [ 9.199713, 45.394903 ], [ 9.199711, 45.394895 ], [ 9.199709, 45.394886 ], [ 9.199708, 45.394877 ], [ 9.199706, 45.394868 ], [ 9.199704, 45.394859 ], [ 9.199702, 45.39485 ], [ 9.1997, 45.394841 ], [ 9.199698, 45.394832 ], [ 9.199696, 45.394824 ], [ 9.199694, 45.394815 ], [ 9.199693, 45.394806 ], [ 9.199691, 45.394797 ], [ 9.199689, 45.394788 ], [ 9.199688, 45.394779 ], [ 9.199687, 45.394771 ], [ 9.199686, 45.394762 ], [ 9.199685, 45.394753 ], [ 9.199685, 45.394744 ], [ 9.199685, 45.394736 ], [ 9.199685, 45.394727 ], [ 9.199685, 45.394719 ], [ 9.199686, 45.39471 ], [ 9.199687, 45.394701 ], [ 9.199687, 45.394693 ], [ 9.19969, 45.394685 ], [ 9.199692, 45.394676 ], [ 9.199694, 45.394667 ], [ 9.199697, 45.394659 ], [ 9.199701, 45.394651 ], [ 9.199704, 45.394642 ], [ 9.199708, 45.394634 ], [ 9.199713, 45.394625 ], [ 9.199717, 45.394618 ], [ 9.199722, 45.39461 ], [ 9.199729, 45.394602 ], [ 9.199735, 45.394596 ], [ 9.199741, 45.394589 ], [ 9.199748, 45.394583 ], [ 9.199756, 45.394578 ], [ 9.199764, 45.394573 ], [ 9.199773, 45.394568 ], [ 9.199783, 45.394564 ], [ 9.199794, 45.39456 ], [ 9.199805, 45.394556 ], [ 9.199816, 45.394552 ], [ 9.199827, 45.394548 ], [ 9.199839, 45.394545 ], [ 9.19985, 45.394542 ], [ 9.199861, 45.394538 ], [ 9.199872, 45.394535 ], [ 9.199885, 45.394531 ], [ 9.199897, 45.394528 ], [ 9.199909, 45.394523 ], [ 9.199921, 45.394519 ], [ 9.199932, 45.394514 ], [ 9.199943, 45.394508 ], [ 9.199954, 45.394503 ], [ 9.199965, 45.394497 ], [ 9.199976, 45.394492 ], [ 9.199986, 45.394486 ], [ 9.199998, 45.39448 ], [ 9.200008, 45.394473 ], [ 9.200017, 45.394467 ], [ 9.200027, 45.394461 ], [ 9.200036, 45.394455 ], [ 9.200046, 45.394449 ], [ 9.200056, 45.394442 ], [ 9.200066, 45.394436 ], [ 9.200076, 45.39443 ], [ 9.200085, 45.394423 ], [ 9.200094, 45.394417 ], [ 9.200103, 45.394411 ], [ 9.200112, 45.394404 ], [ 9.200122, 45.394398 ], [ 9.200131, 45.394392 ], [ 9.20014, 45.394385 ], [ 9.200149, 45.394379 ], [ 9.200158, 45.394372 ], [ 9.200167, 45.394365 ], [ 9.200177, 45.394359 ], [ 9.200186, 45.394352 ], [ 9.200194, 45.394345 ], [ 9.200202, 45.394338 ], [ 9.200209, 45.394331 ], [ 9.200217, 45.394324 ], [ 9.200225, 45.394317 ], [ 9.200233, 45.39431 ], [ 9.20024, 45.394302 ], [ 9.200248, 45.394295 ], [ 9.200256, 45.394288 ], [ 9.200264, 45.39428 ], [ 9.200272, 45.394272 ], [ 9.200279, 45.394265 ], [ 9.200286, 45.394257 ], [ 9.200293, 45.39425 ], [ 9.200301, 45.394243 ], [ 9.200308, 45.394235 ], [ 9.200316, 45.394228 ], [ 9.200323, 45.39422 ], [ 9.20033, 45.394213 ], [ 9.200337, 45.394205 ], [ 9.200345, 45.394198 ], [ 9.200352, 45.39419 ], [ 9.20036, 45.394183 ], [ 9.200367, 45.394175 ], [ 9.200375, 45.394168 ], [ 9.200382, 45.39416 ], [ 9.200388, 45.394152 ], [ 9.200395, 45.394144 ], [ 9.200401, 45.394137 ], [ 9.200408, 45.394129 ], [ 9.200415, 45.394121 ], [ 9.200421, 45.394114 ], [ 9.200428, 45.394105 ], [ 9.200434, 45.394097 ], [ 9.20044, 45.39409 ], [ 9.200446, 45.394082 ], [ 9.200453, 45.394075 ], [ 9.200459, 45.394067 ], [ 9.200466, 45.394059 ], [ 9.200473, 45.394051 ], [ 9.200479, 45.394044 ], [ 9.200487, 45.394036 ], [ 9.200494, 45.394029 ], [ 9.200501, 45.394021 ], [ 9.200508, 45.394014 ], [ 9.200515, 45.394006 ], [ 9.200522, 45.393999 ], [ 9.200529, 45.393991 ], [ 9.200535, 45.393983 ], [ 9.200542, 45.393976 ], [ 9.200547, 45.393967 ], [ 9.200554, 45.39396 ], [ 9.20056, 45.393952 ], [ 9.200567, 45.393944 ], [ 9.200575, 45.393937 ], [ 9.200581, 45.393929 ], [ 9.200588, 45.393921 ], [ 9.200595, 45.393914 ], [ 9.200602, 45.393907 ], [ 9.200609, 45.393899 ], [ 9.200616, 45.393892 ], [ 9.200623, 45.393884 ], [ 9.20063, 45.393877 ], [ 9.200637, 45.39387 ], [ 9.200645, 45.393863 ], [ 9.200652, 45.393855 ], [ 9.20066, 45.393848 ], [ 9.200667, 45.393842 ], [ 9.200675, 45.393835 ], [ 9.200684, 45.393828 ], [ 9.200692, 45.393821 ], [ 9.200699, 45.393814 ], [ 9.200707, 45.393807 ], [ 9.200714, 45.3938 ], [ 9.200722, 45.393793 ], [ 9.20073, 45.393786 ], [ 9.200738, 45.393779 ], [ 9.200746, 45.393772 ], [ 9.200754, 45.393765 ], [ 9.200762, 45.393758 ], [ 9.20077, 45.393751 ], [ 9.200778, 45.393744 ], [ 9.200786, 45.393737 ], [ 9.200795, 45.393729 ], [ 9.200803, 45.393722 ], [ 9.200811, 45.393714 ], [ 9.200818, 45.393707 ], [ 9.200825, 45.393699 ], [ 9.200832, 45.393691 ], [ 9.200839, 45.393684 ], [ 9.200846, 45.393676 ], [ 9.200854, 45.393669 ], [ 9.200861, 45.393661 ], [ 9.200869, 45.393654 ], [ 9.200876, 45.393646 ], [ 9.200882, 45.393639 ], [ 9.200889, 45.393631 ], [ 9.200896, 45.393623 ], [ 9.200903, 45.393616 ], [ 9.200911, 45.393609 ], [ 9.200918, 45.393601 ], [ 9.200924, 45.393593 ], [ 9.20093, 45.393585 ], [ 9.200936, 45.393577 ], [ 9.200942, 45.393569 ], [ 9.200949, 45.393561 ], [ 9.200955, 45.393553 ], [ 9.200961, 45.393545 ], [ 9.200967, 45.393537 ], [ 9.200973, 45.393529 ], [ 9.200978, 45.393521 ], [ 9.200984, 45.393513 ], [ 9.20099, 45.393505 ], [ 9.200996, 45.393497 ], [ 9.201002, 45.393489 ], [ 9.201008, 45.393482 ], [ 9.201015, 45.393474 ], [ 9.201021, 45.393466 ], [ 9.201028, 45.393459 ], [ 9.201034, 45.393451 ], [ 9.20104, 45.393443 ], [ 9.201046, 45.393435 ], [ 9.201053, 45.393428 ], [ 9.201059, 45.39342 ], [ 9.201065, 45.393412 ], [ 9.201072, 45.393404 ], [ 9.201079, 45.393396 ], [ 9.201086, 45.393389 ], [ 9.201093, 45.393381 ], [ 9.2011, 45.393373 ], [ 9.201106, 45.393365 ], [ 9.201112, 45.393357 ], [ 9.201118, 45.393349 ], [ 9.201124, 45.393341 ], [ 9.201129, 45.393333 ], [ 9.201136, 45.393325 ], [ 9.201141, 45.393316 ], [ 9.201146, 45.393308 ], [ 9.201152, 45.393301 ], [ 9.201158, 45.393293 ], [ 9.201164, 45.393285 ], [ 9.20117, 45.393277 ], [ 9.201175, 45.393269 ], [ 9.201181, 45.393261 ], [ 9.201186, 45.393252 ], [ 9.201192, 45.393244 ], [ 9.201197, 45.393236 ], [ 9.201203, 45.393228 ], [ 9.201209, 45.39322 ], [ 9.201214, 45.393212 ], [ 9.20122, 45.393204 ], [ 9.201226, 45.393196 ], [ 9.201232, 45.393188 ], [ 9.201238, 45.393179 ], [ 9.201243, 45.393171 ], [ 9.201249, 45.393163 ], [ 9.201254, 45.393154 ], [ 9.201258, 45.393146 ], [ 9.201263, 45.393137 ], [ 9.201267, 45.393129 ], [ 9.201271, 45.39312 ], [ 9.201276, 45.393112 ], [ 9.20128, 45.393104 ], [ 9.201285, 45.393095 ], [ 9.20129, 45.393087 ], [ 9.201294, 45.393079 ], [ 9.201299, 45.39307 ], [ 9.201304, 45.393062 ], [ 9.20131, 45.393054 ], [ 9.201315, 45.393046 ], [ 9.20132, 45.393038 ], [ 9.201325, 45.39303 ], [ 9.201331, 45.393022 ], [ 9.201336, 45.393013 ], [ 9.201342, 45.393005 ], [ 9.201347, 45.392997 ], [ 9.201353, 45.392989 ], [ 9.201358, 45.392981 ], [ 9.201363, 45.392972 ], [ 9.201368, 45.392964 ], [ 9.201374, 45.392956 ], [ 9.201379, 45.392948 ], [ 9.201385, 45.39294 ], [ 9.20139, 45.392931 ], [ 9.201396, 45.392923 ], [ 9.201401, 45.392915 ], [ 9.201406, 45.392907 ], [ 9.201411, 45.392899 ], [ 9.201416, 45.392891 ], [ 9.201422, 45.392883 ], [ 9.201428, 45.392875 ], [ 9.201433, 45.392867 ], [ 9.201439, 45.392859 ], [ 9.201445, 45.392851 ], [ 9.20145, 45.392843 ], [ 9.201456, 45.392835 ], [ 9.201462, 45.392827 ], [ 9.201468, 45.392819 ], [ 9.201475, 45.392812 ], [ 9.201481, 45.392804 ], [ 9.201507, 45.392771 ], [ 9.201649, 45.392562 ], [ 9.201668, 45.392526 ], [ 9.201672, 45.392518 ], [ 9.201676, 45.392508 ], [ 9.201679, 45.392499 ], [ 9.201683, 45.39249 ], [ 9.201685, 45.39248 ], [ 9.201688, 45.392471 ], [ 9.20169, 45.392462 ], [ 9.201692, 45.392453 ], [ 9.201694, 45.392444 ], [ 9.201696, 45.392435 ], [ 9.201698, 45.392426 ], [ 9.201698, 45.392416 ], [ 9.201699, 45.392407 ], [ 9.2017, 45.392398 ], [ 9.201701, 45.392389 ], [ 9.201701, 45.39238 ], [ 9.201702, 45.392371 ], [ 9.201703, 45.392362 ], [ 9.201704, 45.392353 ], [ 9.201706, 45.392345 ], [ 9.201708, 45.392337 ], [ 9.20171, 45.392328 ], [ 9.201712, 45.392319 ], [ 9.201715, 45.39231 ], [ 9.201717, 45.392301 ], [ 9.201719, 45.392293 ], [ 9.201722, 45.392284 ], [ 9.201724, 45.392275 ], [ 9.201726, 45.392266 ], [ 9.201728, 45.392257 ], [ 9.20173, 45.392248 ], [ 9.201731, 45.392239 ], [ 9.201733, 45.392229 ], [ 9.201735, 45.39222 ], [ 9.201736, 45.392211 ], [ 9.201737, 45.392202 ], [ 9.201738, 45.392193 ], [ 9.201739, 45.392184 ], [ 9.20174, 45.392175 ], [ 9.201741, 45.392166 ], [ 9.201742, 45.392157 ], [ 9.201743, 45.392148 ], [ 9.201744, 45.392139 ], [ 9.201745, 45.39213 ], [ 9.201745, 45.392121 ], [ 9.201746, 45.392112 ], [ 9.201747, 45.392103 ], [ 9.201748, 45.392094 ], [ 9.201749, 45.392086 ], [ 9.20175, 45.392077 ], [ 9.201751, 45.392068 ], [ 9.201753, 45.392059 ], [ 9.201754, 45.39205 ], [ 9.201754, 45.392041 ], [ 9.201755, 45.392032 ], [ 9.201756, 45.392023 ], [ 9.201757, 45.392014 ], [ 9.201757, 45.392005 ], [ 9.201758, 45.391996 ], [ 9.201759, 45.391987 ], [ 9.20176, 45.391978 ], [ 9.20176, 45.391968 ], [ 9.201761, 45.39196 ], [ 9.201762, 45.391951 ], [ 9.201764, 45.391942 ], [ 9.201765, 45.391933 ], [ 9.201766, 45.391924 ], [ 9.201768, 45.391915 ], [ 9.201769, 45.391906 ], [ 9.201771, 45.391898 ], [ 9.201773, 45.391889 ], [ 9.201775, 45.39188 ], [ 9.201777, 45.391871 ], [ 9.201779, 45.391863 ], [ 9.201781, 45.391854 ], [ 9.201783, 45.391845 ], [ 9.201786, 45.391836 ], [ 9.201788, 45.391827 ], [ 9.20179, 45.391818 ], [ 9.201792, 45.391809 ], [ 9.201794, 45.3918 ], [ 9.201796, 45.391791 ], [ 9.201798, 45.391782 ], [ 9.201801, 45.391773 ], [ 9.201803, 45.391765 ], [ 9.201805, 45.391756 ], [ 9.201807, 45.391747 ], [ 9.20181, 45.391739 ], [ 9.201812, 45.39173 ], [ 9.201815, 45.391722 ], [ 9.201818, 45.391712 ], [ 9.201821, 45.391704 ], [ 9.201826, 45.391695 ], [ 9.20183, 45.391674 ], [ 9.20183, 45.391654 ], [ 9.201823, 45.391634 ], [ 9.201815, 45.39161 ], [ 9.20181, 45.391597 ], [ 9.201805, 45.391587 ], [ 9.201803, 45.391583 ], [ 9.201771, 45.391538 ], [ 9.201739, 45.391499 ], [ 9.201658, 45.39143 ], [ 9.201558, 45.391361 ], [ 9.201502, 45.391326 ], [ 9.201487, 45.39131 ], [ 9.201448, 45.39127 ], [ 9.201411, 45.391233 ], [ 9.201379, 45.391205 ], [ 9.201347, 45.391187 ], [ 9.201339, 45.391181 ], [ 9.201331, 45.391175 ], [ 9.201322, 45.391169 ], [ 9.201315, 45.391162 ], [ 9.201307, 45.391155 ], [ 9.201299, 45.391148 ], [ 9.201291, 45.391141 ], [ 9.201284, 45.391133 ], [ 9.201276, 45.391126 ], [ 9.201268, 45.391119 ], [ 9.20126, 45.391111 ], [ 9.201251, 45.391104 ], [ 9.201243, 45.391097 ], [ 9.201235, 45.39109 ], [ 9.201227, 45.391083 ], [ 9.201219, 45.391076 ], [ 9.201211, 45.391069 ], [ 9.201202, 45.391063 ], [ 9.201194, 45.391057 ], [ 9.201187, 45.391051 ], [ 9.201179, 45.391044 ], [ 9.201172, 45.391037 ], [ 9.201164, 45.39103 ], [ 9.201155, 45.391022 ], [ 9.201147, 45.391015 ], [ 9.201139, 45.391008 ], [ 9.201131, 45.391001 ], [ 9.201122, 45.390994 ], [ 9.201113, 45.390987 ], [ 9.201105, 45.39098 ], [ 9.201097, 45.390973 ], [ 9.201089, 45.390966 ], [ 9.201081, 45.390959 ], [ 9.201074, 45.390952 ], [ 9.201067, 45.390946 ], [ 9.20106, 45.390939 ], [ 9.201053, 45.390932 ], [ 9.201046, 45.390925 ], [ 9.201039, 45.390917 ], [ 9.201031, 45.390909 ], [ 9.201023, 45.390901 ], [ 9.201015, 45.390894 ], [ 9.201006, 45.390886 ], [ 9.200998, 45.390879 ], [ 9.200991, 45.390873 ], [ 9.200984, 45.390866 ], [ 9.200977, 45.390859 ], [ 9.20097, 45.390851 ], [ 9.200963, 45.390844 ], [ 9.200956, 45.390836 ], [ 9.200949, 45.390829 ], [ 9.200942, 45.390821 ], [ 9.200935, 45.390814 ], [ 9.200928, 45.390806 ], [ 9.200922, 45.390799 ], [ 9.200916, 45.390792 ], [ 9.20091, 45.390784 ], [ 9.200904, 45.390777 ], [ 9.200898, 45.390769 ], [ 9.200893, 45.390762 ], [ 9.200888, 45.390754 ], [ 9.200882, 45.390745 ], [ 9.200877, 45.390737 ], [ 9.200871, 45.390729 ], [ 9.200866, 45.390721 ], [ 9.20086, 45.390713 ], [ 9.200854, 45.390704 ], [ 9.200848, 45.390696 ], [ 9.200842, 45.390688 ], [ 9.200836, 45.39068 ], [ 9.20083, 45.390672 ], [ 9.200824, 45.390664 ], [ 9.200819, 45.390656 ], [ 9.200813, 45.390648 ], [ 9.200808, 45.39064 ], [ 9.200802, 45.390632 ], [ 9.200796, 45.390623 ], [ 9.20079, 45.390615 ], [ 9.200785, 45.390607 ], [ 9.200778, 45.390599 ], [ 9.200771, 45.390591 ], [ 9.200764, 45.390583 ], [ 9.200758, 45.390576 ], [ 9.200753, 45.390568 ], [ 9.200747, 45.390561 ], [ 9.200742, 45.390553 ], [ 9.200737, 45.390545 ], [ 9.200732, 45.390537 ], [ 9.200727, 45.390529 ], [ 9.200721, 45.39052 ], [ 9.200716, 45.390512 ], [ 9.20071, 45.390504 ], [ 9.200704, 45.390496 ], [ 9.200699, 45.390488 ], [ 9.200694, 45.39048 ], [ 9.200689, 45.390472 ], [ 9.200684, 45.390464 ], [ 9.200679, 45.390455 ], [ 9.200673, 45.390447 ], [ 9.200667, 45.390438 ], [ 9.200661, 45.39043 ], [ 9.200655, 45.390422 ], [ 9.20065, 45.390414 ], [ 9.200645, 45.390407 ], [ 9.200639, 45.390398 ], [ 9.200635, 45.39039 ], [ 9.20063, 45.390382 ], [ 9.200625, 45.390374 ], [ 9.20062, 45.390366 ], [ 9.200615, 45.390357 ], [ 9.20061, 45.390349 ], [ 9.200604, 45.390341 ], [ 9.200597, 45.390332 ], [ 9.200592, 45.390324 ], [ 9.200586, 45.390316 ], [ 9.20058, 45.390308 ], [ 9.200574, 45.3903 ], [ 9.200568, 45.390292 ], [ 9.200562, 45.390284 ], [ 9.200556, 45.390276 ], [ 9.20055, 45.390268 ], [ 9.200544, 45.39026 ], [ 9.200538, 45.390252 ], [ 9.200532, 45.390244 ], [ 9.200526, 45.390236 ], [ 9.20052, 45.390228 ], [ 9.200514, 45.39022 ], [ 9.200507, 45.390212 ], [ 9.200501, 45.390204 ], [ 9.200494, 45.390196 ], [ 9.200488, 45.390188 ], [ 9.200482, 45.39018 ], [ 9.200475, 45.390173 ], [ 9.200469, 45.390165 ], [ 9.200463, 45.390158 ], [ 9.200457, 45.39015 ], [ 9.200452, 45.390142 ], [ 9.200446, 45.390134 ], [ 9.20044, 45.390126 ], [ 9.200434, 45.390118 ], [ 9.200428, 45.39011 ], [ 9.200422, 45.390102 ], [ 9.200416, 45.390094 ], [ 9.20041, 45.390086 ], [ 9.200404, 45.390078 ], [ 9.200398, 45.39007 ], [ 9.200391, 45.390062 ], [ 9.200385, 45.390054 ], [ 9.200379, 45.390046 ], [ 9.200372, 45.390038 ], [ 9.200366, 45.390031 ], [ 9.20036, 45.390023 ], [ 9.200354, 45.390015 ], [ 9.200349, 45.390007 ], [ 9.200343, 45.389999 ], [ 9.200337, 45.38999 ], [ 9.200331, 45.389982 ], [ 9.200325, 45.389974 ], [ 9.200319, 45.389967 ], [ 9.200313, 45.389959 ], [ 9.200307, 45.389951 ], [ 9.200301, 45.389943 ], [ 9.200294, 45.389935 ], [ 9.200288, 45.389928 ], [ 9.200282, 45.38992 ], [ 9.200276, 45.389912 ], [ 9.20027, 45.389904 ], [ 9.200264, 45.389896 ], [ 9.200257, 45.389888 ], [ 9.200251, 45.38988 ], [ 9.200245, 45.389872 ], [ 9.200238, 45.389864 ], [ 9.200232, 45.389856 ], [ 9.200226, 45.389849 ], [ 9.200221, 45.389841 ], [ 9.200215, 45.389833 ], [ 9.200208, 45.389826 ], [ 9.200202, 45.389818 ], [ 9.200196, 45.38981 ], [ 9.20019, 45.389802 ], [ 9.200185, 45.389794 ], [ 9.20018, 45.389786 ], [ 9.200174, 45.389778 ], [ 9.200169, 45.38977 ], [ 9.200164, 45.389762 ], [ 9.200158, 45.389754 ], [ 9.200154, 45.389747 ], [ 9.200149, 45.389738 ], [ 9.200145, 45.38973 ], [ 9.20014, 45.389722 ], [ 9.200136, 45.389713 ], [ 9.200131, 45.389704 ], [ 9.200127, 45.389696 ], [ 9.200122, 45.389687 ], [ 9.200119, 45.389679 ], [ 9.200115, 45.389671 ], [ 9.200111, 45.389663 ], [ 9.200108, 45.389654 ], [ 9.200104, 45.389646 ], [ 9.2001, 45.389638 ], [ 9.200097, 45.38963 ], [ 9.200094, 45.389621 ], [ 9.200091, 45.389612 ], [ 9.200087, 45.389603 ], [ 9.200084, 45.389594 ], [ 9.20008, 45.389584 ], [ 9.200076, 45.389571 ], [ 9.200065, 45.389553 ], [ 9.20005, 45.38954 ], [ 9.200016, 45.389525 ], [ 9.199983, 45.389517 ], [ 9.199963, 45.389507 ], [ 9.199934, 45.389493 ], [ 9.199924, 45.389488 ], [ 9.199914, 45.389484 ], [ 9.199904, 45.38948 ], [ 9.199893, 45.389475 ], [ 9.199882, 45.38947 ], [ 9.199871, 45.389466 ], [ 9.199859, 45.389461 ], [ 9.199847, 45.389456 ], [ 9.199835, 45.389451 ], [ 9.199823, 45.389447 ], [ 9.19981, 45.389444 ], [ 9.199797, 45.38944 ], [ 9.199783, 45.389437 ], [ 9.199769, 45.389435 ], [ 9.199755, 45.389432 ], [ 9.199742, 45.38943 ], [ 9.199728, 45.389428 ], [ 9.199714, 45.389426 ], [ 9.1997, 45.389424 ], [ 9.199687, 45.389422 ], [ 9.199673, 45.389421 ], [ 9.199659, 45.38942 ], [ 9.199646, 45.389419 ], [ 9.199633, 45.389418 ], [ 9.19962, 45.389417 ], [ 9.199608, 45.389417 ], [ 9.199595, 45.389416 ], [ 9.199583, 45.389415 ], [ 9.19957, 45.389414 ], [ 9.199558, 45.389413 ], [ 9.199546, 45.389412 ], [ 9.199533, 45.389411 ], [ 9.199521, 45.38941 ], [ 9.199508, 45.389409 ], [ 9.199496, 45.389408 ], [ 9.199483, 45.389406 ], [ 9.199471, 45.389405 ], [ 9.199459, 45.389403 ], [ 9.199446, 45.389401 ], [ 9.199434, 45.389398 ], [ 9.199422, 45.389396 ], [ 9.19941, 45.389394 ], [ 9.199397, 45.389391 ], [ 9.199385, 45.389389 ], [ 9.199373, 45.389386 ], [ 9.199361, 45.389384 ], [ 9.199349, 45.389381 ], [ 9.199336, 45.389378 ], [ 9.199324, 45.389375 ], [ 9.199312, 45.389372 ], [ 9.199299, 45.389369 ], [ 9.199286, 45.389367 ], [ 9.199274, 45.389365 ], [ 9.199261, 45.389363 ], [ 9.199249, 45.389361 ], [ 9.199236, 45.389359 ], [ 9.199224, 45.389358 ], [ 9.199212, 45.389356 ], [ 9.1992, 45.389354 ], [ 9.199188, 45.389351 ], [ 9.199176, 45.389348 ], [ 9.199164, 45.389345 ], [ 9.199151, 45.389343 ], [ 9.199138, 45.389341 ], [ 9.199126, 45.389338 ], [ 9.199113, 45.389335 ], [ 9.199101, 45.389333 ], [ 9.199087, 45.389331 ], [ 9.199074, 45.389329 ], [ 9.199061, 45.389329 ], [ 9.199048, 45.38933 ], [ 9.199036, 45.38933 ], [ 9.199023, 45.38933 ], [ 9.199011, 45.38933 ], [ 9.198999, 45.389327 ], [ 9.198987, 45.389324 ], [ 9.198974, 45.389321 ], [ 9.198962, 45.389318 ], [ 9.19895, 45.389316 ], [ 9.198938, 45.389314 ], [ 9.198926, 45.389311 ], [ 9.198914, 45.389308 ], [ 9.198903, 45.389305 ], [ 9.198891, 45.389302 ], [ 9.198879, 45.389299 ], [ 9.198867, 45.389296 ], [ 9.198854, 45.389293 ], [ 9.198842, 45.38929 ], [ 9.198831, 45.389287 ], [ 9.19882, 45.389285 ], [ 9.198809, 45.389282 ], [ 9.198798, 45.389279 ], [ 9.198788, 45.389274 ], [ 9.198779, 45.38927 ], [ 9.198769, 45.389265 ], [ 9.19876, 45.38926 ], [ 9.198751, 45.389254 ], [ 9.198743, 45.389248 ], [ 9.198735, 45.389242 ], [ 9.198727, 45.389237 ], [ 9.198721, 45.389231 ], [ 9.198713, 45.389224 ], [ 9.198706, 45.389216 ], [ 9.198698, 45.389209 ], [ 9.19869, 45.389202 ], [ 9.198683, 45.389195 ], [ 9.198677, 45.389188 ], [ 9.198671, 45.389181 ], [ 9.198666, 45.389173 ], [ 9.198661, 45.389165 ], [ 9.198657, 45.389158 ], [ 9.198654, 45.38915 ], [ 9.198652, 45.389142 ], [ 9.19865, 45.389133 ], [ 9.198648, 45.389125 ], [ 9.198646, 45.389116 ], [ 9.198645, 45.389107 ], [ 9.198636, 45.389079 ], [ 9.198632, 45.389069 ], [ 9.198627, 45.38906 ], [ 9.198622, 45.389051 ], [ 9.198617, 45.389043 ], [ 9.198611, 45.389035 ], [ 9.198605, 45.389027 ], [ 9.1986, 45.389018 ], [ 9.198594, 45.38901 ], [ 9.198588, 45.389002 ], [ 9.198582, 45.388994 ], [ 9.198576, 45.388986 ], [ 9.198569, 45.388978 ], [ 9.198563, 45.38897 ], [ 9.198556, 45.388962 ], [ 9.198548, 45.388954 ], [ 9.198539, 45.388946 ], [ 9.19853, 45.38894 ], [ 9.198522, 45.388933 ], [ 9.198515, 45.388926 ], [ 9.198507, 45.388919 ], [ 9.198499, 45.388912 ], [ 9.19849, 45.388905 ], [ 9.198482, 45.388898 ], [ 9.198473, 45.388891 ], [ 9.198464, 45.388884 ], [ 9.198455, 45.388878 ], [ 9.198445, 45.388871 ], [ 9.198437, 45.388865 ], [ 9.198429, 45.388858 ], [ 9.19842, 45.388852 ], [ 9.198411, 45.388845 ], [ 9.198403, 45.388839 ], [ 9.198394, 45.388832 ], [ 9.198386, 45.388826 ], [ 9.198378, 45.388819 ], [ 9.19837, 45.388812 ], [ 9.198362, 45.388806 ], [ 9.198354, 45.388799 ], [ 9.198347, 45.388792 ], [ 9.19834, 45.388786 ], [ 9.198333, 45.388778 ], [ 9.198325, 45.38877 ], [ 9.198314, 45.388762 ], [ 9.198301, 45.388755 ], [ 9.19829, 45.38875 ], [ 9.198282, 45.388745 ], [ 9.198275, 45.388741 ], [ 9.198267, 45.388734 ], [ 9.19826, 45.388728 ], [ 9.198252, 45.388721 ], [ 9.198244, 45.388714 ], [ 9.198235, 45.388707 ], [ 9.198226, 45.3887 ], [ 9.198218, 45.388693 ], [ 9.198209, 45.388686 ], [ 9.198201, 45.38868 ], [ 9.198193, 45.388673 ], [ 9.198185, 45.388666 ], [ 9.198177, 45.388659 ], [ 9.198168, 45.388652 ], [ 9.19816, 45.388646 ], [ 9.198152, 45.388639 ], [ 9.198145, 45.388632 ], [ 9.198137, 45.388625 ], [ 9.198129, 45.388617 ], [ 9.198121, 45.38861 ], [ 9.198113, 45.388603 ], [ 9.198105, 45.388595 ], [ 9.198097, 45.388589 ], [ 9.19809, 45.388582 ], [ 9.198082, 45.388574 ], [ 9.198073, 45.388568 ], [ 9.198065, 45.388561 ], [ 9.198057, 45.388554 ], [ 9.198049, 45.388547 ], [ 9.19804, 45.38854 ], [ 9.198032, 45.388533 ], [ 9.198024, 45.388526 ], [ 9.198015, 45.388519 ], [ 9.198007, 45.388512 ], [ 9.197998, 45.388506 ], [ 9.197989, 45.388499 ], [ 9.19798, 45.388493 ], [ 9.197971, 45.388486 ], [ 9.197963, 45.38848 ], [ 9.197954, 45.388473 ], [ 9.197945, 45.388467 ], [ 9.197936, 45.38846 ], [ 9.197928, 45.388453 ], [ 9.19792, 45.388446 ], [ 9.197911, 45.38844 ], [ 9.197903, 45.388433 ], [ 9.197894, 45.388426 ], [ 9.197886, 45.388419 ], [ 9.197877, 45.388413 ], [ 9.197869, 45.388406 ], [ 9.197861, 45.388399 ], [ 9.197852, 45.388393 ], [ 9.197844, 45.388386 ], [ 9.197835, 45.388379 ], [ 9.197827, 45.388372 ], [ 9.197818, 45.388365 ], [ 9.19781, 45.388359 ], [ 9.197802, 45.388352 ], [ 9.197793, 45.388345 ], [ 9.197785, 45.388338 ], [ 9.197777, 45.388332 ], [ 9.197768, 45.388325 ], [ 9.19776, 45.388318 ], [ 9.197752, 45.388311 ], [ 9.197743, 45.388304 ], [ 9.197735, 45.388298 ], [ 9.197726, 45.388291 ], [ 9.197718, 45.388284 ], [ 9.197709, 45.388277 ], [ 9.197701, 45.388271 ], [ 9.197693, 45.388264 ], [ 9.197684, 45.388257 ], [ 9.197676, 45.38825 ], [ 9.197667, 45.388243 ], [ 9.197659, 45.388236 ], [ 9.197651, 45.38823 ], [ 9.197642, 45.388223 ], [ 9.197634, 45.388216 ], [ 9.197625, 45.388209 ], [ 9.197616, 45.388203 ], [ 9.197607, 45.388196 ], [ 9.197597, 45.38819 ], [ 9.197588, 45.388184 ], [ 9.19758, 45.388178 ], [ 9.197572, 45.388171 ], [ 9.197564, 45.388164 ], [ 9.197556, 45.388157 ], [ 9.197547, 45.38815 ], [ 9.197537, 45.388142 ], [ 9.197527, 45.388136 ], [ 9.197516, 45.38813 ], [ 9.197507, 45.388125 ], [ 9.1975, 45.38812 ], [ 9.197492, 45.388114 ], [ 9.197484, 45.388107 ], [ 9.197476, 45.3881 ], [ 9.197467, 45.388093 ], [ 9.197459, 45.388086 ], [ 9.19745, 45.38808 ], [ 9.197442, 45.388073 ], [ 9.197433, 45.388066 ], [ 9.197425, 45.388059 ], [ 9.197417, 45.388052 ], [ 9.19741, 45.388045 ], [ 9.197402, 45.388038 ], [ 9.197393, 45.388031 ], [ 9.197385, 45.388024 ], [ 9.197376, 45.388018 ], [ 9.197368, 45.388011 ], [ 9.197359, 45.388004 ], [ 9.197351, 45.387997 ], [ 9.197342, 45.387991 ], [ 9.197334, 45.387984 ], [ 9.197326, 45.387977 ], [ 9.197317, 45.38797 ], [ 9.197309, 45.387963 ], [ 9.197301, 45.387956 ], [ 9.197292, 45.387949 ], [ 9.197284, 45.387942 ], [ 9.197276, 45.387935 ], [ 9.197268, 45.387929 ], [ 9.197259, 45.387922 ], [ 9.197251, 45.387915 ], [ 9.197243, 45.387908 ], [ 9.197234, 45.387901 ], [ 9.197225, 45.387895 ], [ 9.197216, 45.387888 ], [ 9.197208, 45.387882 ], [ 9.1972, 45.387875 ], [ 9.197192, 45.387868 ], [ 9.197184, 45.387862 ], [ 9.197175, 45.387855 ], [ 9.197167, 45.387848 ], [ 9.19716, 45.387841 ], [ 9.197152, 45.387834 ], [ 9.197144, 45.387827 ], [ 9.197136, 45.38782 ], [ 9.197129, 45.387813 ], [ 9.197122, 45.387806 ], [ 9.197114, 45.387798 ], [ 9.197107, 45.387791 ], [ 9.1971, 45.387783 ], [ 9.197092, 45.387776 ], [ 9.197085, 45.387769 ], [ 9.197077, 45.387761 ], [ 9.197069, 45.387754 ], [ 9.197062, 45.387747 ], [ 9.197053, 45.387739 ], [ 9.197045, 45.387732 ], [ 9.197035, 45.387725 ], [ 9.197026, 45.387719 ], [ 9.197017, 45.387713 ], [ 9.197008, 45.387707 ], [ 9.196999, 45.3877 ], [ 9.19699, 45.387694 ], [ 9.196982, 45.387688 ], [ 9.196974, 45.387681 ], [ 9.196967, 45.387673 ], [ 9.196961, 45.387666 ], [ 9.196956, 45.387658 ], [ 9.196897, 45.387664 ], [ 9.196864, 45.387668 ], [ 9.196823, 45.387673 ], [ 9.196815, 45.387676 ], [ 9.196803, 45.387679 ], [ 9.196793, 45.38768 ], [ 9.196781, 45.387681 ], [ 9.19677, 45.387679 ], [ 9.196758, 45.387677 ], [ 9.196747, 45.387675 ], [ 9.196735, 45.387671 ], [ 9.196724, 45.387668 ], [ 9.196713, 45.387664 ], [ 9.196701, 45.38766 ], [ 9.19669, 45.387656 ], [ 9.196679, 45.387652 ], [ 9.196668, 45.387648 ], [ 9.196657, 45.387643 ], [ 9.196645, 45.387639 ], [ 9.196634, 45.387635 ], [ 9.196623, 45.387631 ], [ 9.196611, 45.387626 ], [ 9.1966, 45.387622 ], [ 9.196589, 45.387618 ], [ 9.196577, 45.387614 ], [ 9.196566, 45.38761 ], [ 9.196555, 45.387605 ], [ 9.196544, 45.387601 ], [ 9.196532, 45.387597 ], [ 9.196521, 45.387593 ], [ 9.19651, 45.387589 ], [ 9.196498, 45.387585 ], [ 9.196486, 45.387581 ], [ 9.196475, 45.387577 ], [ 9.196463, 45.387573 ], [ 9.196452, 45.387569 ], [ 9.196441, 45.387565 ], [ 9.19643, 45.387561 ], [ 9.196418, 45.387556 ], [ 9.196407, 45.387552 ], [ 9.196396, 45.387548 ], [ 9.196385, 45.387543 ], [ 9.196374, 45.387539 ], [ 9.196363, 45.387534 ], [ 9.196351, 45.38753 ], [ 9.19634, 45.387526 ], [ 9.196328, 45.387522 ], [ 9.196317, 45.387517 ], [ 9.196305, 45.387514 ], [ 9.196294, 45.38751 ], [ 9.196282, 45.387506 ], [ 9.196271, 45.387502 ], [ 9.196259, 45.387498 ], [ 9.196248, 45.387495 ], [ 9.196236, 45.387491 ], [ 9.196225, 45.387487 ], [ 9.196214, 45.387483 ], [ 9.196202, 45.387479 ], [ 9.196191, 45.387474 ], [ 9.19618, 45.38747 ], [ 9.196168, 45.387466 ], [ 9.196156, 45.387463 ], [ 9.196145, 45.387459 ], [ 9.196133, 45.387455 ], [ 9.196122, 45.387451 ], [ 9.19611, 45.387447 ], [ 9.196099, 45.387443 ], [ 9.196088, 45.387439 ], [ 9.196076, 45.387435 ], [ 9.196064, 45.387431 ], [ 9.196053, 45.387427 ], [ 9.196041, 45.387423 ], [ 9.19603, 45.387419 ], [ 9.196018, 45.387416 ], [ 9.196006, 45.387412 ], [ 9.195994, 45.387409 ], [ 9.195983, 45.387405 ], [ 9.195971, 45.387401 ], [ 9.19596, 45.387398 ], [ 9.195948, 45.387394 ], [ 9.195937, 45.387389 ], [ 9.195926, 45.387385 ], [ 9.195914, 45.387381 ], [ 9.195903, 45.387377 ], [ 9.195892, 45.387373 ], [ 9.195881, 45.387368 ], [ 9.195869, 45.387364 ], [ 9.195857, 45.38736 ], [ 9.195845, 45.387357 ], [ 9.195834, 45.387353 ], [ 9.195822, 45.387349 ], [ 9.19581, 45.387346 ], [ 9.195799, 45.387342 ], [ 9.195788, 45.387338 ], [ 9.195776, 45.387334 ], [ 9.195765, 45.38733 ], [ 9.195754, 45.387326 ], [ 9.195742, 45.387322 ], [ 9.195731, 45.387318 ], [ 9.19572, 45.387314 ], [ 9.195709, 45.387309 ], [ 9.195697, 45.387305 ], [ 9.195686, 45.387301 ], [ 9.195675, 45.387297 ], [ 9.195663, 45.387293 ], [ 9.195652, 45.387289 ], [ 9.19564, 45.387285 ], [ 9.195629, 45.387281 ], [ 9.195617, 45.387277 ], [ 9.195606, 45.387273 ], [ 9.195594, 45.387269 ], [ 9.195583, 45.387265 ], [ 9.195571, 45.387261 ], [ 9.195559, 45.387258 ], [ 9.195547, 45.387254 ], [ 9.195535, 45.387251 ], [ 9.195523, 45.387248 ], [ 9.19551, 45.387245 ], [ 9.195498, 45.387242 ], [ 9.195485, 45.38724 ], [ 9.195473, 45.387238 ], [ 9.19546, 45.387236 ], [ 9.195448, 45.387234 ], [ 9.195435, 45.387232 ], [ 9.195423, 45.38723 ], [ 9.19541, 45.387228 ], [ 9.195398, 45.387227 ], [ 9.195385, 45.387225 ], [ 9.195373, 45.387223 ], [ 9.19536, 45.387221 ], [ 9.195348, 45.387219 ], [ 9.195335, 45.387217 ], [ 9.195323, 45.387215 ], [ 9.19531, 45.387213 ], [ 9.195298, 45.387211 ], [ 9.195285, 45.387209 ], [ 9.195273, 45.387207 ], [ 9.19526, 45.387205 ], [ 9.195248, 45.387204 ], [ 9.195236, 45.387202 ], [ 9.195223, 45.3872 ], [ 9.195211, 45.387198 ], [ 9.195198, 45.387196 ], [ 9.195186, 45.387194 ], [ 9.195173, 45.387192 ], [ 9.195161, 45.38719 ], [ 9.195148, 45.387188 ], [ 9.195136, 45.387186 ], [ 9.195124, 45.387184 ], [ 9.195111, 45.387182 ], [ 9.195099, 45.38718 ], [ 9.195086, 45.387177 ], [ 9.195074, 45.387176 ], [ 9.195061, 45.387174 ], [ 9.195049, 45.387172 ], [ 9.195036, 45.38717 ], [ 9.195024, 45.387168 ], [ 9.195011, 45.387166 ], [ 9.194999, 45.387164 ], [ 9.194986, 45.387162 ], [ 9.194974, 45.38716 ], [ 9.194961, 45.387158 ], [ 9.194949, 45.387156 ], [ 9.194936, 45.387154 ], [ 9.194924, 45.387152 ], [ 9.194911, 45.38715 ], [ 9.194899, 45.387148 ], [ 9.194887, 45.387146 ], [ 9.194874, 45.387145 ], [ 9.194862, 45.387143 ], [ 9.194849, 45.38714 ], [ 9.194837, 45.387138 ], [ 9.194825, 45.387136 ], [ 9.194812, 45.387134 ], [ 9.1948, 45.387132 ], [ 9.194788, 45.387129 ], [ 9.194776, 45.387126 ], [ 9.194763, 45.387123 ], [ 9.194751, 45.387121 ], [ 9.194739, 45.387118 ], [ 9.194726, 45.387116 ], [ 9.194714, 45.387114 ], [ 9.194701, 45.387112 ], [ 9.194689, 45.38711 ], [ 9.194676, 45.387108 ], [ 9.194664, 45.387106 ], [ 9.194652, 45.387104 ], [ 9.194639, 45.387101 ], [ 9.194627, 45.387099 ], [ 9.194614, 45.387097 ], [ 9.194602, 45.387095 ], [ 9.194591, 45.387092 ], [ 9.194579, 45.38709 ], [ 9.194568, 45.387087 ], [ 9.194557, 45.387083 ], [ 9.194546, 45.387079 ], [ 9.194537, 45.387074 ], [ 9.194527, 45.387069 ], [ 9.19452, 45.387062 ], [ 9.194514, 45.387055 ], [ 9.194509, 45.387048 ], [ 9.194504, 45.38704 ], [ 9.194495, 45.387029 ], [ 9.194341, 45.386993 ], [ 9.194329, 45.386991 ], [ 9.194317, 45.386989 ], [ 9.194304, 45.386987 ], [ 9.194292, 45.386985 ], [ 9.194279, 45.386983 ], [ 9.194266, 45.386982 ], [ 9.194254, 45.38698 ], [ 9.194241, 45.386978 ], [ 9.194229, 45.386977 ], [ 9.194216, 45.386975 ], [ 9.194203, 45.386973 ], [ 9.194191, 45.386972 ], [ 9.194179, 45.38697 ], [ 9.194166, 45.386968 ], [ 9.194154, 45.386967 ], [ 9.194141, 45.386965 ], [ 9.194129, 45.386963 ], [ 9.194116, 45.386961 ], [ 9.194104, 45.386959 ], [ 9.194091, 45.386958 ], [ 9.194078, 45.386956 ], [ 9.194066, 45.386954 ], [ 9.194053, 45.386953 ], [ 9.194041, 45.386951 ], [ 9.194028, 45.386949 ], [ 9.194016, 45.386947 ], [ 9.194003, 45.386945 ], [ 9.193991, 45.386943 ], [ 9.193978, 45.386941 ], [ 9.193966, 45.38694 ], [ 9.193953, 45.386938 ], [ 9.193941, 45.386936 ], [ 9.193928, 45.386934 ], [ 9.193916, 45.386932 ], [ 9.193903, 45.38693 ], [ 9.193891, 45.386928 ], [ 9.193878, 45.386927 ], [ 9.193866, 45.386925 ], [ 9.193853, 45.386923 ], [ 9.193841, 45.386921 ], [ 9.193828, 45.386919 ], [ 9.193816, 45.386918 ], [ 9.193803, 45.386916 ], [ 9.193791, 45.386914 ], [ 9.193778, 45.386912 ], [ 9.193766, 45.38691 ], [ 9.193753, 45.386908 ], [ 9.193741, 45.386907 ], [ 9.193728, 45.386905 ], [ 9.193716, 45.386903 ], [ 9.193703, 45.386901 ], [ 9.193691, 45.386899 ], [ 9.193678, 45.386898 ], [ 9.193666, 45.386896 ], [ 9.193653, 45.386894 ], [ 9.193641, 45.386892 ], [ 9.193628, 45.38689 ], [ 9.193616, 45.386889 ], [ 9.193603, 45.386887 ], [ 9.193591, 45.386885 ], [ 9.193578, 45.386883 ], [ 9.193566, 45.386881 ], [ 9.193553, 45.386879 ], [ 9.193541, 45.386878 ], [ 9.193528, 45.386876 ], [ 9.193516, 45.386874 ], [ 9.193503, 45.386872 ], [ 9.193491, 45.38687 ], [ 9.193478, 45.386868 ], [ 9.193466, 45.386866 ], [ 9.193453, 45.386865 ], [ 9.193441, 45.386863 ], [ 9.193428, 45.386861 ], [ 9.193416, 45.386859 ], [ 9.193403, 45.386857 ], [ 9.193391, 45.386855 ], [ 9.193378, 45.386853 ], [ 9.193366, 45.386851 ], [ 9.193353, 45.386849 ], [ 9.193341, 45.386847 ], [ 9.193328, 45.386845 ], [ 9.193316, 45.386843 ], [ 9.193304, 45.386841 ], [ 9.193291, 45.386839 ], [ 9.193279, 45.386837 ], [ 9.193266, 45.386835 ], [ 9.193254, 45.386833 ], [ 9.193241, 45.386832 ], [ 9.193229, 45.38683 ], [ 9.193216, 45.386828 ], [ 9.193204, 45.386826 ], [ 9.193191, 45.386823 ], [ 9.193179, 45.386821 ], [ 9.193167, 45.386819 ], [ 9.193154, 45.386817 ], [ 9.193142, 45.386815 ], [ 9.19313, 45.386812 ], [ 9.193117, 45.38681 ], [ 9.193105, 45.386808 ], [ 9.193093, 45.386806 ], [ 9.19308, 45.386804 ], [ 9.193068, 45.386801 ], [ 9.193055, 45.386799 ], [ 9.193043, 45.386797 ], [ 9.193031, 45.386795 ], [ 9.193018, 45.386792 ], [ 9.193006, 45.38679 ], [ 9.192994, 45.386788 ], [ 9.192981, 45.386786 ], [ 9.192969, 45.386783 ], [ 9.192957, 45.386781 ], [ 9.192944, 45.386779 ], [ 9.192932, 45.386777 ], [ 9.19292, 45.386774 ], [ 9.192907, 45.386772 ], [ 9.192895, 45.38677 ], [ 9.192882, 45.386768 ], [ 9.19287, 45.386765 ], [ 9.192858, 45.386763 ], [ 9.192845, 45.386761 ], [ 9.192833, 45.386758 ], [ 9.192821, 45.386756 ], [ 9.192808, 45.386754 ], [ 9.192796, 45.386751 ], [ 9.192784, 45.386749 ], [ 9.192771, 45.386747 ], [ 9.192759, 45.386745 ], [ 9.192747, 45.386742 ], [ 9.192734, 45.38674 ], [ 9.192722, 45.386738 ], [ 9.192709, 45.386735 ], [ 9.192697, 45.386733 ], [ 9.192685, 45.386731 ], [ 9.192672, 45.386728 ], [ 9.19266, 45.386726 ], [ 9.192653, 45.386725 ], [ 9.192644, 45.386747 ], [ 9.192632, 45.386777 ], [ 9.192593, 45.386867 ], [ 9.192535, 45.387039 ], [ 9.192525, 45.387041 ], [ 9.192519, 45.387057 ], [ 9.192508, 45.387088 ], [ 9.192498, 45.387125 ], [ 9.19249, 45.387162 ], [ 9.192487, 45.387193 ], [ 9.192484, 45.387236 ], [ 9.192488, 45.387275 ], [ 9.192473, 45.387305 ], [ 9.192463, 45.387317 ], [ 9.192461, 45.387321 ], [ 9.192435, 45.387352 ], [ 9.19244, 45.387387 ], [ 9.192448, 45.387425 ], [ 9.19244, 45.387478 ], [ 9.192437, 45.387487 ], [ 9.192433, 45.387496 ], [ 9.19243, 45.387504 ], [ 9.192426, 45.387512 ], [ 9.192423, 45.387521 ], [ 9.192419, 45.387529 ], [ 9.192415, 45.387538 ], [ 9.192411, 45.387547 ], [ 9.192407, 45.387556 ], [ 9.192404, 45.387564 ], [ 9.1924, 45.387572 ], [ 9.192398, 45.387581 ], [ 9.192396, 45.387589 ], [ 9.192394, 45.387598 ], [ 9.192393, 45.387606 ], [ 9.192392, 45.387615 ], [ 9.192392, 45.387623 ], [ 9.192391, 45.387632 ], [ 9.192391, 45.387641 ], [ 9.192391, 45.38765 ], [ 9.192391, 45.387659 ], [ 9.192391, 45.387668 ], [ 9.192393, 45.387677 ], [ 9.192394, 45.387686 ], [ 9.192396, 45.387694 ], [ 9.192398, 45.387702 ], [ 9.1924, 45.38771 ], [ 9.192404, 45.387717 ], [ 9.192407, 45.387725 ], [ 9.19241, 45.387732 ], [ 9.192414, 45.38774 ], [ 9.192419, 45.387748 ], [ 9.192423, 45.387756 ], [ 9.192428, 45.387765 ], [ 9.192433, 45.387774 ], [ 9.192437, 45.387783 ], [ 9.192441, 45.387793 ], [ 9.192444, 45.387802 ], [ 9.192446, 45.387812 ], [ 9.192448, 45.387823 ], [ 9.192449, 45.387833 ], [ 9.192448, 45.387844 ], [ 9.192447, 45.387856 ], [ 9.192441, 45.387867 ], [ 9.192434, 45.387879 ], [ 9.192424, 45.387889 ], [ 9.192408, 45.387901 ], [ 9.192394, 45.387906 ], [ 9.19238, 45.387911 ], [ 9.192365, 45.387914 ], [ 9.192351, 45.387916 ], [ 9.192338, 45.387918 ], [ 9.192324, 45.38792 ], [ 9.192311, 45.387923 ], [ 9.192297, 45.387924 ], [ 9.192285, 45.387926 ], [ 9.192272, 45.387928 ], [ 9.192259, 45.387929 ], [ 9.192246, 45.387931 ], [ 9.192233, 45.387931 ], [ 9.192221, 45.387932 ], [ 9.192208, 45.387933 ], [ 9.192196, 45.387934 ], [ 9.192184, 45.387935 ], [ 9.192172, 45.387936 ], [ 9.19216, 45.387938 ], [ 9.192148, 45.387939 ], [ 9.192136, 45.387941 ], [ 9.192124, 45.387943 ], [ 9.192113, 45.387945 ], [ 9.192102, 45.387947 ], [ 9.192092, 45.387949 ], [ 9.192083, 45.387951 ], [ 9.192074, 45.387954 ], [ 9.192065, 45.387957 ], [ 9.192053, 45.38796 ], [ 9.192044, 45.387964 ], [ 9.192035, 45.387968 ], [ 9.192025, 45.387972 ], [ 9.192014, 45.387976 ], [ 9.192005, 45.387981 ], [ 9.191995, 45.387985 ], [ 9.191985, 45.387991 ], [ 9.191976, 45.387995 ], [ 9.191967, 45.388001 ], [ 9.19196, 45.388007 ], [ 9.191951, 45.388013 ], [ 9.191944, 45.388019 ], [ 9.191936, 45.388026 ], [ 9.191929, 45.388033 ], [ 9.191922, 45.388041 ], [ 9.191914, 45.388048 ], [ 9.191907, 45.388054 ], [ 9.1919, 45.388062 ], [ 9.191893, 45.388069 ], [ 9.191885, 45.388077 ], [ 9.191878, 45.388084 ], [ 9.191871, 45.388091 ], [ 9.191865, 45.388099 ], [ 9.191858, 45.388106 ], [ 9.191852, 45.388113 ], [ 9.191846, 45.388121 ], [ 9.19184, 45.388129 ], [ 9.191834, 45.388137 ], [ 9.191828, 45.388145 ], [ 9.191822, 45.388153 ], [ 9.191815, 45.388162 ], [ 9.191808, 45.38817 ], [ 9.191801, 45.388178 ], [ 9.191795, 45.388186 ], [ 9.191788, 45.388194 ], [ 9.191782, 45.388202 ], [ 9.191775, 45.38821 ], [ 9.191768, 45.388217 ], [ 9.191762, 45.388225 ], [ 9.191756, 45.388232 ], [ 9.191749, 45.38824 ], [ 9.191741, 45.388247 ], [ 9.191734, 45.388255 ], [ 9.191727, 45.388263 ], [ 9.191719, 45.388271 ], [ 9.191712, 45.388278 ], [ 9.191705, 45.388285 ], [ 9.1917, 45.388292 ], [ 9.191695, 45.388298 ], [ 9.19169, 45.388304 ], [ 9.191688, 45.38831 ], [ 9.191684, 45.388318 ], [ 9.19168, 45.388326 ], [ 9.191676, 45.388334 ], [ 9.191671, 45.388343 ], [ 9.191665, 45.388351 ], [ 9.19166, 45.38836 ], [ 9.191654, 45.388369 ], [ 9.191648, 45.388378 ], [ 9.191643, 45.388387 ], [ 9.191637, 45.388396 ], [ 9.191631, 45.388404 ], [ 9.191626, 45.388412 ], [ 9.191621, 45.38842 ], [ 9.191617, 45.388427 ], [ 9.191614, 45.388432 ], [ 9.191613, 45.388439 ], [ 9.191612, 45.388447 ], [ 9.191613, 45.388455 ], [ 9.191613, 45.388463 ], [ 9.191614, 45.388472 ], [ 9.191615, 45.38848 ], [ 9.191616, 45.388489 ], [ 9.191617, 45.388498 ], [ 9.191617, 45.388507 ], [ 9.191619, 45.388516 ], [ 9.19162, 45.388525 ], [ 9.191622, 45.388534 ], [ 9.191624, 45.388543 ], [ 9.191626, 45.388552 ], [ 9.191628, 45.388561 ], [ 9.19163, 45.38857 ], [ 9.191632, 45.388579 ], [ 9.191633, 45.388587 ], [ 9.191636, 45.388595 ], [ 9.191639, 45.388603 ], [ 9.191642, 45.388612 ], [ 9.191645, 45.388621 ], [ 9.191647, 45.38863 ], [ 9.19165, 45.388639 ], [ 9.191652, 45.388648 ], [ 9.191656, 45.388657 ], [ 9.191659, 45.388665 ], [ 9.191661, 45.388674 ], [ 9.191665, 45.388682 ], [ 9.191668, 45.38869 ], [ 9.191671, 45.388699 ], [ 9.191675, 45.388707 ], [ 9.191678, 45.388715 ], [ 9.191681, 45.388723 ], [ 9.191686, 45.388731 ], [ 9.191691, 45.388739 ], [ 9.191695, 45.388748 ], [ 9.1917, 45.388756 ], [ 9.191704, 45.388765 ], [ 9.191707, 45.388775 ], [ 9.19171, 45.388784 ], [ 9.191713, 45.388793 ], [ 9.191715, 45.388803 ], [ 9.191717, 45.388812 ], [ 9.191719, 45.388821 ], [ 9.191722, 45.388831 ], [ 9.191724, 45.388842 ], [ 9.191723, 45.388852 ], [ 9.191722, 45.388862 ], [ 9.19172, 45.388872 ], [ 9.191716, 45.388881 ], [ 9.191713, 45.388887 ], [ 9.191655, 45.388883 ], [ 9.191638, 45.388881 ], [ 9.191554, 45.38883 ], [ 9.191489, 45.388797 ], [ 9.191454, 45.388768 ], [ 9.191433, 45.388753 ], [ 9.19142, 45.388735 ], [ 9.191367, 45.388691 ], [ 9.191341, 45.388675 ], [ 9.191296, 45.388642 ], [ 9.191273, 45.388626 ], [ 9.191028, 45.388498 ], [ 9.191021, 45.388495 ], [ 9.19101, 45.388489 ], [ 9.190981, 45.388479 ], [ 9.190975, 45.388487 ], [ 9.190969, 45.388494 ], [ 9.190963, 45.388502 ], [ 9.190957, 45.38851 ], [ 9.190951, 45.388518 ], [ 9.190945, 45.388525 ], [ 9.190939, 45.388533 ], [ 9.190934, 45.388541 ], [ 9.190929, 45.388549 ], [ 9.190924, 45.388557 ], [ 9.19092, 45.388565 ], [ 9.190915, 45.388574 ], [ 9.19091, 45.388583 ], [ 9.190905, 45.388591 ], [ 9.1909, 45.388599 ], [ 9.190895, 45.388607 ], [ 9.19089, 45.388615 ], [ 9.190885, 45.388624 ], [ 9.19088, 45.388632 ], [ 9.190876, 45.38864 ], [ 9.190871, 45.388648 ], [ 9.190866, 45.388657 ], [ 9.190861, 45.388665 ], [ 9.190857, 45.388674 ], [ 9.190852, 45.388682 ], [ 9.190848, 45.38869 ], [ 9.190844, 45.388698 ], [ 9.19084, 45.388707 ], [ 9.190836, 45.388715 ], [ 9.190833, 45.388724 ], [ 9.190831, 45.388732 ], [ 9.190828, 45.388741 ], [ 9.190826, 45.38875 ], [ 9.190825, 45.388758 ], [ 9.190824, 45.388767 ], [ 9.190823, 45.388775 ], [ 9.190822, 45.388784 ], [ 9.190823, 45.388791 ], [ 9.190824, 45.388799 ], [ 9.190826, 45.388805 ], [ 9.19083, 45.388812 ], [ 9.190835, 45.388818 ], [ 9.190842, 45.388825 ], [ 9.190849, 45.388832 ], [ 9.190856, 45.388839 ], [ 9.190864, 45.388847 ], [ 9.190871, 45.388855 ], [ 9.190878, 45.388862 ], [ 9.190886, 45.388869 ], [ 9.190894, 45.388876 ], [ 9.190902, 45.388884 ], [ 9.19091, 45.388891 ], [ 9.190919, 45.388898 ], [ 9.190927, 45.388906 ], [ 9.190933, 45.388915 ], [ 9.190938, 45.388923 ], [ 9.190944, 45.388931 ], [ 9.190949, 45.388939 ], [ 9.190955, 45.388947 ], [ 9.190961, 45.388956 ], [ 9.190965, 45.388967 ], [ 9.190967, 45.388978 ], [ 9.190967, 45.388989 ], [ 9.190966, 45.388998 ], [ 9.190965, 45.389007 ], [ 9.190965, 45.389016 ], [ 9.190965, 45.389023 ], [ 9.190966, 45.389031 ], [ 9.190967, 45.389039 ], [ 9.190968, 45.389049 ], [ 9.19097, 45.389059 ], [ 9.19097, 45.389068 ], [ 9.190971, 45.389078 ], [ 9.190971, 45.389087 ], [ 9.190972, 45.389096 ], [ 9.190971, 45.389106 ], [ 9.190971, 45.389115 ], [ 9.190969, 45.389124 ], [ 9.190967, 45.389133 ], [ 9.190966, 45.389141 ], [ 9.190964, 45.38915 ], [ 9.190963, 45.389159 ], [ 9.190962, 45.389168 ], [ 9.190959, 45.389178 ], [ 9.190956, 45.389187 ], [ 9.190952, 45.389197 ], [ 9.190948, 45.389206 ], [ 9.190943, 45.389214 ], [ 9.190938, 45.389223 ], [ 9.190934, 45.389231 ], [ 9.190931, 45.38924 ], [ 9.190927, 45.389249 ], [ 9.190923, 45.389258 ], [ 9.19092, 45.389266 ], [ 9.190916, 45.389275 ], [ 9.190913, 45.389284 ], [ 9.190909, 45.389291 ], [ 9.190908, 45.389298 ], [ 9.190908, 45.389304 ], [ 9.190908, 45.389312 ], [ 9.190909, 45.38932 ], [ 9.19091, 45.389328 ], [ 9.190912, 45.389337 ], [ 9.190913, 45.389345 ], [ 9.190915, 45.389354 ], [ 9.190917, 45.389363 ], [ 9.19092, 45.389372 ], [ 9.190922, 45.389382 ], [ 9.190922, 45.389393 ], [ 9.190922, 45.389402 ], [ 9.190922, 45.389412 ], [ 9.19092, 45.389421 ], [ 9.190919, 45.38943 ], [ 9.190918, 45.389439 ], [ 9.190917, 45.389448 ], [ 9.190916, 45.389457 ], [ 9.190914, 45.389467 ], [ 9.190912, 45.389476 ], [ 9.19091, 45.389485 ], [ 9.190908, 45.389493 ], [ 9.190907, 45.389502 ], [ 9.190906, 45.389511 ], [ 9.190904, 45.38952 ], [ 9.190902, 45.389529 ], [ 9.190901, 45.389538 ], [ 9.190899, 45.389547 ], [ 9.190896, 45.389556 ], [ 9.190894, 45.389565 ], [ 9.190891, 45.389574 ], [ 9.190889, 45.389583 ], [ 9.190886, 45.389592 ], [ 9.190883, 45.389601 ], [ 9.19088, 45.38961 ], [ 9.190878, 45.389618 ], [ 9.190876, 45.389627 ], [ 9.190874, 45.389635 ], [ 9.190872, 45.389644 ], [ 9.190871, 45.389652 ], [ 9.19087, 45.38966 ], [ 9.19087, 45.389668 ], [ 9.19087, 45.389676 ], [ 9.190871, 45.389685 ], [ 9.190872, 45.389693 ], [ 9.190873, 45.389702 ], [ 9.190874, 45.389711 ], [ 9.190875, 45.389721 ], [ 9.190875, 45.38973 ], [ 9.190876, 45.38974 ], [ 9.190875, 45.389749 ], [ 9.190875, 45.389758 ], [ 9.190874, 45.389768 ], [ 9.190873, 45.389777 ], [ 9.19087, 45.389786 ], [ 9.190867, 45.389796 ], [ 9.190863, 45.389805 ], [ 9.190859, 45.389814 ], [ 9.190854, 45.389824 ], [ 9.190849, 45.389833 ], [ 9.190843, 45.389841 ], [ 9.190837, 45.38985 ], [ 9.19083, 45.389858 ], [ 9.190823, 45.389867 ], [ 9.190815, 45.389874 ], [ 9.190807, 45.389882 ], [ 9.190799, 45.389889 ], [ 9.190791, 45.389897 ], [ 9.190783, 45.389904 ], [ 9.190775, 45.389911 ], [ 9.190767, 45.389918 ], [ 9.190759, 45.389925 ], [ 9.190752, 45.389931 ], [ 9.190743, 45.389937 ], [ 9.190735, 45.389943 ], [ 9.190728, 45.389949 ], [ 9.190721, 45.389957 ], [ 9.190714, 45.389964 ], [ 9.190709, 45.389972 ], [ 9.190704, 45.389979 ], [ 9.190698, 45.389987 ], [ 9.190694, 45.389994 ], [ 9.190689, 45.390003 ], [ 9.190684, 45.390011 ], [ 9.19068, 45.390019 ], [ 9.190675, 45.390028 ], [ 9.19067, 45.390036 ], [ 9.190666, 45.390045 ], [ 9.190662, 45.390053 ], [ 9.190657, 45.390061 ], [ 9.190653, 45.39007 ], [ 9.19065, 45.390078 ], [ 9.190647, 45.390086 ], [ 9.190646, 45.390093 ], [ 9.190647, 45.390101 ], [ 9.190647, 45.390108 ], [ 9.190649, 45.390114 ], [ 9.190652, 45.390122 ], [ 9.190655, 45.39013 ], [ 9.190659, 45.390137 ], [ 9.190664, 45.390145 ], [ 9.19067, 45.390152 ], [ 9.190675, 45.39016 ], [ 9.190681, 45.390168 ], [ 9.190688, 45.390177 ], [ 9.190693, 45.390186 ], [ 9.190698, 45.390196 ], [ 9.190702, 45.390204 ], [ 9.190707, 45.390211 ], [ 9.190712, 45.390219 ], [ 9.190718, 45.390226 ], [ 9.190725, 45.390233 ], [ 9.190731, 45.390239 ], [ 9.190739, 45.390245 ], [ 9.190747, 45.390252 ], [ 9.190756, 45.390257 ], [ 9.190765, 45.390263 ], [ 9.190775, 45.390269 ], [ 9.190784, 45.390277 ], [ 9.190792, 45.390285 ], [ 9.190801, 45.390293 ], [ 9.190809, 45.3903 ], [ 9.190817, 45.390307 ], [ 9.190824, 45.390313 ], [ 9.190833, 45.390318 ], [ 9.19084, 45.390322 ], [ 9.190849, 45.390327 ], [ 9.19086, 45.390331 ], [ 9.190873, 45.390336 ], [ 9.190886, 45.390343 ], [ 9.190902, 45.390353 ], [ 9.190907, 45.390364 ], [ 9.19091, 45.390376 ], [ 9.190911, 45.390386 ], [ 9.190911, 45.390396 ], [ 9.190911, 45.390406 ], [ 9.19091, 45.390415 ], [ 9.19091, 45.390424 ], [ 9.19091, 45.390433 ], [ 9.190911, 45.390442 ], [ 9.190911, 45.390449 ], [ 9.190914, 45.390456 ], [ 9.190918, 45.390459 ], [ 9.190924, 45.390464 ], [ 9.190932, 45.390469 ], [ 9.190937, 45.390473 ], [ 9.190945, 45.390475 ], [ 9.190952, 45.390476 ], [ 9.190962, 45.390475 ], [ 9.190969, 45.390474 ], [ 9.190978, 45.390471 ], [ 9.190992, 45.390468 ], [ 9.191005, 45.390464 ], [ 9.191022, 45.39046 ], [ 9.191044, 45.390459 ], [ 9.191069, 45.390464 ], [ 9.191083, 45.390473 ], [ 9.191224, 45.390579 ], [ 9.19128, 45.390623 ], [ 9.191351, 45.39068 ], [ 9.191389, 45.390706 ], [ 9.191415, 45.390723 ], [ 9.191411, 45.390792 ], [ 9.191303, 45.390866 ], [ 9.191299, 45.390868 ], [ 9.191292, 45.390872 ], [ 9.191281, 45.390885 ], [ 9.191266, 45.390902 ], [ 9.191247, 45.391355 ], [ 9.191246, 45.391417 ], [ 9.191246, 45.391463 ], [ 9.191245, 45.391477 ], [ 9.191202, 45.391581 ], [ 9.191174, 45.391622 ], [ 9.191098, 45.391727 ], [ 9.190984, 45.391878 ], [ 9.190982, 45.391882 ], [ 9.190977, 45.39189 ], [ 9.190973, 45.391899 ], [ 9.190969, 45.391908 ], [ 9.190966, 45.391916 ], [ 9.190964, 45.391925 ], [ 9.190962, 45.391934 ], [ 9.190964, 45.391982 ], [ 9.190969, 45.392007 ], [ 9.190993, 45.392056 ], [ 9.191012, 45.392091 ], [ 9.191037, 45.392123 ], [ 9.191067, 45.392147 ], [ 9.191095, 45.392185 ], [ 9.191098, 45.392194 ], [ 9.191102, 45.392203 ], [ 9.191105, 45.392212 ], [ 9.191108, 45.392221 ], [ 9.191112, 45.39223 ], [ 9.191115, 45.392238 ], [ 9.191119, 45.392247 ], [ 9.191122, 45.392256 ], [ 9.191126, 45.392275 ], [ 9.191134, 45.392324 ], [ 9.191135, 45.392333 ], [ 9.191134, 45.392342 ], [ 9.191133, 45.392351 ], [ 9.191132, 45.39236 ], [ 9.19113, 45.392369 ], [ 9.191127, 45.392378 ], [ 9.191124, 45.392387 ], [ 9.191122, 45.392396 ], [ 9.191118, 45.392404 ], [ 9.191115, 45.392413 ], [ 9.191112, 45.392422 ], [ 9.191108, 45.39243 ], [ 9.191105, 45.392439 ], [ 9.1911, 45.392448 ], [ 9.191099, 45.392451 ], [ 9.191094, 45.39246 ], [ 9.19109, 45.392468 ], [ 9.191086, 45.392477 ], [ 9.191082, 45.392486 ], [ 9.191078, 45.392494 ], [ 9.191073, 45.392503 ], [ 9.191069, 45.392511 ], [ 9.191065, 45.39252 ], [ 9.191061, 45.392528 ], [ 9.191054, 45.392536 ], [ 9.191047, 45.392544 ], [ 9.19104, 45.392552 ], [ 9.191032, 45.392559 ], [ 9.191023, 45.392566 ], [ 9.190991, 45.392564 ], [ 9.190925, 45.392562 ], [ 9.190666, 45.392552 ], [ 9.190578, 45.392574 ], [ 9.190574, 45.392581 ], [ 9.190481, 45.392772 ], [ 9.190471, 45.392787 ], [ 9.19041, 45.392794 ], [ 9.190362, 45.392733 ], [ 9.190354, 45.392712 ], [ 9.190363, 45.392654 ], [ 9.190322, 45.392581 ], [ 9.19032, 45.392578 ], [ 9.190265, 45.39249 ], [ 9.190217, 45.392432 ], [ 9.190173, 45.392433 ], [ 9.190139, 45.392474 ], [ 9.19013, 45.392582 ], [ 9.190124, 45.392642 ], [ 9.190048, 45.392672 ], [ 9.190045, 45.392671 ], [ 9.189963, 45.392666 ], [ 9.189924, 45.39264 ], [ 9.189854, 45.392582 ], [ 9.18965, 45.3924 ], [ 9.189641, 45.392394 ], [ 9.189632, 45.392387 ], [ 9.189624, 45.39238 ], [ 9.189615, 45.392374 ], [ 9.189606, 45.392367 ], [ 9.189598, 45.39236 ], [ 9.189589, 45.392353 ], [ 9.189581, 45.392346 ], [ 9.189572, 45.39234 ], [ 9.189563, 45.392333 ], [ 9.189554, 45.392326 ], [ 9.189545, 45.39232 ], [ 9.189536, 45.392314 ], [ 9.189527, 45.392307 ], [ 9.189518, 45.392301 ], [ 9.189509, 45.392294 ], [ 9.189499, 45.392288 ], [ 9.189489, 45.392283 ], [ 9.189479, 45.392277 ], [ 9.189469, 45.392271 ], [ 9.18946, 45.392265 ], [ 9.18945, 45.39226 ], [ 9.18944, 45.392254 ], [ 9.18943, 45.392248 ], [ 9.18942, 45.392242 ], [ 9.189411, 45.392236 ], [ 9.189401, 45.39223 ], [ 9.189391, 45.392224 ], [ 9.189382, 45.392219 ], [ 9.189372, 45.392213 ], [ 9.189362, 45.392207 ], [ 9.189352, 45.392202 ], [ 9.189342, 45.392196 ], [ 9.189332, 45.392191 ], [ 9.189321, 45.392185 ], [ 9.189311, 45.392179 ], [ 9.189301, 45.392174 ], [ 9.189291, 45.392169 ], [ 9.18928, 45.392164 ], [ 9.189269, 45.392159 ], [ 9.189259, 45.392154 ], [ 9.189248, 45.392149 ], [ 9.189237, 45.392144 ], [ 9.189227, 45.392139 ], [ 9.189216, 45.392134 ], [ 9.189206, 45.392128 ], [ 9.189196, 45.392123 ], [ 9.189185, 45.392119 ], [ 9.189174, 45.392114 ], [ 9.189164, 45.392108 ], [ 9.189154, 45.392103 ], [ 9.189151, 45.392102 ], [ 9.189141, 45.392096 ], [ 9.189131, 45.392091 ], [ 9.18912, 45.392086 ], [ 9.18911, 45.392081 ], [ 9.1891, 45.392075 ], [ 9.189089, 45.39207 ], [ 9.189079, 45.392065 ], [ 9.189069, 45.392059 ], [ 9.189058, 45.392054 ], [ 9.189048, 45.392049 ], [ 9.189037, 45.392044 ], [ 9.189027, 45.392038 ], [ 9.189017, 45.392033 ], [ 9.189006, 45.392028 ], [ 9.188996, 45.392022 ], [ 9.188986, 45.392017 ], [ 9.188976, 45.392011 ], [ 9.188965, 45.392006 ], [ 9.188955, 45.392 ], [ 9.188945, 45.391995 ], [ 9.188935, 45.391989 ], [ 9.188925, 45.391983 ], [ 9.188915, 45.391978 ], [ 9.188905, 45.391972 ], [ 9.188895, 45.391967 ], [ 9.188885, 45.391961 ], [ 9.188874, 45.391956 ], [ 9.188864, 45.391951 ], [ 9.188853, 45.391946 ], [ 9.188842, 45.391941 ], [ 9.188831, 45.391936 ], [ 9.188821, 45.39193 ], [ 9.188811, 45.391925 ], [ 9.188801, 45.391919 ], [ 9.188792, 45.391913 ], [ 9.188782, 45.391907 ], [ 9.188773, 45.3919 ], [ 9.188764, 45.391894 ], [ 9.188755, 45.391888 ], [ 9.188746, 45.391882 ], [ 9.188736, 45.391875 ], [ 9.188727, 45.391869 ], [ 9.188718, 45.391863 ], [ 9.188709, 45.391856 ], [ 9.1887, 45.39185 ], [ 9.188692, 45.391843 ], [ 9.188683, 45.391837 ], [ 9.188674, 45.391831 ], [ 9.188665, 45.391824 ], [ 9.188656, 45.391818 ], [ 9.188647, 45.391811 ], [ 9.188638, 45.391805 ], [ 9.188629, 45.391799 ], [ 9.188625, 45.391796 ], [ 9.188616, 45.39179 ], [ 9.188607, 45.391784 ], [ 9.188596, 45.391778 ], [ 9.188586, 45.391773 ], [ 9.188575, 45.391767 ], [ 9.188565, 45.391762 ], [ 9.188554, 45.391757 ], [ 9.188544, 45.391752 ], [ 9.188534, 45.391746 ], [ 9.188524, 45.39174 ], [ 9.188514, 45.391734 ], [ 9.188505, 45.391728 ], [ 9.188496, 45.391721 ], [ 9.188424, 45.391654 ], [ 9.188414, 45.391648 ], [ 9.188406, 45.391641 ], [ 9.188398, 45.391634 ], [ 9.188388, 45.391628 ], [ 9.188378, 45.391623 ], [ 9.188365, 45.391618 ], [ 9.188365, 45.391618 ], [ 9.188355, 45.391611 ], [ 9.188345, 45.391605 ], [ 9.188335, 45.391599 ], [ 9.188281, 45.391586 ], [ 9.188251, 45.391582 ], [ 9.188239, 45.391578 ], [ 9.188227, 45.391573 ], [ 9.188224, 45.391572 ], [ 9.188214, 45.391566 ], [ 9.188203, 45.391561 ], [ 9.188193, 45.391556 ], [ 9.188182, 45.391551 ], [ 9.188171, 45.391546 ], [ 9.188161, 45.39154 ], [ 9.188151, 45.391535 ], [ 9.188141, 45.391529 ], [ 9.188131, 45.391524 ], [ 9.188121, 45.391518 ], [ 9.188111, 45.391512 ], [ 9.188101, 45.391506 ], [ 9.188091, 45.391501 ], [ 9.18808, 45.391495 ], [ 9.18807, 45.39149 ], [ 9.18806, 45.391484 ], [ 9.188051, 45.391478 ], [ 9.188042, 45.391471 ], [ 9.188033, 45.391465 ], [ 9.188024, 45.391458 ], [ 9.188016, 45.391452 ], [ 9.188007, 45.391445 ], [ 9.187998, 45.391439 ], [ 9.18799, 45.391432 ], [ 9.187981, 45.391425 ], [ 9.187973, 45.391419 ], [ 9.187964, 45.391412 ], [ 9.187956, 45.391405 ], [ 9.187947, 45.391399 ], [ 9.187942, 45.391395 ], [ 9.187932, 45.391388 ], [ 9.187923, 45.391381 ], [ 9.187914, 45.391374 ], [ 9.187905, 45.391367 ], [ 9.187896, 45.391361 ], [ 9.187886, 45.391354 ], [ 9.187877, 45.391347 ], [ 9.187867, 45.391341 ], [ 9.187858, 45.391334 ], [ 9.187848, 45.391328 ], [ 9.187837, 45.391323 ], [ 9.187827, 45.391317 ], [ 9.187817, 45.391311 ], [ 9.187807, 45.391305 ], [ 9.187797, 45.391299 ], [ 9.187786, 45.391294 ], [ 9.187775, 45.391289 ], [ 9.187765, 45.391284 ], [ 9.187754, 45.391279 ], [ 9.187743, 45.391274 ], [ 9.187731, 45.39127 ], [ 9.18772, 45.391266 ], [ 9.187708, 45.391262 ], [ 9.187697, 45.391258 ], [ 9.187685, 45.391255 ], [ 9.187672, 45.391252 ], [ 9.18766, 45.391249 ], [ 9.187648, 45.391247 ], [ 9.187636, 45.391244 ], [ 9.187624, 45.391241 ], [ 9.187611, 45.391239 ], [ 9.187599, 45.391236 ], [ 9.187587, 45.391233 ], [ 9.187575, 45.39123 ], [ 9.187563, 45.391226 ], [ 9.187552, 45.391222 ], [ 9.18754, 45.391219 ], [ 9.187528, 45.391215 ], [ 9.187517, 45.391211 ], [ 9.187505, 45.391208 ], [ 9.187493, 45.391204 ], [ 9.187481, 45.391201 ], [ 9.187469, 45.391198 ], [ 9.187457, 45.391194 ], [ 9.187445, 45.39119 ], [ 9.187433, 45.391186 ], [ 9.187421, 45.391182 ], [ 9.187418, 45.391181 ], [ 9.187406, 45.391177 ], [ 9.187395, 45.391172 ], [ 9.187384, 45.391167 ], [ 9.187374, 45.391161 ], [ 9.187365, 45.391155 ], [ 9.187356, 45.391149 ], [ 9.187348, 45.391142 ], [ 9.187342, 45.391136 ], [ 9.187335, 45.391128 ], [ 9.187321, 45.391092 ], [ 9.18732, 45.391083 ], [ 9.187317, 45.391074 ], [ 9.187314, 45.391065 ], [ 9.187308, 45.391057 ], [ 9.187303, 45.391049 ], [ 9.187288, 45.391043 ], [ 9.187269, 45.391056 ], [ 9.187261, 45.391063 ], [ 9.187254, 45.391072 ], [ 9.187248, 45.39108 ], [ 9.187239, 45.391087 ], [ 9.187231, 45.391094 ], [ 9.187194, 45.391121 ], [ 9.187185, 45.391128 ], [ 9.187174, 45.391133 ], [ 9.187163, 45.391139 ], [ 9.187152, 45.391143 ], [ 9.187139, 45.391145 ], [ 9.187127, 45.391148 ], [ 9.187114, 45.391149 ], [ 9.187114, 45.391149 ], [ 9.1871, 45.39115 ], [ 9.187087, 45.391151 ], [ 9.187074, 45.391151 ], [ 9.187061, 45.391151 ], [ 9.187047, 45.391149 ], [ 9.187035, 45.391147 ], [ 9.187023, 45.391143 ], [ 9.187018, 45.391139 ], [ 9.187008, 45.391132 ], [ 9.187, 45.391124 ], [ 9.186995, 45.391115 ], [ 9.186991, 45.391083 ], [ 9.186993, 45.391077 ], [ 9.186994, 45.391068 ], [ 9.186998, 45.39106 ], [ 9.187, 45.39105 ], [ 9.187014, 45.391035 ], [ 9.18702, 45.391027 ], [ 9.187026, 45.391019 ], [ 9.18703, 45.39101 ], [ 9.187034, 45.391002 ], [ 9.187036, 45.390993 ], [ 9.187037, 45.390988 ], [ 9.187039, 45.390977 ], [ 9.187037, 45.390967 ], [ 9.187036, 45.390956 ], [ 9.187007, 45.390947 ], [ 9.186981, 45.390946 ], [ 9.186969, 45.390948 ], [ 9.186956, 45.39095 ], [ 9.186947, 45.390954 ], [ 9.186937, 45.390959 ], [ 9.186926, 45.390965 ], [ 9.186916, 45.390971 ], [ 9.186906, 45.390976 ], [ 9.186896, 45.390983 ], [ 9.186887, 45.390989 ], [ 9.186879, 45.390997 ], [ 9.186873, 45.391004 ], [ 9.186871, 45.391008 ], [ 9.186866, 45.391017 ], [ 9.18686, 45.391025 ], [ 9.186855, 45.391034 ], [ 9.186851, 45.391042 ], [ 9.186848, 45.391051 ], [ 9.186845, 45.39106 ], [ 9.186841, 45.391068 ], [ 9.186837, 45.391077 ], [ 9.186834, 45.391086 ], [ 9.186831, 45.391094 ], [ 9.186828, 45.391103 ], [ 9.186824, 45.391112 ], [ 9.186822, 45.391121 ], [ 9.186819, 45.39113 ], [ 9.186817, 45.391138 ], [ 9.186815, 45.391147 ], [ 9.186815, 45.391156 ], [ 9.186814, 45.391165 ], [ 9.186811, 45.391174 ], [ 9.18681, 45.391178 ], [ 9.186805, 45.391188 ], [ 9.186799, 45.391197 ], [ 9.186791, 45.391205 ], [ 9.186783, 45.391212 ], [ 9.186774, 45.391219 ], [ 9.186765, 45.391225 ], [ 9.186755, 45.391231 ], [ 9.186744, 45.391235 ], [ 9.186733, 45.39124 ], [ 9.186722, 45.391245 ], [ 9.186712, 45.39125 ], [ 9.186701, 45.391255 ], [ 9.18669, 45.391259 ], [ 9.186679, 45.391264 ], [ 9.186668, 45.391269 ], [ 9.186658, 45.391274 ], [ 9.186648, 45.39128 ], [ 9.186638, 45.391286 ], [ 9.186628, 45.391291 ], [ 9.186619, 45.391297 ], [ 9.186618, 45.391298 ], [ 9.186608, 45.391304 ], [ 9.186599, 45.39131 ], [ 9.18659, 45.391317 ], [ 9.186581, 45.391323 ], [ 9.186572, 45.39133 ], [ 9.186564, 45.391336 ], [ 9.186555, 45.391343 ], [ 9.186546, 45.39135 ], [ 9.186538, 45.391357 ], [ 9.18653, 45.391364 ], [ 9.186523, 45.391371 ], [ 9.186515, 45.391378 ], [ 9.186508, 45.391386 ], [ 9.1865, 45.391393 ], [ 9.186493, 45.3914 ], [ 9.186486, 45.391408 ], [ 9.186479, 45.391416 ], [ 9.186472, 45.391423 ], [ 9.186465, 45.391431 ], [ 9.186459, 45.391439 ], [ 9.186454, 45.391446 ], [ 9.186453, 45.391447 ], [ 9.186453, 45.391448 ], [ 9.186434, 45.391475 ], [ 9.186423, 45.391474 ], [ 9.186411, 45.391469 ], [ 9.186394, 45.391457 ], [ 9.186378, 45.391441 ], [ 9.186372, 45.391433 ], [ 9.186365, 45.391424 ], [ 9.186354, 45.391417 ], [ 9.186346, 45.391409 ], [ 9.186342, 45.3914 ], [ 9.186338, 45.391392 ], [ 9.186335, 45.391383 ], [ 9.186332, 45.391374 ], [ 9.186329, 45.391365 ], [ 9.186327, 45.391356 ], [ 9.186325, 45.391347 ], [ 9.186324, 45.391339 ], [ 9.186323, 45.39133 ], [ 9.18632, 45.391321 ], [ 9.186318, 45.391312 ], [ 9.186316, 45.391303 ], [ 9.186315, 45.391294 ], [ 9.186313, 45.391285 ], [ 9.186312, 45.391276 ], [ 9.18631, 45.391267 ], [ 9.186309, 45.391258 ], [ 9.186307, 45.391249 ], [ 9.186306, 45.391245 ], [ 9.186304, 45.391236 ], [ 9.186302, 45.391227 ], [ 9.1863, 45.391218 ], [ 9.186297, 45.39121 ], [ 9.186294, 45.391201 ], [ 9.186292, 45.391192 ], [ 9.18629, 45.391183 ], [ 9.186287, 45.391174 ], [ 9.186285, 45.391165 ], [ 9.186282, 45.391157 ], [ 9.186279, 45.391148 ], [ 9.186276, 45.391139 ], [ 9.186273, 45.39113 ], [ 9.18627, 45.391122 ], [ 9.186267, 45.391113 ], [ 9.186263, 45.391104 ], [ 9.18626, 45.391096 ], [ 9.186258, 45.391087 ], [ 9.186255, 45.391078 ], [ 9.186252, 45.391069 ], [ 9.18625, 45.39106 ], [ 9.186247, 45.391052 ], [ 9.186244, 45.391043 ], [ 9.186241, 45.391034 ], [ 9.186238, 45.391025 ], [ 9.186236, 45.391016 ], [ 9.186234, 45.391007 ], [ 9.186231, 45.390999 ], [ 9.186229, 45.39099 ], [ 9.186226, 45.390981 ], [ 9.186223, 45.390972 ], [ 9.18622, 45.390964 ], [ 9.186217, 45.390955 ], [ 9.186215, 45.390946 ], [ 9.186212, 45.390937 ], [ 9.18621, 45.390928 ], [ 9.186208, 45.390919 ], [ 9.186207, 45.390915 ], [ 9.186205, 45.390906 ], [ 9.186203, 45.390897 ], [ 9.186201, 45.390888 ], [ 9.186199, 45.390879 ], [ 9.186197, 45.39087 ], [ 9.186195, 45.390862 ], [ 9.186193, 45.390853 ], [ 9.186191, 45.390845 ], [ 9.186188, 45.390836 ], [ 9.186185, 45.390827 ], [ 9.186183, 45.390818 ], [ 9.18618, 45.390809 ], [ 9.186177, 45.390801 ], [ 9.186175, 45.390792 ], [ 9.186172, 45.390783 ], [ 9.18617, 45.390774 ], [ 9.186168, 45.390765 ], [ 9.186165, 45.390756 ], [ 9.186163, 45.390748 ], [ 9.186161, 45.390739 ], [ 9.186158, 45.39073 ], [ 9.186156, 45.390721 ], [ 9.186154, 45.390712 ], [ 9.186152, 45.390708 ], [ 9.18615, 45.390699 ], [ 9.186148, 45.39069 ], [ 9.186147, 45.390681 ], [ 9.186146, 45.390655 ], [ 9.186137, 45.390615 ], [ 9.186104, 45.390524 ], [ 9.186104, 45.390524 ], [ 9.18609, 45.390475 ], [ 9.186061, 45.390393 ], [ 9.186086, 45.390329 ], [ 9.186072, 45.390215 ], [ 9.186038, 45.390197 ], [ 9.185827, 45.39009 ], [ 9.185792, 45.390064 ], [ 9.185745, 45.390027 ], [ 9.185705, 45.389998 ], [ 9.185667, 45.389974 ], [ 9.185594, 45.389937 ], [ 9.185601, 45.389929 ], [ 9.185618, 45.389915 ], [ 9.185649, 45.389886 ], [ 9.185656, 45.38988 ], [ 9.185623, 45.389872 ], [ 9.185609, 45.389876 ], [ 9.185545, 45.389896 ], [ 9.185416, 45.389934 ], [ 9.185247, 45.389984 ], [ 9.185078, 45.390034 ], [ 9.18492, 45.390084 ], [ 9.18477, 45.390132 ], [ 9.184551, 45.390201 ], [ 9.184538, 45.390206 ], [ 9.184518, 45.390216 ], [ 9.184511, 45.39022 ], [ 9.184501, 45.390225 ], [ 9.184489, 45.390227 ], [ 9.184476, 45.39023 ], [ 9.184465, 45.390232 ], [ 9.184453, 45.390235 ], [ 9.184442, 45.390238 ], [ 9.184429, 45.390242 ], [ 9.184417, 45.390246 ], [ 9.184405, 45.39025 ], [ 9.184393, 45.390255 ], [ 9.184381, 45.390259 ], [ 9.18437, 45.390263 ], [ 9.184358, 45.390268 ], [ 9.184348, 45.390273 ], [ 9.184337, 45.390277 ], [ 9.184326, 45.390282 ], [ 9.184314, 45.390286 ], [ 9.184303, 45.390291 ], [ 9.184292, 45.390295 ], [ 9.18428, 45.3903 ], [ 9.184269, 45.390305 ], [ 9.184258, 45.390309 ], [ 9.184248, 45.390314 ], [ 9.184238, 45.390319 ], [ 9.184228, 45.390324 ], [ 9.184218, 45.390329 ], [ 9.184208, 45.390334 ], [ 9.184198, 45.390337 ], [ 9.184187, 45.390341 ], [ 9.184176, 45.390345 ], [ 9.184164, 45.390347 ], [ 9.184152, 45.39035 ], [ 9.184139, 45.390353 ], [ 9.184127, 45.390357 ], [ 9.184115, 45.390361 ], [ 9.184103, 45.390365 ], [ 9.184092, 45.390368 ], [ 9.18408, 45.390372 ], [ 9.184068, 45.390375 ], [ 9.184057, 45.390377 ], [ 9.184045, 45.39038 ], [ 9.184033, 45.390382 ], [ 9.184021, 45.390383 ], [ 9.184009, 45.390385 ], [ 9.183997, 45.390386 ], [ 9.183985, 45.390387 ], [ 9.183973, 45.390388 ], [ 9.18396, 45.390389 ], [ 9.183948, 45.39039 ], [ 9.183935, 45.390391 ], [ 9.183923, 45.390392 ], [ 9.18391, 45.390392 ], [ 9.183897, 45.390392 ], [ 9.183884, 45.390392 ], [ 9.183871, 45.390393 ], [ 9.183858, 45.390394 ], [ 9.183845, 45.390395 ], [ 9.183832, 45.390396 ], [ 9.183819, 45.390398 ], [ 9.183807, 45.390399 ], [ 9.183795, 45.3904 ], [ 9.183782, 45.390402 ], [ 9.183769, 45.390403 ], [ 9.183756, 45.390405 ], [ 9.183743, 45.390407 ], [ 9.183728, 45.39041 ], [ 9.183716, 45.390414 ], [ 9.183705, 45.390418 ], [ 9.183694, 45.39042 ], [ 9.183682, 45.390423 ], [ 9.18367, 45.390425 ], [ 9.183658, 45.390427 ], [ 9.183646, 45.390429 ], [ 9.183634, 45.390431 ], [ 9.183622, 45.390433 ], [ 9.183609, 45.390434 ], [ 9.183597, 45.390436 ], [ 9.183584, 45.390437 ], [ 9.183572, 45.390438 ], [ 9.183559, 45.390438 ], [ 9.183546, 45.390439 ], [ 9.183533, 45.39044 ], [ 9.183521, 45.390441 ], [ 9.183508, 45.390442 ], [ 9.183495, 45.390443 ], [ 9.183482, 45.390444 ], [ 9.183469, 45.390446 ], [ 9.183457, 45.390447 ], [ 9.183444, 45.390448 ], [ 9.183431, 45.39045 ], [ 9.183419, 45.390451 ], [ 9.183406, 45.390453 ], [ 9.183393, 45.390454 ], [ 9.183381, 45.390455 ], [ 9.183369, 45.390456 ], [ 9.183356, 45.390457 ], [ 9.183344, 45.390458 ], [ 9.183331, 45.39046 ], [ 9.183318, 45.390461 ], [ 9.183305, 45.390462 ], [ 9.183293, 45.390464 ], [ 9.18328, 45.390465 ], [ 9.183267, 45.390467 ], [ 9.183255, 45.390468 ], [ 9.183242, 45.39047 ], [ 9.183229, 45.390472 ], [ 9.183217, 45.390474 ], [ 9.183204, 45.390476 ], [ 9.183191, 45.390478 ], [ 9.183179, 45.39048 ], [ 9.183167, 45.390482 ], [ 9.183154, 45.390484 ], [ 9.183142, 45.390486 ], [ 9.183129, 45.390488 ], [ 9.183117, 45.39049 ], [ 9.183105, 45.390491 ], [ 9.183092, 45.390493 ], [ 9.18308, 45.390494 ], [ 9.183067, 45.390495 ], [ 9.183055, 45.390496 ], [ 9.183042, 45.390497 ], [ 9.183029, 45.390498 ], [ 9.183017, 45.3905 ], [ 9.183004, 45.390501 ], [ 9.182991, 45.390502 ], [ 9.182978, 45.390504 ], [ 9.182966, 45.390505 ], [ 9.182953, 45.390506 ], [ 9.18294, 45.390508 ], [ 9.182928, 45.390509 ], [ 9.182915, 45.39051 ], [ 9.182902, 45.390511 ], [ 9.18289, 45.390513 ], [ 9.182877, 45.390514 ], [ 9.182864, 45.390515 ], [ 9.182852, 45.390516 ], [ 9.182839, 45.390517 ], [ 9.182827, 45.390518 ], [ 9.182815, 45.390519 ], [ 9.182802, 45.390519 ], [ 9.18279, 45.390519 ], [ 9.182777, 45.39052 ], [ 9.182764, 45.39052 ], [ 9.182751, 45.390521 ], [ 9.182738, 45.390522 ], [ 9.182726, 45.390523 ], [ 9.182713, 45.390524 ], [ 9.1827, 45.390524 ], [ 9.182687, 45.390525 ], [ 9.182675, 45.390526 ], [ 9.182662, 45.390527 ], [ 9.182649, 45.390528 ], [ 9.182636, 45.390529 ], [ 9.182623, 45.39053 ], [ 9.18261, 45.390531 ], [ 9.182598, 45.390533 ], [ 9.182572, 45.390535 ], [ 9.182503, 45.390549 ], [ 9.182468, 45.39056 ], [ 9.182445, 45.390573 ], [ 9.182397, 45.390597 ], [ 9.182353, 45.390625 ], [ 9.182314, 45.390648 ], [ 9.182278, 45.390665 ], [ 9.182243, 45.390683 ], [ 9.182203, 45.390701 ], [ 9.182164, 45.390717 ], [ 9.182132, 45.390731 ], [ 9.18211, 45.390746 ], [ 9.182101, 45.390768 ], [ 9.182108, 45.390794 ], [ 9.182108, 45.390819 ], [ 9.182114, 45.390833 ], [ 9.182116, 45.390842 ], [ 9.182119, 45.390851 ], [ 9.182121, 45.39086 ], [ 9.182123, 45.390869 ], [ 9.182126, 45.390877 ], [ 9.182128, 45.390886 ], [ 9.182131, 45.390895 ], [ 9.182133, 45.390904 ], [ 9.182136, 45.390913 ], [ 9.182138, 45.390921 ], [ 9.18214, 45.39093 ], [ 9.182143, 45.390939 ], [ 9.182145, 45.390948 ], [ 9.182148, 45.390957 ], [ 9.182151, 45.390966 ], [ 9.182154, 45.390975 ], [ 9.182157, 45.390984 ], [ 9.18216, 45.390992 ], [ 9.182164, 45.391001 ], [ 9.182167, 45.39101 ], [ 9.18217, 45.391018 ], [ 9.182174, 45.391027 ], [ 9.182177, 45.391036 ], [ 9.182181, 45.391045 ], [ 9.182184, 45.391053 ], [ 9.182187, 45.391062 ], [ 9.18219, 45.39107 ], [ 9.182193, 45.391079 ], [ 9.182195, 45.391088 ], [ 9.182198, 45.391097 ], [ 9.182201, 45.391106 ], [ 9.182204, 45.391114 ], [ 9.182207, 45.391123 ], [ 9.18221, 45.391132 ], [ 9.182213, 45.391141 ], [ 9.182216, 45.391149 ], [ 9.182219, 45.391158 ], [ 9.182223, 45.391167 ], [ 9.182226, 45.391176 ], [ 9.182228, 45.391184 ], [ 9.182231, 45.391193 ], [ 9.182234, 45.391202 ], [ 9.182236, 45.391211 ], [ 9.182239, 45.391219 ], [ 9.182241, 45.391228 ], [ 9.182244, 45.391237 ], [ 9.182247, 45.391246 ], [ 9.182251, 45.391255 ], [ 9.182254, 45.391264 ], [ 9.182258, 45.391272 ], [ 9.182262, 45.391281 ], [ 9.182266, 45.39129 ], [ 9.18227, 45.391298 ], [ 9.182273, 45.391307 ], [ 9.182277, 45.391315 ], [ 9.182282, 45.391324 ], [ 9.182285, 45.391332 ], [ 9.182288, 45.391341 ], [ 9.18229, 45.39135 ], [ 9.182293, 45.391358 ], [ 9.182295, 45.391367 ], [ 9.182298, 45.391377 ], [ 9.182301, 45.391386 ], [ 9.182304, 45.391394 ], [ 9.182308, 45.391403 ], [ 9.182313, 45.391412 ], [ 9.182317, 45.39142 ], [ 9.182321, 45.391429 ], [ 9.182326, 45.391437 ], [ 9.182331, 45.391445 ], [ 9.182335, 45.391454 ], [ 9.182339, 45.391462 ], [ 9.182343, 45.391471 ], [ 9.182347, 45.391479 ], [ 9.18235, 45.391488 ], [ 9.182354, 45.391496 ], [ 9.182357, 45.391505 ], [ 9.18236, 45.391513 ], [ 9.182364, 45.391522 ], [ 9.182368, 45.391531 ], [ 9.182371, 45.39154 ], [ 9.182375, 45.391548 ], [ 9.182379, 45.391557 ], [ 9.182383, 45.391566 ], [ 9.182387, 45.391574 ], [ 9.18239, 45.391583 ], [ 9.182395, 45.391592 ], [ 9.182399, 45.3916 ], [ 9.182403, 45.391609 ], [ 9.182408, 45.391617 ], [ 9.182413, 45.391625 ], [ 9.182417, 45.391634 ], [ 9.182421, 45.391643 ], [ 9.182425, 45.391651 ], [ 9.18243, 45.391659 ], [ 9.182434, 45.391668 ], [ 9.182438, 45.391676 ], [ 9.182443, 45.391685 ], [ 9.182447, 45.391693 ], [ 9.182452, 45.391702 ], [ 9.182457, 45.39171 ], [ 9.182462, 45.391719 ], [ 9.182468, 45.391727 ], [ 9.182473, 45.391735 ], [ 9.182478, 45.391743 ], [ 9.182484, 45.391751 ], [ 9.182489, 45.391759 ], [ 9.182493, 45.391767 ], [ 9.182497, 45.391776 ], [ 9.1825, 45.391784 ], [ 9.182503, 45.391793 ], [ 9.182506, 45.391801 ], [ 9.182507, 45.39181 ], [ 9.182509, 45.391818 ], [ 9.18251, 45.391827 ], [ 9.18251, 45.391836 ], [ 9.182511, 45.391844 ], [ 9.182511, 45.391852 ], [ 9.18251, 45.391861 ], [ 9.182509, 45.391869 ], [ 9.182505, 45.391877 ], [ 9.182502, 45.391884 ], [ 9.182496, 45.391891 ], [ 9.182489, 45.391897 ], [ 9.182482, 45.391904 ], [ 9.182473, 45.39191 ], [ 9.182464, 45.391916 ], [ 9.182455, 45.391921 ], [ 9.182445, 45.391926 ], [ 9.182435, 45.391931 ], [ 9.182425, 45.391937 ], [ 9.182414, 45.391941 ], [ 9.182404, 45.391946 ], [ 9.182393, 45.391951 ], [ 9.182382, 45.391956 ], [ 9.182372, 45.391961 ], [ 9.182361, 45.391965 ], [ 9.18235, 45.39197 ], [ 9.182339, 45.391974 ], [ 9.182328, 45.391979 ], [ 9.182317, 45.391984 ], [ 9.182306, 45.391988 ], [ 9.182295, 45.391993 ], [ 9.182284, 45.391997 ], [ 9.182273, 45.392001 ], [ 9.182262, 45.392006 ], [ 9.182251, 45.392011 ], [ 9.18224, 45.392015 ], [ 9.182228, 45.392019 ], [ 9.182217, 45.392024 ], [ 9.182206, 45.392029 ], [ 9.182195, 45.392034 ], [ 9.182185, 45.392039 ], [ 9.182175, 45.392045 ], [ 9.182165, 45.39205 ], [ 9.182154, 45.392054 ], [ 9.182143, 45.392058 ], [ 9.182132, 45.392063 ], [ 9.182121, 45.392068 ], [ 9.18211, 45.392072 ], [ 9.182099, 45.392077 ], [ 9.182088, 45.392081 ], [ 9.182077, 45.392086 ], [ 9.182066, 45.392091 ], [ 9.182054, 45.392095 ], [ 9.182044, 45.3921 ], [ 9.182033, 45.392105 ], [ 9.182022, 45.39211 ], [ 9.182012, 45.392115 ], [ 9.182001, 45.392121 ], [ 9.181991, 45.392126 ], [ 9.18198, 45.392131 ], [ 9.18197, 45.392137 ], [ 9.181959, 45.392142 ], [ 9.181949, 45.392147 ], [ 9.181938, 45.392152 ], [ 9.181928, 45.392158 ], [ 9.181918, 45.392163 ], [ 9.181908, 45.392168 ], [ 9.181898, 45.392173 ], [ 9.181887, 45.392178 ], [ 9.181876, 45.392182 ], [ 9.181865, 45.392187 ], [ 9.181855, 45.392192 ], [ 9.181844, 45.392197 ], [ 9.181833, 45.392202 ], [ 9.181823, 45.392207 ], [ 9.181812, 45.392212 ], [ 9.181801, 45.392217 ], [ 9.181791, 45.392221 ], [ 9.18178, 45.392226 ], [ 9.181769, 45.392231 ], [ 9.181758, 45.392235 ], [ 9.181747, 45.39224 ], [ 9.181736, 45.392245 ], [ 9.181725, 45.39225 ], [ 9.181714, 45.392255 ], [ 9.181703, 45.392259 ], [ 9.181692, 45.392264 ], [ 9.181682, 45.392269 ], [ 9.181671, 45.392274 ], [ 9.181661, 45.392279 ], [ 9.18165, 45.392283 ], [ 9.181639, 45.392288 ], [ 9.181628, 45.392292 ], [ 9.181617, 45.392297 ], [ 9.181606, 45.392302 ], [ 9.181595, 45.392307 ], [ 9.181585, 45.392312 ], [ 9.181574, 45.392317 ], [ 9.181563, 45.392322 ], [ 9.181552, 45.392326 ], [ 9.181541, 45.392331 ], [ 9.18153, 45.392336 ], [ 9.181519, 45.39234 ], [ 9.181508, 45.392344 ], [ 9.181497, 45.392349 ], [ 9.181486, 45.392354 ], [ 9.181476, 45.392358 ], [ 9.181466, 45.392363 ], [ 9.181454, 45.392366 ], [ 9.181435, 45.392373 ], [ 9.181424, 45.392378 ], [ 9.181413, 45.392383 ], [ 9.181403, 45.392388 ], [ 9.181392, 45.392393 ], [ 9.181381, 45.392397 ], [ 9.18137, 45.392402 ], [ 9.181359, 45.392407 ], [ 9.181349, 45.392412 ], [ 9.181338, 45.392417 ], [ 9.181328, 45.392423 ], [ 9.181317, 45.392428 ], [ 9.181307, 45.392433 ], [ 9.181296, 45.392438 ], [ 9.181286, 45.392443 ], [ 9.181275, 45.392448 ], [ 9.181265, 45.392454 ], [ 9.181254, 45.392459 ], [ 9.181244, 45.392464 ], [ 9.181234, 45.392469 ], [ 9.181192, 45.392488 ], [ 9.181152, 45.392509 ], [ 9.181084, 45.392547 ], [ 9.181066, 45.392557 ], [ 9.181066, 45.392582 ], [ 9.181066, 45.392596 ], [ 9.180967, 45.392597 ], [ 9.180936, 45.392608 ], [ 9.180799, 45.392658 ], [ 9.180666, 45.39271 ], [ 9.180575, 45.39275 ], [ 9.180469, 45.392803 ], [ 9.180364, 45.39286 ], [ 9.180272, 45.392899 ], [ 9.180226, 45.392919 ], [ 9.180096, 45.39297 ], [ 9.180044, 45.392989 ], [ 9.17998, 45.393012 ], [ 9.179904, 45.393039 ], [ 9.179854, 45.393054 ], [ 9.179785, 45.393079 ], [ 9.179732, 45.393104 ], [ 9.179674, 45.393134 ], [ 9.179596, 45.393175 ], [ 9.179511, 45.393223 ], [ 9.179444, 45.393258 ], [ 9.179408, 45.393273 ], [ 9.179363, 45.393284 ], [ 9.179314, 45.393295 ], [ 9.179272, 45.393302 ], [ 9.179213, 45.393307 ], [ 9.179146, 45.393314 ], [ 9.179063, 45.393321 ], [ 9.17899, 45.39333 ], [ 9.178934, 45.393339 ], [ 9.178881, 45.393343 ], [ 9.178811, 45.393348 ], [ 9.178764, 45.393354 ], [ 9.1787, 45.393365 ], [ 9.178656, 45.393375 ], [ 9.178605, 45.393389 ], [ 9.178557, 45.393401 ], [ 9.178488, 45.393417 ], [ 9.178397, 45.393432 ], [ 9.178308, 45.393448 ], [ 9.178229, 45.393464 ], [ 9.178165, 45.393478 ], [ 9.178076, 45.393496 ], [ 9.177978, 45.393519 ], [ 9.177918, 45.393537 ], [ 9.177868, 45.39355 ], [ 9.177785, 45.39357 ], [ 9.177723, 45.393583 ], [ 9.177638, 45.3936 ], [ 9.17758, 45.39361 ], [ 9.177498, 45.393628 ], [ 9.177382, 45.393654 ], [ 9.17729, 45.393672 ], [ 9.177224, 45.393685 ], [ 9.177138, 45.393701 ], [ 9.177046, 45.393716 ], [ 9.176941, 45.393735 ], [ 9.176783, 45.393771 ], [ 9.176672, 45.393802 ], [ 9.176574, 45.393829 ], [ 9.176487, 45.393847 ], [ 9.176383, 45.393865 ], [ 9.176269, 45.39389 ], [ 9.176223, 45.393901 ], [ 9.176029, 45.393949 ], [ 9.175869, 45.393985 ], [ 9.17576, 45.394006 ], [ 9.175653, 45.394023 ], [ 9.175559, 45.394041 ], [ 9.175391, 45.394076 ], [ 9.175222, 45.394104 ], [ 9.175118, 45.394125 ], [ 9.175014, 45.394149 ], [ 9.17491, 45.394171 ], [ 9.174846, 45.394186 ], [ 9.174767, 45.394207 ], [ 9.174652, 45.394232 ], [ 9.174569, 45.394245 ], [ 9.174443, 45.394266 ], [ 9.174321, 45.394295 ], [ 9.174224, 45.39432 ], [ 9.174085, 45.394347 ], [ 9.173958, 45.394365 ], [ 9.173874, 45.394383 ], [ 9.173848, 45.394387 ], [ 9.173782, 45.394398 ], [ 9.173679, 45.394416 ], [ 9.173542, 45.394448 ], [ 9.17346, 45.394473 ], [ 9.173401, 45.394491 ], [ 9.173398, 45.394491 ], [ 9.173365, 45.394498 ], [ 9.173283, 45.394514 ], [ 9.173193, 45.394532 ], [ 9.173045, 45.39456 ], [ 9.17295, 45.394579 ], [ 9.172894, 45.39459 ], [ 9.172947, 45.395021 ], [ 9.173073, 45.396128 ], [ 9.173095, 45.396331 ], [ 9.173104, 45.396398 ], [ 9.173177, 45.397027 ], [ 9.173192, 45.397158 ], [ 9.173196, 45.397179 ], [ 9.173254, 45.397676 ], [ 9.173259, 45.397721 ], [ 9.173273, 45.397833 ], [ 9.173305, 45.398088 ], [ 9.173352, 45.398509 ], [ 9.173403, 45.398963 ], [ 9.173422, 45.399129 ], [ 9.173483, 45.399661 ], [ 9.173527, 45.400009 ], [ 9.173565, 45.400365 ], [ 9.17359, 45.400592 ], [ 9.17361, 45.400744 ], [ 9.173542, 45.400745 ], [ 9.173249, 45.400747 ], [ 9.172792, 45.400755 ], [ 9.172291, 45.400754 ], [ 9.171967, 45.400751 ], [ 9.171494, 45.400752 ], [ 9.170957, 45.400754 ], [ 9.170703, 45.400747 ], [ 9.170549, 45.400748 ], [ 9.170516, 45.400747 ], [ 9.170524, 45.400791 ], [ 9.170541, 45.400875 ], [ 9.170559, 45.401006 ], [ 9.170595, 45.401318 ], [ 9.170614, 45.401492 ], [ 9.170634, 45.401672 ], [ 9.170654, 45.401826 ], [ 9.170668, 45.401958 ], [ 9.170681, 45.402086 ], [ 9.170697, 45.402261 ], [ 9.170705, 45.402352 ], [ 9.170712, 45.402433 ], [ 9.170725, 45.402634 ], [ 9.170741, 45.402757 ], [ 9.170761, 45.402849 ], [ 9.170713, 45.402864 ], [ 9.170709, 45.402837 ], [ 9.17066, 45.402803 ], [ 9.170535, 45.402796 ], [ 9.17004, 45.402774 ], [ 9.169971, 45.402771 ], [ 9.169755, 45.402709 ], [ 9.16961, 45.402665 ], [ 9.168729, 45.402375 ], [ 9.168372, 45.402258 ], [ 9.168268, 45.402234 ], [ 9.168214, 45.402222 ], [ 9.168188, 45.402216 ], [ 9.168109, 45.402198 ], [ 9.168085, 45.402177 ], [ 9.168061, 45.402103 ], [ 9.168005, 45.40201 ], [ 9.167955, 45.401939 ], [ 9.167755, 45.401673 ], [ 9.167677, 45.401555 ], [ 9.167386, 45.401249 ], [ 9.167328, 45.401223 ], [ 9.167071, 45.40115 ], [ 9.166932, 45.401108 ], [ 9.166638, 45.400969 ], [ 9.166525, 45.400894 ], [ 9.16652, 45.400871 ], [ 9.166515, 45.400848 ], [ 9.166523, 45.400813 ], [ 9.166553, 45.400674 ], [ 9.166611, 45.400455 ], [ 9.165632, 45.400446 ], [ 9.165601, 45.400446 ], [ 9.165472, 45.400444 ], [ 9.165302, 45.400443 ], [ 9.165471, 45.400701 ], [ 9.165616, 45.40092 ], [ 9.165873, 45.401311 ], [ 9.166033, 45.401565 ], [ 9.166164, 45.401774 ], [ 9.166194, 45.401822 ], [ 9.166269, 45.401942 ], [ 9.166275, 45.401951 ], [ 9.166311, 45.402007 ], [ 9.166411, 45.40216 ], [ 9.166424, 45.40218 ], [ 9.166256, 45.40223 ], [ 9.166208, 45.402244 ], [ 9.166161, 45.402258 ], [ 9.166124, 45.402269 ], [ 9.166075, 45.402283 ], [ 9.166037, 45.402296 ], [ 9.16603, 45.402298 ], [ 9.166024, 45.402301 ], [ 9.166019, 45.402303 ], [ 9.166014, 45.402306 ], [ 9.166009, 45.402308 ], [ 9.166005, 45.40231 ], [ 9.166, 45.402313 ], [ 9.165996, 45.402315 ], [ 9.165991, 45.402318 ], [ 9.165986, 45.402321 ], [ 9.165982, 45.402323 ], [ 9.16597, 45.402331 ], [ 9.165966, 45.402333 ], [ 9.165963, 45.402335 ], [ 9.16596, 45.402338 ], [ 9.165955, 45.402341 ], [ 9.165951, 45.402345 ], [ 9.165947, 45.402349 ], [ 9.165939, 45.402358 ], [ 9.165929, 45.402368 ], [ 9.165926, 45.402371 ], [ 9.165923, 45.402375 ], [ 9.16592, 45.402378 ], [ 9.165917, 45.402382 ], [ 9.165915, 45.402387 ], [ 9.165909, 45.402395 ], [ 9.165902, 45.402408 ], [ 9.165899, 45.402412 ], [ 9.165892, 45.402425 ], [ 9.16589, 45.40243 ], [ 9.165888, 45.402434 ], [ 9.165886, 45.402438 ], [ 9.165885, 45.402443 ], [ 9.165884, 45.402448 ], [ 9.165882, 45.402459 ], [ 9.165882, 45.402464 ], [ 9.165879, 45.402479 ], [ 9.165878, 45.402483 ], [ 9.165877, 45.402488 ], [ 9.165877, 45.402492 ], [ 9.165876, 45.402497 ], [ 9.165876, 45.402509 ], [ 9.165874, 45.402523 ], [ 9.165874, 45.402527 ], [ 9.165872, 45.402551 ], [ 9.165872, 45.402559 ], [ 9.165872, 45.402563 ], [ 9.165871, 45.402567 ], [ 9.165871, 45.40257 ], [ 9.165868, 45.402578 ], [ 9.165867, 45.402584 ], [ 9.165866, 45.402589 ], [ 9.165864, 45.402595 ], [ 9.165862, 45.402602 ], [ 9.16586, 45.402607 ], [ 9.165855, 45.402614 ], [ 9.165853, 45.402618 ], [ 9.165851, 45.402621 ], [ 9.165848, 45.402625 ], [ 9.165845, 45.402628 ], [ 9.165843, 45.402631 ], [ 9.16584, 45.402634 ], [ 9.165813, 45.402676 ], [ 9.165795, 45.402705 ], [ 9.165789, 45.402712 ], [ 9.165787, 45.402716 ], [ 9.165784, 45.40272 ], [ 9.165781, 45.402724 ], [ 9.165779, 45.402727 ], [ 9.165776, 45.402731 ], [ 9.165772, 45.402739 ], [ 9.165769, 45.402742 ], [ 9.165767, 45.402746 ], [ 9.16576, 45.402756 ], [ 9.165758, 45.402759 ], [ 9.165753, 45.402766 ], [ 9.165751, 45.40277 ], [ 9.165749, 45.402773 ], [ 9.165742, 45.402785 ], [ 9.16574, 45.402789 ], [ 9.165738, 45.402794 ], [ 9.165736, 45.402798 ], [ 9.165734, 45.402803 ], [ 9.165733, 45.402808 ], [ 9.165732, 45.402814 ], [ 9.165731, 45.402819 ], [ 9.165729, 45.402823 ], [ 9.165727, 45.402828 ], [ 9.165725, 45.402833 ], [ 9.165717, 45.402848 ], [ 9.16571, 45.402862 ], [ 9.165708, 45.402866 ], [ 9.165705, 45.402871 ], [ 9.165703, 45.402875 ], [ 9.165698, 45.402883 ], [ 9.165695, 45.402887 ], [ 9.165693, 45.402891 ], [ 9.165691, 45.402895 ], [ 9.16569, 45.402898 ], [ 9.165686, 45.402905 ], [ 9.165682, 45.402915 ], [ 9.165681, 45.402918 ], [ 9.165679, 45.40292 ], [ 9.165678, 45.402923 ], [ 9.165676, 45.402926 ], [ 9.165673, 45.402929 ], [ 9.165669, 45.402936 ], [ 9.165667, 45.402939 ], [ 9.165665, 45.402942 ], [ 9.165662, 45.402947 ], [ 9.16566, 45.40295 ], [ 9.165659, 45.402952 ], [ 9.165656, 45.402955 ], [ 9.165654, 45.402959 ], [ 9.165648, 45.402965 ], [ 9.165646, 45.402968 ], [ 9.165644, 45.40297 ], [ 9.165637, 45.40298 ], [ 9.165635, 45.402982 ], [ 9.165633, 45.402984 ], [ 9.165632, 45.402986 ], [ 9.16563, 45.402988 ], [ 9.165628, 45.402991 ], [ 9.165627, 45.402994 ], [ 9.165625, 45.402997 ], [ 9.165624, 45.403 ], [ 9.165623, 45.403004 ], [ 9.165622, 45.403007 ], [ 9.165621, 45.403009 ], [ 9.165621, 45.403011 ], [ 9.165621, 45.403015 ], [ 9.165621, 45.403017 ], [ 9.165621, 45.403021 ], [ 9.165621, 45.403023 ], [ 9.165621, 45.403025 ], [ 9.165621, 45.403027 ], [ 9.16562, 45.403033 ], [ 9.165619, 45.403036 ], [ 9.165618, 45.403038 ], [ 9.165618, 45.403041 ], [ 9.165617, 45.403043 ], [ 9.165616, 45.403044 ], [ 9.165615, 45.403045 ], [ 9.165615, 45.403046 ], [ 9.165613, 45.403047 ], [ 9.165612, 45.403048 ], [ 9.16561, 45.403049 ], [ 9.165608, 45.403049 ], [ 9.165606, 45.40305 ], [ 9.165604, 45.40305 ], [ 9.165601, 45.403051 ], [ 9.165599, 45.403051 ], [ 9.165597, 45.403051 ], [ 9.165594, 45.403052 ], [ 9.165592, 45.403052 ], [ 9.165589, 45.403052 ], [ 9.165587, 45.403052 ], [ 9.165585, 45.403053 ], [ 9.16558, 45.403053 ], [ 9.165577, 45.403053 ], [ 9.165575, 45.403053 ], [ 9.165566, 45.403053 ], [ 9.165523, 45.403053 ], [ 9.165509, 45.403053 ], [ 9.165495, 45.403054 ], [ 9.165478, 45.403054 ], [ 9.165474, 45.403055 ], [ 9.16547, 45.403055 ], [ 9.165466, 45.403055 ], [ 9.165461, 45.403056 ], [ 9.165457, 45.403057 ], [ 9.165452, 45.403058 ], [ 9.165448, 45.403058 ], [ 9.165444, 45.403059 ], [ 9.16544, 45.40306 ], [ 9.165437, 45.403061 ], [ 9.165434, 45.403062 ], [ 9.16543, 45.403063 ], [ 9.165414, 45.403066 ], [ 9.165412, 45.403066 ], [ 9.16541, 45.403067 ], [ 9.165406, 45.403068 ], [ 9.165404, 45.403068 ], [ 9.165403, 45.403068 ], [ 9.165401, 45.403068 ], [ 9.165399, 45.403069 ], [ 9.165396, 45.403069 ], [ 9.165394, 45.403069 ], [ 9.165391, 45.403069 ], [ 9.165388, 45.40307 ], [ 9.165385, 45.40307 ], [ 9.165382, 45.403071 ], [ 9.165364, 45.403075 ], [ 9.165359, 45.403076 ], [ 9.165355, 45.403077 ], [ 9.165353, 45.403077 ], [ 9.16535, 45.403078 ], [ 9.165348, 45.403079 ], [ 9.165345, 45.40308 ], [ 9.165339, 45.403082 ], [ 9.165331, 45.403084 ], [ 9.165327, 45.403086 ], [ 9.165323, 45.403087 ], [ 9.16532, 45.403088 ], [ 9.165317, 45.403089 ], [ 9.165298, 45.403097 ], [ 9.165295, 45.403098 ], [ 9.165291, 45.4031 ], [ 9.165288, 45.403101 ], [ 9.165282, 45.403105 ], [ 9.165278, 45.403106 ], [ 9.165275, 45.403107 ], [ 9.165272, 45.403109 ], [ 9.165269, 45.40311 ], [ 9.165261, 45.403112 ], [ 9.165257, 45.403113 ], [ 9.165255, 45.403113 ], [ 9.165254, 45.403114 ], [ 9.165251, 45.403115 ], [ 9.16525, 45.403116 ], [ 9.165247, 45.403117 ], [ 9.165234, 45.403122 ], [ 9.16523, 45.403123 ], [ 9.165224, 45.403126 ], [ 9.165221, 45.403127 ], [ 9.165217, 45.403128 ], [ 9.165215, 45.403129 ], [ 9.165212, 45.403129 ], [ 9.165209, 45.40313 ], [ 9.165207, 45.40313 ], [ 9.165204, 45.40313 ], [ 9.165201, 45.40313 ], [ 9.165197, 45.40313 ], [ 9.16519, 45.40313 ], [ 9.165187, 45.40313 ], [ 9.165184, 45.40313 ], [ 9.165181, 45.40313 ], [ 9.165177, 45.40313 ], [ 9.165173, 45.40313 ], [ 9.165169, 45.403131 ], [ 9.165165, 45.403132 ], [ 9.165161, 45.403134 ], [ 9.165157, 45.403136 ], [ 9.16515, 45.40314 ], [ 9.165146, 45.403142 ], [ 9.165143, 45.403143 ], [ 9.165137, 45.403147 ], [ 9.165134, 45.403149 ], [ 9.165122, 45.403156 ], [ 9.16512, 45.403158 ], [ 9.165118, 45.403159 ], [ 9.165116, 45.403161 ], [ 9.16511, 45.403165 ], [ 9.165102, 45.40317 ], [ 9.165099, 45.403172 ], [ 9.165097, 45.403174 ], [ 9.165095, 45.403175 ], [ 9.165093, 45.403177 ], [ 9.165091, 45.403179 ], [ 9.16509, 45.40318 ], [ 9.165088, 45.403181 ], [ 9.165086, 45.403182 ], [ 9.165084, 45.403182 ], [ 9.165081, 45.403182 ], [ 9.165079, 45.403182 ], [ 9.165075, 45.403183 ], [ 9.165067, 45.403184 ], [ 9.165063, 45.403185 ], [ 9.165059, 45.403186 ], [ 9.165055, 45.403186 ], [ 9.165051, 45.403187 ], [ 9.165047, 45.403188 ], [ 9.16504, 45.403191 ], [ 9.165036, 45.403192 ], [ 9.165011, 45.403198 ], [ 9.165008, 45.403199 ], [ 9.165005, 45.4032 ], [ 9.165003, 45.403201 ], [ 9.165, 45.403202 ], [ 9.164998, 45.403203 ], [ 9.164996, 45.403204 ], [ 9.164994, 45.403205 ], [ 9.164991, 45.403207 ], [ 9.164988, 45.403209 ], [ 9.164985, 45.403211 ], [ 9.164982, 45.403212 ], [ 9.16498, 45.403214 ], [ 9.164977, 45.403215 ], [ 9.164974, 45.403216 ], [ 9.164968, 45.403219 ], [ 9.164965, 45.40322 ], [ 9.164958, 45.403223 ], [ 9.164956, 45.403224 ], [ 9.164954, 45.403225 ], [ 9.164951, 45.403226 ], [ 9.164949, 45.403227 ], [ 9.164942, 45.40323 ], [ 9.16494, 45.403231 ], [ 9.164937, 45.403231 ], [ 9.164934, 45.403232 ], [ 9.164931, 45.403233 ], [ 9.164928, 45.403235 ], [ 9.164924, 45.403238 ], [ 9.164922, 45.403242 ], [ 9.164919, 45.403245 ], [ 9.164917, 45.403248 ], [ 9.164915, 45.403251 ], [ 9.164911, 45.403254 ], [ 9.164907, 45.403257 ], [ 9.164899, 45.403264 ], [ 9.164895, 45.403268 ], [ 9.164893, 45.40327 ], [ 9.164891, 45.403272 ], [ 9.16489, 45.403273 ], [ 9.164888, 45.403275 ], [ 9.164886, 45.403277 ], [ 9.164884, 45.40328 ], [ 9.164883, 45.403282 ], [ 9.164881, 45.403285 ], [ 9.164879, 45.403287 ], [ 9.164877, 45.40329 ], [ 9.164876, 45.403291 ], [ 9.164874, 45.403293 ], [ 9.164873, 45.403294 ], [ 9.164872, 45.403296 ], [ 9.16487, 45.403297 ], [ 9.164869, 45.403298 ], [ 9.164867, 45.4033 ], [ 9.164865, 45.403301 ], [ 9.164864, 45.403302 ], [ 9.164862, 45.403303 ], [ 9.164861, 45.403304 ], [ 9.16486, 45.403305 ], [ 9.164851, 45.40331 ], [ 9.164849, 45.40331 ], [ 9.164848, 45.403311 ], [ 9.164846, 45.403312 ], [ 9.164844, 45.403313 ], [ 9.164843, 45.403313 ], [ 9.164841, 45.403314 ], [ 9.16484, 45.403315 ], [ 9.164838, 45.403315 ], [ 9.164836, 45.403316 ], [ 9.164834, 45.403317 ], [ 9.164832, 45.403317 ], [ 9.16483, 45.403318 ], [ 9.164828, 45.403318 ], [ 9.164825, 45.403318 ], [ 9.164819, 45.403319 ], [ 9.164816, 45.403319 ], [ 9.164813, 45.40332 ], [ 9.16481, 45.40332 ], [ 9.1648, 45.403321 ], [ 9.164797, 45.403322 ], [ 9.164792, 45.403323 ], [ 9.164789, 45.403323 ], [ 9.164786, 45.403324 ], [ 9.164783, 45.403324 ], [ 9.16478, 45.403325 ], [ 9.164769, 45.403328 ], [ 9.16476, 45.403331 ], [ 9.164747, 45.403334 ], [ 9.164744, 45.403335 ], [ 9.164741, 45.403336 ], [ 9.164738, 45.403336 ], [ 9.164736, 45.403337 ], [ 9.164732, 45.403338 ], [ 9.164729, 45.40334 ], [ 9.164722, 45.403343 ], [ 9.164719, 45.403344 ], [ 9.164717, 45.403345 ], [ 9.164711, 45.403347 ], [ 9.164708, 45.403348 ], [ 9.164705, 45.403349 ], [ 9.164702, 45.40335 ], [ 9.164699, 45.403352 ], [ 9.164689, 45.403356 ], [ 9.164686, 45.403357 ], [ 9.164683, 45.403359 ], [ 9.16468, 45.40336 ], [ 9.164676, 45.403362 ], [ 9.164673, 45.403363 ], [ 9.16467, 45.403365 ], [ 9.164667, 45.403367 ], [ 9.164665, 45.403369 ], [ 9.164659, 45.403373 ], [ 9.164657, 45.403374 ], [ 9.164651, 45.403379 ], [ 9.164649, 45.403381 ], [ 9.164647, 45.403382 ], [ 9.164636, 45.40339 ], [ 9.164633, 45.403392 ], [ 9.16463, 45.403395 ], [ 9.164627, 45.403397 ], [ 9.164624, 45.403399 ], [ 9.164621, 45.403401 ], [ 9.164617, 45.403402 ], [ 9.164612, 45.403404 ], [ 9.164607, 45.403404 ], [ 9.164602, 45.403405 ], [ 9.164597, 45.403407 ], [ 9.164593, 45.403408 ], [ 9.164585, 45.40341 ], [ 9.164581, 45.403411 ], [ 9.164577, 45.403412 ], [ 9.164573, 45.403413 ], [ 9.164569, 45.403413 ], [ 9.16456, 45.403415 ], [ 9.164555, 45.403415 ], [ 9.164551, 45.403416 ], [ 9.164546, 45.403417 ], [ 9.164542, 45.403418 ], [ 9.164538, 45.403419 ], [ 9.164525, 45.403422 ], [ 9.16452, 45.403423 ], [ 9.164515, 45.403425 ], [ 9.164511, 45.403426 ], [ 9.164507, 45.403427 ], [ 9.164503, 45.403429 ], [ 9.1645, 45.40343 ], [ 9.164496, 45.403432 ], [ 9.164492, 45.403433 ], [ 9.164489, 45.403435 ], [ 9.164485, 45.403437 ], [ 9.164482, 45.403439 ], [ 9.164471, 45.403446 ], [ 9.164468, 45.403448 ], [ 9.164466, 45.40345 ], [ 9.164463, 45.403452 ], [ 9.164462, 45.403453 ], [ 9.164461, 45.403455 ], [ 9.16446, 45.403457 ], [ 9.164459, 45.403458 ], [ 9.164458, 45.403459 ], [ 9.164456, 45.403462 ], [ 9.164454, 45.403463 ], [ 9.164453, 45.403465 ], [ 9.164452, 45.403466 ], [ 9.164451, 45.403468 ], [ 9.16445, 45.40347 ], [ 9.164449, 45.403472 ], [ 9.164448, 45.403474 ], [ 9.164447, 45.403476 ], [ 9.164445, 45.40348 ], [ 9.164444, 45.403482 ], [ 9.164443, 45.403483 ], [ 9.164442, 45.403485 ], [ 9.164441, 45.403486 ], [ 9.16444, 45.403488 ], [ 9.164438, 45.403489 ], [ 9.164437, 45.40349 ], [ 9.164435, 45.403492 ], [ 9.164428, 45.403498 ], [ 9.164426, 45.4035 ], [ 9.164424, 45.403502 ], [ 9.16442, 45.403506 ], [ 9.164418, 45.403508 ], [ 9.164416, 45.40351 ], [ 9.164414, 45.403512 ], [ 9.164412, 45.403513 ], [ 9.164407, 45.403516 ], [ 9.164405, 45.403518 ], [ 9.164403, 45.40352 ], [ 9.164401, 45.403521 ], [ 9.1644, 45.403523 ], [ 9.164398, 45.403524 ], [ 9.164396, 45.403525 ], [ 9.164395, 45.403525 ], [ 9.164394, 45.403526 ], [ 9.164392, 45.403526 ], [ 9.16439, 45.403526 ], [ 9.164388, 45.403526 ], [ 9.164385, 45.403525 ], [ 9.164383, 45.403525 ], [ 9.16438, 45.403525 ], [ 9.164378, 45.403524 ], [ 9.164376, 45.403524 ], [ 9.164373, 45.403523 ], [ 9.164372, 45.403522 ], [ 9.16437, 45.403521 ], [ 9.164363, 45.403518 ], [ 9.164361, 45.403517 ], [ 9.164359, 45.403516 ], [ 9.164358, 45.403515 ], [ 9.164356, 45.403513 ], [ 9.164354, 45.403512 ], [ 9.164352, 45.40351 ], [ 9.16435, 45.403508 ], [ 9.164349, 45.403507 ], [ 9.164347, 45.403505 ], [ 9.164346, 45.403503 ], [ 9.164344, 45.403501 ], [ 9.164343, 45.403499 ], [ 9.164341, 45.403495 ], [ 9.164332, 45.403472 ], [ 9.164323, 45.403457 ], [ 9.164311, 45.403445 ], [ 9.164292, 45.403436 ], [ 9.164265, 45.403429 ], [ 9.164228, 45.403422 ], [ 9.164203, 45.40342 ], [ 9.164166, 45.40342 ], [ 9.164122, 45.403422 ], [ 9.164099, 45.403423 ], [ 9.164095, 45.403423 ], [ 9.164091, 45.403375 ], [ 9.164093, 45.40335 ], [ 9.164098, 45.403334 ], [ 9.164106, 45.403326 ], [ 9.164123, 45.403318 ], [ 9.164144, 45.403314 ], [ 9.164176, 45.40331 ], [ 9.164214, 45.403304 ], [ 9.164229, 45.403299 ], [ 9.16424, 45.403293 ], [ 9.164242, 45.403282 ], [ 9.164232, 45.403267 ], [ 9.164215, 45.403243 ], [ 9.1642, 45.403217 ], [ 9.16419, 45.403191 ], [ 9.164187, 45.403169 ], [ 9.164174, 45.403141 ], [ 9.164165, 45.403128 ], [ 9.164149, 45.403122 ], [ 9.164123, 45.403112 ], [ 9.164107, 45.403101 ], [ 9.164092, 45.403081 ], [ 9.164088, 45.403068 ], [ 9.164087, 45.403064 ], [ 9.16408, 45.403065 ], [ 9.164029, 45.403086 ], [ 9.163953, 45.403103 ], [ 9.163891, 45.403118 ], [ 9.163766, 45.403155 ], [ 9.163589, 45.403205 ], [ 9.163463, 45.403239 ], [ 9.163351, 45.403265 ], [ 9.163219, 45.403302 ], [ 9.163124, 45.403327 ], [ 9.163058, 45.403348 ], [ 9.162997, 45.403376 ], [ 9.162302, 45.403183 ], [ 9.161471, 45.403108 ], [ 9.161189, 45.403085 ], [ 9.160312, 45.403007 ], [ 9.159983, 45.402972 ], [ 9.159956, 45.402968 ], [ 9.159896, 45.402957 ], [ 9.159753, 45.402927 ], [ 9.159731, 45.402922 ], [ 9.159657, 45.402906 ], [ 9.159441, 45.402861 ], [ 9.159273, 45.402825 ], [ 9.159038, 45.402776 ], [ 9.15881, 45.402727 ], [ 9.158716, 45.402705 ], [ 9.158521, 45.402653 ], [ 9.158457, 45.40264 ], [ 9.158367, 45.402618 ], [ 9.15828, 45.402604 ], [ 9.158235, 45.402597 ], [ 9.158154, 45.402584 ], [ 9.158155, 45.402579 ], [ 9.158195, 45.402474 ], [ 9.158222, 45.402418 ], [ 9.158262, 45.402339 ], [ 9.158309, 45.402258 ], [ 9.158361, 45.402175 ], [ 9.158463, 45.40202 ], [ 9.158537, 45.401906 ], [ 9.158584, 45.401832 ], [ 9.158623, 45.401767 ], [ 9.158663, 45.401699 ], [ 9.158696, 45.401639 ], [ 9.158674, 45.401606 ], [ 9.158367, 45.401514 ], [ 9.158155, 45.40146 ], [ 9.157982, 45.401417 ], [ 9.157887, 45.401392 ], [ 9.15785, 45.401384 ], [ 9.157731, 45.401355 ], [ 9.15759, 45.40132 ], [ 9.157465, 45.401282 ], [ 9.15734, 45.401247 ], [ 9.157076, 45.401162 ], [ 9.156864, 45.401133 ], [ 9.156784, 45.401174 ], [ 9.156479, 45.401343 ], [ 9.156303, 45.401434 ], [ 9.156243, 45.401451 ], [ 9.156235, 45.401454 ], [ 9.156108, 45.401495 ], [ 9.155919, 45.401536 ], [ 9.155923, 45.401539 ], [ 9.156348, 45.401834 ], [ 9.156358, 45.401841 ], [ 9.156494, 45.401939 ], [ 9.156719, 45.402101 ], [ 9.156934, 45.40225 ], [ 9.157039, 45.402322 ], [ 9.157133, 45.402381 ], [ 9.157271, 45.402482 ], [ 9.157278, 45.402487 ], [ 9.15734, 45.402531 ], [ 9.157384, 45.402562 ], [ 9.157538, 45.402671 ], [ 9.157802, 45.402864 ], [ 9.157934, 45.402949 ], [ 9.157975, 45.402975 ], [ 9.158003, 45.402993 ], [ 9.157964, 45.40304 ], [ 9.157944, 45.403066 ], [ 9.157926, 45.403087 ], [ 9.157871, 45.403141 ], [ 9.157856, 45.403153 ], [ 9.157739, 45.403257 ], [ 9.157724, 45.403271 ], [ 9.157689, 45.403302 ], [ 9.157587, 45.403396 ], [ 9.157567, 45.403415 ], [ 9.157527, 45.403451 ], [ 9.157488, 45.403487 ], [ 9.157465, 45.403507 ], [ 9.157438, 45.403532 ], [ 9.157289, 45.403667 ], [ 9.157252, 45.403701 ], [ 9.156998, 45.40394 ], [ 9.156921, 45.404002 ], [ 9.156911, 45.404009 ], [ 9.156879, 45.404069 ], [ 9.156902, 45.404121 ], [ 9.156977, 45.404244 ], [ 9.157181, 45.404588 ], [ 9.157185, 45.404595 ], [ 9.157405, 45.40498 ], [ 9.157433, 45.405031 ], [ 9.157452, 45.405063 ], [ 9.157522, 45.405173 ], [ 9.157604, 45.40532 ], [ 9.15766, 45.40542 ], [ 9.157735, 45.405551 ], [ 9.157855, 45.405763 ], [ 9.157913, 45.405867 ], [ 9.157945, 45.405923 ], [ 9.158095, 45.406173 ], [ 9.158153, 45.406271 ], [ 9.158218, 45.406382 ], [ 9.158504, 45.406875 ], [ 9.158573, 45.406998 ], [ 9.158635, 45.407107 ], [ 9.158692, 45.407206 ], [ 9.158839, 45.407457 ], [ 9.159147, 45.408 ], [ 9.159091, 45.408011 ], [ 9.159074, 45.408015 ], [ 9.158978, 45.408046 ], [ 9.15882, 45.408099 ], [ 9.15876, 45.408119 ], [ 9.15875, 45.408122 ], [ 9.158643, 45.408157 ], [ 9.158582, 45.408175 ], [ 9.158532, 45.408193 ], [ 9.158504, 45.408202 ], [ 9.158507, 45.408214 ], [ 9.158512, 45.408244 ], [ 9.158516, 45.408313 ], [ 9.158512, 45.408421 ], [ 9.15851, 45.408559 ], [ 9.158505, 45.408678 ], [ 9.158505, 45.408796 ], [ 9.158504, 45.408801 ], [ 9.158497, 45.40886 ], [ 9.15849, 45.408942 ], [ 9.158493, 45.408991 ], [ 9.158494, 45.409076 ], [ 9.158492, 45.409147 ], [ 9.158488, 45.409212 ], [ 9.158473, 45.409273 ], [ 9.158433, 45.409403 ], [ 9.1584, 45.409484 ], [ 9.158354, 45.4096 ], [ 9.158332, 45.409656 ], [ 9.158325, 45.409675 ], [ 9.158297, 45.409759 ], [ 9.158291, 45.409774 ], [ 9.15825, 45.409886 ], [ 9.158209, 45.410019 ], [ 9.158188, 45.41006 ], [ 9.158176, 45.410091 ], [ 9.158168, 45.410118 ], [ 9.15814, 45.410201 ], [ 9.158072, 45.410388 ], [ 9.158011, 45.410556 ], [ 9.157997, 45.410598 ], [ 9.15797, 45.41066 ], [ 9.157968, 45.410663 ], [ 9.157965, 45.410665 ], [ 9.15796, 45.410665 ], [ 9.157954, 45.410661 ], [ 9.157948, 45.41066 ], [ 9.157933, 45.410659 ], [ 9.157918, 45.410657 ], [ 9.157916, 45.41066 ], [ 9.157904, 45.410696 ], [ 9.157866, 45.410809 ], [ 9.157822, 45.410941 ], [ 9.157714, 45.411262 ], [ 9.157635, 45.411481 ], [ 9.157521, 45.411792 ], [ 9.157452, 45.411978 ], [ 9.157435, 45.412019 ], [ 9.157406, 45.412085 ], [ 9.157383, 45.412138 ], [ 9.157374, 45.412174 ], [ 9.157369, 45.412223 ], [ 9.157361, 45.412301 ], [ 9.157362, 45.412323 ], [ 9.157362, 45.412361 ], [ 9.157362, 45.41237 ], [ 9.15727, 45.412388 ], [ 9.157227, 45.412395 ], [ 9.157186, 45.412399 ], [ 9.157152, 45.412402 ], [ 9.157009, 45.412415 ], [ 9.156916, 45.412422 ], [ 9.156802, 45.412427 ], [ 9.156688, 45.412437 ], [ 9.156555, 45.412448 ], [ 9.156427, 45.41246 ], [ 9.156368, 45.412467 ], [ 9.156294, 45.412476 ], [ 9.156182, 45.412489 ], [ 9.156097, 45.412497 ], [ 9.156021, 45.412504 ], [ 9.155978, 45.412505 ], [ 9.155893, 45.41251 ], [ 9.155854, 45.412512 ], [ 9.15582, 45.412517 ], [ 9.155784, 45.412526 ], [ 9.155747, 45.412535 ], [ 9.155709, 45.412542 ], [ 9.155672, 45.412552 ], [ 9.155611, 45.412564 ], [ 9.155584, 45.41257 ], [ 9.155569, 45.412576 ], [ 9.155551, 45.412591 ], [ 9.155544, 45.4126 ], [ 9.155539, 45.412612 ], [ 9.155539, 45.412641 ], [ 9.155543, 45.412697 ], [ 9.15555, 45.412751 ], [ 9.155563, 45.412873 ], [ 9.155578, 45.413019 ], [ 9.155585, 45.413107 ], [ 9.155588, 45.41315 ], [ 9.155591, 45.413248 ], [ 9.155588, 45.413286 ], [ 9.155583, 45.413333 ], [ 9.155576, 45.413401 ], [ 9.155556, 45.413567 ], [ 9.15555, 45.413611 ], [ 9.155536, 45.413683 ], [ 9.155532, 45.413702 ], [ 9.155527, 45.413723 ], [ 9.155519, 45.413751 ], [ 9.155497, 45.413817 ], [ 9.155473, 45.4139 ], [ 9.155455, 45.413954 ], [ 9.155437, 45.414012 ], [ 9.155398, 45.414131 ], [ 9.155373, 45.414207 ], [ 9.155344, 45.414292 ], [ 9.155312, 45.414389 ], [ 9.155294, 45.414436 ], [ 9.155282, 45.41446 ], [ 9.155277, 45.414468 ], [ 9.155258, 45.414489 ], [ 9.155217, 45.414524 ], [ 9.155179, 45.414556 ], [ 9.155146, 45.414589 ], [ 9.155128, 45.414609 ], [ 9.155115, 45.414633 ], [ 9.155092, 45.414671 ], [ 9.155076, 45.414696 ], [ 9.155064, 45.414729 ], [ 9.155047, 45.414774 ], [ 9.155025, 45.414839 ], [ 9.154986, 45.414948 ], [ 9.154956, 45.415023 ], [ 9.154936, 45.415075 ], [ 9.154923, 45.415121 ], [ 9.154904, 45.415184 ], [ 9.154882, 45.415243 ], [ 9.154851, 45.415326 ], [ 9.154817, 45.415427 ], [ 9.15481, 45.415447 ], [ 9.154798, 45.415482 ], [ 9.154788, 45.415514 ], [ 9.154756, 45.415608 ], [ 9.154743, 45.415644 ], [ 9.154719, 45.415715 ], [ 9.154669, 45.415855 ], [ 9.15464, 45.415936 ], [ 9.154591, 45.416062 ], [ 9.154586, 45.416084 ], [ 9.154588, 45.416103 ], [ 9.154587, 45.416117 ], [ 9.154586, 45.416119 ], [ 9.15457, 45.416144 ], [ 9.15454, 45.416127 ], [ 9.154502, 45.416092 ], [ 9.154469, 45.416047 ], [ 9.154414, 45.415968 ], [ 9.154352, 45.415872 ], [ 9.154304, 45.415812 ], [ 9.154266, 45.415772 ], [ 9.154244, 45.415748 ], [ 9.154211, 45.415715 ], [ 9.154117, 45.415624 ], [ 9.154045, 45.415582 ], [ 9.153926, 45.415548 ], [ 9.153771, 45.415498 ], [ 9.153482, 45.4154 ], [ 9.153312, 45.415347 ], [ 9.153107, 45.415302 ], [ 9.153058, 45.415291 ], [ 9.152594, 45.415224 ], [ 9.152553, 45.415218 ], [ 9.152462, 45.4154 ], [ 9.152433, 45.415459 ], [ 9.152303, 45.415708 ], [ 9.15218, 45.415941 ], [ 9.152097, 45.416103 ], [ 9.152015, 45.416264 ], [ 9.151971, 45.416352 ], [ 9.151965, 45.416349 ], [ 9.15161, 45.416181 ], [ 9.151116, 45.415946 ], [ 9.151081, 45.41593 ], [ 9.150785, 45.415796 ], [ 9.150364, 45.415608 ], [ 9.150164, 45.415518 ], [ 9.149643, 45.415293 ], [ 9.149628, 45.415286 ], [ 9.150599, 45.414737 ], [ 9.150641, 45.414713 ], [ 9.150621, 45.414671 ], [ 9.150533, 45.414591 ], [ 9.150458, 45.414511 ], [ 9.150408, 45.414462 ], [ 9.15037, 45.414428 ], [ 9.150346, 45.414407 ], [ 9.150324, 45.414393 ], [ 9.150293, 45.414378 ], [ 9.150231, 45.414347 ], [ 9.150164, 45.41432 ], [ 9.150128, 45.414302 ], [ 9.150065, 45.414274 ], [ 9.149963, 45.41424 ], [ 9.149907, 45.414221 ], [ 9.14984, 45.414206 ], [ 9.149785, 45.414196 ], [ 9.149736, 45.41419 ], [ 9.14969, 45.414187 ], [ 9.149646, 45.414186 ], [ 9.149577, 45.414185 ], [ 9.149499, 45.414188 ], [ 9.14942, 45.414194 ], [ 9.14928, 45.414204 ], [ 9.149229, 45.414207 ], [ 9.149182, 45.414208 ], [ 9.149135, 45.414209 ], [ 9.149098, 45.414208 ], [ 9.149068, 45.414205 ], [ 9.149039, 45.4142 ], [ 9.149037, 45.4142 ], [ 9.149007, 45.414193 ], [ 9.148968, 45.41418 ], [ 9.148785, 45.414112 ], [ 9.14867, 45.41407 ], [ 9.148595, 45.414045 ], [ 9.148564, 45.414035 ], [ 9.148491, 45.414016 ], [ 9.148206, 45.413906 ], [ 9.148172, 45.413893 ], [ 9.148132, 45.41395 ], [ 9.148073, 45.414033 ], [ 9.148016, 45.41414 ], [ 9.147934, 45.414273 ], [ 9.147878, 45.414394 ], [ 9.147826, 45.414514 ], [ 9.147763, 45.414671 ], [ 9.147684, 45.414854 ], [ 9.147637, 45.414954 ], [ 9.147573, 45.415055 ], [ 9.147509, 45.415154 ], [ 9.147457, 45.415233 ], [ 9.147428, 45.415277 ], [ 9.14738, 45.415352 ], [ 9.147337, 45.415434 ], [ 9.147321, 45.415494 ], [ 9.147318, 45.415565 ], [ 9.147313, 45.41565 ], [ 9.147304, 45.415735 ], [ 9.14728, 45.415828 ], [ 9.147257, 45.41588 ], [ 9.147218, 45.41595 ], [ 9.147184, 45.416005 ], [ 9.147146, 45.416048 ], [ 9.147085, 45.416097 ], [ 9.146989, 45.416177 ], [ 9.146856, 45.416274 ], [ 9.146695, 45.416391 ], [ 9.146588, 45.416472 ], [ 9.146576, 45.416481 ], [ 9.146525, 45.41652 ], [ 9.146424, 45.416603 ], [ 9.146355, 45.416658 ], [ 9.146314, 45.416689 ], [ 9.146276, 45.416719 ], [ 9.14616, 45.416823 ], [ 9.146093, 45.416894 ], [ 9.14592, 45.4171 ], [ 9.145831, 45.417211 ], [ 9.145669, 45.417419 ], [ 9.145559, 45.417567 ], [ 9.145417, 45.417739 ], [ 9.145369, 45.417794 ], [ 9.145334, 45.417834 ], [ 9.145313, 45.417863 ], [ 9.145284, 45.417902 ], [ 9.145263, 45.417925 ], [ 9.145238, 45.417954 ], [ 9.145214, 45.417979 ], [ 9.145193, 45.418003 ], [ 9.145159, 45.418041 ], [ 9.145149, 45.418052 ], [ 9.145143, 45.41806 ], [ 9.145123, 45.418085 ], [ 9.145099, 45.418117 ], [ 9.145066, 45.41816 ], [ 9.145034, 45.418197 ], [ 9.145015, 45.418216 ], [ 9.144973, 45.418255 ], [ 9.14491, 45.418324 ], [ 9.14489, 45.418342 ], [ 9.144876, 45.418352 ], [ 9.144863, 45.418366 ], [ 9.144851, 45.418379 ], [ 9.144846, 45.418389 ], [ 9.144844, 45.418398 ], [ 9.144843, 45.418407 ], [ 9.144831, 45.418409 ], [ 9.144821, 45.418411 ], [ 9.144811, 45.418405 ], [ 9.144789, 45.418391 ], [ 9.144707, 45.418344 ], [ 9.144611, 45.418295 ], [ 9.144549, 45.418266 ], [ 9.144486, 45.418241 ], [ 9.144386, 45.418204 ], [ 9.144261, 45.418157 ], [ 9.144095, 45.418094 ], [ 9.143958, 45.418042 ], [ 9.143797, 45.417981 ], [ 9.143649, 45.417925 ], [ 9.143535, 45.417881 ], [ 9.143408, 45.417835 ], [ 9.143258, 45.417785 ], [ 9.143186, 45.417764 ], [ 9.142905, 45.417688 ], [ 9.14287, 45.417674 ], [ 9.142846, 45.417652 ], [ 9.142832, 45.417642 ], [ 9.142793, 45.417622 ], [ 9.142772, 45.417616 ], [ 9.142737, 45.417615 ], [ 9.142697, 45.417612 ], [ 9.142644, 45.4176 ], [ 9.142512, 45.417564 ], [ 9.142465, 45.41755 ], [ 9.142386, 45.417525 ], [ 9.142277, 45.417497 ], [ 9.142184, 45.417472 ], [ 9.142072, 45.417436 ], [ 9.141907, 45.417386 ], [ 9.141723, 45.417326 ], [ 9.141607, 45.417287 ], [ 9.14157, 45.417274 ], [ 9.141553, 45.417268 ], [ 9.141529, 45.41726 ], [ 9.141498, 45.417249 ], [ 9.141473, 45.417238 ], [ 9.141456, 45.41723 ], [ 9.141447, 45.417226 ], [ 9.141438, 45.417228 ], [ 9.141432, 45.417232 ], [ 9.141427, 45.417235 ], [ 9.141413, 45.417249 ], [ 9.141399, 45.417268 ], [ 9.141389, 45.41729 ], [ 9.141381, 45.417315 ], [ 9.141372, 45.41735 ], [ 9.141353, 45.417411 ], [ 9.141338, 45.417437 ], [ 9.141331, 45.417449 ], [ 9.141326, 45.417452 ], [ 9.141318, 45.417452 ], [ 9.141303, 45.41745 ], [ 9.141269, 45.417441 ], [ 9.141232, 45.417431 ], [ 9.141216, 45.417427 ], [ 9.141184, 45.417419 ], [ 9.141146, 45.417409 ], [ 9.141127, 45.417403 ], [ 9.141098, 45.417396 ], [ 9.141061, 45.417385 ], [ 9.141032, 45.417377 ], [ 9.140927, 45.417349 ], [ 9.140812, 45.417318 ], [ 9.140696, 45.417289 ], [ 9.140473, 45.417229 ], [ 9.140404, 45.417211 ], [ 9.14029, 45.417176 ], [ 9.140269, 45.417168 ], [ 9.140216, 45.417149 ], [ 9.140182, 45.417139 ], [ 9.140151, 45.417135 ], [ 9.140092, 45.417118 ], [ 9.14005, 45.417103 ], [ 9.140024, 45.417092 ], [ 9.139998, 45.417071 ], [ 9.139961, 45.417034 ], [ 9.139908, 45.416986 ], [ 9.139815, 45.416906 ], [ 9.139728, 45.416826 ], [ 9.139631, 45.416737 ], [ 9.139593, 45.416706 ], [ 9.139562, 45.416676 ], [ 9.139536, 45.416648 ], [ 9.139515, 45.416625 ], [ 9.139499, 45.416607 ], [ 9.139475, 45.416591 ], [ 9.139454, 45.416581 ], [ 9.139421, 45.416567 ], [ 9.139405, 45.416563 ], [ 9.13939, 45.416556 ], [ 9.139373, 45.416534 ], [ 9.13937, 45.416548 ], [ 9.139369, 45.416561 ], [ 9.139367, 45.416587 ], [ 9.139366, 45.416605 ], [ 9.139365, 45.416628 ], [ 9.139363, 45.416645 ], [ 9.139363, 45.416675 ], [ 9.139363, 45.416706 ], [ 9.139361, 45.416734 ], [ 9.139356, 45.416769 ], [ 9.139351, 45.416806 ], [ 9.139349, 45.416877 ], [ 9.13935, 45.416911 ], [ 9.139351, 45.416956 ], [ 9.139353, 45.416992 ], [ 9.139354, 45.417031 ], [ 9.139352, 45.417078 ], [ 9.139351, 45.417126 ], [ 9.139347, 45.417181 ], [ 9.139339, 45.417249 ], [ 9.139327, 45.417323 ], [ 9.139312, 45.41739 ], [ 9.139297, 45.417464 ], [ 9.13927, 45.41756 ], [ 9.139233, 45.417666 ], [ 9.139203, 45.417757 ], [ 9.139191, 45.417802 ], [ 9.139178, 45.417831 ], [ 9.139164, 45.417857 ], [ 9.139151, 45.417868 ], [ 9.139134, 45.417878 ], [ 9.139117, 45.417883 ], [ 9.139098, 45.417887 ], [ 9.139071, 45.41789 ], [ 9.139041, 45.417891 ], [ 9.13901, 45.417891 ], [ 9.138985, 45.417891 ], [ 9.138954, 45.417887 ], [ 9.13892, 45.417883 ], [ 9.138881, 45.417881 ], [ 9.138847, 45.417881 ], [ 9.138812, 45.417882 ], [ 9.138787, 45.417882 ], [ 9.138751, 45.417884 ], [ 9.138702, 45.417889 ], [ 9.138679, 45.417891 ], [ 9.138647, 45.417894 ], [ 9.138625, 45.417894 ], [ 9.138598, 45.417894 ], [ 9.138571, 45.417892 ], [ 9.138547, 45.41789 ], [ 9.138526, 45.417887 ], [ 9.138503, 45.417885 ], [ 9.13848, 45.417884 ], [ 9.13846, 45.417884 ], [ 9.138437, 45.417885 ], [ 9.138415, 45.417889 ], [ 9.138407, 45.417892 ], [ 9.138372, 45.417879 ], [ 9.138365, 45.417877 ], [ 9.13834, 45.417871 ], [ 9.138297, 45.417865 ], [ 9.13821, 45.417858 ], [ 9.138153, 45.417848 ], [ 9.138021, 45.417829 ], [ 9.137829, 45.417799 ], [ 9.137558, 45.417752 ], [ 9.137391, 45.417727 ], [ 9.137228, 45.417701 ], [ 9.13708, 45.417675 ], [ 9.136946, 45.417652 ], [ 9.13684, 45.417634 ], [ 9.13663, 45.417606 ], [ 9.136487, 45.417581 ], [ 9.136358, 45.417559 ], [ 9.136247, 45.41754 ], [ 9.136218, 45.417534 ], [ 9.136106, 45.417511 ], [ 9.136136, 45.417475 ], [ 9.13619, 45.417413 ], [ 9.136246, 45.417354 ], [ 9.136325, 45.417263 ], [ 9.136426, 45.417143 ], [ 9.136493, 45.41706 ], [ 9.136567, 45.416974 ], [ 9.136668, 45.416862 ], [ 9.136838, 45.416663 ], [ 9.137016, 45.416457 ], [ 9.137319, 45.416107 ], [ 9.13735, 45.416071 ], [ 9.13758, 45.415806 ], [ 9.137746, 45.415616 ], [ 9.137804, 45.415554 ], [ 9.137825, 45.415529 ], [ 9.137827, 45.415527 ], [ 9.13786, 45.415481 ], [ 9.137889, 45.415434 ], [ 9.137918, 45.415392 ], [ 9.137929, 45.415356 ], [ 9.137916, 45.415351 ], [ 9.137871, 45.415346 ], [ 9.137817, 45.41534 ], [ 9.137765, 45.415341 ], [ 9.137718, 45.415342 ], [ 9.137667, 45.415347 ], [ 9.137613, 45.415354 ], [ 9.137569, 45.415356 ], [ 9.137526, 45.415356 ], [ 9.137488, 45.415352 ], [ 9.137437, 45.415345 ], [ 9.137395, 45.415336 ], [ 9.13733, 45.415321 ], [ 9.137286, 45.41531 ], [ 9.137251, 45.415306 ], [ 9.137213, 45.415305 ], [ 9.13718, 45.415303 ], [ 9.137129, 45.415304 ], [ 9.137083, 45.415309 ], [ 9.137046, 45.415324 ], [ 9.137002, 45.415352 ], [ 9.136996, 45.415349 ], [ 9.136947, 45.415325 ], [ 9.136943, 45.415323 ], [ 9.136933, 45.415298 ], [ 9.136911, 45.415271 ], [ 9.136786, 45.415199 ], [ 9.136637, 45.415117 ], [ 9.136476, 45.415015 ], [ 9.136205, 45.414851 ], [ 9.136106, 45.414801 ], [ 9.136032, 45.414779 ], [ 9.135923, 45.414753 ], [ 9.135716, 45.414699 ], [ 9.135472, 45.414639 ], [ 9.135291, 45.414596 ], [ 9.135122, 45.414564 ], [ 9.135027, 45.414543 ], [ 9.134885, 45.414511 ], [ 9.134831, 45.4145 ], [ 9.134751, 45.414483 ], [ 9.134534, 45.414437 ], [ 9.134244, 45.414391 ], [ 9.134139, 45.414368 ], [ 9.133967, 45.414332 ], [ 9.133779, 45.414293 ], [ 9.133637, 45.414263 ], [ 9.133488, 45.414225 ], [ 9.133359, 45.414195 ], [ 9.133324, 45.414187 ], [ 9.133322, 45.414193 ], [ 9.133268, 45.414266 ], [ 9.133215, 45.414338 ], [ 9.133159, 45.414413 ], [ 9.133112, 45.414464 ], [ 9.133072, 45.4145 ], [ 9.133024, 45.414523 ], [ 9.132967, 45.41454 ], [ 9.132948, 45.414539 ], [ 9.13291, 45.414535 ], [ 9.132885, 45.414573 ], [ 9.132833, 45.414657 ], [ 9.132763, 45.414766 ], [ 9.132677, 45.414892 ], [ 9.13265, 45.41493 ], [ 9.132557, 45.415062 ], [ 9.132502, 45.41513 ], [ 9.132467, 45.415193 ], [ 9.132428, 45.415249 ], [ 9.132391, 45.415288 ], [ 9.132348, 45.415331 ], [ 9.132288, 45.415388 ], [ 9.132215, 45.41545 ], [ 9.132118, 45.415541 ], [ 9.132071, 45.415587 ], [ 9.132007, 45.415666 ], [ 9.131973, 45.415699 ], [ 9.131936, 45.415723 ], [ 9.131878, 45.415753 ], [ 9.131808, 45.41578 ], [ 9.131659, 45.415863 ], [ 9.131597, 45.415896 ], [ 9.131566, 45.415912 ], [ 9.131531, 45.415941 ], [ 9.131479, 45.415994 ], [ 9.131433, 45.416039 ], [ 9.131362, 45.416111 ], [ 9.131238, 45.416242 ], [ 9.131177, 45.416319 ], [ 9.131119, 45.416374 ], [ 9.13106, 45.41643 ], [ 9.131005, 45.416477 ], [ 9.130974, 45.416514 ], [ 9.130935, 45.416564 ], [ 9.130903, 45.416592 ], [ 9.13081, 45.416671 ], [ 9.130771, 45.416704 ], [ 9.130595, 45.416872 ], [ 9.13053, 45.41694 ], [ 9.130471, 45.416996 ], [ 9.13041, 45.417057 ], [ 9.130347, 45.417114 ], [ 9.130306, 45.417154 ], [ 9.130271, 45.41719 ], [ 9.130245, 45.417229 ], [ 9.130287, 45.417241 ], [ 9.130431, 45.417283 ], [ 9.130535, 45.417312 ], [ 9.13053, 45.417347 ], [ 9.130461, 45.417728 ], [ 9.130423, 45.417965 ], [ 9.130418, 45.418015 ], [ 9.130422, 45.418053 ], [ 9.130486, 45.418475 ], [ 9.1305, 45.418567 ], [ 9.130528, 45.418744 ], [ 9.130657, 45.419369 ], [ 9.130643, 45.41958 ], [ 9.130636, 45.419749 ], [ 9.130538, 45.420098 ] ] ] } },
{ "type": "Feature", "properties": { "postcode": "20143", "iou_vs_official": 0.843, "match_status": "matched", "n_seed_addresses": 1794 }, "geometry": { "type": "Polygon", "coordinates": [ [ [ 9.135393, 45.437302 ], [ 9.134392, 45.437749 ], [ 9.134079, 45.43791 ], [ 9.135066, 45.439646 ], [ 9.135066, 45.439647 ], [ 9.136165, 45.440389 ], [ 9.136175, 45.44039 ], [ 9.136422, 45.440527 ], [ 9.136492, 45.440855 ], [ 9.136875, 45.441643 ], [ 9.1363, 45.442097 ], [ 9.136019, 45.442052 ], [ 9.135572, 45.442277 ], [ 9.135386, 45.442487 ], [ 9.13501, 45.442496 ], [ 9.134884, 45.442536 ], [ 9.134671, 45.442515 ], [ 9.134626, 45.442502 ], [ 9.134555, 45.442453 ], [ 9.134291, 45.442678 ], [ 9.133842, 45.444079 ], [ 9.13407, 45.444157 ], [ 9.134221, 45.444217 ], [ 9.134307, 45.444258 ], [ 9.13479, 45.444371 ], [ 9.134904, 45.444386 ], [ 9.135073, 45.444483 ], [ 9.135211, 45.444545 ], [ 9.135239, 45.444558 ], [ 9.135536, 45.444689 ], [ 9.135754, 45.444793 ], [ 9.136123, 45.445046 ], [ 9.136223, 45.445042 ], [ 9.136512, 45.445071 ], [ 9.13687, 45.445108 ], [ 9.137451, 45.44529 ], [ 9.13769, 45.445398 ], [ 9.138678, 45.445403 ], [ 9.138852, 45.445461 ], [ 9.13887, 45.445476 ], [ 9.138952, 45.445531 ], [ 9.139087, 45.445604 ], [ 9.13962, 45.445878 ], [ 9.139885, 45.445922 ], [ 9.139982, 45.445921 ], [ 9.140175, 45.445936 ], [ 9.140407, 45.445963 ], [ 9.140675, 45.446022 ], [ 9.140689, 45.446016 ], [ 9.140884, 45.445955 ], [ 9.141025, 45.445919 ], [ 9.141224, 45.44588 ], [ 9.141386, 45.445857 ], [ 9.14156, 45.445844 ], [ 9.141738, 45.445843 ], [ 9.141883, 45.445851 ], [ 9.141956, 45.445858 ], [ 9.142021, 45.445866 ], [ 9.14229, 45.445909 ], [ 9.142369, 45.445936 ], [ 9.142493, 45.445969 ], [ 9.142528, 45.445977 ], [ 9.142574, 45.44599 ], [ 9.142739, 45.44602 ], [ 9.142819, 45.446045 ], [ 9.14309, 45.445974 ], [ 9.143165, 45.445961 ], [ 9.143251, 45.445955 ], [ 9.143252, 45.445954 ], [ 9.143566, 45.445853 ], [ 9.143716, 45.445819 ], [ 9.143949, 45.445814 ], [ 9.144209, 45.445817 ], [ 9.14436, 45.44586 ], [ 9.144599, 45.445946 ], [ 9.144616, 45.445953 ], [ 9.144659, 45.445979 ], [ 9.14479, 45.445981 ], [ 9.145239, 45.446264 ], [ 9.145338, 45.44629 ], [ 9.146287, 45.446024 ], [ 9.146378, 45.446048 ], [ 9.14758, 45.446838 ], [ 9.147655, 45.446839 ], [ 9.148148, 45.445851 ], [ 9.148275, 45.445657 ], [ 9.148398, 45.445487 ], [ 9.148907, 45.44551 ], [ 9.149632, 45.445623 ], [ 9.149785, 45.445637 ], [ 9.149967, 45.445699 ], [ 9.150025, 45.445711 ], [ 9.15009, 45.445727 ], [ 9.1501, 45.44573 ], [ 9.15012, 45.445739 ], [ 9.150177, 45.445766 ], [ 9.150292, 45.44581 ], [ 9.150618, 45.447245 ], [ 9.150866, 45.447082 ], [ 9.15104, 45.446898 ], [ 9.151348, 45.446822 ], [ 9.151695, 45.446655 ], [ 9.151964, 45.446422 ], [ 9.151984, 45.446451 ], [ 9.1523, 45.446714 ], [ 9.152336, 45.446724 ], [ 9.152524, 45.446806 ], [ 9.153042, 45.447888 ], [ 9.153046, 45.447943 ], [ 9.153421, 45.447885 ], [ 9.153686, 45.447868 ], [ 9.153692, 45.447861 ], [ 9.153861, 45.447706 ], [ 9.154099, 45.447551 ], [ 9.154202, 45.447509 ], [ 9.154299, 45.44749 ], [ 9.154397, 45.447492 ], [ 9.154475, 45.447507 ], [ 9.154558, 45.44754 ], [ 9.154567, 45.447547 ], [ 9.154629, 45.447574 ], [ 9.154687, 45.44761 ], [ 9.154717, 45.447621 ], [ 9.154736, 45.447632 ], [ 9.154855, 45.447632 ], [ 9.155089, 45.447672 ], [ 9.155272, 45.447901 ], [ 9.155344, 45.447934 ], [ 9.155589, 45.448117 ], [ 9.156251, 45.448747 ], [ 9.156434, 45.448953 ], [ 9.156647, 45.448924 ], [ 9.156889, 45.448945 ], [ 9.156939, 45.448985 ], [ 9.157335, 45.449189 ], [ 9.15751, 45.449282 ], [ 9.158172, 45.449385 ], [ 9.158461, 45.449459 ], [ 9.158619, 45.449515 ], [ 9.158622, 45.449517 ], [ 9.158678, 45.449487 ], [ 9.158762, 45.449442 ], [ 9.159159, 45.449265 ], [ 9.159206, 45.449246 ], [ 9.159568, 45.44921 ], [ 9.159734, 45.449206 ], [ 9.159848, 45.44921 ], [ 9.159865, 45.449211 ], [ 9.160113, 45.449248 ], [ 9.160349, 45.449339 ], [ 9.160416, 45.449374 ], [ 9.160456, 45.4494 ], [ 9.160762, 45.449256 ], [ 9.160766, 45.449255 ], [ 9.161016, 45.449192 ], [ 9.161036, 45.449189 ], [ 9.161258, 45.449188 ], [ 9.161447, 45.449225 ], [ 9.161505, 45.449247 ], [ 9.161644, 45.449317 ], [ 9.16168, 45.449337 ], [ 9.161757, 45.449386 ], [ 9.161814, 45.449428 ], [ 9.161992, 45.4496 ], [ 9.162057, 45.449669 ], [ 9.16224, 45.449957 ], [ 9.162324, 45.450122 ], [ 9.162528, 45.450015 ], [ 9.16253, 45.450014 ], [ 9.162661, 45.449961 ], [ 9.162872, 45.449902 ], [ 9.163097, 45.449862 ], [ 9.163125, 45.449853 ], [ 9.163269, 45.449824 ], [ 9.163396, 45.449817 ], [ 9.163606, 45.44982 ], [ 9.163712, 45.449835 ], [ 9.163897, 45.44988 ], [ 9.16416, 45.45002 ], [ 9.164232, 45.450072 ], [ 9.164288, 45.450114 ], [ 9.164504, 45.450331 ], [ 9.164565, 45.450404 ], [ 9.164737, 45.45036 ], [ 9.165074, 45.450328 ], [ 9.165234, 45.450335 ], [ 9.1653, 45.450345 ], [ 9.165425, 45.450305 ], [ 9.16552, 45.450279 ], [ 9.165578, 45.450266 ], [ 9.165698, 45.450243 ], [ 9.165804, 45.450233 ], [ 9.1664, 45.450316 ], [ 9.166596, 45.450485 ], [ 9.166781, 45.450561 ], [ 9.166793, 45.450562 ], [ 9.167002, 45.450507 ], [ 9.16715, 45.450501 ], [ 9.167155, 45.4505 ], [ 9.167436, 45.450279 ], [ 9.167809, 45.450238 ], [ 9.167873, 45.450244 ], [ 9.168068, 45.450277 ], [ 9.168187, 45.45036 ], [ 9.168232, 45.450351 ], [ 9.168577, 45.450365 ], [ 9.168709, 45.450514 ], [ 9.168832, 45.450496 ], [ 9.168894, 45.450498 ], [ 9.169008, 45.450527 ], [ 9.169062, 45.450553 ], [ 9.169064, 45.450555 ], [ 9.169153, 45.45058 ], [ 9.169158, 45.45058 ], [ 9.169296, 45.450606 ], [ 9.169345, 45.45065 ], [ 9.169365, 45.45065 ], [ 9.16946, 45.45064 ], [ 9.16961, 45.450673 ], [ 9.169628, 45.450694 ], [ 9.169689, 45.450701 ], [ 9.169804, 45.450703 ], [ 9.169899, 45.450742 ], [ 9.170048, 45.450702 ], [ 9.170051, 45.450705 ], [ 9.170158, 45.450785 ], [ 9.170223, 45.45081 ], [ 9.170244, 45.450814 ], [ 9.170318, 45.450816 ], [ 9.170353, 45.450838 ], [ 9.17039, 45.450846 ], [ 9.170456, 45.450846 ], [ 9.170458, 45.450847 ], [ 9.170505, 45.450867 ], [ 9.170537, 45.450872 ], [ 9.170587, 45.450869 ], [ 9.170644, 45.450886 ], [ 9.17066, 45.450887 ], [ 9.170719, 45.450912 ], [ 9.170748, 45.450917 ], [ 9.170775, 45.450925 ], [ 9.17088, 45.450909 ], [ 9.170973, 45.450978 ], [ 9.171162, 45.450977 ], [ 9.1712, 45.451016 ], [ 9.171401, 45.451021 ], [ 9.171434, 45.451053 ], [ 9.171477, 45.451066 ], [ 9.171622, 45.451085 ], [ 9.171639, 45.4511 ], [ 9.171682, 45.451115 ], [ 9.17179, 45.451124 ], [ 9.171819, 45.451134 ], [ 9.171843, 45.451135 ], [ 9.17187, 45.451146 ], [ 9.17195, 45.45116 ], [ 9.171968, 45.451159 ], [ 9.171973, 45.451161 ], [ 9.172038, 45.451175 ], [ 9.172101, 45.451205 ], [ 9.172145, 45.45121 ], [ 9.17217, 45.451207 ], [ 9.17225, 45.45122 ], [ 9.172269, 45.451233 ], [ 9.172289, 45.451242 ], [ 9.172332, 45.451244 ], [ 9.172428, 45.451264 ], [ 9.172465, 45.451285 ], [ 9.172497, 45.45129 ], [ 9.172526, 45.451285 ], [ 9.172574, 45.451293 ], [ 9.172639, 45.451317 ], [ 9.172673, 45.451316 ], [ 9.172725, 45.451324 ], [ 9.172781, 45.451347 ], [ 9.172785, 45.451348 ], [ 9.172812, 45.451356 ], [ 9.172889, 45.45136 ], [ 9.172894, 45.451359 ], [ 9.172913, 45.451358 ], [ 9.172985, 45.451374 ], [ 9.173021, 45.45139 ], [ 9.173046, 45.451407 ], [ 9.173118, 45.451413 ], [ 9.173133, 45.451418 ], [ 9.173243, 45.45147 ], [ 9.173275, 45.451494 ], [ 9.17329, 45.451511 ], [ 9.173323, 45.4515 ], [ 9.173461, 45.451479 ], [ 9.173544, 45.451481 ], [ 9.17361, 45.451529 ], [ 9.173614, 45.45153 ], [ 9.173733, 45.451562 ], [ 9.173749, 45.451558 ], [ 9.173904, 45.451586 ], [ 9.173964, 45.451615 ], [ 9.17403, 45.451662 ], [ 9.174087, 45.451722 ], [ 9.174137, 45.451827 ], [ 9.174362, 45.451703 ], [ 9.174487, 45.451718 ], [ 9.174573, 45.451741 ], [ 9.174603, 45.451756 ], [ 9.174629, 45.451748 ], [ 9.174703, 45.451736 ], [ 9.174756, 45.45174 ], [ 9.174835, 45.451758 ], [ 9.174845, 45.451763 ], [ 9.174905, 45.451823 ], [ 9.174991, 45.451797 ], [ 9.175025, 45.451793 ], [ 9.175111, 45.451803 ], [ 9.175167, 45.451833 ], [ 9.175178, 45.451842 ], [ 9.175276, 45.451859 ], [ 9.175296, 45.451867 ], [ 9.175312, 45.451877 ], [ 9.175325, 45.451888 ], [ 9.17537, 45.451904 ], [ 9.17543, 45.451911 ], [ 9.175447, 45.451916 ], [ 9.175451, 45.451916 ], [ 9.175513, 45.451932 ], [ 9.175546, 45.45195 ], [ 9.175641, 45.451931 ], [ 9.175694, 45.451937 ], [ 9.175755, 45.451962 ], [ 9.175802, 45.451956 ], [ 9.175862, 45.451962 ], [ 9.175926, 45.451997 ], [ 9.175983, 45.452003 ], [ 9.176018, 45.452014 ], [ 9.176036, 45.452011 ], [ 9.176122, 45.452024 ], [ 9.176189, 45.452058 ], [ 9.176228, 45.452055 ], [ 9.17626, 45.452062 ], [ 9.176359, 45.452102 ], [ 9.176389, 45.452096 ], [ 9.176406, 45.452101 ], [ 9.176528, 45.452127 ], [ 9.176571, 45.452151 ], [ 9.176591, 45.452147 ], [ 9.176729, 45.452165 ], [ 9.176755, 45.452172 ], [ 9.176794, 45.452199 ], [ 9.176935, 45.452331 ], [ 9.176961, 45.452364 ], [ 9.177074, 45.452619 ], [ 9.177143, 45.452601 ], [ 9.177272, 45.452583 ], [ 9.177466, 45.452587 ], [ 9.177583, 45.452558 ], [ 9.177753, 45.452566 ], [ 9.177786, 45.452564 ], [ 9.177922, 45.45254 ], [ 9.17796, 45.45253 ], [ 9.178036, 45.452104 ], [ 9.178139, 45.45183 ], [ 9.178117, 45.451816 ], [ 9.178079, 45.451772 ], [ 9.178058, 45.451746 ], [ 9.177932, 45.451532 ], [ 9.177881, 45.451297 ], [ 9.177995, 45.451053 ], [ 9.177995, 45.451048 ], [ 9.177861, 45.450974 ], [ 9.17778, 45.450792 ], [ 9.177688, 45.450638 ], [ 9.177522, 45.450509 ], [ 9.177289, 45.450395 ], [ 9.177203, 45.45037 ], [ 9.177163, 45.450241 ], [ 9.177127, 45.450164 ], [ 9.177263, 45.450013 ], [ 9.177407, 45.449761 ], [ 9.177446, 45.449548 ], [ 9.177404, 45.449381 ], [ 9.177413, 45.449352 ], [ 9.177374, 45.449136 ], [ 9.177426, 45.448965 ], [ 9.177421, 45.448955 ], [ 9.17736, 45.44891 ], [ 9.177302, 45.448846 ], [ 9.177249, 45.448699 ], [ 9.177287, 45.448459 ], [ 9.177299, 45.448435 ], [ 9.177349, 45.448309 ], [ 9.177433, 45.448125 ], [ 9.177433, 45.448125 ], [ 9.177402, 45.448082 ], [ 9.17717, 45.447889 ], [ 9.177051, 45.447709 ], [ 9.177037, 45.447552 ], [ 9.176964, 45.447464 ], [ 9.176963, 45.447401 ], [ 9.176898, 45.447183 ], [ 9.176857, 45.447117 ], [ 9.176676, 45.446968 ], [ 9.176641, 45.446948 ], [ 9.176524, 45.446845 ], [ 9.176531, 45.446837 ], [ 9.176661, 45.446622 ], [ 9.176714, 45.446422 ], [ 9.176651, 45.446161 ], [ 9.176573, 45.446092 ], [ 9.176646, 45.445756 ], [ 9.176617, 45.445716 ], [ 9.176548, 45.445666 ], [ 9.17649, 45.445423 ], [ 9.176401, 45.445292 ], [ 9.176392, 45.44521 ], [ 9.176385, 45.445187 ], [ 9.176446, 45.444819 ], [ 9.176483, 45.444751 ], [ 9.176518, 45.444707 ], [ 9.176331, 45.444409 ], [ 9.176296, 45.444235 ], [ 9.17629, 45.444133 ], [ 9.176296, 45.444007 ], [ 9.176183, 45.443737 ], [ 9.176155, 45.443707 ], [ 9.176124, 45.44363 ], [ 9.175954, 45.443441 ], [ 9.175856, 45.443131 ], [ 9.17572, 45.443028 ], [ 9.175334, 45.442659 ], [ 9.174889, 45.44273 ], [ 9.174845, 45.442726 ], [ 9.174726, 45.442704 ], [ 9.174617, 45.442412 ], [ 9.174323, 45.442165 ], [ 9.174021, 45.442056 ], [ 9.17382, 45.442051 ], [ 9.173721, 45.442098 ], [ 9.173498, 45.442129 ], [ 9.173259, 45.442421 ], [ 9.173298, 45.442556 ], [ 9.173314, 45.442734 ], [ 9.1733, 45.443031 ], [ 9.172805, 45.443426 ], [ 9.172662, 45.443463 ], [ 9.172628, 45.443483 ], [ 9.172491, 45.443542 ], [ 9.172273, 45.443615 ], [ 9.172157, 45.443687 ], [ 9.172059, 45.443741 ], [ 9.17202, 45.443719 ], [ 9.171873, 45.443641 ], [ 9.171761, 45.44349 ], [ 9.171259, 45.443123 ], [ 9.17088, 45.443126 ], [ 9.170639, 45.443171 ], [ 9.17045, 45.443381 ], [ 9.170174, 45.443307 ], [ 9.169981, 45.443324 ], [ 9.169777, 45.443311 ], [ 9.169764, 45.443317 ], [ 9.169407, 45.443366 ], [ 9.169396, 45.443362 ], [ 9.169256, 45.443362 ], [ 9.168975, 45.443251 ], [ 9.168608, 45.443355 ], [ 9.16822, 45.443578 ], [ 9.16789, 45.443574 ], [ 9.167798, 45.443521 ], [ 9.168095, 45.442227 ], [ 9.167962, 45.442009 ], [ 9.167652, 45.441978 ], [ 9.16698, 45.441337 ], [ 9.166656, 45.44122 ], [ 9.166643, 45.441186 ], [ 9.165942, 45.440599 ], [ 9.165936, 45.440581 ], [ 9.165937, 45.440557 ], [ 9.165709, 45.440043 ], [ 9.165709, 45.440041 ], [ 9.165671, 45.438948 ], [ 9.16565, 45.438933 ], [ 9.165483, 45.438775 ], [ 9.165367, 45.43786 ], [ 9.16524, 45.437816 ], [ 9.164112, 45.438238 ], [ 9.16371, 45.438627 ], [ 9.163673, 45.438609 ], [ 9.163613, 45.438539 ], [ 9.163172, 45.438239 ], [ 9.16288, 45.438162 ], [ 9.162732, 45.438075 ], [ 9.162646, 45.437352 ], [ 9.162219, 45.437409 ], [ 9.16217, 45.437389 ], [ 9.161987, 45.437381 ], [ 9.161927, 45.437385 ], [ 9.161916, 45.437387 ], [ 9.16189, 45.437395 ], [ 9.16157, 45.437404 ], [ 9.16142, 45.437515 ], [ 9.16117, 45.437726 ], [ 9.161041, 45.437867 ], [ 9.161026, 45.437994 ], [ 9.160558, 45.438567 ], [ 9.160431, 45.438686 ], [ 9.160002, 45.438363 ], [ 9.159422, 45.438146 ], [ 9.159166, 45.43819 ], [ 9.15913, 45.438188 ], [ 9.158999, 45.43802 ], [ 9.158873, 45.437885 ], [ 9.158792, 45.437817 ], [ 9.15845, 45.437695 ], [ 9.158446, 45.437697 ], [ 9.158197, 45.437723 ], [ 9.158179, 45.437728 ], [ 9.15809, 45.437763 ], [ 9.157962, 45.437834 ], [ 9.157905, 45.437883 ], [ 9.157807, 45.437989 ], [ 9.157743, 45.438039 ], [ 9.15768, 45.438098 ], [ 9.157657, 45.438092 ], [ 9.157563, 45.438073 ], [ 9.157458, 45.438063 ], [ 9.157384, 45.438061 ], [ 9.157284, 45.438064 ], [ 9.157234, 45.438069 ], [ 9.157018, 45.438102 ], [ 9.156827, 45.438 ], [ 9.156294, 45.438076 ], [ 9.156219, 45.438045 ], [ 9.156005, 45.438011 ], [ 9.155896, 45.438013 ], [ 9.155861, 45.437986 ], [ 9.155753, 45.437915 ], [ 9.155717, 45.437876 ], [ 9.155641, 45.437816 ], [ 9.155578, 45.43773 ], [ 9.155544, 45.437708 ], [ 9.155453, 45.43763 ], [ 9.155401, 45.437566 ], [ 9.155363, 45.437507 ], [ 9.15526, 45.437132 ], [ 9.154942, 45.437204 ], [ 9.154866, 45.437249 ], [ 9.154812, 45.437285 ], [ 9.154708, 45.43735 ], [ 9.154616, 45.437333 ], [ 9.154561, 45.437261 ], [ 9.154372, 45.437165 ], [ 9.15425, 45.437114 ], [ 9.154164, 45.437093 ], [ 9.154038, 45.437091 ], [ 9.153979, 45.437392 ], [ 9.153941, 45.43746 ], [ 9.153912, 45.437493 ], [ 9.153895, 45.437505 ], [ 9.153839, 45.437561 ], [ 9.153827, 45.437576 ], [ 9.153806, 45.437583 ], [ 9.153782, 45.437589 ], [ 9.153684, 45.437628 ], [ 9.153617, 45.437668 ], [ 9.153471, 45.437665 ], [ 9.153345, 45.437728 ], [ 9.153331, 45.437734 ], [ 9.153322, 45.437752 ], [ 9.153285, 45.437816 ], [ 9.153274, 45.43785 ], [ 9.153257, 45.437892 ], [ 9.153242, 45.437925 ], [ 9.153236, 45.437951 ], [ 9.153099, 45.438303 ], [ 9.153107, 45.438404 ], [ 9.153099, 45.438414 ], [ 9.152959, 45.438566 ], [ 9.152783, 45.438623 ], [ 9.152548, 45.439011 ], [ 9.152522, 45.439085 ], [ 9.152136, 45.439279 ], [ 9.151974, 45.43922 ], [ 9.151786, 45.439079 ], [ 9.151713, 45.439001 ], [ 9.151409, 45.43899 ], [ 9.150957, 45.438918 ], [ 9.150736, 45.438722 ], [ 9.150646, 45.438706 ], [ 9.150468, 45.438649 ], [ 9.150438, 45.438656 ], [ 9.150284, 45.438664 ], [ 9.149747, 45.438451 ], [ 9.149708, 45.43843 ], [ 9.149635, 45.438385 ], [ 9.149499, 45.438274 ], [ 9.149441, 45.438215 ], [ 9.149428, 45.438201 ], [ 9.149377, 45.4382 ], [ 9.149233, 45.438191 ], [ 9.149228, 45.43819 ], [ 9.149203, 45.438185 ], [ 9.14902, 45.438127 ], [ 9.149018, 45.438128 ], [ 9.148928, 45.438159 ], [ 9.148466, 45.438266 ], [ 9.148245, 45.438248 ], [ 9.14798, 45.438034 ], [ 9.147792, 45.437666 ], [ 9.147533, 45.437467 ], [ 9.147445, 45.437119 ], [ 9.146836, 45.436601 ], [ 9.145891, 45.436963 ], [ 9.145176, 45.436656 ], [ 9.14499, 45.436606 ], [ 9.144751, 45.436653 ], [ 9.144315, 45.436701 ], [ 9.144298, 45.436701 ], [ 9.142359, 45.436386 ], [ 9.142261, 45.436406 ], [ 9.141555, 45.436005 ], [ 9.141505, 45.435974 ], [ 9.141112, 45.435707 ], [ 9.141046, 45.435656 ], [ 9.139449, 45.436873 ], [ 9.138588, 45.437351 ], [ 9.137773, 45.437495 ], [ 9.137675, 45.437478 ], [ 9.137619, 45.437456 ], [ 9.137251, 45.437357 ], [ 9.137166, 45.437333 ], [ 9.136714, 45.437289 ], [ 9.136214, 45.437375 ], [ 9.135393, 45.437302 ] ] ] } },
{ "type": "Feature", "properties": { "postcode": "20144", "iou_vs_official": 0.8536, "match_status": "matched", "n_seed_addresses": 1861 }, "geometry": { "type": "Polygon", "coordinates": [ [ [ 9.146634, 45.447321 ], [ 9.146588, 45.447337 ], [ 9.146024, 45.447483 ], [ 9.145664, 45.447395 ], [ 9.145431, 45.447434 ], [ 9.145331, 45.44743 ], [ 9.144982, 45.447575 ], [ 9.144815, 45.447856 ], [ 9.144669, 45.448003 ], [ 9.145081, 45.448373 ], [ 9.145214, 45.448333 ], [ 9.145441, 45.448555 ], [ 9.145522, 45.448575 ], [ 9.145732, 45.448778 ], [ 9.145783, 45.448869 ], [ 9.145956, 45.44903 ], [ 9.145962, 45.449031 ], [ 9.146015, 45.449039 ], [ 9.146015, 45.449038 ], [ 9.146064, 45.449 ], [ 9.146342, 45.44895 ], [ 9.146483, 45.448868 ], [ 9.146511, 45.448851 ], [ 9.146554, 45.448818 ], [ 9.146902, 45.448851 ], [ 9.147027, 45.448768 ], [ 9.147084, 45.448818 ], [ 9.147255, 45.449206 ], [ 9.147305, 45.449355 ], [ 9.147327, 45.44949 ], [ 9.147457, 45.449546 ], [ 9.147506, 45.449582 ], [ 9.147724, 45.449606 ], [ 9.147992, 45.449713 ], [ 9.148055, 45.449714 ], [ 9.148268, 45.449789 ], [ 9.148292, 45.449796 ], [ 9.148299, 45.449797 ], [ 9.14835, 45.449775 ], [ 9.148564, 45.449647 ], [ 9.148698, 45.449484 ], [ 9.14911, 45.448753 ], [ 9.149309, 45.449408 ], [ 9.149304, 45.449798 ], [ 9.149542, 45.450116 ], [ 9.149567, 45.450191 ], [ 9.149732, 45.450273 ], [ 9.149784, 45.450283 ], [ 9.149792, 45.450286 ], [ 9.149817, 45.450296 ], [ 9.150045, 45.450216 ], [ 9.15012, 45.450154 ], [ 9.150297, 45.450113 ], [ 9.150307, 45.450107 ], [ 9.15037, 45.450078 ], [ 9.150604, 45.450008 ], [ 9.150698, 45.44991 ], [ 9.150979, 45.449861 ], [ 9.151117, 45.449321 ], [ 9.15113, 45.449233 ], [ 9.1511, 45.449088 ], [ 9.151015, 45.44874 ], [ 9.151008, 45.448722 ], [ 9.151058, 45.448584 ], [ 9.151125, 45.448386 ], [ 9.151788, 45.44819 ], [ 9.15193, 45.448096 ], [ 9.152036, 45.44807 ], [ 9.152952, 45.448037 ], [ 9.153321, 45.449501 ], [ 9.153067, 45.449517 ], [ 9.152233, 45.449789 ], [ 9.152147, 45.449789 ], [ 9.151967, 45.44989 ], [ 9.151914, 45.449973 ], [ 9.151843, 45.450036 ], [ 9.151808, 45.450526 ], [ 9.151807, 45.450713 ], [ 9.151842, 45.4508 ], [ 9.151809, 45.451 ], [ 9.151836, 45.451027 ], [ 9.151978, 45.451128 ], [ 9.152086, 45.451184 ], [ 9.152253, 45.451219 ], [ 9.152408, 45.451234 ], [ 9.152469, 45.451224 ], [ 9.152601, 45.451183 ], [ 9.152915, 45.451257 ], [ 9.152949, 45.451286 ], [ 9.153124, 45.451375 ], [ 9.153295, 45.451401 ], [ 9.153381, 45.451444 ], [ 9.153403, 45.451453 ], [ 9.153481, 45.451474 ], [ 9.153585, 45.451515 ], [ 9.15359, 45.451517 ], [ 9.15363, 45.451525 ], [ 9.153685, 45.451542 ], [ 9.15372, 45.451549 ], [ 9.153814, 45.451579 ], [ 9.153846, 45.451687 ], [ 9.15385, 45.451712 ], [ 9.153911, 45.451914 ], [ 9.153909, 45.451994 ], [ 9.153673, 45.452928 ], [ 9.154016, 45.453221 ], [ 9.154039, 45.453207 ], [ 9.154251, 45.452616 ], [ 9.154416, 45.45226 ], [ 9.15442, 45.452253 ], [ 9.154541, 45.452127 ], [ 9.154565, 45.45211 ], [ 9.154816, 45.452185 ], [ 9.15494, 45.452189 ], [ 9.154982, 45.452187 ], [ 9.155147, 45.452161 ], [ 9.155335, 45.452089 ], [ 9.155374, 45.452219 ], [ 9.155461, 45.452354 ], [ 9.155476, 45.452422 ], [ 9.155622, 45.45274 ], [ 9.15558, 45.45287 ], [ 9.155532, 45.452895 ], [ 9.155455, 45.453286 ], [ 9.155563, 45.453499 ], [ 9.155582, 45.453539 ], [ 9.15565, 45.453749 ], [ 9.155625, 45.453801 ], [ 9.155608, 45.453874 ], [ 9.155395, 45.453965 ], [ 9.155238, 45.454079 ], [ 9.155234, 45.454084 ], [ 9.155219, 45.454107 ], [ 9.155109, 45.454548 ], [ 9.155228, 45.454766 ], [ 9.15534, 45.454887 ], [ 9.155392, 45.454994 ], [ 9.155457, 45.455047 ], [ 9.155524, 45.455191 ], [ 9.155533, 45.455202 ], [ 9.155566, 45.455449 ], [ 9.155566, 45.455463 ], [ 9.155586, 45.455582 ], [ 9.155065, 45.456026 ], [ 9.154914, 45.456032 ], [ 9.154902, 45.45606 ], [ 9.155062, 45.456524 ], [ 9.155093, 45.456647 ], [ 9.155093, 45.456655 ], [ 9.155132, 45.456776 ], [ 9.155138, 45.456786 ], [ 9.155174, 45.456877 ], [ 9.155177, 45.456931 ], [ 9.155203, 45.457021 ], [ 9.15529, 45.457073 ], [ 9.155367, 45.457255 ], [ 9.155472, 45.457414 ], [ 9.155381, 45.457726 ], [ 9.155387, 45.45773 ], [ 9.155398, 45.457742 ], [ 9.155909, 45.458051 ], [ 9.155957, 45.458108 ], [ 9.156406, 45.458256 ], [ 9.156817, 45.458556 ], [ 9.156831, 45.458569 ], [ 9.156567, 45.458985 ], [ 9.156066, 45.459185 ], [ 9.155928, 45.459258 ], [ 9.155727, 45.459431 ], [ 9.155692, 45.45975 ], [ 9.155802, 45.460598 ], [ 9.155525, 45.460815 ], [ 9.155627, 45.461165 ], [ 9.155263, 45.4625 ], [ 9.155572, 45.462698 ], [ 9.155641, 45.463123 ], [ 9.15566, 45.463215 ], [ 9.155698, 45.463372 ], [ 9.155736, 45.463489 ], [ 9.155766, 45.463575 ], [ 9.15579, 45.463637 ], [ 9.155893, 45.463823 ], [ 9.155897, 45.463829 ], [ 9.155948, 45.46391 ], [ 9.156045, 45.464053 ], [ 9.156101, 45.464128 ], [ 9.155926, 45.464865 ], [ 9.155736, 45.464999 ], [ 9.154865, 45.465603 ], [ 9.155068, 45.465934 ], [ 9.155647, 45.466403 ], [ 9.156015, 45.466553 ], [ 9.156301, 45.466513 ], [ 9.156307, 45.466522 ], [ 9.156385, 45.466625 ], [ 9.156492, 45.466733 ], [ 9.15679, 45.466879 ], [ 9.156996, 45.467209 ], [ 9.15701, 45.467208 ], [ 9.157088, 45.467171 ], [ 9.157214, 45.467149 ], [ 9.157341, 45.467184 ], [ 9.157641, 45.467139 ], [ 9.157734, 45.467091 ], [ 9.157882, 45.467079 ], [ 9.15811, 45.466957 ], [ 9.158307, 45.466669 ], [ 9.158337, 45.466558 ], [ 9.158492, 45.466579 ], [ 9.158967, 45.466688 ], [ 9.158999, 45.466687 ], [ 9.15918, 45.466609 ], [ 9.159193, 45.466589 ], [ 9.159257, 45.466571 ], [ 9.159652, 45.4666 ], [ 9.15984, 45.46647 ], [ 9.160212, 45.466744 ], [ 9.160316, 45.46696 ], [ 9.160419, 45.466988 ], [ 9.160507, 45.467016 ], [ 9.160724, 45.467046 ], [ 9.160742, 45.467039 ], [ 9.160967, 45.467048 ], [ 9.161117, 45.467041 ], [ 9.161198, 45.467048 ], [ 9.161262, 45.466868 ], [ 9.161592, 45.466157 ], [ 9.161756, 45.46614 ], [ 9.161773, 45.466157 ], [ 9.161787, 45.466178 ], [ 9.161875, 45.466259 ], [ 9.161947, 45.466316 ], [ 9.162125, 45.466355 ], [ 9.162343, 45.466351 ], [ 9.162597, 45.466565 ], [ 9.162768, 45.466331 ], [ 9.162894, 45.46617 ], [ 9.163243, 45.466404 ], [ 9.163326, 45.466426 ], [ 9.163399, 45.466462 ], [ 9.16353, 45.466692 ], [ 9.163602, 45.466781 ], [ 9.163794, 45.466959 ], [ 9.163821, 45.466991 ], [ 9.164084, 45.466978 ], [ 9.164231, 45.466912 ], [ 9.164267, 45.466875 ], [ 9.164273, 45.466858 ], [ 9.16429, 45.466643 ], [ 9.164286, 45.466581 ], [ 9.164524, 45.466229 ], [ 9.164882, 45.466126 ], [ 9.164882, 45.46598 ], [ 9.164848, 45.465887 ], [ 9.165128, 45.46557 ], [ 9.165121, 45.465517 ], [ 9.165117, 45.46551 ], [ 9.165048, 45.465333 ], [ 9.165024, 45.465294 ], [ 9.165004, 45.465212 ], [ 9.164999, 45.465177 ], [ 9.165003, 45.465123 ], [ 9.165002, 45.465107 ], [ 9.164947, 45.465006 ], [ 9.164898, 45.46493 ], [ 9.164888, 45.464886 ], [ 9.164874, 45.464779 ], [ 9.164866, 45.464759 ], [ 9.16486, 45.464725 ], [ 9.164837, 45.464673 ], [ 9.16482, 45.464502 ], [ 9.164771, 45.464422 ], [ 9.164744, 45.464236 ], [ 9.164667, 45.464146 ], [ 9.16462, 45.463995 ], [ 9.164608, 45.463982 ], [ 9.164549, 45.463828 ], [ 9.164545, 45.463785 ], [ 9.164544, 45.463781 ], [ 9.164447, 45.463642 ], [ 9.164373, 45.463486 ], [ 9.164433, 45.463281 ], [ 9.164287, 45.463069 ], [ 9.16425, 45.463034 ], [ 9.164328, 45.462388 ], [ 9.164817, 45.46181 ], [ 9.164942, 45.461687 ], [ 9.164978, 45.461683 ], [ 9.165179, 45.46161 ], [ 9.165177, 45.461596 ], [ 9.165171, 45.461132 ], [ 9.165168, 45.461063 ], [ 9.165209, 45.460833 ], [ 9.165324, 45.460374 ], [ 9.165397, 45.460197 ], [ 9.165538, 45.4601 ], [ 9.165608, 45.460078 ], [ 9.165652, 45.460037 ], [ 9.165681, 45.460018 ], [ 9.1658, 45.45996 ], [ 9.165806, 45.459963 ], [ 9.165922, 45.459977 ], [ 9.166127, 45.459967 ], [ 9.166178, 45.459914 ], [ 9.166209, 45.459884 ], [ 9.166593, 45.460041 ], [ 9.166512, 45.459536 ], [ 9.166528, 45.459522 ], [ 9.166642, 45.45946 ], [ 9.166697, 45.459433 ], [ 9.166721, 45.459401 ], [ 9.166743, 45.459376 ], [ 9.166867, 45.459296 ], [ 9.166989, 45.459196 ], [ 9.166991, 45.459191 ], [ 9.167322, 45.459032 ], [ 9.167327, 45.459034 ], [ 9.167526, 45.459154 ], [ 9.167533, 45.459161 ], [ 9.16764, 45.459319 ], [ 9.167893, 45.459359 ], [ 9.168146, 45.459108 ], [ 9.168269, 45.458866 ], [ 9.168296, 45.458845 ], [ 9.168386, 45.458677 ], [ 9.168352, 45.458528 ], [ 9.168372, 45.458475 ], [ 9.168556, 45.458231 ], [ 9.168564, 45.458223 ], [ 9.168631, 45.458168 ], [ 9.168701, 45.458123 ], [ 9.168709, 45.458125 ], [ 9.168799, 45.458149 ], [ 9.169201, 45.458312 ], [ 9.169216, 45.458334 ], [ 9.169298, 45.458352 ], [ 9.169734, 45.458103 ], [ 9.169754, 45.458036 ], [ 9.169603, 45.457754 ], [ 9.169602, 45.45775 ], [ 9.169902, 45.457399 ], [ 9.169926, 45.457402 ], [ 9.170052, 45.457346 ], [ 9.170184, 45.457339 ], [ 9.170341, 45.457224 ], [ 9.170308, 45.456907 ], [ 9.170327, 45.456887 ], [ 9.17041, 45.456849 ], [ 9.170448, 45.456809 ], [ 9.170487, 45.456774 ], [ 9.170577, 45.456747 ], [ 9.170646, 45.456685 ], [ 9.170772, 45.456665 ], [ 9.170937, 45.456838 ], [ 9.17096, 45.456843 ], [ 9.171102, 45.456796 ], [ 9.171248, 45.456868 ], [ 9.171399, 45.456646 ], [ 9.171455, 45.456495 ], [ 9.171468, 45.456354 ], [ 9.171487, 45.456344 ], [ 9.171587, 45.456258 ], [ 9.171589, 45.456257 ], [ 9.171756, 45.456279 ], [ 9.172027, 45.456225 ], [ 9.172143, 45.456076 ], [ 9.172157, 45.456066 ], [ 9.172381, 45.455789 ], [ 9.172391, 45.455783 ], [ 9.172514, 45.455772 ], [ 9.172695, 45.455782 ], [ 9.172861, 45.45589 ], [ 9.172923, 45.455934 ], [ 9.172929, 45.455942 ], [ 9.172979, 45.455965 ], [ 9.173708, 45.455676 ], [ 9.173789, 45.455571 ], [ 9.173844, 45.455449 ], [ 9.173896, 45.455411 ], [ 9.174105, 45.454884 ], [ 9.174111, 45.454864 ], [ 9.174229, 45.454793 ], [ 9.174232, 45.454793 ], [ 9.174417, 45.45476 ], [ 9.174541, 45.454727 ], [ 9.174822, 45.45458 ], [ 9.174982, 45.454383 ], [ 9.175108, 45.454127 ], [ 9.175127, 45.454069 ], [ 9.175161, 45.454039 ], [ 9.175165, 45.454036 ], [ 9.175237, 45.454001 ], [ 9.175471, 45.45387 ], [ 9.175542, 45.453842 ], [ 9.175554, 45.453839 ], [ 9.175627, 45.453824 ], [ 9.175718, 45.453723 ], [ 9.175846, 45.453595 ], [ 9.175853, 45.453589 ], [ 9.176077, 45.453446 ], [ 9.176115, 45.453251 ], [ 9.176178, 45.453158 ], [ 9.176365, 45.452951 ], [ 9.176461, 45.452873 ], [ 9.176641, 45.452789 ], [ 9.176706, 45.452749 ], [ 9.17688, 45.452708 ], [ 9.176999, 45.452692 ], [ 9.177074, 45.452619 ], [ 9.176961, 45.452364 ], [ 9.176935, 45.452331 ], [ 9.176794, 45.452199 ], [ 9.176755, 45.452172 ], [ 9.176729, 45.452165 ], [ 9.176591, 45.452147 ], [ 9.176571, 45.452151 ], [ 9.176528, 45.452127 ], [ 9.176406, 45.452101 ], [ 9.176389, 45.452096 ], [ 9.176359, 45.452102 ], [ 9.17626, 45.452062 ], [ 9.176228, 45.452055 ], [ 9.176189, 45.452058 ], [ 9.176122, 45.452024 ], [ 9.176036, 45.452011 ], [ 9.176018, 45.452014 ], [ 9.175983, 45.452003 ], [ 9.175926, 45.451997 ], [ 9.175862, 45.451962 ], [ 9.175802, 45.451956 ], [ 9.175755, 45.451962 ], [ 9.175694, 45.451937 ], [ 9.175641, 45.451931 ], [ 9.175546, 45.45195 ], [ 9.175513, 45.451932 ], [ 9.175451, 45.451916 ], [ 9.175447, 45.451916 ], [ 9.17543, 45.451911 ], [ 9.17537, 45.451904 ], [ 9.175325, 45.451888 ], [ 9.175312, 45.451877 ], [ 9.175296, 45.451867 ], [ 9.175276, 45.451859 ], [ 9.175178, 45.451842 ], [ 9.175167, 45.451833 ], [ 9.175111, 45.451803 ], [ 9.175025, 45.451793 ], [ 9.174991, 45.451797 ], [ 9.174905, 45.451823 ], [ 9.174845, 45.451763 ], [ 9.174835, 45.451758 ], [ 9.174756, 45.45174 ], [ 9.174703, 45.451736 ], [ 9.174629, 45.451748 ], [ 9.174603, 45.451756 ], [ 9.174573, 45.451741 ], [ 9.174487, 45.451718 ], [ 9.174362, 45.451703 ], [ 9.174137, 45.451827 ], [ 9.174087, 45.451722 ], [ 9.17403, 45.451662 ], [ 9.173964, 45.451615 ], [ 9.173904, 45.451586 ], [ 9.173749, 45.451558 ], [ 9.173733, 45.451562 ], [ 9.173614, 45.45153 ], [ 9.17361, 45.451529 ], [ 9.173544, 45.451481 ], [ 9.173461, 45.451479 ], [ 9.173323, 45.4515 ], [ 9.17329, 45.451511 ], [ 9.173275, 45.451494 ], [ 9.173243, 45.45147 ], [ 9.173133, 45.451418 ], [ 9.173118, 45.451413 ], [ 9.173046, 45.451407 ], [ 9.173021, 45.45139 ], [ 9.172985, 45.451374 ], [ 9.172913, 45.451358 ], [ 9.172894, 45.451359 ], [ 9.172889, 45.45136 ], [ 9.172812, 45.451356 ], [ 9.172785, 45.451348 ], [ 9.172781, 45.451347 ], [ 9.172725, 45.451324 ], [ 9.172673, 45.451316 ], [ 9.172639, 45.451317 ], [ 9.172574, 45.451293 ], [ 9.172526, 45.451285 ], [ 9.172497, 45.45129 ], [ 9.172465, 45.451285 ], [ 9.172428, 45.451264 ], [ 9.172332, 45.451244 ], [ 9.172289, 45.451242 ], [ 9.172269, 45.451233 ], [ 9.17225, 45.45122 ], [ 9.17217, 45.451207 ], [ 9.172145, 45.45121 ], [ 9.172101, 45.451205 ], [ 9.172038, 45.451175 ], [ 9.171973, 45.451161 ], [ 9.171968, 45.451159 ], [ 9.17195, 45.45116 ], [ 9.17187, 45.451146 ], [ 9.171843, 45.451135 ], [ 9.171819, 45.451134 ], [ 9.17179, 45.451124 ], [ 9.171682, 45.451115 ], [ 9.171639, 45.4511 ], [ 9.171622, 45.451085 ], [ 9.171477, 45.451066 ], [ 9.171434, 45.451053 ], [ 9.171401, 45.451021 ], [ 9.1712, 45.451016 ], [ 9.171162, 45.450977 ], [ 9.170973, 45.450978 ], [ 9.17088, 45.450909 ], [ 9.170775, 45.450925 ], [ 9.170748, 45.450917 ], [ 9.170719, 45.450912 ], [ 9.17066, 45.450887 ], [ 9.170644, 45.450886 ], [ 9.170587, 45.450869 ], [ 9.170537, 45.450872 ], [ 9.170505, 45.450867 ], [ 9.170458, 45.450847 ], [ 9.170456, 45.450846 ], [ 9.17039, 45.450846 ], [ 9.170353, 45.450838 ], [ 9.170318, 45.450816 ], [ 9.170244, 45.450814 ], [ 9.170223, 45.45081 ], [ 9.170158, 45.450785 ], [ 9.170051, 45.450705 ], [ 9.170048, 45.450702 ], [ 9.169899, 45.450742 ], [ 9.169804, 45.450703 ], [ 9.169689, 45.450701 ], [ 9.169628, 45.450694 ], [ 9.16961, 45.450673 ], [ 9.16946, 45.45064 ], [ 9.169365, 45.45065 ], [ 9.169345, 45.45065 ], [ 9.169296, 45.450606 ], [ 9.169158, 45.45058 ], [ 9.169153, 45.45058 ], [ 9.169064, 45.450555 ], [ 9.169062, 45.450553 ], [ 9.169008, 45.450527 ], [ 9.168894, 45.450498 ], [ 9.168832, 45.450496 ], [ 9.168709, 45.450514 ], [ 9.168577, 45.450365 ], [ 9.168232, 45.450351 ], [ 9.168187, 45.45036 ], [ 9.168068, 45.450277 ], [ 9.167873, 45.450244 ], [ 9.167809, 45.450238 ], [ 9.167436, 45.450279 ], [ 9.167155, 45.4505 ], [ 9.16715, 45.450501 ], [ 9.167002, 45.450507 ], [ 9.166793, 45.450562 ], [ 9.166781, 45.450561 ], [ 9.166596, 45.450485 ], [ 9.1664, 45.450316 ], [ 9.165804, 45.450233 ], [ 9.165698, 45.450243 ], [ 9.165578, 45.450266 ], [ 9.16552, 45.450279 ], [ 9.165425, 45.450305 ], [ 9.1653, 45.450345 ], [ 9.165234, 45.450335 ], [ 9.165074, 45.450328 ], [ 9.164737, 45.45036 ], [ 9.164565, 45.450404 ], [ 9.164504, 45.450331 ], [ 9.164288, 45.450114 ], [ 9.164232, 45.450072 ], [ 9.16416, 45.45002 ], [ 9.163897, 45.44988 ], [ 9.163712, 45.449835 ], [ 9.163606, 45.44982 ], [ 9.163396, 45.449817 ], [ 9.163269, 45.449824 ], [ 9.163125, 45.449853 ], [ 9.163097, 45.449862 ], [ 9.162872, 45.449902 ], [ 9.162661, 45.449961 ], [ 9.16253, 45.450014 ], [ 9.162528, 45.450015 ], [ 9.162324, 45.450122 ], [ 9.16224, 45.449957 ], [ 9.162057, 45.449669 ], [ 9.161992, 45.4496 ], [ 9.161814, 45.449428 ], [ 9.161757, 45.449386 ], [ 9.16168, 45.449337 ], [ 9.161644, 45.449317 ], [ 9.161505, 45.449247 ], [ 9.161447, 45.449225 ], [ 9.161258, 45.449188 ], [ 9.161036, 45.449189 ], [ 9.161016, 45.449192 ], [ 9.160766, 45.449255 ], [ 9.160762, 45.449256 ], [ 9.160456, 45.4494 ], [ 9.160416, 45.449374 ], [ 9.160349, 45.449339 ], [ 9.160113, 45.449248 ], [ 9.159865, 45.449211 ], [ 9.159848, 45.44921 ], [ 9.159734, 45.449206 ], [ 9.159568, 45.44921 ], [ 9.159206, 45.449246 ], [ 9.159159, 45.449265 ], [ 9.158762, 45.449442 ], [ 9.158678, 45.449487 ], [ 9.158622, 45.449517 ], [ 9.158619, 45.449515 ], [ 9.158461, 45.449459 ], [ 9.158172, 45.449385 ], [ 9.15751, 45.449282 ], [ 9.157335, 45.449189 ], [ 9.156939, 45.448985 ], [ 9.156889, 45.448945 ], [ 9.156647, 45.448924 ], [ 9.156434, 45.448953 ], [ 9.156251, 45.448747 ], [ 9.155589, 45.448117 ], [ 9.155344, 45.447934 ], [ 9.155272, 45.447901 ], [ 9.155089, 45.447672 ], [ 9.154855, 45.447632 ], [ 9.154736, 45.447632 ], [ 9.154717, 45.447621 ], [ 9.154687, 45.44761 ], [ 9.154629, 45.447574 ], [ 9.154567, 45.447547 ], [ 9.154558, 45.44754 ], [ 9.154475, 45.447507 ], [ 9.154397, 45.447492 ], [ 9.154299, 45.44749 ], [ 9.154202, 45.447509 ], [ 9.154099, 45.447551 ], [ 9.153861, 45.447706 ], [ 9.153692, 45.447861 ], [ 9.153686, 45.447868 ], [ 9.153421, 45.447885 ], [ 9.153046, 45.447943 ], [ 9.153042, 45.447888 ], [ 9.152524, 45.446806 ], [ 9.152336, 45.446724 ], [ 9.1523, 45.446714 ], [ 9.151984, 45.446451 ], [ 9.151964, 45.446422 ], [ 9.151695, 45.446655 ], [ 9.151348, 45.446822 ], [ 9.15104, 45.446898 ], [ 9.150866, 45.447082 ], [ 9.150618, 45.447245 ], [ 9.150292, 45.44581 ], [ 9.150177, 45.445766 ], [ 9.15012, 45.445739 ], [ 9.1501, 45.44573 ], [ 9.15009, 45.445727 ], [ 9.150025, 45.445711 ], [ 9.149967, 45.445699 ], [ 9.149785, 45.445637 ], [ 9.149632, 45.445623 ], [ 9.148907, 45.44551 ], [ 9.148398, 45.445487 ], [ 9.148275, 45.445657 ], [ 9.148148, 45.445851 ], [ 9.147655, 45.446839 ], [ 9.14758, 45.446838 ], [ 9.146674, 45.447305 ], [ 9.146634, 45.447321 ] ] ] } },
{ "type": "Feature", "properties": { "postcode": "20145", "iou_vs_official": 0.8074, "match_status": "matched", "n_seed_addresses": 623 }, "geometry": { "type": "Polygon", "coordinates": [ [ [ 9.155225, 45.467228 ], [ 9.155231, 45.467292 ], [ 9.155232, 45.467296 ], [ 9.15523, 45.467369 ], [ 9.155237, 45.467423 ], [ 9.155239, 45.467432 ], [ 9.155229, 45.46763 ], [ 9.155234, 45.467661 ], [ 9.155336, 45.467823 ], [ 9.15531, 45.468267 ], [ 9.154922, 45.468565 ], [ 9.155087, 45.468834 ], [ 9.155358, 45.47007 ], [ 9.155678, 45.470169 ], [ 9.156039, 45.473509 ], [ 9.155877, 45.47379 ], [ 9.156369, 45.475001 ], [ 9.155491, 45.476082 ], [ 9.154871, 45.47641 ], [ 9.153033, 45.477236 ], [ 9.153024, 45.477234 ], [ 9.152846, 45.477202 ], [ 9.152499, 45.477381 ], [ 9.150534, 45.47816 ], [ 9.150943, 45.479152 ], [ 9.152366, 45.480155 ], [ 9.152981, 45.480765 ], [ 9.153545, 45.480737 ], [ 9.154087, 45.48028 ], [ 9.154996, 45.48018 ], [ 9.15564, 45.480204 ], [ 9.155824, 45.480144 ], [ 9.157339, 45.480315 ], [ 9.157405, 45.48035 ], [ 9.158564, 45.48029 ], [ 9.158749, 45.480024 ], [ 9.16088, 45.479837 ], [ 9.160922, 45.479818 ], [ 9.160975, 45.479745 ], [ 9.161073, 45.479552 ], [ 9.161101, 45.479464 ], [ 9.161145, 45.479446 ], [ 9.161386, 45.47936 ], [ 9.161449, 45.479304 ], [ 9.161855, 45.479216 ], [ 9.161886, 45.479194 ], [ 9.162101, 45.479102 ], [ 9.162167, 45.479065 ], [ 9.162344, 45.479049 ], [ 9.162475, 45.478955 ], [ 9.16262, 45.478946 ], [ 9.163142, 45.478633 ], [ 9.163167, 45.478741 ], [ 9.163195, 45.478782 ], [ 9.16343, 45.47947 ], [ 9.163413, 45.479733 ], [ 9.163432, 45.47987 ], [ 9.16345, 45.4802 ], [ 9.16347, 45.480296 ], [ 9.16347, 45.480394 ], [ 9.16335, 45.480483 ], [ 9.163216, 45.480609 ], [ 9.162823, 45.480587 ], [ 9.162791, 45.480582 ], [ 9.162335, 45.480659 ], [ 9.162299, 45.480674 ], [ 9.161956, 45.480629 ], [ 9.161781, 45.480654 ], [ 9.161683, 45.480636 ], [ 9.161578, 45.480664 ], [ 9.161182, 45.480646 ], [ 9.161142, 45.480686 ], [ 9.160764, 45.481208 ], [ 9.16101, 45.481477 ], [ 9.161151, 45.481661 ], [ 9.161376, 45.482049 ], [ 9.16142, 45.482043 ], [ 9.161802, 45.482104 ], [ 9.161863, 45.482118 ], [ 9.162188, 45.482217 ], [ 9.162465, 45.48238 ], [ 9.162737, 45.482615 ], [ 9.162744, 45.482624 ], [ 9.162886, 45.482635 ], [ 9.162979, 45.482634 ], [ 9.163562, 45.482477 ], [ 9.163575, 45.482475 ], [ 9.163671, 45.482427 ], [ 9.163812, 45.482235 ], [ 9.163892, 45.482173 ], [ 9.163908, 45.482158 ], [ 9.164036, 45.48205 ], [ 9.164085, 45.482013 ], [ 9.164176, 45.481898 ], [ 9.164335, 45.481827 ], [ 9.164477, 45.481727 ], [ 9.164555, 45.481623 ], [ 9.164622, 45.481584 ], [ 9.164702, 45.48155 ], [ 9.164877, 45.481428 ], [ 9.164893, 45.481419 ], [ 9.165032, 45.481312 ], [ 9.165042, 45.481307 ], [ 9.165116, 45.481244 ], [ 9.16512, 45.48124 ], [ 9.16529, 45.481102 ], [ 9.165598, 45.480952 ], [ 9.165738, 45.480949 ], [ 9.165881, 45.48087 ], [ 9.166158, 45.480232 ], [ 9.166368, 45.479343 ], [ 9.166379, 45.479266 ], [ 9.166394, 45.479116 ], [ 9.166945, 45.479179 ], [ 9.167066, 45.479227 ], [ 9.167977, 45.478905 ], [ 9.168413, 45.478727 ], [ 9.16848, 45.478733 ], [ 9.168781, 45.478548 ], [ 9.169053, 45.478123 ], [ 9.169096, 45.478098 ], [ 9.169384, 45.478129 ], [ 9.169468, 45.47808 ], [ 9.169656, 45.47779 ], [ 9.169885, 45.477648 ], [ 9.169913, 45.477645 ], [ 9.170035, 45.47748 ], [ 9.170155, 45.477418 ], [ 9.17022, 45.477327 ], [ 9.170325, 45.477262 ], [ 9.170421, 45.477104 ], [ 9.170495, 45.477045 ], [ 9.170498, 45.47704 ], [ 9.170649, 45.47702 ], [ 9.170834, 45.476898 ], [ 9.170873, 45.476847 ], [ 9.171032, 45.476707 ], [ 9.171283, 45.476725 ], [ 9.171414, 45.476755 ], [ 9.171447, 45.476597 ], [ 9.171512, 45.476423 ], [ 9.17166, 45.476146 ], [ 9.171834, 45.476 ], [ 9.171981, 45.475787 ], [ 9.172277, 45.475836 ], [ 9.172467, 45.475829 ], [ 9.173602, 45.474019 ], [ 9.173491, 45.473938 ], [ 9.172733, 45.473622 ], [ 9.172015, 45.473327 ], [ 9.171913, 45.473243 ], [ 9.171757, 45.473066 ], [ 9.171239, 45.47313 ], [ 9.170924, 45.473102 ], [ 9.170829, 45.473102 ], [ 9.170015, 45.472845 ], [ 9.169765, 45.472868 ], [ 9.169616, 45.472906 ], [ 9.169434, 45.47287 ], [ 9.169198, 45.47288 ], [ 9.169044, 45.47287 ], [ 9.168984, 45.472853 ], [ 9.168742, 45.472654 ], [ 9.168605, 45.472602 ], [ 9.168494, 45.472222 ], [ 9.168476, 45.472142 ], [ 9.168465, 45.472142 ], [ 9.168403, 45.472154 ], [ 9.168311, 45.472143 ], [ 9.168242, 45.472143 ], [ 9.168099, 45.472171 ], [ 9.167679, 45.472365 ], [ 9.167671, 45.471994 ], [ 9.167582, 45.471868 ], [ 9.167541, 45.471716 ], [ 9.167503, 45.471501 ], [ 9.167501, 45.471501 ], [ 9.167369, 45.47152 ], [ 9.167363, 45.47152 ], [ 9.167289, 45.471515 ], [ 9.167253, 45.471526 ], [ 9.167096, 45.47153 ], [ 9.166902, 45.471477 ], [ 9.166536, 45.471655 ], [ 9.166504, 45.471401 ], [ 9.16672, 45.471085 ], [ 9.166772, 45.470886 ], [ 9.16681, 45.47083 ], [ 9.166864, 45.470615 ], [ 9.166899, 45.470539 ], [ 9.166887, 45.47052 ], [ 9.166828, 45.470456 ], [ 9.166736, 45.470324 ], [ 9.166707, 45.470264 ], [ 9.166628, 45.47018 ], [ 9.166601, 45.470135 ], [ 9.166581, 45.470073 ], [ 9.166395, 45.469796 ], [ 9.166389, 45.469735 ], [ 9.166555, 45.469246 ], [ 9.166433, 45.469188 ], [ 9.16622, 45.468828 ], [ 9.166126, 45.468706 ], [ 9.166094, 45.468683 ], [ 9.166061, 45.468504 ], [ 9.166032, 45.468446 ], [ 9.166006, 45.468341 ], [ 9.165982, 45.468286 ], [ 9.165972, 45.468223 ], [ 9.165927, 45.4681 ], [ 9.165924, 45.468049 ], [ 9.165804, 45.467887 ], [ 9.165732, 45.46756 ], [ 9.165492, 45.467383 ], [ 9.165255, 45.467439 ], [ 9.164999, 45.467046 ], [ 9.164522, 45.466948 ], [ 9.164267, 45.466875 ], [ 9.164231, 45.466912 ], [ 9.164084, 45.466978 ], [ 9.163821, 45.466991 ], [ 9.163794, 45.466959 ], [ 9.163602, 45.466781 ], [ 9.16353, 45.466692 ], [ 9.163399, 45.466462 ], [ 9.163326, 45.466426 ], [ 9.163243, 45.466404 ], [ 9.162894, 45.46617 ], [ 9.162768, 45.466331 ], [ 9.162597, 45.466565 ], [ 9.162343, 45.466351 ], [ 9.162125, 45.466355 ], [ 9.161947, 45.466316 ], [ 9.161875, 45.466259 ], [ 9.161787, 45.466178 ], [ 9.161773, 45.466157 ], [ 9.161756, 45.46614 ], [ 9.161592, 45.466157 ], [ 9.161262, 45.466868 ], [ 9.161198, 45.467048 ], [ 9.161117, 45.467041 ], [ 9.160967, 45.467048 ], [ 9.160742, 45.467039 ], [ 9.160724, 45.467046 ], [ 9.160507, 45.467016 ], [ 9.160419, 45.466988 ], [ 9.160316, 45.46696 ], [ 9.160212, 45.466744 ], [ 9.15984, 45.46647 ], [ 9.159652, 45.4666 ], [ 9.159257, 45.466571 ], [ 9.159193, 45.466589 ], [ 9.15918, 45.466609 ], [ 9.158999, 45.466687 ], [ 9.158967, 45.466688 ], [ 9.158492, 45.466579 ], [ 9.158337, 45.466558 ], [ 9.158307, 45.466669 ], [ 9.15811, 45.466957 ], [ 9.157882, 45.467079 ], [ 9.157734, 45.467091 ], [ 9.157641, 45.467139 ], [ 9.157341, 45.467184 ], [ 9.157214, 45.467149 ], [ 9.157088, 45.467171 ], [ 9.15701, 45.467208 ], [ 9.156996, 45.467209 ], [ 9.15679, 45.466879 ], [ 9.156492, 45.466733 ], [ 9.156385, 45.466625 ], [ 9.156307, 45.466522 ], [ 9.156301, 45.466513 ], [ 9.156015, 45.466553 ], [ 9.155647, 45.466403 ], [ 9.155068, 45.465934 ], [ 9.154865, 45.465603 ], [ 9.154534, 45.465593 ], [ 9.154402, 45.465572 ], [ 9.153688, 45.466295 ], [ 9.154382, 45.467312 ], [ 9.154565, 45.467244 ], [ 9.154696, 45.467292 ], [ 9.155118, 45.46691 ], [ 9.1552, 45.467068 ], [ 9.155225, 45.467228 ] ] ] } },
{ "type": "Feature", "properties": { "postcode": "20146", "iou_vs_official": 0.9019, "match_status": "matched", "n_seed_addresses": 1684 }, "geometry": { "type": "Polygon", "coordinates": [ [ [ 9.135137, 45.448489 ], [ 9.13527, 45.448591 ], [ 9.135721, 45.448875 ], [ 9.135759, 45.449173 ], [ 9.13576, 45.449336 ], [ 9.135735, 45.449595 ], [ 9.135564, 45.449986 ], [ 9.135532, 45.450015 ], [ 9.135279, 45.45044 ], [ 9.135213, 45.450501 ], [ 9.13501, 45.450644 ], [ 9.134976, 45.450853 ], [ 9.134735, 45.45142 ], [ 9.134723, 45.451429 ], [ 9.134213, 45.451982 ], [ 9.134169, 45.452084 ], [ 9.134153, 45.452141 ], [ 9.134137, 45.45225 ], [ 9.133992, 45.452308 ], [ 9.133109, 45.453194 ], [ 9.133074, 45.453412 ], [ 9.133671, 45.453768 ], [ 9.133548, 45.454431 ], [ 9.133549, 45.454452 ], [ 9.133597, 45.454775 ], [ 9.133538, 45.454893 ], [ 9.133534, 45.454895 ], [ 9.133306, 45.455094 ], [ 9.132634, 45.454962 ], [ 9.132076, 45.455392 ], [ 9.131841, 45.455387 ], [ 9.131802, 45.455407 ], [ 9.131555, 45.455986 ], [ 9.131613, 45.456136 ], [ 9.132252, 45.456747 ], [ 9.132348, 45.456895 ], [ 9.131934, 45.457583 ], [ 9.131941, 45.457811 ], [ 9.132378, 45.458125 ], [ 9.133071, 45.459072 ], [ 9.133085, 45.459109 ], [ 9.133519, 45.459204 ], [ 9.133755, 45.459246 ], [ 9.133963, 45.459248 ], [ 9.134089, 45.459308 ], [ 9.134409, 45.459412 ], [ 9.134559, 45.459435 ], [ 9.134741, 45.459496 ], [ 9.134851, 45.459518 ], [ 9.135058, 45.45958 ], [ 9.135068, 45.459582 ], [ 9.135327, 45.459995 ], [ 9.135445, 45.460116 ], [ 9.135557, 45.460257 ], [ 9.135759, 45.460583 ], [ 9.135742, 45.460815 ], [ 9.135353, 45.461085 ], [ 9.135179, 45.461654 ], [ 9.13508, 45.46181 ], [ 9.134947, 45.461968 ], [ 9.134993, 45.462166 ], [ 9.135612, 45.462384 ], [ 9.136507, 45.461568 ], [ 9.136901, 45.46152 ], [ 9.136872, 45.461777 ], [ 9.136732, 45.46222 ], [ 9.136703, 45.462348 ], [ 9.13668, 45.462576 ], [ 9.13666, 45.462655 ], [ 9.136636, 45.462726 ], [ 9.136592, 45.462812 ], [ 9.136561, 45.462866 ], [ 9.136467, 45.46301 ], [ 9.136366, 45.463141 ], [ 9.136167, 45.463316 ], [ 9.136151, 45.463482 ], [ 9.13616, 45.463564 ], [ 9.137415, 45.464165 ], [ 9.137188, 45.465077 ], [ 9.136875, 45.465358 ], [ 9.13622, 45.466424 ], [ 9.136056, 45.4668 ], [ 9.136466, 45.467443 ], [ 9.136509, 45.467464 ], [ 9.137892, 45.467773 ], [ 9.138027, 45.467861 ], [ 9.138653, 45.468355 ], [ 9.138879, 45.468143 ], [ 9.140926, 45.466759 ], [ 9.140978, 45.466761 ], [ 9.141074, 45.466779 ], [ 9.141209, 45.466728 ], [ 9.141416, 45.466666 ], [ 9.141472, 45.466653 ], [ 9.142127, 45.466795 ], [ 9.142217, 45.466762 ], [ 9.142858, 45.466193 ], [ 9.142955, 45.466118 ], [ 9.14316, 45.466006 ], [ 9.143813, 45.466231 ], [ 9.144137, 45.466622 ], [ 9.144188, 45.466669 ], [ 9.144213, 45.466911 ], [ 9.145016, 45.467938 ], [ 9.145516, 45.467738 ], [ 9.145529, 45.467732 ], [ 9.1461, 45.466332 ], [ 9.146786, 45.466766 ], [ 9.147025, 45.466816 ], [ 9.147347, 45.466944 ], [ 9.147408, 45.466888 ], [ 9.147845, 45.466705 ], [ 9.148342, 45.466644 ], [ 9.148739, 45.46691 ], [ 9.148841, 45.466852 ], [ 9.148943, 45.466825 ], [ 9.148981, 45.466809 ], [ 9.149185, 45.466704 ], [ 9.149327, 45.466542 ], [ 9.14999, 45.466546 ], [ 9.150059, 45.466609 ], [ 9.150437, 45.466375 ], [ 9.150679, 45.466344 ], [ 9.150688, 45.466338 ], [ 9.150776, 45.466321 ], [ 9.15108, 45.466066 ], [ 9.151151, 45.466094 ], [ 9.151221, 45.466105 ], [ 9.151276, 45.466144 ], [ 9.151377, 45.466204 ], [ 9.151378, 45.466205 ], [ 9.151566, 45.46624 ], [ 9.151725, 45.466238 ], [ 9.151902, 45.466208 ], [ 9.152042, 45.466147 ], [ 9.152114, 45.46611 ], [ 9.152172, 45.466117 ], [ 9.152204, 45.466116 ], [ 9.152411, 45.4661 ], [ 9.152577, 45.464938 ], [ 9.153394, 45.464685 ], [ 9.153584, 45.464778 ], [ 9.153936, 45.464962 ], [ 9.154402, 45.465572 ], [ 9.154534, 45.465593 ], [ 9.154865, 45.465603 ], [ 9.155736, 45.464999 ], [ 9.155926, 45.464865 ], [ 9.156101, 45.464128 ], [ 9.156045, 45.464053 ], [ 9.155948, 45.46391 ], [ 9.155897, 45.463829 ], [ 9.155893, 45.463823 ], [ 9.15579, 45.463637 ], [ 9.155766, 45.463575 ], [ 9.155736, 45.463489 ], [ 9.155698, 45.463372 ], [ 9.15566, 45.463215 ], [ 9.155641, 45.463123 ], [ 9.155572, 45.462698 ], [ 9.155263, 45.4625 ], [ 9.155627, 45.461165 ], [ 9.155525, 45.460815 ], [ 9.155802, 45.460598 ], [ 9.155692, 45.45975 ], [ 9.155727, 45.459431 ], [ 9.155928, 45.459258 ], [ 9.156066, 45.459185 ], [ 9.156567, 45.458985 ], [ 9.156831, 45.458569 ], [ 9.156817, 45.458556 ], [ 9.156406, 45.458256 ], [ 9.155957, 45.458108 ], [ 9.155909, 45.458051 ], [ 9.155398, 45.457742 ], [ 9.155387, 45.45773 ], [ 9.155381, 45.457726 ], [ 9.155472, 45.457414 ], [ 9.155367, 45.457255 ], [ 9.15529, 45.457073 ], [ 9.155203, 45.457021 ], [ 9.155177, 45.456931 ], [ 9.155174, 45.456877 ], [ 9.155138, 45.456786 ], [ 9.155132, 45.456776 ], [ 9.155093, 45.456655 ], [ 9.155093, 45.456647 ], [ 9.155062, 45.456524 ], [ 9.154902, 45.45606 ], [ 9.154914, 45.456032 ], [ 9.155065, 45.456026 ], [ 9.155586, 45.455582 ], [ 9.155566, 45.455463 ], [ 9.155566, 45.455449 ], [ 9.155533, 45.455202 ], [ 9.155524, 45.455191 ], [ 9.155457, 45.455047 ], [ 9.155392, 45.454994 ], [ 9.15534, 45.454887 ], [ 9.155228, 45.454766 ], [ 9.155109, 45.454548 ], [ 9.155219, 45.454107 ], [ 9.155234, 45.454084 ], [ 9.155238, 45.454079 ], [ 9.155395, 45.453965 ], [ 9.155608, 45.453874 ], [ 9.155625, 45.453801 ], [ 9.15565, 45.453749 ], [ 9.155582, 45.453539 ], [ 9.155563, 45.453499 ], [ 9.155455, 45.453286 ], [ 9.155532, 45.452895 ], [ 9.15558, 45.45287 ], [ 9.155622, 45.45274 ], [ 9.155476, 45.452422 ], [ 9.155461, 45.452354 ], [ 9.155374, 45.452219 ], [ 9.155335, 45.452089 ], [ 9.155147, 45.452161 ], [ 9.154982, 45.452187 ], [ 9.15494, 45.452189 ], [ 9.154816, 45.452185 ], [ 9.154565, 45.45211 ], [ 9.154541, 45.452127 ], [ 9.15442, 45.452253 ], [ 9.154416, 45.45226 ], [ 9.154251, 45.452616 ], [ 9.154039, 45.453207 ], [ 9.154016, 45.453221 ], [ 9.153673, 45.452928 ], [ 9.153909, 45.451994 ], [ 9.153911, 45.451914 ], [ 9.15385, 45.451712 ], [ 9.153846, 45.451687 ], [ 9.153814, 45.451579 ], [ 9.15372, 45.451549 ], [ 9.153685, 45.451542 ], [ 9.15363, 45.451525 ], [ 9.15359, 45.451517 ], [ 9.153585, 45.451515 ], [ 9.153481, 45.451474 ], [ 9.153403, 45.451453 ], [ 9.153381, 45.451444 ], [ 9.153295, 45.451401 ], [ 9.153124, 45.451375 ], [ 9.152949, 45.451286 ], [ 9.152915, 45.451257 ], [ 9.152601, 45.451183 ], [ 9.152469, 45.451224 ], [ 9.152408, 45.451234 ], [ 9.152253, 45.451219 ], [ 9.152086, 45.451184 ], [ 9.151978, 45.451128 ], [ 9.151836, 45.451027 ], [ 9.151809, 45.451 ], [ 9.151842, 45.4508 ], [ 9.151807, 45.450713 ], [ 9.151808, 45.450526 ], [ 9.151843, 45.450036 ], [ 9.151914, 45.449973 ], [ 9.151967, 45.44989 ], [ 9.152147, 45.449789 ], [ 9.152233, 45.449789 ], [ 9.153067, 45.449517 ], [ 9.153321, 45.449501 ], [ 9.152952, 45.448037 ], [ 9.152036, 45.44807 ], [ 9.15193, 45.448096 ], [ 9.151788, 45.44819 ], [ 9.151125, 45.448386 ], [ 9.151058, 45.448584 ], [ 9.151008, 45.448722 ], [ 9.151015, 45.44874 ], [ 9.1511, 45.449088 ], [ 9.15113, 45.449233 ], [ 9.151117, 45.449321 ], [ 9.150979, 45.449861 ], [ 9.150698, 45.44991 ], [ 9.150604, 45.450008 ], [ 9.15037, 45.450078 ], [ 9.150307, 45.450107 ], [ 9.150297, 45.450113 ], [ 9.15012, 45.450154 ], [ 9.150045, 45.450216 ], [ 9.149817, 45.450296 ], [ 9.149792, 45.450286 ], [ 9.149784, 45.450283 ], [ 9.149732, 45.450273 ], [ 9.149567, 45.450191 ], [ 9.149542, 45.450116 ], [ 9.149304, 45.449798 ], [ 9.149309, 45.449408 ], [ 9.14911, 45.448753 ], [ 9.148698, 45.449484 ], [ 9.148564, 45.449647 ], [ 9.14835, 45.449775 ], [ 9.148299, 45.449797 ], [ 9.148292, 45.449796 ], [ 9.148268, 45.449789 ], [ 9.148055, 45.449714 ], [ 9.147992, 45.449713 ], [ 9.147724, 45.449606 ], [ 9.147506, 45.449582 ], [ 9.147457, 45.449546 ], [ 9.147327, 45.44949 ], [ 9.147305, 45.449355 ], [ 9.147255, 45.449206 ], [ 9.147084, 45.448818 ], [ 9.147027, 45.448768 ], [ 9.146902, 45.448851 ], [ 9.146554, 45.448818 ], [ 9.146511, 45.448851 ], [ 9.146483, 45.448868 ], [ 9.146342, 45.44895 ], [ 9.146064, 45.449 ], [ 9.146015, 45.449038 ], [ 9.146015, 45.449039 ], [ 9.145962, 45.449031 ], [ 9.145956, 45.44903 ], [ 9.145783, 45.448869 ], [ 9.145732, 45.448778 ], [ 9.145522, 45.448575 ], [ 9.145441, 45.448555 ], [ 9.145214, 45.448333 ], [ 9.145081, 45.448373 ], [ 9.144669, 45.448003 ], [ 9.144815, 45.447856 ], [ 9.144982, 45.447575 ], [ 9.145331, 45.44743 ], [ 9.145431, 45.447434 ], [ 9.145664, 45.447395 ], [ 9.146024, 45.447483 ], [ 9.146588, 45.447337 ], [ 9.146634, 45.447321 ], [ 9.146674, 45.447305 ], [ 9.14758, 45.446838 ], [ 9.146378, 45.446048 ], [ 9.146287, 45.446024 ], [ 9.145338, 45.44629 ], [ 9.145239, 45.446264 ], [ 9.14479, 45.445981 ], [ 9.144659, 45.445979 ], [ 9.144616, 45.445953 ], [ 9.144599, 45.445946 ], [ 9.14436, 45.44586 ], [ 9.144209, 45.445817 ], [ 9.143949, 45.445814 ], [ 9.143716, 45.445819 ], [ 9.143566, 45.445853 ], [ 9.143252, 45.445954 ], [ 9.143251, 45.445955 ], [ 9.143165, 45.445961 ], [ 9.14309, 45.445974 ], [ 9.142819, 45.446045 ], [ 9.142739, 45.44602 ], [ 9.142574, 45.44599 ], [ 9.142528, 45.445977 ], [ 9.142493, 45.445969 ], [ 9.142369, 45.445936 ], [ 9.14229, 45.445909 ], [ 9.142021, 45.445866 ], [ 9.141956, 45.445858 ], [ 9.141883, 45.445851 ], [ 9.141738, 45.445843 ], [ 9.14156, 45.445844 ], [ 9.141386, 45.445857 ], [ 9.141224, 45.44588 ], [ 9.141025, 45.445919 ], [ 9.140884, 45.445955 ], [ 9.140689, 45.446016 ], [ 9.140675, 45.446022 ], [ 9.140407, 45.445963 ], [ 9.140175, 45.445936 ], [ 9.139982, 45.445921 ], [ 9.139885, 45.445922 ], [ 9.13962, 45.445878 ], [ 9.139087, 45.445604 ], [ 9.138952, 45.445531 ], [ 9.13887, 45.445476 ], [ 9.138852, 45.445461 ], [ 9.138678, 45.445403 ], [ 9.13769, 45.445398 ], [ 9.137451, 45.44529 ], [ 9.13687, 45.445108 ], [ 9.136512, 45.445071 ], [ 9.136223, 45.445042 ], [ 9.136123, 45.445046 ], [ 9.135679, 45.44643 ], [ 9.134703, 45.446165 ], [ 9.1347, 45.446164 ], [ 9.134692, 45.446162 ], [ 9.134677, 45.446159 ], [ 9.134566, 45.446061 ], [ 9.134485, 45.446081 ], [ 9.134483, 45.446088 ], [ 9.134172, 45.446577 ], [ 9.134116, 45.446622 ], [ 9.133824, 45.446962 ], [ 9.133509, 45.447403 ], [ 9.134678, 45.447902 ], [ 9.134749, 45.4481 ], [ 9.134916, 45.448297 ], [ 9.135137, 45.448489 ] ] ] } },
{ "type": "Feature", "properties": { "postcode": "20147", "iou_vs_official": 0.7011, "match_status": "matched", "n_seed_addresses": 728 }, "geometry": { "type": "Polygon", "coordinates": [ [ [ 9.119118, 45.438877 ], [ 9.119085, 45.438908 ], [ 9.118966, 45.439017 ], [ 9.118943, 45.439038 ], [ 9.118838, 45.439136 ], [ 9.118836, 45.439137 ], [ 9.118231, 45.439699 ], [ 9.118198, 45.43973 ], [ 9.117665, 45.440242 ], [ 9.117518, 45.44042 ], [ 9.11743, 45.440527 ], [ 9.117252, 45.440672 ], [ 9.117092, 45.440761 ], [ 9.117041, 45.440791 ], [ 9.116977, 45.440829 ], [ 9.116886, 45.440885 ], [ 9.117361, 45.441741 ], [ 9.119351, 45.44244 ], [ 9.119921, 45.442886 ], [ 9.12006, 45.44291 ], [ 9.120776, 45.443318 ], [ 9.120993, 45.443553 ], [ 9.121553, 45.443608 ], [ 9.12159, 45.443614 ], [ 9.121606, 45.443617 ], [ 9.122545, 45.444356 ], [ 9.122545, 45.444385 ], [ 9.122438, 45.445085 ], [ 9.122184, 45.445649 ], [ 9.121247, 45.446502 ], [ 9.121221, 45.446557 ], [ 9.122794, 45.449022 ], [ 9.122805, 45.449563 ], [ 9.122762, 45.449625 ], [ 9.122639, 45.449822 ], [ 9.121942, 45.451032 ], [ 9.12108, 45.451676 ], [ 9.120099, 45.451661 ], [ 9.11771, 45.451044 ], [ 9.1156, 45.451912 ], [ 9.112141, 45.452207 ], [ 9.111301, 45.455626 ], [ 9.114889, 45.458848 ], [ 9.115735, 45.460058 ], [ 9.115486, 45.463979 ], [ 9.116502, 45.464624 ], [ 9.116635, 45.469562 ], [ 9.118764, 45.470477 ], [ 9.118782, 45.470578 ], [ 9.118771, 45.470653 ], [ 9.118741, 45.470813 ], [ 9.118472, 45.471925 ], [ 9.119348, 45.473481 ], [ 9.119546, 45.473208 ], [ 9.120873, 45.472455 ], [ 9.120912, 45.472457 ], [ 9.120923, 45.472456 ], [ 9.121341, 45.472519 ], [ 9.121346, 45.472521 ], [ 9.122521, 45.472533 ], [ 9.122736, 45.4723 ], [ 9.122844, 45.471676 ], [ 9.123166, 45.470729 ], [ 9.123916, 45.470587 ], [ 9.126086, 45.470868 ], [ 9.126302, 45.471216 ], [ 9.127956, 45.471977 ], [ 9.129343, 45.472674 ], [ 9.129863, 45.471672 ], [ 9.130115, 45.471253 ], [ 9.129922, 45.469519 ], [ 9.131284, 45.467563 ], [ 9.131513, 45.467542 ], [ 9.131696, 45.467452 ], [ 9.132659, 45.467002 ], [ 9.133304, 45.466164 ], [ 9.13545, 45.466566 ], [ 9.136056, 45.4668 ], [ 9.13622, 45.466424 ], [ 9.136875, 45.465358 ], [ 9.137188, 45.465077 ], [ 9.137415, 45.464165 ], [ 9.13616, 45.463564 ], [ 9.136151, 45.463482 ], [ 9.136167, 45.463316 ], [ 9.136366, 45.463141 ], [ 9.136467, 45.46301 ], [ 9.136561, 45.462866 ], [ 9.136592, 45.462812 ], [ 9.136636, 45.462726 ], [ 9.13666, 45.462655 ], [ 9.13668, 45.462576 ], [ 9.136703, 45.462348 ], [ 9.136732, 45.46222 ], [ 9.136872, 45.461777 ], [ 9.136901, 45.46152 ], [ 9.136507, 45.461568 ], [ 9.135612, 45.462384 ], [ 9.134993, 45.462166 ], [ 9.134947, 45.461968 ], [ 9.13508, 45.46181 ], [ 9.135179, 45.461654 ], [ 9.135353, 45.461085 ], [ 9.135742, 45.460815 ], [ 9.135759, 45.460583 ], [ 9.135557, 45.460257 ], [ 9.135445, 45.460116 ], [ 9.135327, 45.459995 ], [ 9.135068, 45.459582 ], [ 9.135058, 45.45958 ], [ 9.134851, 45.459518 ], [ 9.134741, 45.459496 ], [ 9.134559, 45.459435 ], [ 9.134409, 45.459412 ], [ 9.134089, 45.459308 ], [ 9.133963, 45.459248 ], [ 9.133755, 45.459246 ], [ 9.133519, 45.459204 ], [ 9.133085, 45.459109 ], [ 9.133071, 45.459072 ], [ 9.132378, 45.458125 ], [ 9.131941, 45.457811 ], [ 9.131934, 45.457583 ], [ 9.132348, 45.456895 ], [ 9.132252, 45.456747 ], [ 9.131613, 45.456136 ], [ 9.131555, 45.455986 ], [ 9.131802, 45.455407 ], [ 9.131841, 45.455387 ], [ 9.132076, 45.455392 ], [ 9.132634, 45.454962 ], [ 9.133306, 45.455094 ], [ 9.133534, 45.454895 ], [ 9.133538, 45.454893 ], [ 9.133597, 45.454775 ], [ 9.133549, 45.454452 ], [ 9.133548, 45.454431 ], [ 9.133671, 45.453768 ], [ 9.133074, 45.453412 ], [ 9.133109, 45.453194 ], [ 9.133992, 45.452308 ], [ 9.134137, 45.45225 ], [ 9.134153, 45.452141 ], [ 9.134169, 45.452084 ], [ 9.134213, 45.451982 ], [ 9.134723, 45.451429 ], [ 9.134735, 45.45142 ], [ 9.134976, 45.450853 ], [ 9.13501, 45.450644 ], [ 9.135213, 45.450501 ], [ 9.135279, 45.45044 ], [ 9.135532, 45.450015 ], [ 9.135564, 45.449986 ], [ 9.135735, 45.449595 ], [ 9.13576, 45.449336 ], [ 9.135759, 45.449173 ], [ 9.135721, 45.448875 ], [ 9.13527, 45.448591 ], [ 9.135137, 45.448489 ], [ 9.134916, 45.448297 ], [ 9.134749, 45.4481 ], [ 9.134678, 45.447902 ], [ 9.133509, 45.447403 ], [ 9.133824, 45.446962 ], [ 9.134116, 45.446622 ], [ 9.134172, 45.446577 ], [ 9.134483, 45.446088 ], [ 9.134485, 45.446081 ], [ 9.134566, 45.446061 ], [ 9.134677, 45.446159 ], [ 9.134692, 45.446162 ], [ 9.1347, 45.446164 ], [ 9.134703, 45.446165 ], [ 9.135679, 45.44643 ], [ 9.136123, 45.445046 ], [ 9.135754, 45.444793 ], [ 9.135536, 45.444689 ], [ 9.135239, 45.444558 ], [ 9.135211, 45.444545 ], [ 9.135073, 45.444483 ], [ 9.134904, 45.444386 ], [ 9.13479, 45.444371 ], [ 9.134307, 45.444258 ], [ 9.134221, 45.444217 ], [ 9.13407, 45.444157 ], [ 9.133842, 45.444079 ], [ 9.133312, 45.443969 ], [ 9.133281, 45.443966 ], [ 9.13295, 45.44376 ], [ 9.132616, 45.443611 ], [ 9.132182, 45.443502 ], [ 9.132093, 45.44349 ], [ 9.131922, 45.443409 ], [ 9.131599, 45.443188 ], [ 9.131043, 45.443025 ], [ 9.130728, 45.442952 ], [ 9.130357, 45.442925 ], [ 9.130297, 45.442911 ], [ 9.129806, 45.442821 ], [ 9.129431, 45.44287 ], [ 9.128957, 45.442718 ], [ 9.128311, 45.442617 ], [ 9.127773, 45.442579 ], [ 9.127744, 45.44258 ], [ 9.127367, 45.442566 ], [ 9.125991, 45.442755 ], [ 9.125635, 45.442157 ], [ 9.125283, 45.441753 ], [ 9.124774, 45.441235 ], [ 9.124518, 45.440859 ], [ 9.123942, 45.440198 ], [ 9.123381, 45.440104 ], [ 9.122018, 45.439552 ], [ 9.121548, 45.439305 ], [ 9.12041, 45.438358 ], [ 9.120004, 45.437934 ], [ 9.119955, 45.438006 ], [ 9.119803, 45.438188 ], [ 9.119732, 45.43828 ], [ 9.119667, 45.438367 ], [ 9.119584, 45.438447 ], [ 9.119545, 45.438484 ], [ 9.11937, 45.438645 ], [ 9.119334, 45.438677 ], [ 9.119118, 45.438877 ] ] ] } },
{ "type": "Feature", "properties": { "postcode": "20148", "iou_vs_official": 0.7164, "match_status": "matched", "n_seed_addresses": 205 }, "geometry": { "type": "Polygon", "coordinates": [ [ [ 9.136056, 45.4668 ], [ 9.13545, 45.466566 ], [ 9.133304, 45.466164 ], [ 9.132659, 45.467002 ], [ 9.131696, 45.467452 ], [ 9.131513, 45.467542 ], [ 9.131284, 45.467563 ], [ 9.129922, 45.469519 ], [ 9.130115, 45.471253 ], [ 9.129863, 45.471672 ], [ 9.129343, 45.472674 ], [ 9.127956, 45.471977 ], [ 9.126302, 45.471216 ], [ 9.126086, 45.470868 ], [ 9.123916, 45.470587 ], [ 9.123166, 45.470729 ], [ 9.122844, 45.471676 ], [ 9.122736, 45.4723 ], [ 9.122521, 45.472533 ], [ 9.121346, 45.472521 ], [ 9.121341, 45.472519 ], [ 9.120923, 45.472456 ], [ 9.120912, 45.472457 ], [ 9.120873, 45.472455 ], [ 9.119546, 45.473208 ], [ 9.119348, 45.473481 ], [ 9.119392, 45.473943 ], [ 9.119481, 45.474101 ], [ 9.11966, 45.474509 ], [ 9.120477, 45.477462 ], [ 9.120455, 45.47762 ], [ 9.124085, 45.477612 ], [ 9.125689, 45.477815 ], [ 9.125933, 45.477846 ], [ 9.128489, 45.480158 ], [ 9.128663, 45.480489 ], [ 9.130954, 45.481372 ], [ 9.130942, 45.481508 ], [ 9.131043, 45.482806 ], [ 9.132178, 45.490078 ], [ 9.134361, 45.489884 ], [ 9.134711, 45.490059 ], [ 9.136837, 45.491804 ], [ 9.138164, 45.492231 ], [ 9.140185, 45.491079 ], [ 9.140345, 45.490964 ], [ 9.140428, 45.490788 ], [ 9.14046, 45.490736 ], [ 9.141252, 45.48983 ], [ 9.141878, 45.489329 ], [ 9.142319, 45.489129 ], [ 9.142604, 45.488968 ], [ 9.142643, 45.488915 ], [ 9.144725, 45.486904 ], [ 9.145316, 45.486483 ], [ 9.145516, 45.486506 ], [ 9.146768, 45.484715 ], [ 9.148988, 45.48311 ], [ 9.149014, 45.483099 ], [ 9.149183, 45.482903 ], [ 9.148212, 45.481158 ], [ 9.147629, 45.480914 ], [ 9.147, 45.48085 ], [ 9.145736, 45.480915 ], [ 9.145656, 45.480932 ], [ 9.145586, 45.480859 ], [ 9.145402, 45.480688 ], [ 9.145397, 45.480674 ], [ 9.145273, 45.48035 ], [ 9.145225, 45.480261 ], [ 9.144322, 45.479679 ], [ 9.143636, 45.479717 ], [ 9.143347, 45.4797 ], [ 9.143338, 45.479697 ], [ 9.14215, 45.479148 ], [ 9.142307, 45.478493 ], [ 9.142479, 45.478223 ], [ 9.142775, 45.477518 ], [ 9.142477, 45.476746 ], [ 9.142246, 45.476223 ], [ 9.141824, 45.475435 ], [ 9.141905, 45.475335 ], [ 9.142312, 45.474747 ], [ 9.142713, 45.474361 ], [ 9.143995, 45.474077 ], [ 9.14396, 45.473822 ], [ 9.143545, 45.472693 ], [ 9.14354, 45.472684 ], [ 9.143572, 45.472454 ], [ 9.14325, 45.472155 ], [ 9.142483, 45.471216 ], [ 9.142493, 45.471189 ], [ 9.144105, 45.471681 ], [ 9.144583, 45.47157 ], [ 9.144827, 45.472087 ], [ 9.145519, 45.472697 ], [ 9.146336, 45.47235 ], [ 9.146422, 45.472024 ], [ 9.146389, 45.471858 ], [ 9.146461, 45.471173 ], [ 9.146757, 45.470748 ], [ 9.146884, 45.470491 ], [ 9.146893, 45.47047 ], [ 9.146971, 45.470382 ], [ 9.146984, 45.470364 ], [ 9.14709, 45.470193 ], [ 9.147406, 45.469559 ], [ 9.147046, 45.469199 ], [ 9.146467, 45.469231 ], [ 9.146439, 45.469235 ], [ 9.145398, 45.469106 ], [ 9.144989, 45.468996 ], [ 9.144815, 45.468668 ], [ 9.145016, 45.467938 ], [ 9.144213, 45.466911 ], [ 9.144188, 45.466669 ], [ 9.144137, 45.466622 ], [ 9.143813, 45.466231 ], [ 9.14316, 45.466006 ], [ 9.142955, 45.466118 ], [ 9.142858, 45.466193 ], [ 9.142217, 45.466762 ], [ 9.142127, 45.466795 ], [ 9.141472, 45.466653 ], [ 9.141416, 45.466666 ], [ 9.141209, 45.466728 ], [ 9.141074, 45.466779 ], [ 9.140978, 45.466761 ], [ 9.140926, 45.466759 ], [ 9.138879, 45.468143 ], [ 9.138653, 45.468355 ], [ 9.138027, 45.467861 ], [ 9.137892, 45.467773 ], [ 9.136509, 45.467464 ], [ 9.136466, 45.467443 ], [ 9.136056, 45.4668 ] ] ] } },
{ "type": "Feature", "properties": { "postcode": "20149", "iou_vs_official": 0.7499, "match_status": "matched", "n_seed_addresses": 438 }, "geometry": { "type": "Polygon", "coordinates": [ [ [ 9.146467, 45.469231 ], [ 9.147046, 45.469199 ], [ 9.147406, 45.469559 ], [ 9.14709, 45.470193 ], [ 9.146984, 45.470364 ], [ 9.146971, 45.470382 ], [ 9.146893, 45.47047 ], [ 9.146884, 45.470491 ], [ 9.146757, 45.470748 ], [ 9.146461, 45.471173 ], [ 9.146389, 45.471858 ], [ 9.146422, 45.472024 ], [ 9.146336, 45.47235 ], [ 9.145519, 45.472697 ], [ 9.144827, 45.472087 ], [ 9.144583, 45.47157 ], [ 9.144105, 45.471681 ], [ 9.142493, 45.471189 ], [ 9.142483, 45.471216 ], [ 9.14325, 45.472155 ], [ 9.143572, 45.472454 ], [ 9.14354, 45.472684 ], [ 9.143545, 45.472693 ], [ 9.14396, 45.473822 ], [ 9.143995, 45.474077 ], [ 9.142713, 45.474361 ], [ 9.142312, 45.474747 ], [ 9.141905, 45.475335 ], [ 9.141824, 45.475435 ], [ 9.142246, 45.476223 ], [ 9.142477, 45.476746 ], [ 9.142775, 45.477518 ], [ 9.142479, 45.478223 ], [ 9.142307, 45.478493 ], [ 9.14215, 45.479148 ], [ 9.143338, 45.479697 ], [ 9.143347, 45.4797 ], [ 9.143636, 45.479717 ], [ 9.144322, 45.479679 ], [ 9.145225, 45.480261 ], [ 9.145273, 45.48035 ], [ 9.145397, 45.480674 ], [ 9.145402, 45.480688 ], [ 9.145586, 45.480859 ], [ 9.145656, 45.480932 ], [ 9.145736, 45.480915 ], [ 9.147, 45.48085 ], [ 9.147629, 45.480914 ], [ 9.148212, 45.481158 ], [ 9.149183, 45.482903 ], [ 9.149014, 45.483099 ], [ 9.148988, 45.48311 ], [ 9.146768, 45.484715 ], [ 9.145516, 45.486506 ], [ 9.145316, 45.486483 ], [ 9.144725, 45.486904 ], [ 9.142643, 45.488915 ], [ 9.142604, 45.488968 ], [ 9.142319, 45.489129 ], [ 9.141878, 45.489329 ], [ 9.141252, 45.48983 ], [ 9.14046, 45.490736 ], [ 9.140428, 45.490788 ], [ 9.140345, 45.490964 ], [ 9.142225, 45.492006 ], [ 9.143149, 45.492449 ], [ 9.143376, 45.492391 ], [ 9.143623, 45.49243 ], [ 9.144515, 45.492535 ], [ 9.145168, 45.49293 ], [ 9.146326, 45.492752 ], [ 9.146621, 45.492664 ], [ 9.146642, 45.492674 ], [ 9.146652, 45.492676 ], [ 9.146784, 45.492717 ], [ 9.148574, 45.491851 ], [ 9.148675, 45.491551 ], [ 9.149342, 45.491043 ], [ 9.150351, 45.491515 ], [ 9.150842, 45.491251 ], [ 9.151902, 45.491421 ], [ 9.152282, 45.490914 ], [ 9.152219, 45.490369 ], [ 9.152399, 45.48987 ], [ 9.15324, 45.489616 ], [ 9.153317, 45.488943 ], [ 9.15338, 45.488841 ], [ 9.153716, 45.487911 ], [ 9.153914, 45.487971 ], [ 9.154246, 45.487967 ], [ 9.154328, 45.487978 ], [ 9.155897, 45.487999 ], [ 9.15721, 45.489111 ], [ 9.157253, 45.489134 ], [ 9.157563, 45.489387 ], [ 9.158377, 45.488736 ], [ 9.158425, 45.488636 ], [ 9.159032, 45.487502 ], [ 9.158767, 45.48626 ], [ 9.159662, 45.485614 ], [ 9.159676, 45.485583 ], [ 9.159782, 45.485383 ], [ 9.159848, 45.485281 ], [ 9.16018, 45.485009 ], [ 9.160359, 45.484959 ], [ 9.16042, 45.484859 ], [ 9.160551, 45.484676 ], [ 9.160833, 45.484366 ], [ 9.161009, 45.484357 ], [ 9.161068, 45.484324 ], [ 9.161177, 45.484287 ], [ 9.161514, 45.483963 ], [ 9.161573, 45.483929 ], [ 9.161643, 45.48387 ], [ 9.161655, 45.483862 ], [ 9.161769, 45.48376 ], [ 9.161778, 45.483757 ], [ 9.16189, 45.483692 ], [ 9.162048, 45.483583 ], [ 9.162143, 45.483459 ], [ 9.162381, 45.483336 ], [ 9.162495, 45.483186 ], [ 9.162654, 45.482905 ], [ 9.162744, 45.482624 ], [ 9.162737, 45.482615 ], [ 9.162465, 45.48238 ], [ 9.162188, 45.482217 ], [ 9.161863, 45.482118 ], [ 9.161802, 45.482104 ], [ 9.16142, 45.482043 ], [ 9.161376, 45.482049 ], [ 9.161151, 45.481661 ], [ 9.16101, 45.481477 ], [ 9.160764, 45.481208 ], [ 9.161142, 45.480686 ], [ 9.161182, 45.480646 ], [ 9.161578, 45.480664 ], [ 9.161683, 45.480636 ], [ 9.161781, 45.480654 ], [ 9.161956, 45.480629 ], [ 9.162299, 45.480674 ], [ 9.162335, 45.480659 ], [ 9.162791, 45.480582 ], [ 9.162823, 45.480587 ], [ 9.163216, 45.480609 ], [ 9.16335, 45.480483 ], [ 9.16347, 45.480394 ], [ 9.16347, 45.480296 ], [ 9.16345, 45.4802 ], [ 9.163432, 45.47987 ], [ 9.163413, 45.479733 ], [ 9.16343, 45.47947 ], [ 9.163195, 45.478782 ], [ 9.163167, 45.478741 ], [ 9.163142, 45.478633 ], [ 9.16262, 45.478946 ], [ 9.162475, 45.478955 ], [ 9.162344, 45.479049 ], [ 9.162167, 45.479065 ], [ 9.162101, 45.479102 ], [ 9.161886, 45.479194 ], [ 9.161855, 45.479216 ], [ 9.161449, 45.479304 ], [ 9.161386, 45.47936 ], [ 9.161145, 45.479446 ], [ 9.161101, 45.479464 ], [ 9.161073, 45.479552 ], [ 9.160975, 45.479745 ], [ 9.160922, 45.479818 ], [ 9.16088, 45.479837 ], [ 9.158749, 45.480024 ], [ 9.158564, 45.48029 ], [ 9.157405, 45.48035 ], [ 9.157339, 45.480315 ], [ 9.155824, 45.480144 ], [ 9.15564, 45.480204 ], [ 9.154996, 45.48018 ], [ 9.154087, 45.48028 ], [ 9.153545, 45.480737 ], [ 9.152981, 45.480765 ], [ 9.152366, 45.480155 ], [ 9.150943, 45.479152 ], [ 9.150534, 45.47816 ], [ 9.152499, 45.477381 ], [ 9.152846, 45.477202 ], [ 9.153024, 45.477234 ], [ 9.153033, 45.477236 ], [ 9.154871, 45.47641 ], [ 9.155491, 45.476082 ], [ 9.156369, 45.475001 ], [ 9.155877, 45.47379 ], [ 9.156039, 45.473509 ], [ 9.155678, 45.470169 ], [ 9.155358, 45.47007 ], [ 9.155087, 45.468834 ], [ 9.154922, 45.468565 ], [ 9.15531, 45.468267 ], [ 9.155336, 45.467823 ], [ 9.155234, 45.467661 ], [ 9.155229, 45.46763 ], [ 9.155239, 45.467432 ], [ 9.155237, 45.467423 ], [ 9.15523, 45.467369 ], [ 9.155232, 45.467296 ], [ 9.155231, 45.467292 ], [ 9.155225, 45.467228 ], [ 9.1552, 45.467068 ], [ 9.155118, 45.46691 ], [ 9.154696, 45.467292 ], [ 9.154565, 45.467244 ], [ 9.154382, 45.467312 ], [ 9.153688, 45.466295 ], [ 9.154402, 45.465572 ], [ 9.153936, 45.464962 ], [ 9.153584, 45.464778 ], [ 9.153394, 45.464685 ], [ 9.152577, 45.464938 ], [ 9.152411, 45.4661 ], [ 9.152204, 45.466116 ], [ 9.152172, 45.466117 ], [ 9.152114, 45.46611 ], [ 9.152042, 45.466147 ], [ 9.151902, 45.466208 ], [ 9.151725, 45.466238 ], [ 9.151566, 45.46624 ], [ 9.151378, 45.466205 ], [ 9.151377, 45.466204 ], [ 9.151276, 45.466144 ], [ 9.151221, 45.466105 ], [ 9.151151, 45.466094 ], [ 9.15108, 45.466066 ], [ 9.150776, 45.466321 ], [ 9.150688, 45.466338 ], [ 9.150679, 45.466344 ], [ 9.150437, 45.466375 ], [ 9.150059, 45.466609 ], [ 9.14999, 45.466546 ], [ 9.149327, 45.466542 ], [ 9.149185, 45.466704 ], [ 9.148981, 45.466809 ], [ 9.148943, 45.466825 ], [ 9.148841, 45.466852 ], [ 9.148739, 45.46691 ], [ 9.148342, 45.466644 ], [ 9.147845, 45.466705 ], [ 9.147408, 45.466888 ], [ 9.147347, 45.466944 ], [ 9.147025, 45.466816 ], [ 9.146786, 45.466766 ], [ 9.1461, 45.466332 ], [ 9.145529, 45.467732 ], [ 9.145516, 45.467738 ], [ 9.145016, 45.467938 ], [ 9.144815, 45.468668 ], [ 9.144989, 45.468996 ], [ 9.145398, 45.469106 ], [ 9.146439, 45.469235 ], [ 9.146467, 45.469231 ] ] ] } },
{ "type": "Feature", "properties": { "postcode": "20151", "iou_vs_official": 0.6789, "match_status": "matched", "n_seed_addresses": 303 }, "geometry": { "type": "Polygon", "coordinates": [ [ [ 9.091267, 45.489898 ], [ 9.088314, 45.492121 ], [ 9.086887, 45.494869 ], [ 9.086134, 45.495376 ], [ 9.08452, 45.49831 ], [ 9.084563, 45.498326 ], [ 9.085885, 45.498794 ], [ 9.086039, 45.498822 ], [ 9.086333, 45.498444 ], [ 9.08641, 45.498372 ], [ 9.086486, 45.498264 ], [ 9.086627, 45.498101 ], [ 9.086857, 45.497823 ], [ 9.086882, 45.497827 ], [ 9.086991, 45.497962 ], [ 9.0871, 45.497989 ], [ 9.08719, 45.498047 ], [ 9.087254, 45.498047 ], [ 9.087337, 45.497957 ], [ 9.087791, 45.497808 ], [ 9.087862, 45.49784 ], [ 9.08783, 45.497907 ], [ 9.087875, 45.497952 ], [ 9.087955, 45.49797 ], [ 9.088067, 45.498002 ], [ 9.088227, 45.498073 ], [ 9.08856, 45.498195 ], [ 9.088893, 45.498352 ], [ 9.088963, 45.49837 ], [ 9.089251, 45.498511 ], [ 9.089718, 45.498707 ], [ 9.090148, 45.498888 ], [ 9.09015, 45.498916 ], [ 9.089781, 45.499359 ], [ 9.089708, 45.499446 ], [ 9.089651, 45.499515 ], [ 9.089586, 45.499593 ], [ 9.089626, 45.499624 ], [ 9.089636, 45.499632 ], [ 9.08979, 45.499657 ], [ 9.089905, 45.499675 ], [ 9.090496, 45.499771 ], [ 9.09037, 45.499895 ], [ 9.090105, 45.500193 ], [ 9.090037, 45.50027 ], [ 9.090035, 45.500271 ], [ 9.089925, 45.500354 ], [ 9.089887, 45.500396 ], [ 9.089849, 45.500439 ], [ 9.089937, 45.500718 ], [ 9.089959, 45.500775 ], [ 9.089965, 45.50079 ], [ 9.089976, 45.500818 ], [ 9.090055, 45.501016 ], [ 9.090099, 45.50113 ], [ 9.090124, 45.501195 ], [ 9.090181, 45.50134 ], [ 9.090242, 45.501502 ], [ 9.090311, 45.501676 ], [ 9.090384, 45.501859 ], [ 9.090392, 45.501879 ], [ 9.090462, 45.502056 ], [ 9.090483, 45.502108 ], [ 9.090504, 45.50216 ], [ 9.090523, 45.502209 ], [ 9.090577, 45.502345 ], [ 9.090603, 45.502406 ], [ 9.090612, 45.502426 ], [ 9.090676, 45.502581 ], [ 9.090752, 45.502767 ], [ 9.090808, 45.502904 ], [ 9.090826, 45.502947 ], [ 9.090828, 45.502952 ], [ 9.090854, 45.503017 ], [ 9.090935, 45.503223 ], [ 9.090985, 45.503361 ], [ 9.091036, 45.503486 ], [ 9.09109, 45.503627 ], [ 9.091101, 45.503656 ], [ 9.09114, 45.503759 ], [ 9.091175, 45.503855 ], [ 9.091208, 45.503944 ], [ 9.091238, 45.504056 ], [ 9.091247, 45.50415 ], [ 9.091256, 45.504248 ], [ 9.091268, 45.504371 ], [ 9.091289, 45.504586 ], [ 9.091293, 45.504624 ], [ 9.091309, 45.504777 ], [ 9.091331, 45.504975 ], [ 9.091332, 45.504993 ], [ 9.091338, 45.505078 ], [ 9.091353, 45.505225 ], [ 9.091358, 45.505268 ], [ 9.091365, 45.505351 ], [ 9.091377, 45.505443 ], [ 9.091381, 45.505474 ], [ 9.091411, 45.505698 ], [ 9.091418, 45.505745 ], [ 9.091435, 45.50587 ], [ 9.091457, 45.506064 ], [ 9.091471, 45.506173 ], [ 9.091487, 45.506283 ], [ 9.091504, 45.506419 ], [ 9.091517, 45.506554 ], [ 9.091528, 45.506681 ], [ 9.091557, 45.50676 ], [ 9.091558, 45.506766 ], [ 9.091566, 45.506794 ], [ 9.091583, 45.50686 ], [ 9.091599, 45.506927 ], [ 9.091627, 45.507033 ], [ 9.091627, 45.507036 ], [ 9.091637, 45.507083 ], [ 9.091788, 45.506959 ], [ 9.091844, 45.506913 ], [ 9.091837, 45.506907 ], [ 9.091883, 45.506884 ], [ 9.091899, 45.506873 ], [ 9.091984, 45.506804 ], [ 9.092034, 45.506764 ], [ 9.092201, 45.50663 ], [ 9.09245, 45.506431 ], [ 9.092549, 45.506352 ], [ 9.09257, 45.506335 ], [ 9.092625, 45.506302 ], [ 9.092672, 45.506274 ], [ 9.092673, 45.506274 ], [ 9.092709, 45.506257 ], [ 9.092883, 45.506176 ], [ 9.09293, 45.506155 ], [ 9.092976, 45.506141 ], [ 9.093105, 45.506102 ], [ 9.093323, 45.506041 ], [ 9.093344, 45.506035 ], [ 9.093445, 45.506003 ], [ 9.093632, 45.505956 ], [ 9.093837, 45.505906 ], [ 9.093861, 45.5059 ], [ 9.094167, 45.505832 ], [ 9.094218, 45.505904 ], [ 9.09432, 45.506047 ], [ 9.094813, 45.506742 ], [ 9.094816, 45.506745 ], [ 9.094939, 45.50692 ], [ 9.095182, 45.507263 ], [ 9.095199, 45.507286 ], [ 9.095221, 45.507318 ], [ 9.095278, 45.507399 ], [ 9.095512, 45.507336 ], [ 9.09605, 45.507204 ], [ 9.096571, 45.507071 ], [ 9.096697, 45.507039 ], [ 9.097285, 45.506904 ], [ 9.097482, 45.506859 ], [ 9.097698, 45.506807 ], [ 9.097784, 45.506786 ], [ 9.098095, 45.50671 ], [ 9.098205, 45.506683 ], [ 9.098234, 45.506676 ], [ 9.098578, 45.50659 ], [ 9.09885, 45.506522 ], [ 9.098813, 45.506619 ], [ 9.098654, 45.507035 ], [ 9.098581, 45.507224 ], [ 9.098328, 45.507912 ], [ 9.098298, 45.507989 ], [ 9.098255, 45.508097 ], [ 9.098254, 45.508099 ], [ 9.098182, 45.508283 ], [ 9.098149, 45.508376 ], [ 9.098095, 45.508516 ], [ 9.09803, 45.508669 ], [ 9.097969, 45.508788 ], [ 9.097805, 45.509139 ], [ 9.097596, 45.50959 ], [ 9.0975, 45.509799 ], [ 9.097427, 45.509949 ], [ 9.097345, 45.510116 ], [ 9.097289, 45.510233 ], [ 9.097225, 45.510372 ], [ 9.097188, 45.510446 ], [ 9.097117, 45.510595 ], [ 9.097045, 45.510745 ], [ 9.096982, 45.510939 ], [ 9.096877, 45.511276 ], [ 9.096744, 45.511671 ], [ 9.096652, 45.51197 ], [ 9.096641, 45.512004 ], [ 9.096538, 45.512318 ], [ 9.096508, 45.51242 ], [ 9.096505, 45.512429 ], [ 9.096498, 45.512451 ], [ 9.096494, 45.512463 ], [ 9.096489, 45.512489 ], [ 9.096525, 45.512521 ], [ 9.096281, 45.512693 ], [ 9.096075, 45.512865 ], [ 9.096017, 45.512937 ], [ 9.095795, 45.513205 ], [ 9.095613, 45.51342 ], [ 9.095525, 45.513531 ], [ 9.095492, 45.513578 ], [ 9.095416, 45.513752 ], [ 9.095317, 45.513984 ], [ 9.095254, 45.514137 ], [ 9.095249, 45.514163 ], [ 9.095236, 45.514345 ], [ 9.095234, 45.51435 ], [ 9.095234, 45.514351 ], [ 9.095214, 45.514456 ], [ 9.095195, 45.514456 ], [ 9.095189, 45.51448 ], [ 9.095171, 45.514561 ], [ 9.095165, 45.514585 ], [ 9.095134, 45.514635 ], [ 9.095126, 45.514652 ], [ 9.095117, 45.514669 ], [ 9.095101, 45.514699 ], [ 9.095082, 45.51475 ], [ 9.095053, 45.514897 ], [ 9.095018, 45.515068 ], [ 9.095008, 45.515116 ], [ 9.094995, 45.515173 ], [ 9.094929, 45.515299 ], [ 9.094927, 45.515335 ], [ 9.094924, 45.515365 ], [ 9.094916, 45.515468 ], [ 9.09491, 45.51553 ], [ 9.09487, 45.51569 ], [ 9.094845, 45.515756 ], [ 9.094806, 45.515857 ], [ 9.094808, 45.516019 ], [ 9.094703, 45.51614 ], [ 9.094587, 45.516278 ], [ 9.094513, 45.516367 ], [ 9.094472, 45.516417 ], [ 9.094442, 45.516506 ], [ 9.0944, 45.516589 ], [ 9.094385, 45.516619 ], [ 9.094366, 45.516664 ], [ 9.09406, 45.517367 ], [ 9.093606, 45.518521 ], [ 9.093498, 45.518745 ], [ 9.093424, 45.518826 ], [ 9.09336, 45.518965 ], [ 9.09331, 45.519075 ], [ 9.09324, 45.519226 ], [ 9.093218, 45.519275 ], [ 9.093215, 45.51928 ], [ 9.093186, 45.519348 ], [ 9.093147, 45.519384 ], [ 9.093001, 45.519456 ], [ 9.092992, 45.51946 ], [ 9.092993, 45.519462 ], [ 9.093129, 45.519672 ], [ 9.093164, 45.519674 ], [ 9.093444, 45.519595 ], [ 9.093249, 45.519801 ], [ 9.093127, 45.519951 ], [ 9.092733, 45.520427 ], [ 9.095388, 45.521742 ], [ 9.094834, 45.522317 ], [ 9.094688, 45.52248 ], [ 9.094632, 45.52254 ], [ 9.094631, 45.522545 ], [ 9.094427, 45.52274 ], [ 9.094364, 45.522809 ], [ 9.094485, 45.522872 ], [ 9.094938, 45.523144 ], [ 9.095782, 45.523609 ], [ 9.096222, 45.523844 ], [ 9.096285, 45.52388 ], [ 9.096386, 45.523933 ], [ 9.09643, 45.523958 ], [ 9.096329, 45.524015 ], [ 9.096204, 45.524085 ], [ 9.096029, 45.524182 ], [ 9.095982, 45.524209 ], [ 9.095902, 45.524259 ], [ 9.095598, 45.524457 ], [ 9.095388, 45.524584 ], [ 9.095262, 45.524661 ], [ 9.095027, 45.524796 ], [ 9.094767, 45.524947 ], [ 9.094523, 45.525086 ], [ 9.094456, 45.525098 ], [ 9.094414, 45.5251 ], [ 9.094334, 45.525095 ], [ 9.094278, 45.525089 ], [ 9.094153, 45.525155 ], [ 9.094032, 45.525217 ], [ 9.09385, 45.525308 ], [ 9.093686, 45.525392 ], [ 9.093613, 45.525447 ], [ 9.093549, 45.525505 ], [ 9.093537, 45.525519 ], [ 9.093493, 45.525572 ], [ 9.093137, 45.525865 ], [ 9.092958, 45.526171 ], [ 9.092971, 45.526225 ], [ 9.092779, 45.526423 ], [ 9.092883, 45.526916 ], [ 9.092912, 45.527019 ], [ 9.092937, 45.527149 ], [ 9.092977, 45.527281 ], [ 9.092998, 45.527346 ], [ 9.09301, 45.52738 ], [ 9.093021, 45.527403 ], [ 9.093045, 45.527432 ], [ 9.093087, 45.527459 ], [ 9.093171, 45.527518 ], [ 9.093273, 45.527584 ], [ 9.093418, 45.527678 ], [ 9.093541, 45.527768 ], [ 9.093659, 45.527861 ], [ 9.093788, 45.527968 ], [ 9.093888, 45.528056 ], [ 9.093973, 45.528145 ], [ 9.094029, 45.528187 ], [ 9.094085, 45.528226 ], [ 9.094113, 45.528249 ], [ 9.093423, 45.528509 ], [ 9.092953, 45.528688 ], [ 9.092931, 45.528696 ], [ 9.092922, 45.528718 ], [ 9.093122, 45.529111 ], [ 9.093269, 45.529398 ], [ 9.095415, 45.529259 ], [ 9.095611, 45.529445 ], [ 9.095627, 45.529456 ], [ 9.095664, 45.529482 ], [ 9.095706, 45.529501 ], [ 9.095742, 45.529517 ], [ 9.095749, 45.529521 ], [ 9.095821, 45.529579 ], [ 9.095893, 45.529625 ], [ 9.095945, 45.529668 ], [ 9.096018, 45.529721 ], [ 9.096037, 45.529738 ], [ 9.096114, 45.529807 ], [ 9.096175, 45.529858 ], [ 9.096244, 45.529913 ], [ 9.096356, 45.529987 ], [ 9.096453, 45.530058 ], [ 9.096507, 45.530102 ], [ 9.096508, 45.530102 ], [ 9.096647, 45.530206 ], [ 9.096839, 45.530359 ], [ 9.096944, 45.530444 ], [ 9.096978, 45.530471 ], [ 9.097113, 45.530585 ], [ 9.097295, 45.530735 ], [ 9.09745, 45.530856 ], [ 9.097609, 45.530969 ], [ 9.097824, 45.531133 ], [ 9.097857, 45.531179 ], [ 9.098061, 45.531338 ], [ 9.098361, 45.53158 ], [ 9.098604, 45.531777 ], [ 9.098853, 45.531979 ], [ 9.098988, 45.532086 ], [ 9.099022, 45.531994 ], [ 9.099183, 45.53158 ], [ 9.099265, 45.531362 ], [ 9.099297, 45.531281 ], [ 9.099312, 45.53124 ], [ 9.099334, 45.531181 ], [ 9.099549, 45.53124 ], [ 9.099778, 45.531303 ], [ 9.100275, 45.53144 ], [ 9.100426, 45.531482 ], [ 9.100424, 45.531485 ], [ 9.100773, 45.531591 ], [ 9.100744, 45.531631 ], [ 9.100991, 45.531719 ], [ 9.101082, 45.53175 ], [ 9.101085, 45.531744 ], [ 9.101204, 45.531554 ], [ 9.101234, 45.531515 ], [ 9.101261, 45.531479 ], [ 9.10135, 45.531336 ], [ 9.10143, 45.53121 ], [ 9.101589, 45.53096 ], [ 9.101608, 45.530931 ], [ 9.100791, 45.530216 ], [ 9.100518, 45.529976 ], [ 9.100496, 45.529957 ], [ 9.100795, 45.529582 ], [ 9.10085, 45.529513 ], [ 9.10104, 45.529273 ], [ 9.101067, 45.529241 ], [ 9.100808, 45.529094 ], [ 9.100773, 45.529107 ], [ 9.100528, 45.529201 ], [ 9.100211, 45.529313 ], [ 9.099687, 45.529514 ], [ 9.099546, 45.529537 ], [ 9.099469, 45.529566 ], [ 9.099279, 45.529638 ], [ 9.099061, 45.529719 ], [ 9.098678, 45.529852 ], [ 9.098537, 45.529904 ], [ 9.098445, 45.529763 ], [ 9.098372, 45.529651 ], [ 9.098284, 45.529515 ], [ 9.098281, 45.529511 ], [ 9.098219, 45.529405 ], [ 9.098154, 45.529294 ], [ 9.098093, 45.529189 ], [ 9.098021, 45.529073 ], [ 9.097739, 45.529159 ], [ 9.097551, 45.529207 ], [ 9.097221, 45.529181 ], [ 9.097025, 45.529164 ], [ 9.096924, 45.529146 ], [ 9.096627, 45.529092 ], [ 9.096631, 45.529086 ], [ 9.097284, 45.528431 ], [ 9.09727, 45.528424 ], [ 9.09758, 45.528115 ], [ 9.097836, 45.527862 ], [ 9.097981, 45.527719 ], [ 9.09808, 45.52762 ], [ 9.098094, 45.527607 ], [ 9.09817, 45.527531 ], [ 9.098438, 45.527262 ], [ 9.098561, 45.527186 ], [ 9.09856, 45.527186 ], [ 9.098498, 45.527175 ], [ 9.098418, 45.527144 ], [ 9.098324, 45.527119 ], [ 9.098221, 45.527078 ], [ 9.098128, 45.52704 ], [ 9.097966, 45.526969 ], [ 9.097848, 45.526907 ], [ 9.097843, 45.526903 ], [ 9.097741, 45.526855 ], [ 9.097677, 45.526824 ], [ 9.097581, 45.526799 ], [ 9.097538, 45.526797 ], [ 9.097466, 45.526801 ], [ 9.097464, 45.526801 ], [ 9.097461, 45.526802 ], [ 9.097411, 45.526817 ], [ 9.097279, 45.526869 ], [ 9.097242, 45.526881 ], [ 9.097221, 45.526889 ], [ 9.097166, 45.526865 ], [ 9.09707, 45.526919 ], [ 9.096807, 45.526789 ], [ 9.09689, 45.526726 ], [ 9.096867, 45.526717 ], [ 9.096861, 45.526708 ], [ 9.096918, 45.526647 ], [ 9.09707, 45.526511 ], [ 9.09724, 45.526358 ], [ 9.097674, 45.525965 ], [ 9.097927, 45.525742 ], [ 9.09812, 45.525736 ], [ 9.098237, 45.525756 ], [ 9.098359, 45.525804 ], [ 9.098596, 45.525857 ], [ 9.098736, 45.525865 ], [ 9.098763, 45.525866 ], [ 9.098895, 45.525884 ], [ 9.098927, 45.525889 ], [ 9.099083, 45.525968 ], [ 9.099255, 45.526026 ], [ 9.099443, 45.526089 ], [ 9.09954, 45.526112 ], [ 9.09963, 45.526134 ], [ 9.099702, 45.52614 ], [ 9.099758, 45.526143 ], [ 9.099797, 45.526145 ], [ 9.099797, 45.526145 ], [ 9.099927, 45.526152 ], [ 9.100089, 45.526175 ], [ 9.10026, 45.526193 ], [ 9.100405, 45.526198 ], [ 9.100452, 45.526201 ], [ 9.100594, 45.526178 ], [ 9.100772, 45.526027 ], [ 9.100786, 45.526015 ], [ 9.100876, 45.525941 ], [ 9.100926, 45.525853 ], [ 9.10098, 45.525763 ], [ 9.100991, 45.525681 ], [ 9.101066, 45.525553 ], [ 9.101133, 45.525431 ], [ 9.101193, 45.525321 ], [ 9.101194, 45.525318 ], [ 9.101227, 45.525241 ], [ 9.101323, 45.52506 ], [ 9.101353, 45.525045 ], [ 9.101484, 45.524904 ], [ 9.101587, 45.524836 ], [ 9.101625, 45.524822 ], [ 9.101652, 45.524834 ], [ 9.101743, 45.524768 ], [ 9.101827, 45.524703 ], [ 9.101909, 45.524517 ], [ 9.101975, 45.524415 ], [ 9.101999, 45.524378 ], [ 9.102045, 45.524261 ], [ 9.102153, 45.524068 ], [ 9.102437, 45.523539 ], [ 9.102445, 45.523513 ], [ 9.102453, 45.523496 ], [ 9.102558, 45.523306 ], [ 9.102634, 45.523098 ], [ 9.102645, 45.523052 ], [ 9.102681, 45.522907 ], [ 9.102832, 45.522734 ], [ 9.102848, 45.522713 ], [ 9.102847, 45.522645 ], [ 9.102846, 45.522618 ], [ 9.102876, 45.522528 ], [ 9.102896, 45.522465 ], [ 9.102905, 45.522436 ], [ 9.10294, 45.52231 ], [ 9.102977, 45.522179 ], [ 9.103017, 45.522041 ], [ 9.103053, 45.521918 ], [ 9.103064, 45.521842 ], [ 9.103069, 45.521813 ], [ 9.103082, 45.521732 ], [ 9.103087, 45.521704 ], [ 9.103088, 45.521696 ], [ 9.103093, 45.52166 ], [ 9.103098, 45.521619 ], [ 9.103091, 45.521596 ], [ 9.103062, 45.521497 ], [ 9.102956, 45.521397 ], [ 9.102951, 45.521396 ], [ 9.102868, 45.521378 ], [ 9.102922, 45.521126 ], [ 9.102946, 45.521015 ], [ 9.103548, 45.521347 ], [ 9.104085, 45.521643 ], [ 9.104315, 45.521769 ], [ 9.104473, 45.521856 ], [ 9.104687, 45.521974 ], [ 9.104928, 45.522106 ], [ 9.105057, 45.522177 ], [ 9.105294, 45.522308 ], [ 9.1053, 45.522308 ], [ 9.105298, 45.52231 ], [ 9.105303, 45.522313 ], [ 9.105351, 45.522339 ], [ 9.105403, 45.522369 ], [ 9.105448, 45.522394 ], [ 9.105489, 45.522416 ], [ 9.105519, 45.522433 ], [ 9.10562, 45.522489 ], [ 9.105711, 45.522538 ], [ 9.105747, 45.522558 ], [ 9.105789, 45.522582 ], [ 9.105867, 45.522625 ], [ 9.105887, 45.522637 ], [ 9.105918, 45.522653 ], [ 9.105999, 45.522698 ], [ 9.106054, 45.522727 ], [ 9.10614, 45.522776 ], [ 9.106243, 45.522834 ], [ 9.106264, 45.522847 ], [ 9.106319, 45.522876 ], [ 9.106352, 45.522894 ], [ 9.106391, 45.522916 ], [ 9.106467, 45.522957 ], [ 9.106502, 45.522976 ], [ 9.106529, 45.52299 ], [ 9.106535, 45.522993 ], [ 9.10667, 45.523068 ], [ 9.107328, 45.522579 ], [ 9.107526, 45.5226 ], [ 9.107625, 45.52261 ], [ 9.107757, 45.522625 ], [ 9.107824, 45.522633 ], [ 9.107905, 45.522643 ], [ 9.107932, 45.522647 ], [ 9.107946, 45.522649 ], [ 9.107976, 45.522653 ], [ 9.10805, 45.522663 ], [ 9.108225, 45.522687 ], [ 9.108334, 45.522701 ], [ 9.108469, 45.52272 ], [ 9.108563, 45.522732 ], [ 9.108665, 45.522746 ], [ 9.108702, 45.522751 ], [ 9.108779, 45.522761 ], [ 9.108788, 45.522763 ], [ 9.108913, 45.522779 ], [ 9.1089, 45.522831 ], [ 9.108898, 45.522836 ], [ 9.10888, 45.522907 ], [ 9.108851, 45.523007 ], [ 9.108836, 45.523062 ], [ 9.108807, 45.523117 ], [ 9.108777, 45.523172 ], [ 9.108742, 45.523238 ], [ 9.108948, 45.523246 ], [ 9.109009, 45.523248 ], [ 9.108987, 45.523302 ], [ 9.108933, 45.523455 ], [ 9.108862, 45.523655 ], [ 9.10882, 45.52374 ], [ 9.108741, 45.523889 ], [ 9.108673, 45.524036 ], [ 9.108709, 45.524044 ], [ 9.108973, 45.524106 ], [ 9.109004, 45.524059 ], [ 9.109118, 45.523881 ], [ 9.109168, 45.523797 ], [ 9.109244, 45.523675 ], [ 9.109785, 45.510059 ], [ 9.109826, 45.509999 ], [ 9.111491, 45.508391 ], [ 9.112619, 45.506513 ], [ 9.114847, 45.505329 ], [ 9.114861, 45.505326 ], [ 9.115849, 45.505556 ], [ 9.116062, 45.505492 ], [ 9.118159, 45.504514 ], [ 9.120539, 45.503295 ], [ 9.123386, 45.503155 ], [ 9.123609, 45.501939 ], [ 9.123864, 45.501516 ], [ 9.122486, 45.498724 ], [ 9.123593, 45.497743 ], [ 9.125987, 45.497719 ], [ 9.126107, 45.497865 ], [ 9.126332, 45.499141 ], [ 9.126325, 45.499397 ], [ 9.128836, 45.503057 ], [ 9.129569, 45.503349 ], [ 9.129931, 45.503142 ], [ 9.129828, 45.50226 ], [ 9.130055, 45.500335 ], [ 9.130481, 45.499696 ], [ 9.130631, 45.498464 ], [ 9.13061, 45.498184 ], [ 9.13087, 45.498007 ], [ 9.130928, 45.498018 ], [ 9.132286, 45.498074 ], [ 9.132376, 45.498107 ], [ 9.133016, 45.497776 ], [ 9.133702, 45.498151 ], [ 9.133916, 45.498211 ], [ 9.134185, 45.498201 ], [ 9.134247, 45.49826 ], [ 9.13454, 45.498335 ], [ 9.135424, 45.498338 ], [ 9.135329, 45.497822 ], [ 9.135457, 45.496964 ], [ 9.135355, 45.496441 ], [ 9.136203, 45.496221 ], [ 9.136624, 45.496209 ], [ 9.137233, 45.495776 ], [ 9.137649, 45.495244 ], [ 9.13788, 45.494696 ], [ 9.138142, 45.49399 ], [ 9.138406, 45.493025 ], [ 9.138638, 45.493267 ], [ 9.140108, 45.494344 ], [ 9.141226, 45.494481 ], [ 9.141353, 45.494436 ], [ 9.141873, 45.494062 ], [ 9.141873, 45.494062 ], [ 9.142671, 45.493889 ], [ 9.14312, 45.492711 ], [ 9.143149, 45.492449 ], [ 9.142225, 45.492006 ], [ 9.140345, 45.490964 ], [ 9.140185, 45.491079 ], [ 9.138164, 45.492231 ], [ 9.136837, 45.491804 ], [ 9.134711, 45.490059 ], [ 9.134361, 45.489884 ], [ 9.132178, 45.490078 ], [ 9.131043, 45.482806 ], [ 9.130942, 45.481508 ], [ 9.130954, 45.481372 ], [ 9.128663, 45.480489 ], [ 9.128489, 45.480158 ], [ 9.125933, 45.477846 ], [ 9.125689, 45.477815 ], [ 9.124085, 45.477612 ], [ 9.120455, 45.47762 ], [ 9.118859, 45.479126 ], [ 9.118659, 45.479286 ], [ 9.11626, 45.4784 ], [ 9.113343, 45.47844 ], [ 9.111928, 45.479197 ], [ 9.110206, 45.481768 ], [ 9.110001, 45.48279 ], [ 9.110401, 45.486777 ], [ 9.107479, 45.488886 ], [ 9.106558, 45.489194 ], [ 9.106542, 45.489187 ], [ 9.104034, 45.487615 ], [ 9.102905, 45.486933 ], [ 9.098141, 45.484318 ], [ 9.095375, 45.487568 ], [ 9.093143, 45.488733 ], [ 9.092037, 45.489368 ], [ 9.091267, 45.489898 ] ] ] } },
{ "type": "Feature", "properties": { "postcode": "20152", "iou_vs_official": 0.6204, "match_status": "matched", "n_seed_addresses": 110 }, "geometry": { "type": "Polygon", "coordinates": [ [ [ 9.064253, 45.433539 ], [ 9.063924, 45.433804 ], [ 9.063779, 45.433918 ], [ 9.063753, 45.433951 ], [ 9.063746, 45.434027 ], [ 9.063739, 45.434053 ], [ 9.06375, 45.434094 ], [ 9.064159, 45.434401 ], [ 9.064157, 45.434453 ], [ 9.063987, 45.434633 ], [ 9.063243, 45.435429 ], [ 9.063191, 45.435391 ], [ 9.062619, 45.43512 ], [ 9.062198, 45.434922 ], [ 9.061626, 45.434652 ], [ 9.061447, 45.434563 ], [ 9.06133, 45.43451 ], [ 9.061101, 45.434401 ], [ 9.060973, 45.434352 ], [ 9.060981, 45.434445 ], [ 9.060984, 45.434478 ], [ 9.061019, 45.43462 ], [ 9.061028, 45.43477 ], [ 9.06104, 45.434855 ], [ 9.06104, 45.43486 ], [ 9.061038, 45.43486 ], [ 9.060898, 45.434862 ], [ 9.060875, 45.434867 ], [ 9.060865, 45.434872 ], [ 9.060822, 45.434953 ], [ 9.060786, 45.435026 ], [ 9.060733, 45.435103 ], [ 9.06068, 45.435175 ], [ 9.060561, 45.435342 ], [ 9.060539, 45.435373 ], [ 9.060366, 45.435618 ], [ 9.060334, 45.435655 ], [ 9.060301, 45.435694 ], [ 9.060202, 45.435813 ], [ 9.060116, 45.435915 ], [ 9.060045, 45.436 ], [ 9.059965, 45.436106 ], [ 9.059894, 45.436197 ], [ 9.05978, 45.436344 ], [ 9.059559, 45.436608 ], [ 9.059536, 45.436638 ], [ 9.05942, 45.436786 ], [ 9.059262, 45.436982 ], [ 9.059212, 45.437037 ], [ 9.059103, 45.437157 ], [ 9.05905, 45.437215 ], [ 9.058967, 45.437301 ], [ 9.058926, 45.437342 ], [ 9.058912, 45.437356 ], [ 9.058886, 45.437381 ], [ 9.05881, 45.437451 ], [ 9.058787, 45.437472 ], [ 9.058766, 45.43749 ], [ 9.058689, 45.437556 ], [ 9.058659, 45.43758 ], [ 9.058627, 45.437605 ], [ 9.058561, 45.437655 ], [ 9.058493, 45.437706 ], [ 9.058403, 45.437776 ], [ 9.058358, 45.437811 ], [ 9.058311, 45.437847 ], [ 9.058215, 45.437919 ], [ 9.058115, 45.437995 ], [ 9.058035, 45.438057 ], [ 9.057957, 45.43812 ], [ 9.057941, 45.438133 ], [ 9.057926, 45.438146 ], [ 9.057911, 45.438159 ], [ 9.057901, 45.438168 ], [ 9.057891, 45.438177 ], [ 9.057853, 45.438213 ], [ 9.057813, 45.438265 ], [ 9.057785, 45.438315 ], [ 9.057766, 45.43831 ], [ 9.057737, 45.438303 ], [ 9.057681, 45.438358 ], [ 9.05764, 45.438355 ], [ 9.057574, 45.438348 ], [ 9.057519, 45.438342 ], [ 9.057462, 45.438332 ], [ 9.05736, 45.43831 ], [ 9.057204, 45.43827 ], [ 9.057019, 45.438232 ], [ 9.056846, 45.438193 ], [ 9.056613, 45.43814 ], [ 9.056386, 45.438088 ], [ 9.056215, 45.43805 ], [ 9.05621, 45.438065 ], [ 9.056206, 45.438072 ], [ 9.056199, 45.438088 ], [ 9.056192, 45.438103 ], [ 9.056184, 45.438119 ], [ 9.056176, 45.438134 ], [ 9.056167, 45.43815 ], [ 9.056114, 45.438246 ], [ 9.05608, 45.438308 ], [ 9.056062, 45.438338 ], [ 9.056053, 45.438353 ], [ 9.056034, 45.438384 ], [ 9.055975, 45.438477 ], [ 9.055955, 45.438508 ], [ 9.055946, 45.438524 ], [ 9.055936, 45.438539 ], [ 9.055883, 45.438633 ], [ 9.055864, 45.438664 ], [ 9.055844, 45.438696 ], [ 9.055782, 45.438793 ], [ 9.055761, 45.438825 ], [ 9.055751, 45.438843 ], [ 9.055742, 45.438858 ], [ 9.055732, 45.438874 ], [ 9.055724, 45.438891 ], [ 9.055715, 45.438908 ], [ 9.055708, 45.438925 ], [ 9.055701, 45.438941 ], [ 9.05568, 45.438992 ], [ 9.055638, 45.43909 ], [ 9.055598, 45.439187 ], [ 9.05559, 45.439203 ], [ 9.055583, 45.439218 ], [ 9.055545, 45.439295 ], [ 9.055529, 45.439329 ], [ 9.055521, 45.439346 ], [ 9.055512, 45.439362 ], [ 9.055503, 45.439378 ], [ 9.055484, 45.439408 ], [ 9.055437, 45.439483 ], [ 9.055428, 45.439498 ], [ 9.055376, 45.439589 ], [ 9.055359, 45.439619 ], [ 9.055308, 45.439701 ], [ 9.055287, 45.439735 ], [ 9.055274, 45.43976 ], [ 9.055263, 45.439781 ], [ 9.055256, 45.439796 ], [ 9.055251, 45.439807 ], [ 9.055246, 45.439818 ], [ 9.055243, 45.439828 ], [ 9.055237, 45.439846 ], [ 9.055234, 45.439856 ], [ 9.05523, 45.439866 ], [ 9.055219, 45.43989 ], [ 9.055215, 45.439899 ], [ 9.055212, 45.439908 ], [ 9.055209, 45.439916 ], [ 9.055198, 45.439947 ], [ 9.055191, 45.439965 ], [ 9.055185, 45.439976 ], [ 9.055176, 45.439993 ], [ 9.055171, 45.44 ], [ 9.055167, 45.440006 ], [ 9.05516, 45.440012 ], [ 9.055147, 45.440016 ], [ 9.055136, 45.440017 ], [ 9.05512, 45.440016 ], [ 9.055097, 45.440011 ], [ 9.055043, 45.440001 ], [ 9.054994, 45.439991 ], [ 9.054978, 45.439987 ], [ 9.054916, 45.439972 ], [ 9.054875, 45.439963 ], [ 9.054854, 45.439958 ], [ 9.054831, 45.439953 ], [ 9.054763, 45.439941 ], [ 9.054741, 45.439936 ], [ 9.05472, 45.439931 ], [ 9.054677, 45.439921 ], [ 9.054612, 45.439905 ], [ 9.054591, 45.4399 ], [ 9.054571, 45.439895 ], [ 9.05453, 45.439885 ], [ 9.054505, 45.439878 ], [ 9.054487, 45.439873 ], [ 9.054465, 45.439866 ], [ 9.054451, 45.439861 ], [ 9.054438, 45.439857 ], [ 9.054429, 45.439854 ], [ 9.054411, 45.439849 ], [ 9.054391, 45.43984 ], [ 9.054381, 45.439834 ], [ 9.054363, 45.43983 ], [ 9.054351, 45.439829 ], [ 9.054325, 45.439829 ], [ 9.05432, 45.439829 ], [ 9.054315, 45.439829 ], [ 9.05431, 45.43983 ], [ 9.054304, 45.439831 ], [ 9.054298, 45.439833 ], [ 9.054288, 45.439835 ], [ 9.054283, 45.439836 ], [ 9.05428, 45.439837 ], [ 9.054277, 45.439838 ], [ 9.054274, 45.439838 ], [ 9.054271, 45.439839 ], [ 9.054268, 45.439839 ], [ 9.054264, 45.43984 ], [ 9.054255, 45.43984 ], [ 9.05425, 45.439841 ], [ 9.054245, 45.439841 ], [ 9.054241, 45.439842 ], [ 9.054238, 45.439843 ], [ 9.054234, 45.439844 ], [ 9.054231, 45.439845 ], [ 9.054227, 45.439847 ], [ 9.054224, 45.439848 ], [ 9.054222, 45.43985 ], [ 9.05422, 45.439852 ], [ 9.054219, 45.439854 ], [ 9.054234, 45.439907 ], [ 9.054245, 45.439953 ], [ 9.054269, 45.440051 ], [ 9.054332, 45.440266 ], [ 9.054375, 45.440416 ], [ 9.054403, 45.440514 ], [ 9.054408, 45.44053 ], [ 9.054412, 45.440545 ], [ 9.054426, 45.440603 ], [ 9.054438, 45.440639 ], [ 9.054449, 45.440685 ], [ 9.054457, 45.440713 ], [ 9.054466, 45.440753 ], [ 9.054468, 45.440765 ], [ 9.054472, 45.440781 ], [ 9.054485, 45.440826 ], [ 9.054512, 45.440923 ], [ 9.054516, 45.440936 ], [ 9.054528, 45.440975 ], [ 9.054532, 45.440988 ], [ 9.054535, 45.441 ], [ 9.054543, 45.441034 ], [ 9.054546, 45.441046 ], [ 9.054564, 45.441128 ], [ 9.054573, 45.441158 ], [ 9.054576, 45.441174 ], [ 9.054581, 45.44119 ], [ 9.054586, 45.441207 ], [ 9.054592, 45.441224 ], [ 9.054603, 45.441261 ], [ 9.054615, 45.441298 ], [ 9.054628, 45.44134 ], [ 9.054647, 45.441404 ], [ 9.054672, 45.441496 ], [ 9.054675, 45.441506 ], [ 9.054679, 45.441518 ], [ 9.054683, 45.44153 ], [ 9.054697, 45.441573 ], [ 9.054704, 45.441593 ], [ 9.054708, 45.441608 ], [ 9.054717, 45.441635 ], [ 9.054736, 45.441704 ], [ 9.05475, 45.441751 ], [ 9.054833, 45.442049 ], [ 9.054883, 45.442204 ], [ 9.054909, 45.442284 ], [ 9.054926, 45.442346 ], [ 9.054942, 45.442402 ], [ 9.054946, 45.442425 ], [ 9.054948, 45.442433 ], [ 9.054951, 45.442451 ], [ 9.054952, 45.442467 ], [ 9.054949, 45.44248 ], [ 9.054945, 45.442503 ], [ 9.054939, 45.442528 ], [ 9.054931, 45.442558 ], [ 9.054919, 45.442598 ], [ 9.054908, 45.442634 ], [ 9.054874, 45.44275 ], [ 9.054811, 45.442919 ], [ 9.054785, 45.442988 ], [ 9.054757, 45.443077 ], [ 9.054717, 45.443191 ], [ 9.054685, 45.443279 ], [ 9.054666, 45.443327 ], [ 9.05462, 45.443448 ], [ 9.054513, 45.443728 ], [ 9.054442, 45.443916 ], [ 9.054353, 45.444137 ], [ 9.054333, 45.444204 ], [ 9.054313, 45.444255 ], [ 9.054295, 45.444304 ], [ 9.054285, 45.444331 ], [ 9.054283, 45.444338 ], [ 9.05428, 45.444345 ], [ 9.054278, 45.444353 ], [ 9.054271, 45.444375 ], [ 9.054269, 45.444382 ], [ 9.054267, 45.444387 ], [ 9.054265, 45.444393 ], [ 9.054262, 45.444399 ], [ 9.05426, 45.444404 ], [ 9.054258, 45.44441 ], [ 9.054256, 45.444416 ], [ 9.054253, 45.444429 ], [ 9.054251, 45.444435 ], [ 9.054249, 45.44444 ], [ 9.054247, 45.444446 ], [ 9.054245, 45.444452 ], [ 9.054242, 45.444457 ], [ 9.054237, 45.444469 ], [ 9.054234, 45.444475 ], [ 9.054227, 45.444488 ], [ 9.054224, 45.444495 ], [ 9.054221, 45.444502 ], [ 9.054219, 45.444509 ], [ 9.054217, 45.444515 ], [ 9.054214, 45.444528 ], [ 9.054212, 45.444534 ], [ 9.05421, 45.444539 ], [ 9.054203, 45.444555 ], [ 9.054201, 45.444561 ], [ 9.054199, 45.444567 ], [ 9.05418, 45.444613 ], [ 9.054178, 45.444619 ], [ 9.054172, 45.44463 ], [ 9.05417, 45.444636 ], [ 9.054168, 45.444641 ], [ 9.054166, 45.444647 ], [ 9.054163, 45.444654 ], [ 9.054154, 45.444683 ], [ 9.054144, 45.444701 ], [ 9.054125, 45.444743 ], [ 9.054119, 45.444753 ], [ 9.054116, 45.444761 ], [ 9.054113, 45.444767 ], [ 9.054111, 45.444771 ], [ 9.054109, 45.444775 ], [ 9.054107, 45.444779 ], [ 9.054105, 45.444783 ], [ 9.054097, 45.444809 ], [ 9.054084, 45.444855 ], [ 9.054028, 45.444856 ], [ 9.053926, 45.444862 ], [ 9.05381, 45.444878 ], [ 9.053388, 45.444929 ], [ 9.052925, 45.444984 ], [ 9.052651, 45.445018 ], [ 9.052358, 45.445053 ], [ 9.052044, 45.445093 ], [ 9.051444, 45.445167 ], [ 9.051196, 45.4452 ], [ 9.050736, 45.445257 ], [ 9.050098, 45.445334 ], [ 9.049661, 45.445391 ], [ 9.049538, 45.445406 ], [ 9.049375, 45.445416 ], [ 9.04924, 45.445428 ], [ 9.049106, 45.445441 ], [ 9.048916, 45.445462 ], [ 9.048491, 45.445511 ], [ 9.047885, 45.445586 ], [ 9.047614, 45.445626 ], [ 9.047514, 45.445644 ], [ 9.047386, 45.445676 ], [ 9.047278, 45.4457 ], [ 9.047123, 45.445731 ], [ 9.047001, 45.445739 ], [ 9.046869, 45.445753 ], [ 9.046847, 45.445756 ], [ 9.046829, 45.445758 ], [ 9.046333, 45.445828 ], [ 9.045762, 45.445897 ], [ 9.045345, 45.445943 ], [ 9.044952, 45.445992 ], [ 9.044794, 45.446014 ], [ 9.044578, 45.446049 ], [ 9.04425, 45.446088 ], [ 9.043643, 45.446163 ], [ 9.043357, 45.446199 ], [ 9.043249, 45.446213 ], [ 9.04295, 45.44624 ], [ 9.041904, 45.446387 ], [ 9.041801, 45.446383 ], [ 9.041699, 45.44634 ], [ 9.041654, 45.446348 ], [ 9.041637, 45.446351 ], [ 9.041633, 45.446353 ], [ 9.041629, 45.446354 ], [ 9.041628, 45.446355 ], [ 9.041628, 45.446355 ], [ 9.041626, 45.446356 ], [ 9.041609, 45.446361 ], [ 9.041588, 45.446367 ], [ 9.041582, 45.446369 ], [ 9.041574, 45.446371 ], [ 9.041567, 45.446372 ], [ 9.041547, 45.446378 ], [ 9.041529, 45.446384 ], [ 9.041513, 45.44639 ], [ 9.0415, 45.446395 ], [ 9.041483, 45.446401 ], [ 9.041469, 45.446407 ], [ 9.04146, 45.44641 ], [ 9.041454, 45.446414 ], [ 9.041449, 45.446417 ], [ 9.041444, 45.446419 ], [ 9.041439, 45.446422 ], [ 9.041433, 45.446424 ], [ 9.041419, 45.446431 ], [ 9.041396, 45.446443 ], [ 9.041374, 45.446455 ], [ 9.041352, 45.446466 ], [ 9.041338, 45.446475 ], [ 9.041329, 45.446483 ], [ 9.04132, 45.446492 ], [ 9.041313, 45.4465 ], [ 9.04131, 45.446504 ], [ 9.041305, 45.446509 ], [ 9.041289, 45.446525 ], [ 9.041283, 45.44653 ], [ 9.041278, 45.446535 ], [ 9.041269, 45.446545 ], [ 9.041265, 45.44655 ], [ 9.041261, 45.446554 ], [ 9.041257, 45.446557 ], [ 9.041252, 45.446561 ], [ 9.041242, 45.446568 ], [ 9.041236, 45.446572 ], [ 9.041231, 45.446576 ], [ 9.041212, 45.446591 ], [ 9.041196, 45.446606 ], [ 9.041186, 45.446617 ], [ 9.041176, 45.446629 ], [ 9.041168, 45.44664 ], [ 9.041164, 45.44665 ], [ 9.041159, 45.446661 ], [ 9.041156, 45.446667 ], [ 9.041155, 45.446671 ], [ 9.041153, 45.446675 ], [ 9.041151, 45.446679 ], [ 9.041149, 45.446683 ], [ 9.041146, 45.446687 ], [ 9.041143, 45.446691 ], [ 9.04114, 45.446695 ], [ 9.041137, 45.446699 ], [ 9.041133, 45.446704 ], [ 9.041129, 45.446708 ], [ 9.041126, 45.446714 ], [ 9.04112, 45.446723 ], [ 9.04111, 45.446741 ], [ 9.041104, 45.446749 ], [ 9.041099, 45.446757 ], [ 9.041093, 45.446764 ], [ 9.041086, 45.446772 ], [ 9.041078, 45.44678 ], [ 9.041069, 45.446788 ], [ 9.041062, 45.446797 ], [ 9.041057, 45.446803 ], [ 9.041053, 45.44681 ], [ 9.041046, 45.446821 ], [ 9.041043, 45.446827 ], [ 9.041029, 45.446849 ], [ 9.041025, 45.446856 ], [ 9.041021, 45.446863 ], [ 9.041016, 45.446869 ], [ 9.041011, 45.446876 ], [ 9.041005, 45.446882 ], [ 9.040999, 45.44689 ], [ 9.040994, 45.446897 ], [ 9.040989, 45.446904 ], [ 9.040985, 45.446912 ], [ 9.040981, 45.446919 ], [ 9.040971, 45.446939 ], [ 9.040968, 45.446945 ], [ 9.040965, 45.446951 ], [ 9.04096, 45.446962 ], [ 9.040957, 45.446967 ], [ 9.040953, 45.446978 ], [ 9.040951, 45.446983 ], [ 9.040948, 45.446988 ], [ 9.040946, 45.446994 ], [ 9.040943, 45.446999 ], [ 9.04094, 45.447004 ], [ 9.040937, 45.447009 ], [ 9.040934, 45.447015 ], [ 9.040929, 45.447021 ], [ 9.040925, 45.447028 ], [ 9.040892, 45.447073 ], [ 9.040873, 45.447101 ], [ 9.040868, 45.447108 ], [ 9.040863, 45.447116 ], [ 9.04086, 45.447123 ], [ 9.040855, 45.447135 ], [ 9.040853, 45.447139 ], [ 9.040843, 45.447146 ], [ 9.040835, 45.44715 ], [ 9.040824, 45.44716 ], [ 9.040817, 45.447171 ], [ 9.040813, 45.447181 ], [ 9.04081, 45.447192 ], [ 9.040805, 45.447202 ], [ 9.040804, 45.447205 ], [ 9.0408, 45.44721 ], [ 9.040796, 45.447215 ], [ 9.040788, 45.447227 ], [ 9.040783, 45.447233 ], [ 9.040779, 45.44724 ], [ 9.040776, 45.447246 ], [ 9.040769, 45.447258 ], [ 9.040756, 45.447279 ], [ 9.040753, 45.447284 ], [ 9.04075, 45.447288 ], [ 9.040746, 45.447294 ], [ 9.040742, 45.4473 ], [ 9.040729, 45.447321 ], [ 9.040716, 45.447343 ], [ 9.040702, 45.447361 ], [ 9.040694, 45.447376 ], [ 9.040677, 45.447396 ], [ 9.04066, 45.447423 ], [ 9.040654, 45.447436 ], [ 9.040652, 45.44744 ], [ 9.04065, 45.447443 ], [ 9.040645, 45.44745 ], [ 9.040643, 45.447455 ], [ 9.04064, 45.44746 ], [ 9.040638, 45.447467 ], [ 9.04063, 45.447488 ], [ 9.040623, 45.447503 ], [ 9.040613, 45.447519 ], [ 9.040659, 45.447543 ], [ 9.041057, 45.447751 ], [ 9.041095, 45.447763 ], [ 9.041816, 45.448006 ], [ 9.042282, 45.448159 ], [ 9.042554, 45.44825 ], [ 9.043099, 45.44843 ], [ 9.043466, 45.448551 ], [ 9.043554, 45.448577 ], [ 9.043756, 45.448642 ], [ 9.04385, 45.448672 ], [ 9.043867, 45.448678 ], [ 9.04388, 45.44869 ], [ 9.043824, 45.448861 ], [ 9.044074, 45.448929 ], [ 9.044349, 45.449052 ], [ 9.044717, 45.449219 ], [ 9.044953, 45.44932 ], [ 9.045006, 45.449365 ], [ 9.045035, 45.449375 ], [ 9.045066, 45.449386 ], [ 9.045074, 45.449382 ], [ 9.045082, 45.449379 ], [ 9.045091, 45.449376 ], [ 9.045101, 45.449375 ], [ 9.04511, 45.449374 ], [ 9.045119, 45.449374 ], [ 9.045128, 45.449375 ], [ 9.045136, 45.449375 ], [ 9.045143, 45.449375 ], [ 9.045149, 45.449376 ], [ 9.045156, 45.449377 ], [ 9.045162, 45.449378 ], [ 9.045168, 45.449379 ], [ 9.045176, 45.449381 ], [ 9.045185, 45.449383 ], [ 9.045194, 45.449386 ], [ 9.045202, 45.449388 ], [ 9.045211, 45.449391 ], [ 9.045226, 45.449397 ], [ 9.04524, 45.449403 ], [ 9.045362, 45.449457 ], [ 9.045445, 45.449489 ], [ 9.045476, 45.449504 ], [ 9.045523, 45.449525 ], [ 9.045549, 45.449539 ], [ 9.045572, 45.44955 ], [ 9.045592, 45.44956 ], [ 9.045613, 45.449569 ], [ 9.045634, 45.449578 ], [ 9.045655, 45.449586 ], [ 9.045676, 45.449595 ], [ 9.045696, 45.449603 ], [ 9.045716, 45.449612 ], [ 9.045737, 45.44962 ], [ 9.045824, 45.449653 ], [ 9.045858, 45.449668 ], [ 9.045879, 45.449677 ], [ 9.045899, 45.449685 ], [ 9.045918, 45.449695 ], [ 9.045938, 45.449704 ], [ 9.045979, 45.449721 ], [ 9.046096, 45.449773 ], [ 9.046118, 45.449783 ], [ 9.046138, 45.449792 ], [ 9.04616, 45.449803 ], [ 9.046181, 45.449812 ], [ 9.046202, 45.44982 ], [ 9.04631, 45.449862 ], [ 9.046401, 45.449896 ], [ 9.046451, 45.449915 ], [ 9.046487, 45.449929 ], [ 9.04659, 45.44997 ], [ 9.04661, 45.449978 ], [ 9.046625, 45.449984 ], [ 9.046639, 45.449989 ], [ 9.046653, 45.449994 ], [ 9.046667, 45.449998 ], [ 9.046684, 45.450003 ], [ 9.046705, 45.450008 ], [ 9.046936, 45.450104 ], [ 9.047061, 45.450155 ], [ 9.047353, 45.450274 ], [ 9.04737, 45.450281 ], [ 9.047478, 45.450326 ], [ 9.047517, 45.450352 ], [ 9.047631, 45.450398 ], [ 9.047734, 45.450443 ], [ 9.04786, 45.450492 ], [ 9.047972, 45.450537 ], [ 9.048033, 45.450562 ], [ 9.048396, 45.450708 ], [ 9.048408, 45.450715 ], [ 9.048578, 45.450784 ], [ 9.048751, 45.450851 ], [ 9.048805, 45.450873 ], [ 9.048865, 45.450904 ], [ 9.048951, 45.450938 ], [ 9.049105, 45.450992 ], [ 9.049176, 45.451018 ], [ 9.049213, 45.451031 ], [ 9.049219, 45.451033 ], [ 9.049226, 45.451034 ], [ 9.049233, 45.451035 ], [ 9.049243, 45.451036 ], [ 9.049257, 45.451036 ], [ 9.049271, 45.451035 ], [ 9.049292, 45.451032 ], [ 9.049321, 45.451029 ], [ 9.049346, 45.45103 ], [ 9.049366, 45.45103 ], [ 9.049387, 45.451031 ], [ 9.049396, 45.451031 ], [ 9.049404, 45.451032 ], [ 9.049412, 45.451033 ], [ 9.049421, 45.451034 ], [ 9.049431, 45.451035 ], [ 9.049442, 45.451037 ], [ 9.049452, 45.451038 ], [ 9.049463, 45.45104 ], [ 9.049473, 45.451042 ], [ 9.049787, 45.451093 ], [ 9.049991, 45.451129 ], [ 9.050001, 45.451133 ], [ 9.05001, 45.451136 ], [ 9.050018, 45.45114 ], [ 9.050026, 45.451145 ], [ 9.050034, 45.451151 ], [ 9.050038, 45.451155 ], [ 9.050041, 45.45116 ], [ 9.050043, 45.451165 ], [ 9.050045, 45.451173 ], [ 9.050046, 45.451176 ], [ 9.050047, 45.45118 ], [ 9.050047, 45.451184 ], [ 9.050047, 45.451187 ], [ 9.050046, 45.451191 ], [ 9.050045, 45.451194 ], [ 9.050044, 45.451198 ], [ 9.050043, 45.451201 ], [ 9.050041, 45.451205 ], [ 9.05004, 45.451208 ], [ 9.050037, 45.451212 ], [ 9.050034, 45.451215 ], [ 9.050028, 45.451221 ], [ 9.050026, 45.451224 ], [ 9.050013, 45.451238 ], [ 9.050009, 45.451243 ], [ 9.050005, 45.451247 ], [ 9.049996, 45.451259 ], [ 9.049992, 45.451265 ], [ 9.049987, 45.45127 ], [ 9.049983, 45.451276 ], [ 9.049979, 45.451282 ], [ 9.049971, 45.451295 ], [ 9.049966, 45.451301 ], [ 9.049962, 45.451308 ], [ 9.04996, 45.45131 ], [ 9.049936, 45.451341 ], [ 9.049924, 45.451355 ], [ 9.049914, 45.451366 ], [ 9.049908, 45.451373 ], [ 9.049902, 45.45138 ], [ 9.049889, 45.451393 ], [ 9.049883, 45.4514 ], [ 9.049857, 45.451432 ], [ 9.049789, 45.451509 ], [ 9.049728, 45.451582 ], [ 9.049707, 45.451608 ], [ 9.049548, 45.451888 ], [ 9.049491, 45.451986 ], [ 9.049422, 45.452141 ], [ 9.049387, 45.452204 ], [ 9.049446, 45.452219 ], [ 9.049873, 45.452326 ], [ 9.049888, 45.45233 ], [ 9.049911, 45.452337 ], [ 9.049876, 45.45238 ], [ 9.049865, 45.452393 ], [ 9.049854, 45.452407 ], [ 9.049848, 45.452414 ], [ 9.049843, 45.452421 ], [ 9.049829, 45.452441 ], [ 9.049825, 45.452447 ], [ 9.04982, 45.452453 ], [ 9.049809, 45.452466 ], [ 9.049804, 45.452473 ], [ 9.049799, 45.45248 ], [ 9.049795, 45.452489 ], [ 9.049791, 45.452498 ], [ 9.049784, 45.452514 ], [ 9.049781, 45.452522 ], [ 9.049776, 45.452533 ], [ 9.049773, 45.452539 ], [ 9.04977, 45.452544 ], [ 9.049767, 45.452549 ], [ 9.049761, 45.452559 ], [ 9.049754, 45.452569 ], [ 9.049747, 45.452579 ], [ 9.04974, 45.452589 ], [ 9.049733, 45.452599 ], [ 9.049725, 45.452609 ], [ 9.049709, 45.452628 ], [ 9.049701, 45.452638 ], [ 9.049694, 45.452649 ], [ 9.049681, 45.452669 ], [ 9.049672, 45.452681 ], [ 9.04965, 45.452713 ], [ 9.0496, 45.45279 ], [ 9.049587, 45.45281 ], [ 9.049575, 45.452827 ], [ 9.049543, 45.452875 ], [ 9.049508, 45.452921 ], [ 9.049487, 45.452948 ], [ 9.049473, 45.45297 ], [ 9.049461, 45.452992 ], [ 9.049447, 45.453018 ], [ 9.049438, 45.453033 ], [ 9.049429, 45.453047 ], [ 9.049419, 45.453061 ], [ 9.049409, 45.453074 ], [ 9.049388, 45.453101 ], [ 9.049378, 45.453115 ], [ 9.049369, 45.453127 ], [ 9.049361, 45.453139 ], [ 9.049353, 45.453152 ], [ 9.049345, 45.453164 ], [ 9.049337, 45.453176 ], [ 9.04933, 45.453188 ], [ 9.049297, 45.453242 ], [ 9.049275, 45.453279 ], [ 9.049245, 45.453323 ], [ 9.049221, 45.453356 ], [ 9.0492, 45.453386 ], [ 9.04919, 45.453402 ], [ 9.049165, 45.453443 ], [ 9.049149, 45.453467 ], [ 9.049129, 45.453496 ], [ 9.049106, 45.453525 ], [ 9.049093, 45.45354 ], [ 9.049084, 45.453556 ], [ 9.049061, 45.453594 ], [ 9.049049, 45.45361 ], [ 9.049, 45.453682 ], [ 9.04897, 45.453728 ], [ 9.048911, 45.453816 ], [ 9.048851, 45.453907 ], [ 9.048812, 45.453966 ], [ 9.048772, 45.454027 ], [ 9.048709, 45.454121 ], [ 9.048645, 45.454212 ], [ 9.048584, 45.454301 ], [ 9.048564, 45.454331 ], [ 9.048543, 45.454364 ], [ 9.048483, 45.454463 ], [ 9.048462, 45.454496 ], [ 9.048451, 45.454512 ], [ 9.048441, 45.454527 ], [ 9.04843, 45.454542 ], [ 9.048363, 45.454634 ], [ 9.048352, 45.454649 ], [ 9.048331, 45.454679 ], [ 9.048286, 45.454748 ], [ 9.048256, 45.454797 ], [ 9.048302, 45.454791 ], [ 9.048354, 45.454785 ], [ 9.04948, 45.454645 ], [ 9.049518, 45.454661 ], [ 9.049394, 45.454845 ], [ 9.049211, 45.455111 ], [ 9.049004, 45.455411 ], [ 9.048974, 45.455455 ], [ 9.048726, 45.455815 ], [ 9.048601, 45.455997 ], [ 9.048463, 45.456195 ], [ 9.048385, 45.456307 ], [ 9.048201, 45.456578 ], [ 9.048143, 45.456662 ], [ 9.048084, 45.456746 ], [ 9.047939, 45.456958 ], [ 9.047795, 45.457172 ], [ 9.047616, 45.457453 ], [ 9.047497, 45.45764 ], [ 9.047431, 45.457741 ], [ 9.047393, 45.457806 ], [ 9.047273, 45.458008 ], [ 9.047249, 45.458052 ], [ 9.047248, 45.458054 ], [ 9.047244, 45.458066 ], [ 9.047238, 45.458083 ], [ 9.047227, 45.45811 ], [ 9.04721, 45.458165 ], [ 9.047192, 45.458166 ], [ 9.047176, 45.458171 ], [ 9.047165, 45.458182 ], [ 9.047162, 45.458185 ], [ 9.047143, 45.458208 ], [ 9.047118, 45.458243 ], [ 9.047098, 45.458271 ], [ 9.047073, 45.458293 ], [ 9.047051, 45.458303 ], [ 9.047062, 45.458364 ], [ 9.046912, 45.45859 ], [ 9.046746, 45.458842 ], [ 9.046576, 45.459098 ], [ 9.046452, 45.459282 ], [ 9.046268, 45.45922 ], [ 9.046218, 45.459203 ], [ 9.04598, 45.459121 ], [ 9.04586, 45.459074 ], [ 9.045427, 45.458925 ], [ 9.045346, 45.458899 ], [ 9.045328, 45.458932 ], [ 9.045278, 45.459029 ], [ 9.045222, 45.459136 ], [ 9.045199, 45.459178 ], [ 9.045157, 45.459257 ], [ 9.04508, 45.459402 ], [ 9.04502, 45.459521 ], [ 9.044994, 45.459561 ], [ 9.044945, 45.459639 ], [ 9.044834, 45.459814 ], [ 9.044791, 45.459884 ], [ 9.044771, 45.459917 ], [ 9.044767, 45.459924 ], [ 9.044765, 45.459926 ], [ 9.044733, 45.459959 ], [ 9.044729, 45.45997 ], [ 9.04469, 45.460058 ], [ 9.044683, 45.460071 ], [ 9.044663, 45.460113 ], [ 9.044602, 45.460242 ], [ 9.044531, 45.460391 ], [ 9.044504, 45.460448 ], [ 9.04446, 45.460545 ], [ 9.044414, 45.460644 ], [ 9.044368, 45.460748 ], [ 9.044339, 45.460809 ], [ 9.044325, 45.460843 ], [ 9.044299, 45.460891 ], [ 9.044239, 45.461022 ], [ 9.044207, 45.461087 ], [ 9.044189, 45.461124 ], [ 9.044164, 45.461178 ], [ 9.04413, 45.46125 ], [ 9.044086, 45.461345 ], [ 9.044035, 45.461451 ], [ 9.044008, 45.461506 ], [ 9.04394, 45.46165 ], [ 9.043904, 45.461728 ], [ 9.043891, 45.461768 ], [ 9.043885, 45.461792 ], [ 9.043879, 45.461817 ], [ 9.043839, 45.461865 ], [ 9.043824, 45.461885 ], [ 9.04375, 45.462023 ], [ 9.043643, 45.462229 ], [ 9.043573, 45.462364 ], [ 9.04355, 45.46241 ], [ 9.043501, 45.462505 ], [ 9.04335, 45.462797 ], [ 9.043343, 45.462811 ], [ 9.043312, 45.462872 ], [ 9.042872, 45.463745 ], [ 9.043378, 45.46385 ], [ 9.043351, 45.463973 ], [ 9.043293, 45.464231 ], [ 9.043193, 45.464701 ], [ 9.04318, 45.464766 ], [ 9.04306, 45.465165 ], [ 9.043053, 45.465218 ], [ 9.043012, 45.465503 ], [ 9.043085, 45.465527 ], [ 9.043709, 45.465753 ], [ 9.043978, 45.465851 ], [ 9.043993, 45.465856 ], [ 9.044009, 45.46586 ], [ 9.044017, 45.465862 ], [ 9.044027, 45.465865 ], [ 9.044039, 45.465868 ], [ 9.044054, 45.465872 ], [ 9.044073, 45.465878 ], [ 9.044095, 45.465886 ], [ 9.04412, 45.465895 ], [ 9.044151, 45.465907 ], [ 9.04419, 45.465922 ], [ 9.044239, 45.465941 ], [ 9.044301, 45.465964 ], [ 9.044371, 45.465992 ], [ 9.044444, 45.466019 ], [ 9.04451, 45.466045 ], [ 9.044566, 45.466066 ], [ 9.044608, 45.466083 ], [ 9.044639, 45.466095 ], [ 9.044654, 45.466101 ], [ 9.044674, 45.46611 ], [ 9.044692, 45.466117 ], [ 9.044706, 45.466122 ], [ 9.04472, 45.466124 ], [ 9.044731, 45.466123 ], [ 9.04474, 45.46612 ], [ 9.044754, 45.466112 ], [ 9.044768, 45.466101 ], [ 9.044783, 45.466088 ], [ 9.044791, 45.466081 ], [ 9.044803, 45.466068 ], [ 9.044811, 45.46606 ], [ 9.044822, 45.466048 ], [ 9.044834, 45.466034 ], [ 9.044849, 45.466016 ], [ 9.044875, 45.465982 ], [ 9.044884, 45.465971 ], [ 9.044905, 45.465943 ], [ 9.044944, 45.465879 ], [ 9.045109, 45.465577 ], [ 9.045632, 45.464603 ], [ 9.046046, 45.46385 ], [ 9.046182, 45.463619 ], [ 9.04622, 45.463569 ], [ 9.046254, 45.463524 ], [ 9.046309, 45.463451 ], [ 9.046409, 45.463319 ], [ 9.046429, 45.463292 ], [ 9.04645, 45.463259 ], [ 9.046482, 45.463222 ], [ 9.046533, 45.463174 ], [ 9.046632, 45.463068 ], [ 9.046657, 45.463037 ], [ 9.046866, 45.462788 ], [ 9.046885, 45.462765 ], [ 9.046889, 45.462759 ], [ 9.046935, 45.462777 ], [ 9.047113, 45.462867 ], [ 9.04733, 45.462968 ], [ 9.047501, 45.46304 ], [ 9.047744, 45.463155 ], [ 9.047828, 45.4632 ], [ 9.047881, 45.463228 ], [ 9.047985, 45.463283 ], [ 9.048199, 45.463386 ], [ 9.048213, 45.463392 ], [ 9.048225, 45.463397 ], [ 9.048237, 45.463401 ], [ 9.048308, 45.463433 ], [ 9.048468, 45.463502 ], [ 9.04857, 45.463544 ], [ 9.048678, 45.463592 ], [ 9.04874, 45.463618 ], [ 9.048825, 45.463653 ], [ 9.048911, 45.463693 ], [ 9.049023, 45.463739 ], [ 9.049091, 45.463767 ], [ 9.049211, 45.463818 ], [ 9.049352, 45.463873 ], [ 9.049494, 45.463936 ], [ 9.049635, 45.464001 ], [ 9.049727, 45.46404 ], [ 9.049752, 45.464051 ], [ 9.049775, 45.464063 ], [ 9.049794, 45.464069 ], [ 9.049798, 45.464069 ], [ 9.049815, 45.46407 ], [ 9.049838, 45.464069 ], [ 9.04985, 45.464066 ], [ 9.049862, 45.46406 ], [ 9.049882, 45.464037 ], [ 9.049944, 45.463951 ], [ 9.050037, 45.463833 ], [ 9.050154, 45.463683 ], [ 9.05025, 45.463562 ], [ 9.050336, 45.463453 ], [ 9.050405, 45.463367 ], [ 9.050409, 45.463358 ], [ 9.050506, 45.463237 ], [ 9.050582, 45.463141 ], [ 9.050689, 45.463008 ], [ 9.050715, 45.462974 ], [ 9.050788, 45.462878 ], [ 9.050916, 45.462715 ], [ 9.051019, 45.462588 ], [ 9.051146, 45.46242 ], [ 9.051182, 45.46238 ], [ 9.051207, 45.462351 ], [ 9.051211, 45.462347 ], [ 9.051273, 45.462269 ], [ 9.051307, 45.462224 ], [ 9.051439, 45.462056 ], [ 9.05154, 45.461931 ], [ 9.051584, 45.461875 ], [ 9.051592, 45.461869 ], [ 9.0516, 45.461867 ], [ 9.051605, 45.461867 ], [ 9.051613, 45.461867 ], [ 9.051628, 45.461869 ], [ 9.051679, 45.461877 ], [ 9.05173, 45.461889 ], [ 9.051784, 45.461906 ], [ 9.051836, 45.461922 ], [ 9.051872, 45.461933 ], [ 9.051957, 45.461951 ], [ 9.052081, 45.46197 ], [ 9.052232, 45.461989 ], [ 9.052272, 45.461994 ], [ 9.052296, 45.461998 ], [ 9.05232, 45.462003 ], [ 9.052342, 45.462005 ], [ 9.052368, 45.462005 ], [ 9.052376, 45.462005 ], [ 9.052378, 45.462005 ], [ 9.052381, 45.462004 ], [ 9.052384, 45.462003 ], [ 9.052387, 45.462003 ], [ 9.05239, 45.462002 ], [ 9.052392, 45.462001 ], [ 9.052395, 45.462 ], [ 9.052397, 45.462 ], [ 9.052399, 45.461999 ], [ 9.052416, 45.461993 ], [ 9.05242, 45.461991 ], [ 9.052425, 45.461989 ], [ 9.052433, 45.461984 ], [ 9.052446, 45.461975 ], [ 9.052456, 45.461968 ], [ 9.052459, 45.461966 ], [ 9.052463, 45.461964 ], [ 9.052466, 45.461962 ], [ 9.052471, 45.461958 ], [ 9.052476, 45.461954 ], [ 9.052486, 45.461946 ], [ 9.052492, 45.461942 ], [ 9.052514, 45.461925 ], [ 9.05252, 45.461921 ], [ 9.052524, 45.461918 ], [ 9.052533, 45.46191 ], [ 9.052538, 45.461906 ], [ 9.052543, 45.461902 ], [ 9.052547, 45.4619 ], [ 9.052551, 45.461897 ], [ 9.052556, 45.461894 ], [ 9.05256, 45.461892 ], [ 9.052564, 45.46189 ], [ 9.052572, 45.461886 ], [ 9.05258, 45.461882 ], [ 9.052587, 45.461878 ], [ 9.052624, 45.461862 ], [ 9.052651, 45.461849 ], [ 9.05275, 45.461805 ], [ 9.052791, 45.461787 ], [ 9.052811, 45.461777 ], [ 9.052831, 45.461767 ], [ 9.052851, 45.461757 ], [ 9.052871, 45.461747 ], [ 9.05289, 45.461737 ], [ 9.052909, 45.461727 ], [ 9.052928, 45.461716 ], [ 9.052946, 45.461706 ], [ 9.052965, 45.461695 ], [ 9.053001, 45.461673 ], [ 9.053122, 45.461597 ], [ 9.053242, 45.461522 ], [ 9.053293, 45.461498 ], [ 9.053341, 45.461473 ], [ 9.053439, 45.461425 ], [ 9.05349, 45.461403 ], [ 9.053544, 45.461376 ], [ 9.053563, 45.461368 ], [ 9.053584, 45.461361 ], [ 9.053602, 45.461358 ], [ 9.053622, 45.461353 ], [ 9.053638, 45.461348 ], [ 9.053646, 45.461343 ], [ 9.053667, 45.461318 ], [ 9.05373, 45.461341 ], [ 9.053741, 45.461344 ], [ 9.053754, 45.461347 ], [ 9.053931, 45.461387 ], [ 9.054072, 45.461412 ], [ 9.054357, 45.461476 ], [ 9.054545, 45.461526 ], [ 9.054554, 45.461529 ], [ 9.054683, 45.46156 ], [ 9.054701, 45.461527 ], [ 9.054745, 45.461436 ], [ 9.05481, 45.461335 ], [ 9.054868, 45.461326 ], [ 9.054936, 45.461331 ], [ 9.055008, 45.461331 ], [ 9.055079, 45.461332 ], [ 9.055176, 45.461326 ], [ 9.055229, 45.461328 ], [ 9.05527, 45.461339 ], [ 9.055317, 45.461358 ], [ 9.05542, 45.461393 ], [ 9.055515, 45.461429 ], [ 9.055581, 45.461446 ], [ 9.055644, 45.461449 ], [ 9.055722, 45.461448 ], [ 9.05582, 45.46145 ], [ 9.055905, 45.46146 ], [ 9.055961, 45.461471 ], [ 9.056023, 45.461496 ], [ 9.05609, 45.461524 ], [ 9.056096, 45.461527 ], [ 9.056194, 45.461568 ], [ 9.056301, 45.461607 ], [ 9.056397, 45.461635 ], [ 9.056526, 45.461676 ], [ 9.056592, 45.461698 ], [ 9.056621, 45.461671 ], [ 9.056798, 45.46172 ], [ 9.057166, 45.461845 ], [ 9.057358, 45.4619 ], [ 9.05754, 45.461945 ], [ 9.057643, 45.461981 ], [ 9.058065, 45.462095 ], [ 9.058371, 45.462158 ], [ 9.058443, 45.462171 ], [ 9.058553, 45.462158 ], [ 9.058381, 45.462294 ], [ 9.058369, 45.462304 ], [ 9.058281, 45.4624 ], [ 9.058168, 45.462509 ], [ 9.058039, 45.462644 ], [ 9.057984, 45.4627 ], [ 9.057979, 45.462712 ], [ 9.05799, 45.462724 ], [ 9.057999, 45.462732 ], [ 9.05802, 45.462739 ], [ 9.058042, 45.462742 ], [ 9.058695, 45.462713 ], [ 9.058731, 45.462713 ], [ 9.058975, 45.462717 ], [ 9.059073, 45.462718 ], [ 9.059269, 45.462721 ], [ 9.060055, 45.462741 ], [ 9.060322, 45.462748 ], [ 9.060398, 45.46275 ], [ 9.060505, 45.462753 ], [ 9.061012, 45.462769 ], [ 9.061276, 45.462783 ], [ 9.061483, 45.462792 ], [ 9.061567, 45.462795 ], [ 9.06157, 45.462796 ], [ 9.061687, 45.462815 ], [ 9.061743, 45.462825 ], [ 9.061995, 45.462867 ], [ 9.062358, 45.462938 ], [ 9.062557, 45.462983 ], [ 9.062982, 45.463065 ], [ 9.06332, 45.463132 ], [ 9.06396, 45.46325 ], [ 9.064802, 45.463414 ], [ 9.065076, 45.46347 ], [ 9.065294, 45.463513 ], [ 9.065379, 45.463529 ], [ 9.065778, 45.463608 ], [ 9.06586, 45.463624 ], [ 9.065925, 45.463637 ], [ 9.066149, 45.463681 ], [ 9.066234, 45.463704 ], [ 9.066281, 45.463718 ], [ 9.066486, 45.463751 ], [ 9.066501, 45.46363 ], [ 9.066518, 45.4635 ], [ 9.066531, 45.463438 ], [ 9.066572, 45.46333 ], [ 9.066591, 45.46328 ], [ 9.066656, 45.463161 ], [ 9.066686, 45.463097 ], [ 9.066709, 45.463046 ], [ 9.066734, 45.463002 ], [ 9.066744, 45.462995 ], [ 9.066793, 45.462953 ], [ 9.066815, 45.462935 ], [ 9.066846, 45.462915 ], [ 9.066876, 45.4629 ], [ 9.066917, 45.46289 ], [ 9.066965, 45.462877 ], [ 9.06702, 45.462871 ], [ 9.067071, 45.462867 ], [ 9.067118, 45.462861 ], [ 9.067142, 45.462855 ], [ 9.067187, 45.462842 ], [ 9.067218, 45.462818 ], [ 9.067227, 45.462804 ], [ 9.06724, 45.462774 ], [ 9.06724, 45.462748 ], [ 9.067227, 45.462715 ], [ 9.067205, 45.46267 ], [ 9.067162, 45.462586 ], [ 9.067161, 45.462566 ], [ 9.067162, 45.462547 ], [ 9.067187, 45.462522 ], [ 9.067254, 45.46246 ], [ 9.067346, 45.462375 ], [ 9.067363, 45.46235 ], [ 9.067377, 45.462311 ], [ 9.067385, 45.462285 ], [ 9.067386, 45.462269 ], [ 9.067383, 45.46225 ], [ 9.067355, 45.46219 ], [ 9.067298, 45.462082 ], [ 9.067293, 45.46207 ], [ 9.067294, 45.46206 ], [ 9.067298, 45.462052 ], [ 9.067304, 45.462042 ], [ 9.067314, 45.462027 ], [ 9.06733, 45.462006 ], [ 9.067337, 45.462001 ], [ 9.067345, 45.461992 ], [ 9.067355, 45.461981 ], [ 9.067362, 45.461972 ], [ 9.067379, 45.461948 ], [ 9.067384, 45.461941 ], [ 9.067387, 45.461937 ], [ 9.06739, 45.461934 ], [ 9.067393, 45.461931 ], [ 9.0674, 45.461924 ], [ 9.067408, 45.461917 ], [ 9.067415, 45.461911 ], [ 9.06743, 45.461899 ], [ 9.067434, 45.461896 ], [ 9.067437, 45.461894 ], [ 9.067441, 45.461892 ], [ 9.067445, 45.461889 ], [ 9.067449, 45.461887 ], [ 9.067452, 45.461886 ], [ 9.067454, 45.461884 ], [ 9.067457, 45.461884 ], [ 9.067458, 45.461883 ], [ 9.06746, 45.461883 ], [ 9.06746, 45.461883 ], [ 9.067461, 45.461882 ], [ 9.067463, 45.461881 ], [ 9.067467, 45.46188 ], [ 9.067472, 45.46188 ], [ 9.067476, 45.46188 ], [ 9.06748, 45.46188 ], [ 9.067482, 45.461881 ], [ 9.067484, 45.461881 ], [ 9.067486, 45.461881 ], [ 9.067489, 45.461882 ], [ 9.067496, 45.461883 ], [ 9.067523, 45.461889 ], [ 9.067538, 45.461891 ], [ 9.067547, 45.461893 ], [ 9.067574, 45.461898 ], [ 9.067588, 45.461901 ], [ 9.067601, 45.461903 ], [ 9.067615, 45.461906 ], [ 9.067621, 45.461906 ], [ 9.067627, 45.461907 ], [ 9.067633, 45.461908 ], [ 9.067638, 45.461908 ], [ 9.067644, 45.461908 ], [ 9.067648, 45.461908 ], [ 9.067652, 45.461908 ], [ 9.067656, 45.461908 ], [ 9.067661, 45.461908 ], [ 9.067665, 45.461908 ], [ 9.06767, 45.461908 ], [ 9.067676, 45.461907 ], [ 9.067682, 45.461907 ], [ 9.067687, 45.461907 ], [ 9.067717, 45.461904 ], [ 9.06773, 45.461902 ], [ 9.067742, 45.461901 ], [ 9.067754, 45.461899 ], [ 9.067774, 45.461896 ], [ 9.067794, 45.461892 ], [ 9.067814, 45.461889 ], [ 9.067853, 45.461881 ], [ 9.067865, 45.461878 ], [ 9.067878, 45.461875 ], [ 9.067891, 45.461872 ], [ 9.067903, 45.461869 ], [ 9.067916, 45.461866 ], [ 9.067958, 45.461855 ], [ 9.06798, 45.461849 ], [ 9.068005, 45.461839 ], [ 9.068027, 45.461828 ], [ 9.06805, 45.461817 ], [ 9.068083, 45.461802 ], [ 9.068109, 45.461788 ], [ 9.068141, 45.46177 ], [ 9.06815, 45.461765 ], [ 9.068159, 45.461761 ], [ 9.068169, 45.461757 ], [ 9.068183, 45.461751 ], [ 9.068198, 45.461745 ], [ 9.068261, 45.461718 ], [ 9.06832, 45.461695 ], [ 9.068338, 45.461687 ], [ 9.068358, 45.461679 ], [ 9.068462, 45.461639 ], [ 9.068483, 45.461631 ], [ 9.068504, 45.461623 ], [ 9.068512, 45.461619 ], [ 9.068521, 45.461615 ], [ 9.068528, 45.461611 ], [ 9.068543, 45.461603 ], [ 9.068556, 45.461597 ], [ 9.068562, 45.461593 ], [ 9.068569, 45.46159 ], [ 9.068605, 45.461564 ], [ 9.068625, 45.461546 ], [ 9.068688, 45.461497 ], [ 9.068719, 45.461472 ], [ 9.068784, 45.461419 ], [ 9.068842, 45.461379 ], [ 9.068941, 45.46136 ], [ 9.069077, 45.46134 ], [ 9.069096, 45.461336 ], [ 9.069118, 45.461332 ], [ 9.069133, 45.461329 ], [ 9.06915, 45.461326 ], [ 9.069177, 45.461321 ], [ 9.069204, 45.461317 ], [ 9.069247, 45.461307 ], [ 9.069264, 45.4613 ], [ 9.069274, 45.461297 ], [ 9.069291, 45.461289 ], [ 9.069315, 45.461277 ], [ 9.069322, 45.461272 ], [ 9.069338, 45.461262 ], [ 9.069358, 45.461248 ], [ 9.069375, 45.461237 ], [ 9.069389, 45.461227 ], [ 9.069408, 45.461215 ], [ 9.069434, 45.461198 ], [ 9.069449, 45.461188 ], [ 9.069463, 45.461179 ], [ 9.069546, 45.461127 ], [ 9.069574, 45.461107 ], [ 9.06958, 45.461101 ], [ 9.069588, 45.461094 ], [ 9.069607, 45.46108 ], [ 9.069629, 45.46106 ], [ 9.069645, 45.461043 ], [ 9.069648, 45.46104 ], [ 9.069664, 45.461026 ], [ 9.069674, 45.461017 ], [ 9.069683, 45.461007 ], [ 9.069692, 45.461 ], [ 9.069697, 45.460993 ], [ 9.069699, 45.460983 ], [ 9.069698, 45.460966 ], [ 9.069692, 45.460925 ], [ 9.069684, 45.460865 ], [ 9.069682, 45.460848 ], [ 9.069685, 45.46082 ], [ 9.069687, 45.460804 ], [ 9.069692, 45.460795 ], [ 9.069698, 45.460782 ], [ 9.069704, 45.460774 ], [ 9.06971, 45.460764 ], [ 9.069722, 45.460748 ], [ 9.069736, 45.46073 ], [ 9.069748, 45.460715 ], [ 9.069755, 45.460704 ], [ 9.069767, 45.460675 ], [ 9.069773, 45.460658 ], [ 9.069777, 45.460641 ], [ 9.06978, 45.460622 ], [ 9.06978, 45.460609 ], [ 9.069778, 45.460598 ], [ 9.069778, 45.460586 ], [ 9.069777, 45.460571 ], [ 9.069777, 45.46055 ], [ 9.069776, 45.460549 ], [ 9.069775, 45.460513 ], [ 9.069778, 45.460475 ], [ 9.069782, 45.460437 ], [ 9.069794, 45.460335 ], [ 9.069819, 45.460255 ], [ 9.069845, 45.460145 ], [ 9.069845, 45.460076 ], [ 9.069808, 45.460024 ], [ 9.069733, 45.459925 ], [ 9.069698, 45.459847 ], [ 9.069694, 45.45979 ], [ 9.069715, 45.459742 ], [ 9.069744, 45.459683 ], [ 9.069743, 45.459639 ], [ 9.069743, 45.459607 ], [ 9.069744, 45.459597 ], [ 9.069741, 45.459533 ], [ 9.069745, 45.459471 ], [ 9.069747, 45.459428 ], [ 9.069747, 45.459419 ], [ 9.069745, 45.459408 ], [ 9.069744, 45.459394 ], [ 9.069743, 45.459381 ], [ 9.069745, 45.459361 ], [ 9.069749, 45.459333 ], [ 9.069759, 45.459301 ], [ 9.069773, 45.459265 ], [ 9.069786, 45.459239 ], [ 9.069805, 45.459209 ], [ 9.069821, 45.459183 ], [ 9.06984, 45.459155 ], [ 9.0699, 45.459076 ], [ 9.070026, 45.458918 ], [ 9.070054, 45.458894 ], [ 9.070096, 45.458858 ], [ 9.070171, 45.458797 ], [ 9.070185, 45.458784 ], [ 9.070199, 45.458774 ], [ 9.070223, 45.458757 ], [ 9.070274, 45.458728 ], [ 9.070294, 45.458716 ], [ 9.070327, 45.458701 ], [ 9.070388, 45.458679 ], [ 9.070462, 45.458656 ], [ 9.070492, 45.458648 ], [ 9.070513, 45.458643 ], [ 9.070532, 45.45864 ], [ 9.070562, 45.458637 ], [ 9.070601, 45.458633 ], [ 9.070612, 45.458631 ], [ 9.070634, 45.458628 ], [ 9.07066, 45.458623 ], [ 9.070684, 45.45862 ], [ 9.070703, 45.458617 ], [ 9.070715, 45.458615 ], [ 9.070726, 45.458613 ], [ 9.070741, 45.458611 ], [ 9.070753, 45.45861 ], [ 9.070764, 45.458608 ], [ 9.070775, 45.458607 ], [ 9.070784, 45.458605 ], [ 9.0708, 45.458602 ], [ 9.070818, 45.458598 ], [ 9.070883, 45.458588 ], [ 9.070915, 45.458588 ], [ 9.070955, 45.458588 ], [ 9.07102, 45.458592 ], [ 9.071069, 45.458593 ], [ 9.071247, 45.4586 ], [ 9.07131, 45.458604 ], [ 9.071356, 45.458614 ], [ 9.07137, 45.458618 ], [ 9.071378, 45.458621 ], [ 9.071393, 45.458624 ], [ 9.071399, 45.458625 ], [ 9.071419, 45.458628 ], [ 9.071421, 45.458628 ], [ 9.071426, 45.458629 ], [ 9.071432, 45.45863 ], [ 9.071439, 45.458631 ], [ 9.071447, 45.458633 ], [ 9.071452, 45.458634 ], [ 9.071459, 45.458635 ], [ 9.071468, 45.458637 ], [ 9.071474, 45.458639 ], [ 9.071491, 45.458643 ], [ 9.071492, 45.458643 ], [ 9.071505, 45.458647 ], [ 9.071508, 45.458647 ], [ 9.07152, 45.45865 ], [ 9.071535, 45.458653 ], [ 9.071541, 45.458655 ], [ 9.071549, 45.458655 ], [ 9.071556, 45.458656 ], [ 9.071564, 45.458657 ], [ 9.071571, 45.458658 ], [ 9.071577, 45.458658 ], [ 9.071582, 45.458658 ], [ 9.071587, 45.458658 ], [ 9.071599, 45.458658 ], [ 9.071604, 45.458659 ], [ 9.071609, 45.458659 ], [ 9.071612, 45.458659 ], [ 9.071615, 45.458659 ], [ 9.071618, 45.458659 ], [ 9.071624, 45.458658 ], [ 9.07163, 45.458656 ], [ 9.071636, 45.458655 ], [ 9.071642, 45.458653 ], [ 9.071648, 45.458651 ], [ 9.071651, 45.45865 ], [ 9.071654, 45.458649 ], [ 9.071656, 45.458648 ], [ 9.071659, 45.458646 ], [ 9.071662, 45.458644 ], [ 9.071665, 45.458642 ], [ 9.071668, 45.45864 ], [ 9.07167, 45.458638 ], [ 9.071673, 45.458636 ], [ 9.071675, 45.458634 ], [ 9.071676, 45.458633 ], [ 9.071677, 45.458631 ], [ 9.071678, 45.458629 ], [ 9.071679, 45.458627 ], [ 9.07168, 45.458626 ], [ 9.071702, 45.458541 ], [ 9.07171, 45.45852 ], [ 9.071712, 45.458516 ], [ 9.071713, 45.458512 ], [ 9.071715, 45.458508 ], [ 9.071717, 45.458504 ], [ 9.071719, 45.458502 ], [ 9.071721, 45.4585 ], [ 9.071722, 45.458499 ], [ 9.071724, 45.458497 ], [ 9.071726, 45.458496 ], [ 9.071728, 45.458494 ], [ 9.07173, 45.458492 ], [ 9.071732, 45.45849 ], [ 9.071735, 45.458488 ], [ 9.071739, 45.458487 ], [ 9.071742, 45.458485 ], [ 9.071746, 45.458484 ], [ 9.071749, 45.458483 ], [ 9.071753, 45.458482 ], [ 9.071756, 45.458482 ], [ 9.071759, 45.458481 ], [ 9.071763, 45.458481 ], [ 9.071766, 45.458481 ], [ 9.071769, 45.458481 ], [ 9.071771, 45.458481 ], [ 9.071776, 45.458481 ], [ 9.07178, 45.458482 ], [ 9.071788, 45.458482 ], [ 9.071791, 45.458483 ], [ 9.071814, 45.458484 ], [ 9.071918, 45.458492 ], [ 9.071973, 45.458494 ], [ 9.071977, 45.458494 ], [ 9.07198, 45.458494 ], [ 9.071984, 45.458494 ], [ 9.071988, 45.458493 ], [ 9.071992, 45.458493 ], [ 9.071996, 45.458492 ], [ 9.071999, 45.458492 ], [ 9.072003, 45.458491 ], [ 9.072006, 45.45849 ], [ 9.072008, 45.45849 ], [ 9.072012, 45.458488 ], [ 9.072014, 45.458487 ], [ 9.072017, 45.458486 ], [ 9.07202, 45.458484 ], [ 9.072022, 45.458482 ], [ 9.07203, 45.458476 ], [ 9.072038, 45.458469 ], [ 9.072046, 45.458463 ], [ 9.072054, 45.458456 ], [ 9.07206, 45.458449 ], [ 9.072182, 45.458325 ], [ 9.072229, 45.458282 ], [ 9.072243, 45.458271 ], [ 9.072259, 45.458259 ], [ 9.072267, 45.458253 ], [ 9.072272, 45.458249 ], [ 9.072287, 45.458237 ], [ 9.072292, 45.458233 ], [ 9.072305, 45.458224 ], [ 9.072311, 45.458219 ], [ 9.072317, 45.458215 ], [ 9.072358, 45.458182 ], [ 9.072362, 45.458179 ], [ 9.072367, 45.458176 ], [ 9.07237, 45.458172 ], [ 9.072374, 45.458169 ], [ 9.072377, 45.458166 ], [ 9.072382, 45.45816 ], [ 9.072387, 45.458156 ], [ 9.072391, 45.458151 ], [ 9.072396, 45.458147 ], [ 9.0724, 45.458142 ], [ 9.072404, 45.458136 ], [ 9.07241, 45.458127 ], [ 9.072415, 45.458117 ], [ 9.072419, 45.458107 ], [ 9.072423, 45.458098 ], [ 9.072427, 45.458088 ], [ 9.072431, 45.458074 ], [ 9.072435, 45.45806 ], [ 9.072438, 45.458046 ], [ 9.072441, 45.458032 ], [ 9.072443, 45.458017 ], [ 9.072444, 45.458008 ], [ 9.072444, 45.457998 ], [ 9.072443, 45.45798 ], [ 9.072444, 45.457971 ], [ 9.072445, 45.45795 ], [ 9.072448, 45.457935 ], [ 9.072453, 45.457902 ], [ 9.072455, 45.457884 ], [ 9.072457, 45.45787 ], [ 9.072459, 45.457856 ], [ 9.072461, 45.457842 ], [ 9.072464, 45.457825 ], [ 9.072472, 45.457781 ], [ 9.072481, 45.457696 ], [ 9.072479, 45.457646 ], [ 9.07247, 45.457594 ], [ 9.072466, 45.457576 ], [ 9.072462, 45.457564 ], [ 9.072459, 45.457553 ], [ 9.07246, 45.457541 ], [ 9.07246, 45.457529 ], [ 9.072461, 45.457517 ], [ 9.072464, 45.457506 ], [ 9.072466, 45.457495 ], [ 9.072474, 45.457464 ], [ 9.072477, 45.457446 ], [ 9.072482, 45.457429 ], [ 9.072492, 45.457408 ], [ 9.072505, 45.457387 ], [ 9.072511, 45.457378 ], [ 9.072514, 45.457371 ], [ 9.072517, 45.457364 ], [ 9.072519, 45.457358 ], [ 9.072521, 45.457352 ], [ 9.072523, 45.457346 ], [ 9.072525, 45.457339 ], [ 9.072526, 45.457335 ], [ 9.072527, 45.45733 ], [ 9.072528, 45.457325 ], [ 9.072529, 45.457321 ], [ 9.072529, 45.457316 ], [ 9.072529, 45.45731 ], [ 9.072531, 45.457287 ], [ 9.072533, 45.457266 ], [ 9.072536, 45.45723 ], [ 9.072532, 45.457156 ], [ 9.072532, 45.457125 ], [ 9.072789, 45.457131 ], [ 9.072817, 45.457135 ], [ 9.073015, 45.457177 ], [ 9.073045, 45.457183 ], [ 9.073082, 45.457189 ], [ 9.073113, 45.457195 ], [ 9.073274, 45.45722 ], [ 9.07344, 45.457243 ], [ 9.073553, 45.45726 ], [ 9.073694, 45.457277 ], [ 9.073781, 45.457286 ], [ 9.07391, 45.457299 ], [ 9.074021, 45.45731 ], [ 9.074128, 45.45732 ], [ 9.074158, 45.457322 ], [ 9.074195, 45.457326 ], [ 9.074249, 45.45733 ], [ 9.074447, 45.457344 ], [ 9.074502, 45.457361 ], [ 9.074515, 45.457434 ], [ 9.074546, 45.4575 ], [ 9.074552, 45.457514 ], [ 9.074607, 45.457632 ], [ 9.074773, 45.457992 ], [ 9.074783, 45.458014 ], [ 9.074684, 45.458881 ], [ 9.07466, 45.458888 ], [ 9.074536, 45.458945 ], [ 9.074513, 45.458955 ], [ 9.074412, 45.45905 ], [ 9.074587, 45.459098 ], [ 9.074463, 45.459325 ], [ 9.074528, 45.459343 ], [ 9.074431, 45.459413 ], [ 9.074346, 45.459472 ], [ 9.074221, 45.45958 ], [ 9.074154, 45.459645 ], [ 9.073992, 45.459794 ], [ 9.073738, 45.460035 ], [ 9.073672, 45.460091 ], [ 9.073413, 45.460142 ], [ 9.073393, 45.460222 ], [ 9.073321, 45.46032 ], [ 9.073152, 45.460457 ], [ 9.073102, 45.460469 ], [ 9.072916, 45.460527 ], [ 9.072853, 45.460548 ], [ 9.078912, 45.459793 ], [ 9.079958, 45.45976 ], [ 9.080442, 45.45973 ], [ 9.081493, 45.459017 ], [ 9.087197, 45.461515 ], [ 9.087396, 45.461465 ], [ 9.087997, 45.460732 ], [ 9.088933, 45.460903 ], [ 9.089809, 45.461862 ], [ 9.090092, 45.462038 ], [ 9.090934, 45.461846 ], [ 9.091184, 45.461959 ], [ 9.091488, 45.461992 ], [ 9.092437, 45.462406 ], [ 9.092804, 45.462335 ], [ 9.09337, 45.462432 ], [ 9.094426, 45.463079 ], [ 9.096283, 45.464886 ], [ 9.097568, 45.465396 ], [ 9.098036, 45.465128 ], [ 9.099091, 45.46489 ], [ 9.099299, 45.464857 ], [ 9.099307, 45.464856 ], [ 9.099919, 45.46477 ], [ 9.10466, 45.466367 ], [ 9.105627, 45.465544 ], [ 9.111083, 45.464959 ], [ 9.111833, 45.465152 ], [ 9.113383, 45.464604 ], [ 9.115486, 45.463979 ], [ 9.115735, 45.460058 ], [ 9.114889, 45.458848 ], [ 9.111301, 45.455626 ], [ 9.112141, 45.452207 ], [ 9.1156, 45.451912 ], [ 9.11771, 45.451044 ], [ 9.120099, 45.451661 ], [ 9.12108, 45.451676 ], [ 9.121942, 45.451032 ], [ 9.122639, 45.449822 ], [ 9.122762, 45.449625 ], [ 9.122805, 45.449563 ], [ 9.122794, 45.449022 ], [ 9.121221, 45.446557 ], [ 9.121247, 45.446502 ], [ 9.122184, 45.445649 ], [ 9.122438, 45.445085 ], [ 9.122545, 45.444385 ], [ 9.122545, 45.444356 ], [ 9.121606, 45.443617 ], [ 9.12159, 45.443614 ], [ 9.121553, 45.443608 ], [ 9.120993, 45.443553 ], [ 9.120776, 45.443318 ], [ 9.12006, 45.44291 ], [ 9.119921, 45.442886 ], [ 9.119351, 45.44244 ], [ 9.117361, 45.441741 ], [ 9.116886, 45.440885 ], [ 9.116853, 45.440905 ], [ 9.116768, 45.441019 ], [ 9.116668, 45.441176 ], [ 9.116481, 45.44149 ], [ 9.115994, 45.44232 ], [ 9.11595, 45.442395 ], [ 9.115796, 45.442657 ], [ 9.115766, 45.442708 ], [ 9.115733, 45.442771 ], [ 9.115669, 45.44289 ], [ 9.115604, 45.443014 ], [ 9.115468, 45.44327 ], [ 9.1152, 45.443775 ], [ 9.115061, 45.443743 ], [ 9.115039, 45.443737 ], [ 9.114927, 45.443705 ], [ 9.114776, 45.443664 ], [ 9.114755, 45.443658 ], [ 9.114751, 45.443657 ], [ 9.114737, 45.443653 ], [ 9.114733, 45.443652 ], [ 9.11471, 45.443646 ], [ 9.114707, 45.443645 ], [ 9.114684, 45.443639 ], [ 9.114611, 45.443619 ], [ 9.114403, 45.443565 ], [ 9.114381, 45.443559 ], [ 9.114378, 45.443558 ], [ 9.114357, 45.443553 ], [ 9.114354, 45.443552 ], [ 9.114335, 45.443547 ], [ 9.114331, 45.443546 ], [ 9.114311, 45.443541 ], [ 9.114307, 45.44354 ], [ 9.114283, 45.443534 ], [ 9.114027, 45.443467 ], [ 9.114005, 45.443462 ], [ 9.114002, 45.443461 ], [ 9.113999, 45.44346 ], [ 9.113996, 45.443459 ], [ 9.113972, 45.443453 ], [ 9.113963, 45.443451 ], [ 9.113586, 45.443358 ], [ 9.113471, 45.443329 ], [ 9.113434, 45.443392 ], [ 9.113425, 45.443408 ], [ 9.113417, 45.443422 ], [ 9.113365, 45.443514 ], [ 9.113184, 45.443839 ], [ 9.112856, 45.444436 ], [ 9.112802, 45.444537 ], [ 9.112797, 45.444546 ], [ 9.112793, 45.444552 ], [ 9.112792, 45.444555 ], [ 9.112791, 45.444556 ], [ 9.11279, 45.444559 ], [ 9.112784, 45.44457 ], [ 9.112782, 45.444572 ], [ 9.112774, 45.444588 ], [ 9.112772, 45.44459 ], [ 9.112766, 45.444602 ], [ 9.112764, 45.444606 ], [ 9.112758, 45.444616 ], [ 9.112756, 45.44462 ], [ 9.112749, 45.444632 ], [ 9.112748, 45.444635 ], [ 9.112741, 45.444647 ], [ 9.11274, 45.444649 ], [ 9.112732, 45.444664 ], [ 9.112526, 45.445039 ], [ 9.112518, 45.445054 ], [ 9.112517, 45.445057 ], [ 9.112516, 45.445058 ], [ 9.112514, 45.445061 ], [ 9.112509, 45.445071 ], [ 9.112505, 45.445078 ], [ 9.112394, 45.445291 ], [ 9.112122, 45.445771 ], [ 9.112185, 45.445785 ], [ 9.112184, 45.445805 ], [ 9.112181, 45.445852 ], [ 9.113073, 45.445956 ], [ 9.113067, 45.445982 ], [ 9.113054, 45.446036 ], [ 9.112822, 45.446011 ], [ 9.112711, 45.446276 ], [ 9.112483, 45.446216 ], [ 9.112285, 45.446164 ], [ 9.112223, 45.446309 ], [ 9.112219, 45.446318 ], [ 9.112165, 45.446448 ], [ 9.112164, 45.44645 ], [ 9.112143, 45.446499 ], [ 9.111912, 45.447042 ], [ 9.111826, 45.447244 ], [ 9.111497, 45.447997 ], [ 9.111258, 45.447946 ], [ 9.111026, 45.448695 ], [ 9.110986, 45.448828 ], [ 9.110938, 45.448989 ], [ 9.110888, 45.449155 ], [ 9.110812, 45.449406 ], [ 9.110706, 45.449752 ], [ 9.110671, 45.449861 ], [ 9.110628, 45.449996 ], [ 9.110517, 45.450357 ], [ 9.110424, 45.450591 ], [ 9.110339, 45.450586 ], [ 9.110209, 45.45058 ], [ 9.110147, 45.45058 ], [ 9.109708, 45.450591 ], [ 9.109573, 45.450939 ], [ 9.10952, 45.450952 ], [ 9.109439, 45.450952 ], [ 9.109418, 45.450985 ], [ 9.109348, 45.450981 ], [ 9.109172, 45.45091 ], [ 9.109161, 45.450912 ], [ 9.109138, 45.450917 ], [ 9.109087, 45.450928 ], [ 9.108887, 45.450856 ], [ 9.108803, 45.450821 ], [ 9.108709, 45.450788 ], [ 9.108625, 45.450762 ], [ 9.108481, 45.450721 ], [ 9.108386, 45.450685 ], [ 9.108263, 45.450616 ], [ 9.108127, 45.450555 ], [ 9.108026, 45.450523 ], [ 9.10799, 45.450511 ], [ 9.107908, 45.450501 ], [ 9.107757, 45.450498 ], [ 9.107573, 45.450501 ], [ 9.107372, 45.4505 ], [ 9.107285, 45.450498 ], [ 9.107159, 45.450478 ], [ 9.107155, 45.450477 ], [ 9.106997, 45.450447 ], [ 9.106905, 45.45043 ], [ 9.106693, 45.450389 ], [ 9.106685, 45.450386 ], [ 9.106661, 45.450378 ], [ 9.106647, 45.450374 ], [ 9.106665, 45.450353 ], [ 9.106699, 45.450309 ], [ 9.106791, 45.450162 ], [ 9.106845, 45.450067 ], [ 9.106884, 45.449985 ], [ 9.106894, 45.449939 ], [ 9.106895, 45.449902 ], [ 9.106886, 45.449869 ], [ 9.106849, 45.449796 ], [ 9.106803, 45.44972 ], [ 9.106773, 45.449659 ], [ 9.106721, 45.449549 ], [ 9.106662, 45.449434 ], [ 9.106606, 45.449321 ], [ 9.106526, 45.449181 ], [ 9.106503, 45.449152 ], [ 9.106463, 45.449099 ], [ 9.106423, 45.449075 ], [ 9.106362, 45.449062 ], [ 9.106277, 45.449043 ], [ 9.106186, 45.449012 ], [ 9.10609, 45.448974 ], [ 9.10595, 45.448921 ], [ 9.105893, 45.448899 ], [ 9.105737, 45.448843 ], [ 9.105655, 45.448821 ], [ 9.105555, 45.448811 ], [ 9.105486, 45.448796 ], [ 9.105201, 45.448691 ], [ 9.105135, 45.448664 ], [ 9.105089, 45.448647 ], [ 9.10519, 45.448518 ], [ 9.105268, 45.448426 ], [ 9.105372, 45.448299 ], [ 9.105422, 45.448236 ], [ 9.105483, 45.448103 ], [ 9.105448, 45.448092 ], [ 9.105398, 45.448079 ], [ 9.10524, 45.448039 ], [ 9.105065, 45.447988 ], [ 9.104757, 45.447891 ], [ 9.104686, 45.447867 ], [ 9.104595, 45.447836 ], [ 9.104445, 45.448026 ], [ 9.104191, 45.447961 ], [ 9.103893, 45.447877 ], [ 9.103714, 45.447825 ], [ 9.10355, 45.447775 ], [ 9.103468, 45.447742 ], [ 9.103386, 45.44771 ], [ 9.10313, 45.447601 ], [ 9.103032, 45.447559 ], [ 9.102991, 45.447542 ], [ 9.103056, 45.447458 ], [ 9.103094, 45.447413 ], [ 9.103105, 45.447407 ], [ 9.103146, 45.447385 ], [ 9.103245, 45.447289 ], [ 9.103311, 45.447237 ], [ 9.103369, 45.447171 ], [ 9.103432, 45.447134 ], [ 9.103494, 45.447111 ], [ 9.10355, 45.447096 ], [ 9.103485, 45.446987 ], [ 9.10326, 45.447086 ], [ 9.102944, 45.447225 ], [ 9.102244, 45.447196 ], [ 9.102114, 45.447246 ], [ 9.102062, 45.447279 ], [ 9.101966, 45.447346 ], [ 9.101882, 45.447398 ], [ 9.10175, 45.447445 ], [ 9.101521, 45.447534 ], [ 9.101389, 45.447829 ], [ 9.101367, 45.447882 ], [ 9.101331, 45.447923 ], [ 9.101214, 45.448054 ], [ 9.100865, 45.448448 ], [ 9.1008, 45.448476 ], [ 9.100647, 45.448514 ], [ 9.100593, 45.448526 ], [ 9.100535, 45.448531 ], [ 9.100284, 45.448549 ], [ 9.100262, 45.448549 ], [ 9.100242, 45.44855 ], [ 9.100306, 45.448465 ], [ 9.100226, 45.448447 ], [ 9.100315, 45.448312 ], [ 9.100411, 45.448175 ], [ 9.100466, 45.4481 ], [ 9.100516, 45.448024 ], [ 9.100639, 45.447848 ], [ 9.100735, 45.447711 ], [ 9.100882, 45.4475 ], [ 9.101006, 45.447324 ], [ 9.101089, 45.447203 ], [ 9.101135, 45.447129 ], [ 9.101237, 45.446962 ], [ 9.101184, 45.446955 ], [ 9.10118, 45.446954 ], [ 9.101056, 45.446939 ], [ 9.100895, 45.446927 ], [ 9.100745, 45.446922 ], [ 9.100513, 45.446913 ], [ 9.100236, 45.446908 ], [ 9.100069, 45.446904 ], [ 9.099733, 45.446896 ], [ 9.099535, 45.446897 ], [ 9.099326, 45.446901 ], [ 9.099092, 45.446895 ], [ 9.099064, 45.446894 ], [ 9.098914, 45.446883 ], [ 9.098866, 45.446881 ], [ 9.098349, 45.447289 ], [ 9.09824, 45.447387 ], [ 9.09819, 45.447464 ], [ 9.098109, 45.44753 ], [ 9.098017, 45.447599 ], [ 9.097961, 45.447643 ], [ 9.097882, 45.44771 ], [ 9.097759, 45.447831 ], [ 9.097486, 45.448143 ], [ 9.097316, 45.448329 ], [ 9.097138, 45.448528 ], [ 9.096878, 45.448821 ], [ 9.096806, 45.448901 ], [ 9.096727, 45.448867 ], [ 9.096333, 45.448694 ], [ 9.096105, 45.448587 ], [ 9.096018, 45.448643 ], [ 9.095495, 45.448977 ], [ 9.095668, 45.449073 ], [ 9.095735, 45.449117 ], [ 9.095612, 45.449227 ], [ 9.095593, 45.449331 ], [ 9.095564, 45.449426 ], [ 9.095496, 45.44953 ], [ 9.095339, 45.449783 ], [ 9.095284, 45.449904 ], [ 9.095308, 45.449986 ], [ 9.095342, 45.450041 ], [ 9.09538, 45.450095 ], [ 9.095293, 45.450177 ], [ 9.095239, 45.450225 ], [ 9.095042, 45.450421 ], [ 9.09487, 45.450596 ], [ 9.094786, 45.450679 ], [ 9.094659, 45.450809 ], [ 9.094524, 45.450946 ], [ 9.094443, 45.451018 ], [ 9.094346, 45.451112 ], [ 9.094344, 45.451115 ], [ 9.094301, 45.451159 ], [ 9.094214, 45.451265 ], [ 9.094122, 45.451352 ], [ 9.094047, 45.451421 ], [ 9.093931, 45.45154 ], [ 9.093854, 45.451569 ], [ 9.093666, 45.45164 ], [ 9.09364, 45.451725 ], [ 9.093604, 45.451799 ], [ 9.09355, 45.451867 ], [ 9.093438, 45.452018 ], [ 9.093271, 45.452239 ], [ 9.093232, 45.452296 ], [ 9.093174, 45.452381 ], [ 9.092995, 45.452303 ], [ 9.092987, 45.452299 ], [ 9.092972, 45.452303 ], [ 9.092892, 45.45232 ], [ 9.092744, 45.452353 ], [ 9.092487, 45.45241 ], [ 9.092359, 45.45244 ], [ 9.092097, 45.452501 ], [ 9.092034, 45.452516 ], [ 9.091475, 45.452648 ], [ 9.091453, 45.452653 ], [ 9.091214, 45.45271 ], [ 9.091192, 45.452715 ], [ 9.09113, 45.45273 ], [ 9.090994, 45.452761 ], [ 9.090558, 45.452863 ], [ 9.090553, 45.452864 ], [ 9.090528, 45.452874 ], [ 9.090521, 45.452875 ], [ 9.090487, 45.452881 ], [ 9.090034, 45.452956 ], [ 9.089649, 45.453015 ], [ 9.089114, 45.453098 ], [ 9.0891, 45.4531 ], [ 9.088805, 45.453148 ], [ 9.088745, 45.453166 ], [ 9.088685, 45.45319 ], [ 9.088616, 45.453217 ], [ 9.088075, 45.453353 ], [ 9.087896, 45.453405 ], [ 9.087868, 45.453412 ], [ 9.087662, 45.453442 ], [ 9.087622, 45.453448 ], [ 9.087537, 45.453416 ], [ 9.087387, 45.453322 ], [ 9.08705, 45.453108 ], [ 9.087013, 45.453081 ], [ 9.086883, 45.452985 ], [ 9.086854, 45.452964 ], [ 9.08671, 45.452926 ], [ 9.086403, 45.452936 ], [ 9.086284, 45.45294 ], [ 9.086247, 45.452927 ], [ 9.086168, 45.452901 ], [ 9.086107, 45.452861 ], [ 9.086077, 45.452819 ], [ 9.086059, 45.452795 ], [ 9.086007, 45.452714 ], [ 9.085934, 45.452676 ], [ 9.085592, 45.452519 ], [ 9.085296, 45.452375 ], [ 9.085207, 45.452333 ], [ 9.084852, 45.452164 ], [ 9.084398, 45.451946 ], [ 9.084208, 45.451856 ], [ 9.083944, 45.451734 ], [ 9.083729, 45.451625 ], [ 9.083657, 45.451592 ], [ 9.08363, 45.451579 ], [ 9.08361, 45.451567 ], [ 9.083502, 45.451502 ], [ 9.083429, 45.451517 ], [ 9.083339, 45.451421 ], [ 9.083314, 45.451394 ], [ 9.083221, 45.451397 ], [ 9.083024, 45.451397 ], [ 9.082866, 45.451387 ], [ 9.082774, 45.451379 ], [ 9.082715, 45.451367 ], [ 9.082666, 45.451336 ], [ 9.082582, 45.451265 ], [ 9.082513, 45.451231 ], [ 9.082501, 45.45125 ], [ 9.082458, 45.451234 ], [ 9.082428, 45.451223 ], [ 9.082259, 45.451152 ], [ 9.082256, 45.451151 ], [ 9.081922, 45.451008 ], [ 9.081608, 45.450869 ], [ 9.081595, 45.450861 ], [ 9.081324, 45.451022 ], [ 9.081154, 45.451124 ], [ 9.080755, 45.451362 ], [ 9.080388, 45.451581 ], [ 9.07997, 45.451284 ], [ 9.07986, 45.451205 ], [ 9.079764, 45.451138 ], [ 9.079709, 45.451097 ], [ 9.079657, 45.451058 ], [ 9.079577, 45.451001 ], [ 9.079466, 45.451069 ], [ 9.079432, 45.451089 ], [ 9.079411, 45.451102 ], [ 9.0793, 45.45116 ], [ 9.079236, 45.451209 ], [ 9.079174, 45.451259 ], [ 9.079061, 45.451362 ], [ 9.079025, 45.451401 ], [ 9.078951, 45.45148 ], [ 9.078877, 45.45157 ], [ 9.078868, 45.451583 ], [ 9.078867, 45.451585 ], [ 9.07885, 45.451609 ], [ 9.078803, 45.45168 ], [ 9.078739, 45.451779 ], [ 9.078629, 45.451951 ], [ 9.078538, 45.452085 ], [ 9.078485, 45.452165 ], [ 9.078475, 45.452174 ], [ 9.078473, 45.452176 ], [ 9.078449, 45.452202 ], [ 9.078425, 45.452226 ], [ 9.078333, 45.452275 ], [ 9.078299, 45.452294 ], [ 9.078279, 45.452306 ], [ 9.078251, 45.452322 ], [ 9.07825, 45.452323 ], [ 9.077905, 45.452396 ], [ 9.077859, 45.452362 ], [ 9.077837, 45.452339 ], [ 9.077769, 45.452253 ], [ 9.077701, 45.452178 ], [ 9.077691, 45.452168 ], [ 9.077675, 45.45215 ], [ 9.077662, 45.452137 ], [ 9.077658, 45.452132 ], [ 9.077654, 45.452128 ], [ 9.07765, 45.452123 ], [ 9.077646, 45.452118 ], [ 9.077642, 45.452113 ], [ 9.077638, 45.452108 ], [ 9.077635, 45.452103 ], [ 9.077632, 45.452099 ], [ 9.07763, 45.452095 ], [ 9.077627, 45.452091 ], [ 9.077625, 45.452086 ], [ 9.077619, 45.452075 ], [ 9.077615, 45.452064 ], [ 9.077612, 45.452052 ], [ 9.077609, 45.452038 ], [ 9.077607, 45.452027 ], [ 9.077605, 45.452018 ], [ 9.077602, 45.452009 ], [ 9.0776, 45.452005 ], [ 9.077597, 45.451998 ], [ 9.077596, 45.451995 ], [ 9.077595, 45.451991 ], [ 9.077594, 45.451988 ], [ 9.077594, 45.451983 ], [ 9.077593, 45.451979 ], [ 9.077593, 45.451974 ], [ 9.077592, 45.451969 ], [ 9.077592, 45.451964 ], [ 9.077592, 45.45196 ], [ 9.077592, 45.451955 ], [ 9.077593, 45.451939 ], [ 9.077451, 45.451997 ], [ 9.077422, 45.451957 ], [ 9.077388, 45.451919 ], [ 9.077366, 45.451896 ], [ 9.077339, 45.451876 ], [ 9.077299, 45.451845 ], [ 9.077267, 45.451819 ], [ 9.077221, 45.451777 ], [ 9.077203, 45.451761 ], [ 9.077182, 45.451746 ], [ 9.077164, 45.451736 ], [ 9.077143, 45.451717 ], [ 9.077114, 45.451687 ], [ 9.077064, 45.451638 ], [ 9.077037, 45.451609 ], [ 9.077023, 45.451591 ], [ 9.076983, 45.451554 ], [ 9.076945, 45.451522 ], [ 9.076924, 45.451502 ], [ 9.076893, 45.451471 ], [ 9.076858, 45.451438 ], [ 9.076823, 45.451409 ], [ 9.076766, 45.451364 ], [ 9.076744, 45.451347 ], [ 9.076722, 45.451328 ], [ 9.076705, 45.451311 ], [ 9.076691, 45.451297 ], [ 9.076684, 45.451289 ], [ 9.076679, 45.451282 ], [ 9.076677, 45.451273 ], [ 9.076673, 45.451266 ], [ 9.076671, 45.451254 ], [ 9.076674, 45.451245 ], [ 9.076679, 45.451237 ], [ 9.076687, 45.451228 ], [ 9.076697, 45.451219 ], [ 9.076706, 45.451213 ], [ 9.07671, 45.451211 ], [ 9.076713, 45.451208 ], [ 9.076721, 45.4512 ], [ 9.076729, 45.451192 ], [ 9.076737, 45.451184 ], [ 9.076745, 45.451176 ], [ 9.076751, 45.451168 ], [ 9.076759, 45.451156 ], [ 9.076768, 45.451144 ], [ 9.076783, 45.451121 ], [ 9.076801, 45.451093 ], [ 9.07682, 45.451062 ], [ 9.07687, 45.45099 ], [ 9.07688, 45.450974 ], [ 9.076901, 45.450942 ], [ 9.076957, 45.450852 ], [ 9.076966, 45.450838 ], [ 9.076974, 45.450823 ], [ 9.076997, 45.45078 ], [ 9.077005, 45.450765 ], [ 9.077014, 45.45075 ], [ 9.077023, 45.450736 ], [ 9.077032, 45.450722 ], [ 9.07707, 45.450666 ], [ 9.077109, 45.450606 ], [ 9.077171, 45.450513 ], [ 9.077214, 45.450453 ], [ 9.077224, 45.450438 ], [ 9.077232, 45.450425 ], [ 9.07724, 45.450411 ], [ 9.077256, 45.450384 ], [ 9.077264, 45.450371 ], [ 9.077295, 45.450321 ], [ 9.077316, 45.450288 ], [ 9.077328, 45.450267 ], [ 9.077334, 45.450256 ], [ 9.077341, 45.450244 ], [ 9.077353, 45.450219 ], [ 9.07736, 45.450207 ], [ 9.077367, 45.450194 ], [ 9.077373, 45.450185 ], [ 9.07738, 45.450175 ], [ 9.077386, 45.450166 ], [ 9.077407, 45.450138 ], [ 9.077429, 45.45011 ], [ 9.07749, 45.45003 ], [ 9.077501, 45.450016 ], [ 9.077508, 45.450006 ], [ 9.077532, 45.449968 ], [ 9.077557, 45.44993 ], [ 9.077561, 45.449922 ], [ 9.077567, 45.449912 ], [ 9.077572, 45.449901 ], [ 9.077578, 45.449888 ], [ 9.077583, 45.449878 ], [ 9.077585, 45.449874 ], [ 9.077587, 45.44987 ], [ 9.077589, 45.449866 ], [ 9.077591, 45.449861 ], [ 9.077592, 45.449856 ], [ 9.077594, 45.449852 ], [ 9.077595, 45.449847 ], [ 9.077597, 45.449843 ], [ 9.077598, 45.449839 ], [ 9.0776, 45.449835 ], [ 9.077602, 45.449832 ], [ 9.077604, 45.449828 ], [ 9.077608, 45.44982 ], [ 9.077611, 45.449816 ], [ 9.077613, 45.449812 ], [ 9.077615, 45.449808 ], [ 9.077618, 45.449804 ], [ 9.077622, 45.449799 ], [ 9.077631, 45.449787 ], [ 9.077632, 45.449786 ], [ 9.077635, 45.449782 ], [ 9.07764, 45.449776 ], [ 9.077646, 45.449765 ], [ 9.077665, 45.449735 ], [ 9.077671, 45.449726 ], [ 9.07768, 45.449713 ], [ 9.077716, 45.449661 ], [ 9.077726, 45.449647 ], [ 9.077745, 45.449617 ], [ 9.077755, 45.449603 ], [ 9.077765, 45.449589 ], [ 9.077769, 45.449583 ], [ 9.077774, 45.449578 ], [ 9.077789, 45.449561 ], [ 9.077814, 45.449533 ], [ 9.077828, 45.449512 ], [ 9.077847, 45.449479 ], [ 9.077864, 45.449439 ], [ 9.077882, 45.449401 ], [ 9.077901, 45.449366 ], [ 9.077911, 45.449339 ], [ 9.077911, 45.44932 ], [ 9.077901, 45.449314 ], [ 9.077879, 45.449312 ], [ 9.077856, 45.449314 ], [ 9.077826, 45.44932 ], [ 9.077795, 45.44932 ], [ 9.077748, 45.449317 ], [ 9.077694, 45.449313 ], [ 9.077638, 45.449306 ], [ 9.077584, 45.449299 ], [ 9.077541, 45.449292 ], [ 9.077516, 45.449285 ], [ 9.077491, 45.44927 ], [ 9.077463, 45.449249 ], [ 9.077432, 45.449219 ], [ 9.077428, 45.449215 ], [ 9.077395, 45.449185 ], [ 9.077393, 45.449182 ], [ 9.077386, 45.449177 ], [ 9.07738, 45.449171 ], [ 9.077376, 45.449167 ], [ 9.077372, 45.449162 ], [ 9.077363, 45.449152 ], [ 9.077359, 45.449147 ], [ 9.077357, 45.449145 ], [ 9.077355, 45.449143 ], [ 9.077351, 45.44914 ], [ 9.077349, 45.449138 ], [ 9.077348, 45.449137 ], [ 9.077347, 45.449136 ], [ 9.077346, 45.449134 ], [ 9.077345, 45.449133 ], [ 9.077338, 45.449126 ], [ 9.077333, 45.449122 ], [ 9.077327, 45.449117 ], [ 9.077322, 45.449112 ], [ 9.077317, 45.449108 ], [ 9.077313, 45.449103 ], [ 9.077309, 45.449099 ], [ 9.077305, 45.449095 ], [ 9.077298, 45.449087 ], [ 9.077294, 45.449083 ], [ 9.077267, 45.449053 ], [ 9.077263, 45.449048 ], [ 9.077258, 45.449044 ], [ 9.077253, 45.449038 ], [ 9.077248, 45.449032 ], [ 9.077245, 45.449029 ], [ 9.077241, 45.449024 ], [ 9.077224, 45.449005 ], [ 9.077215, 45.448995 ], [ 9.077201, 45.44898 ], [ 9.077193, 45.448972 ], [ 9.07718, 45.448958 ], [ 9.077175, 45.448953 ], [ 9.07717, 45.448948 ], [ 9.077155, 45.448933 ], [ 9.077149, 45.448928 ], [ 9.077142, 45.448922 ], [ 9.077128, 45.44891 ], [ 9.077122, 45.448903 ], [ 9.077115, 45.448897 ], [ 9.07711, 45.448891 ], [ 9.077105, 45.448885 ], [ 9.077099, 45.448879 ], [ 9.077094, 45.448873 ], [ 9.077088, 45.448866 ], [ 9.077082, 45.448861 ], [ 9.077077, 45.448854 ], [ 9.077068, 45.448845 ], [ 9.077059, 45.448833 ], [ 9.077052, 45.448824 ], [ 9.077044, 45.448816 ], [ 9.077037, 45.448807 ], [ 9.07703, 45.448799 ], [ 9.077023, 45.448791 ], [ 9.077017, 45.448784 ], [ 9.077011, 45.448777 ], [ 9.077005, 45.448769 ], [ 9.076999, 45.448763 ], [ 9.076991, 45.448755 ], [ 9.076966, 45.448732 ], [ 9.076957, 45.448724 ], [ 9.07695, 45.448716 ], [ 9.076928, 45.448692 ], [ 9.076903, 45.448667 ], [ 9.076894, 45.448658 ], [ 9.076885, 45.448649 ], [ 9.076876, 45.448641 ], [ 9.076866, 45.448633 ], [ 9.076855, 45.448624 ], [ 9.076814, 45.44859 ], [ 9.076806, 45.448582 ], [ 9.076762, 45.448533 ], [ 9.07675, 45.448519 ], [ 9.07673, 45.448496 ], [ 9.076723, 45.448489 ], [ 9.076716, 45.448481 ], [ 9.076693, 45.448459 ], [ 9.076686, 45.448451 ], [ 9.07668, 45.448444 ], [ 9.076664, 45.448425 ], [ 9.076658, 45.448419 ], [ 9.076651, 45.448412 ], [ 9.076621, 45.448381 ], [ 9.076615, 45.448374 ], [ 9.076594, 45.448354 ], [ 9.076588, 45.448347 ], [ 9.076583, 45.448342 ], [ 9.076579, 45.448337 ], [ 9.07657, 45.448327 ], [ 9.076552, 45.448308 ], [ 9.076548, 45.448303 ], [ 9.076543, 45.448298 ], [ 9.076538, 45.448294 ], [ 9.076533, 45.448291 ], [ 9.076523, 45.448282 ], [ 9.076517, 45.448278 ], [ 9.076513, 45.448275 ], [ 9.076507, 45.448267 ], [ 9.076488, 45.448249 ], [ 9.076481, 45.448245 ], [ 9.076471, 45.448243 ], [ 9.076449, 45.44824 ], [ 9.076424, 45.448239 ], [ 9.076424, 45.448234 ], [ 9.076423, 45.448195 ], [ 9.076422, 45.448154 ], [ 9.076421, 45.448121 ], [ 9.076419, 45.448086 ], [ 9.076418, 45.448061 ], [ 9.076418, 45.448044 ], [ 9.076418, 45.448036 ], [ 9.076418, 45.44803 ], [ 9.076418, 45.448025 ], [ 9.076419, 45.44802 ], [ 9.076419, 45.448015 ], [ 9.07642, 45.448009 ], [ 9.07642, 45.448003 ], [ 9.076421, 45.447996 ], [ 9.076423, 45.44799 ], [ 9.076424, 45.447984 ], [ 9.076426, 45.447977 ], [ 9.076428, 45.44797 ], [ 9.07643, 45.447963 ], [ 9.076433, 45.447957 ], [ 9.076436, 45.44795 ], [ 9.07644, 45.447943 ], [ 9.076443, 45.447937 ], [ 9.076446, 45.447932 ], [ 9.076449, 45.447927 ], [ 9.076453, 45.447922 ], [ 9.076458, 45.447917 ], [ 9.07647, 45.447906 ], [ 9.076482, 45.447895 ], [ 9.076531, 45.447853 ], [ 9.076547, 45.44784 ], [ 9.076553, 45.447835 ], [ 9.076565, 45.447825 ], [ 9.076571, 45.44782 ], [ 9.076577, 45.447815 ], [ 9.076583, 45.447811 ], [ 9.076589, 45.447806 ], [ 9.076596, 45.447802 ], [ 9.07661, 45.447794 ], [ 9.076615, 45.447791 ], [ 9.076628, 45.447784 ], [ 9.076634, 45.447781 ], [ 9.07664, 45.447777 ], [ 9.076648, 45.447771 ], [ 9.076657, 45.447765 ], [ 9.076665, 45.447759 ], [ 9.076673, 45.447753 ], [ 9.076681, 45.447747 ], [ 9.076684, 45.447743 ], [ 9.076687, 45.44774 ], [ 9.07669, 45.447736 ], [ 9.076692, 45.447733 ], [ 9.076693, 45.447729 ], [ 9.076695, 45.447724 ], [ 9.076696, 45.44772 ], [ 9.076697, 45.447715 ], [ 9.0767, 45.447698 ], [ 9.0767, 45.447693 ], [ 9.076701, 45.447689 ], [ 9.076701, 45.447684 ], [ 9.0767, 45.447679 ], [ 9.076699, 45.447674 ], [ 9.076698, 45.447669 ], [ 9.076697, 45.447664 ], [ 9.076695, 45.447659 ], [ 9.076693, 45.447654 ], [ 9.07669, 45.447648 ], [ 9.076688, 45.447643 ], [ 9.076675, 45.447619 ], [ 9.076671, 45.447612 ], [ 9.076667, 45.447605 ], [ 9.076663, 45.447599 ], [ 9.076659, 45.447592 ], [ 9.076651, 45.44758 ], [ 9.076637, 45.447557 ], [ 9.076635, 45.447552 ], [ 9.076633, 45.447547 ], [ 9.076632, 45.447542 ], [ 9.076631, 45.447538 ], [ 9.076631, 45.447533 ], [ 9.076632, 45.447529 ], [ 9.076632, 45.447524 ], [ 9.076632, 45.447519 ], [ 9.076633, 45.44751 ], [ 9.076634, 45.4475 ], [ 9.076634, 45.447495 ], [ 9.076635, 45.447491 ], [ 9.076635, 45.447487 ], [ 9.076638, 45.447471 ], [ 9.07664, 45.447457 ], [ 9.076641, 45.447452 ], [ 9.076643, 45.447441 ], [ 9.076644, 45.447435 ], [ 9.076645, 45.44743 ], [ 9.076649, 45.447413 ], [ 9.076651, 45.447408 ], [ 9.076653, 45.447403 ], [ 9.076655, 45.447397 ], [ 9.076658, 45.44739 ], [ 9.076662, 45.447383 ], [ 9.076666, 45.447376 ], [ 9.07667, 45.447369 ], [ 9.076675, 45.447362 ], [ 9.076681, 45.447355 ], [ 9.076688, 45.447347 ], [ 9.076696, 45.44734 ], [ 9.076703, 45.447333 ], [ 9.076711, 45.447326 ], [ 9.076719, 45.44732 ], [ 9.076726, 45.447314 ], [ 9.076734, 45.447308 ], [ 9.07675, 45.447296 ], [ 9.076752, 45.447294 ], [ 9.07676, 45.447288 ], [ 9.07679, 45.447267 ], [ 9.0768, 45.44726 ], [ 9.076806, 45.447255 ], [ 9.076813, 45.447251 ], [ 9.076819, 45.447246 ], [ 9.076825, 45.447241 ], [ 9.076831, 45.447236 ], [ 9.076835, 45.44723 ], [ 9.076838, 45.447225 ], [ 9.076841, 45.447219 ], [ 9.076843, 45.447213 ], [ 9.076846, 45.447208 ], [ 9.07685, 45.4472 ], [ 9.076851, 45.447196 ], [ 9.076853, 45.447192 ], [ 9.076854, 45.447188 ], [ 9.076855, 45.447182 ], [ 9.076855, 45.447176 ], [ 9.076856, 45.447165 ], [ 9.076856, 45.44716 ], [ 9.076857, 45.447148 ], [ 9.076857, 45.447143 ], [ 9.076857, 45.447139 ], [ 9.076857, 45.447127 ], [ 9.076857, 45.447121 ], [ 9.076857, 45.447115 ], [ 9.076857, 45.447109 ], [ 9.076856, 45.447104 ], [ 9.076855, 45.447099 ], [ 9.076854, 45.447094 ], [ 9.076853, 45.447089 ], [ 9.076852, 45.447084 ], [ 9.076851, 45.44708 ], [ 9.076849, 45.447075 ], [ 9.076847, 45.44707 ], [ 9.076842, 45.447058 ], [ 9.076839, 45.44705 ], [ 9.076838, 45.447047 ], [ 9.076836, 45.447043 ], [ 9.076835, 45.447038 ], [ 9.076833, 45.447033 ], [ 9.076832, 45.447028 ], [ 9.076831, 45.447022 ], [ 9.076829, 45.447013 ], [ 9.076828, 45.447008 ], [ 9.076827, 45.447004 ], [ 9.076827, 45.447 ], [ 9.076827, 45.446995 ], [ 9.076827, 45.44699 ], [ 9.076827, 45.446985 ], [ 9.076828, 45.446979 ], [ 9.076828, 45.446974 ], [ 9.076829, 45.446969 ], [ 9.07683, 45.446967 ], [ 9.076831, 45.446964 ], [ 9.076832, 45.446962 ], [ 9.076833, 45.44696 ], [ 9.076834, 45.446957 ], [ 9.076836, 45.446955 ], [ 9.076837, 45.446953 ], [ 9.076839, 45.44695 ], [ 9.076841, 45.446948 ], [ 9.076844, 45.446946 ], [ 9.076847, 45.446944 ], [ 9.07685, 45.446941 ], [ 9.076854, 45.446939 ], [ 9.076858, 45.446937 ], [ 9.076869, 45.446931 ], [ 9.076875, 45.446928 ], [ 9.076882, 45.446925 ], [ 9.076889, 45.446922 ], [ 9.076896, 45.446919 ], [ 9.076905, 45.446916 ], [ 9.076915, 45.446913 ], [ 9.076934, 45.446907 ], [ 9.076944, 45.446904 ], [ 9.076995, 45.446887 ], [ 9.077012, 45.446882 ], [ 9.077029, 45.446875 ], [ 9.07705, 45.446867 ], [ 9.07707, 45.446858 ], [ 9.07709, 45.44685 ], [ 9.077131, 45.446832 ], [ 9.077149, 45.446823 ], [ 9.077205, 45.446797 ], [ 9.077223, 45.446788 ], [ 9.077242, 45.44678 ], [ 9.077254, 45.446775 ], [ 9.077267, 45.446771 ], [ 9.077293, 45.446763 ], [ 9.077306, 45.446759 ], [ 9.077335, 45.44675 ], [ 9.077398, 45.446722 ], [ 9.077408, 45.446718 ], [ 9.077419, 45.446713 ], [ 9.07743, 45.446707 ], [ 9.07744, 45.446701 ], [ 9.077451, 45.446695 ], [ 9.077463, 45.446687 ], [ 9.077475, 45.446678 ], [ 9.0775, 45.44666 ], [ 9.077512, 45.446652 ], [ 9.077525, 45.446643 ], [ 9.077539, 45.446635 ], [ 9.077552, 45.446626 ], [ 9.077566, 45.446618 ], [ 9.07758, 45.44661 ], [ 9.077591, 45.446603 ], [ 9.077602, 45.446597 ], [ 9.077614, 45.446591 ], [ 9.077636, 45.446579 ], [ 9.077647, 45.446574 ], [ 9.077657, 45.446569 ], [ 9.077678, 45.446559 ], [ 9.077689, 45.446554 ], [ 9.077695, 45.44655 ], [ 9.077703, 45.446547 ], [ 9.077724, 45.446538 ], [ 9.077733, 45.446535 ], [ 9.077741, 45.446532 ], [ 9.07775, 45.446529 ], [ 9.077758, 45.446525 ], [ 9.077765, 45.446521 ], [ 9.07777, 45.446518 ], [ 9.077775, 45.446514 ], [ 9.077779, 45.446509 ], [ 9.077783, 45.446505 ], [ 9.077786, 45.4465 ], [ 9.077787, 45.446495 ], [ 9.077788, 45.44649 ], [ 9.077787, 45.446485 ], [ 9.077786, 45.446475 ], [ 9.077785, 45.44647 ], [ 9.077784, 45.446465 ], [ 9.077783, 45.44646 ], [ 9.077781, 45.446455 ], [ 9.07778, 45.44645 ], [ 9.077778, 45.446445 ], [ 9.077776, 45.44644 ], [ 9.07777, 45.446424 ], [ 9.077762, 45.446402 ], [ 9.077759, 45.446395 ], [ 9.077756, 45.446388 ], [ 9.077753, 45.446382 ], [ 9.07775, 45.446377 ], [ 9.077741, 45.44636 ], [ 9.077738, 45.446355 ], [ 9.077733, 45.446346 ], [ 9.07773, 45.446342 ], [ 9.077728, 45.446337 ], [ 9.077726, 45.446331 ], [ 9.077725, 45.446326 ], [ 9.077724, 45.44632 ], [ 9.077724, 45.446315 ], [ 9.077723, 45.446309 ], [ 9.077723, 45.446306 ], [ 9.077723, 45.446302 ], [ 9.077723, 45.446298 ], [ 9.077723, 45.446291 ], [ 9.077724, 45.446286 ], [ 9.077726, 45.44627 ], [ 9.077726, 45.446265 ], [ 9.077727, 45.446259 ], [ 9.077727, 45.446247 ], [ 9.077728, 45.446241 ], [ 9.077728, 45.446235 ], [ 9.077729, 45.446229 ], [ 9.077732, 45.44621 ], [ 9.077734, 45.446199 ], [ 9.077735, 45.44617 ], [ 9.077731, 45.446081 ], [ 9.077732, 45.446074 ], [ 9.077732, 45.446068 ], [ 9.077733, 45.446061 ], [ 9.077735, 45.446041 ], [ 9.077735, 45.446031 ], [ 9.077735, 45.446028 ], [ 9.077735, 45.446024 ], [ 9.077734, 45.44602 ], [ 9.077734, 45.446017 ], [ 9.077732, 45.446012 ], [ 9.077731, 45.446008 ], [ 9.077729, 45.446004 ], [ 9.077727, 45.446 ], [ 9.077724, 45.445996 ], [ 9.077716, 45.445989 ], [ 9.077707, 45.445982 ], [ 9.077697, 45.445976 ], [ 9.077687, 45.44597 ], [ 9.077678, 45.445963 ], [ 9.07767, 45.445958 ], [ 9.077661, 45.445953 ], [ 9.077653, 45.445948 ], [ 9.077645, 45.445942 ], [ 9.077639, 45.445935 ], [ 9.077634, 45.445929 ], [ 9.077632, 45.445922 ], [ 9.077631, 45.445916 ], [ 9.077632, 45.445909 ], [ 9.077633, 45.445903 ], [ 9.077634, 45.445898 ], [ 9.077636, 45.445894 ], [ 9.077638, 45.44589 ], [ 9.077641, 45.445887 ], [ 9.077643, 45.445883 ], [ 9.077647, 45.445878 ], [ 9.07765, 45.445874 ], [ 9.077654, 45.44587 ], [ 9.077658, 45.445865 ], [ 9.077662, 45.445861 ], [ 9.077665, 45.445858 ], [ 9.077668, 45.445855 ], [ 9.077672, 45.445853 ], [ 9.077676, 45.44585 ], [ 9.077679, 45.445848 ], [ 9.077683, 45.445846 ], [ 9.077686, 45.445844 ], [ 9.07769, 45.445842 ], [ 9.077694, 45.44584 ], [ 9.077698, 45.445838 ], [ 9.077702, 45.445837 ], [ 9.077707, 45.445835 ], [ 9.077712, 45.445834 ], [ 9.077717, 45.445832 ], [ 9.077723, 45.445831 ], [ 9.07773, 45.44583 ], [ 9.077737, 45.44583 ], [ 9.077738, 45.44583 ], [ 9.077751, 45.44583 ], [ 9.077758, 45.445829 ], [ 9.07777, 45.445829 ], [ 9.077777, 45.445828 ], [ 9.077783, 45.445827 ], [ 9.077789, 45.445827 ], [ 9.077795, 45.445825 ], [ 9.077805, 45.445824 ], [ 9.077815, 45.445822 ], [ 9.077822, 45.445819 ], [ 9.077828, 45.445814 ], [ 9.077835, 45.445804 ], [ 9.077839, 45.445795 ], [ 9.077845, 45.445784 ], [ 9.077857, 45.445764 ], [ 9.077873, 45.445737 ], [ 9.077885, 45.445718 ], [ 9.077895, 45.445703 ], [ 9.077908, 45.445688 ], [ 9.077915, 45.445681 ], [ 9.077924, 45.445673 ], [ 9.077934, 45.445665 ], [ 9.077944, 45.445657 ], [ 9.077955, 45.445649 ], [ 9.077975, 45.445637 ], [ 9.077988, 45.445624 ], [ 9.077998, 45.445613 ], [ 9.078009, 45.445603 ], [ 9.078018, 45.44559 ], [ 9.078023, 45.445581 ], [ 9.07803, 45.445567 ], [ 9.078034, 45.445555 ], [ 9.078036, 45.445549 ], [ 9.078039, 45.445539 ], [ 9.078039, 45.445534 ], [ 9.07804, 45.445528 ], [ 9.078042, 45.445519 ], [ 9.078043, 45.445513 ], [ 9.078043, 45.445513 ], [ 9.078043, 45.445507 ], [ 9.078042, 45.445498 ], [ 9.078041, 45.445489 ], [ 9.078039, 45.445485 ], [ 9.078035, 45.445478 ], [ 9.078031, 45.445471 ], [ 9.07803, 45.445469 ], [ 9.078021, 45.445457 ], [ 9.078016, 45.445449 ], [ 9.078014, 45.445444 ], [ 9.078011, 45.445439 ], [ 9.078009, 45.445435 ], [ 9.078007, 45.44543 ], [ 9.078005, 45.445425 ], [ 9.078002, 45.44542 ], [ 9.078, 45.445414 ], [ 9.077984, 45.44537 ], [ 9.077981, 45.445363 ], [ 9.077979, 45.445358 ], [ 9.077978, 45.445353 ], [ 9.077976, 45.445345 ], [ 9.077974, 45.445338 ], [ 9.077972, 45.445327 ], [ 9.07797, 45.445322 ], [ 9.077968, 45.445317 ], [ 9.077966, 45.445312 ], [ 9.077965, 45.445307 ], [ 9.077963, 45.445302 ], [ 9.077962, 45.445298 ], [ 9.07796, 45.445294 ], [ 9.077957, 45.44529 ], [ 9.077951, 45.445285 ], [ 9.077944, 45.44528 ], [ 9.077937, 45.445276 ], [ 9.077929, 45.445272 ], [ 9.077922, 45.445268 ], [ 9.077915, 45.445264 ], [ 9.077907, 45.445261 ], [ 9.0779, 45.445258 ], [ 9.077892, 45.445255 ], [ 9.077843, 45.445235 ], [ 9.077837, 45.445232 ], [ 9.077831, 45.44523 ], [ 9.077825, 45.445227 ], [ 9.077819, 45.445225 ], [ 9.077813, 45.445222 ], [ 9.077805, 45.445218 ], [ 9.077795, 45.445212 ], [ 9.07779, 45.445209 ], [ 9.077785, 45.445205 ], [ 9.07778, 45.445201 ], [ 9.077774, 45.445197 ], [ 9.077768, 45.445193 ], [ 9.077762, 45.445188 ], [ 9.077758, 45.445182 ], [ 9.077754, 45.445177 ], [ 9.077752, 45.445172 ], [ 9.07775, 45.445166 ], [ 9.077749, 45.445161 ], [ 9.077749, 45.445155 ], [ 9.077751, 45.445147 ], [ 9.077753, 45.44514 ], [ 9.077756, 45.445136 ], [ 9.077759, 45.445132 ], [ 9.077762, 45.445127 ], [ 9.077766, 45.445123 ], [ 9.07777, 45.445118 ], [ 9.077776, 45.445114 ], [ 9.077787, 45.445109 ], [ 9.077797, 45.445104 ], [ 9.077808, 45.4451 ], [ 9.07782, 45.445096 ], [ 9.077831, 45.445092 ], [ 9.077843, 45.445089 ], [ 9.077854, 45.445086 ], [ 9.077866, 45.445084 ], [ 9.077878, 45.445082 ], [ 9.077907, 45.445076 ], [ 9.077912, 45.445075 ], [ 9.07798, 45.445061 ], [ 9.078026, 45.445054 ], [ 9.078096, 45.445048 ], [ 9.07813, 45.445046 ], [ 9.078169, 45.445049 ], [ 9.078213, 45.445052 ], [ 9.078256, 45.445055 ], [ 9.078321, 45.445057 ], [ 9.078371, 45.445055 ], [ 9.078406, 45.445054 ], [ 9.078436, 45.44505 ], [ 9.078461, 45.445045 ], [ 9.078484, 45.445032 ], [ 9.078498, 45.445016 ], [ 9.078505, 45.445 ], [ 9.078508, 45.44498 ], [ 9.078503, 45.444945 ], [ 9.078497, 45.444925 ], [ 9.078491, 45.444904 ], [ 9.078483, 45.444875 ], [ 9.078479, 45.444855 ], [ 9.078468, 45.444831 ], [ 9.078456, 45.444808 ], [ 9.078428, 45.444789 ], [ 9.078374, 45.444767 ], [ 9.078214, 45.444708 ], [ 9.078142, 45.444682 ], [ 9.078097, 45.444666 ], [ 9.078015, 45.444638 ], [ 9.078002, 45.444636 ], [ 9.077889, 45.444613 ], [ 9.077825, 45.444601 ], [ 9.077796, 45.444596 ], [ 9.077784, 45.444593 ], [ 9.077777, 45.444589 ], [ 9.077772, 45.444583 ], [ 9.077769, 45.444575 ], [ 9.077769, 45.444568 ], [ 9.07777, 45.444561 ], [ 9.077771, 45.444554 ], [ 9.077773, 45.444549 ], [ 9.077777, 45.444541 ], [ 9.077779, 45.444537 ], [ 9.077782, 45.444532 ], [ 9.077784, 45.444528 ], [ 9.077787, 45.444524 ], [ 9.07779, 45.444518 ], [ 9.077794, 45.444513 ], [ 9.0778, 45.444503 ], [ 9.077805, 45.444498 ], [ 9.077811, 45.444491 ], [ 9.077818, 45.444484 ], [ 9.077826, 45.444478 ], [ 9.077835, 45.444473 ], [ 9.077841, 45.44447 ], [ 9.077848, 45.444467 ], [ 9.077855, 45.444465 ], [ 9.077865, 45.444461 ], [ 9.07788, 45.444457 ], [ 9.077893, 45.444455 ], [ 9.077908, 45.444452 ], [ 9.077916, 45.444452 ], [ 9.077923, 45.444451 ], [ 9.077929, 45.44445 ], [ 9.077941, 45.444448 ], [ 9.077947, 45.444448 ], [ 9.077954, 45.444447 ], [ 9.077966, 45.444445 ], [ 9.077973, 45.444444 ], [ 9.077979, 45.444443 ], [ 9.077986, 45.444442 ], [ 9.077993, 45.444441 ], [ 9.078021, 45.444436 ], [ 9.07805, 45.44443 ], [ 9.078059, 45.444428 ], [ 9.078077, 45.444425 ], [ 9.078087, 45.444423 ], [ 9.078096, 45.444421 ], [ 9.078105, 45.444418 ], [ 9.078113, 45.444416 ], [ 9.078122, 45.444413 ], [ 9.07813, 45.44441 ], [ 9.078138, 45.444407 ], [ 9.078151, 45.444402 ], [ 9.078189, 45.444387 ], [ 9.078201, 45.444383 ], [ 9.078217, 45.444377 ], [ 9.078263, 45.444361 ], [ 9.078279, 45.444356 ], [ 9.078293, 45.44435 ], [ 9.078335, 45.444334 ], [ 9.078349, 45.444329 ], [ 9.078362, 45.444324 ], [ 9.078399, 45.444311 ], [ 9.078411, 45.444306 ], [ 9.078417, 45.444304 ], [ 9.078422, 45.444302 ], [ 9.078438, 45.444295 ], [ 9.078466, 45.444284 ], [ 9.078487, 45.444275 ], [ 9.078494, 45.444273 ], [ 9.0785, 45.444269 ], [ 9.078507, 45.444266 ], [ 9.078511, 45.444264 ], [ 9.078514, 45.444262 ], [ 9.078517, 45.444259 ], [ 9.078521, 45.444257 ], [ 9.078523, 45.444253 ], [ 9.078526, 45.444249 ], [ 9.078527, 45.444245 ], [ 9.078528, 45.44424 ], [ 9.07853, 45.444232 ], [ 9.07853, 45.444231 ], [ 9.078532, 45.444221 ], [ 9.078533, 45.444216 ], [ 9.078533, 45.44421 ], [ 9.078533, 45.444205 ], [ 9.078533, 45.444199 ], [ 9.078531, 45.444194 ], [ 9.078529, 45.444184 ], [ 9.078528, 45.444179 ], [ 9.078527, 45.444171 ], [ 9.078526, 45.444163 ], [ 9.078523, 45.444139 ], [ 9.078522, 45.444126 ], [ 9.078521, 45.4441 ], [ 9.07852, 45.444087 ], [ 9.078518, 45.444073 ], [ 9.078517, 45.444066 ], [ 9.078516, 45.444059 ], [ 9.078515, 45.444058 ], [ 9.078511, 45.444044 ], [ 9.078493, 45.444026 ], [ 9.078369, 45.443932 ], [ 9.078341, 45.443908 ], [ 9.078338, 45.443889 ], [ 9.078349, 45.443856 ], [ 9.078306, 45.443836 ], [ 9.07825, 45.44381 ], [ 9.078205, 45.443792 ], [ 9.078148, 45.443753 ], [ 9.078084, 45.443715 ], [ 9.078081, 45.443713 ], [ 9.078033, 45.443693 ], [ 9.077909, 45.443641 ], [ 9.077827, 45.443608 ], [ 9.077669, 45.443538 ], [ 9.077421, 45.443427 ], [ 9.077395, 45.443416 ], [ 9.077251, 45.443352 ], [ 9.077109, 45.443289 ], [ 9.076862, 45.443181 ], [ 9.076332, 45.442947 ], [ 9.07566, 45.442649 ], [ 9.07563, 45.442635 ], [ 9.075591, 45.442617 ], [ 9.075522, 45.442586 ], [ 9.075443, 45.442562 ], [ 9.075366, 45.442549 ], [ 9.075397, 45.442474 ], [ 9.075425, 45.44244 ], [ 9.075465, 45.442392 ], [ 9.075472, 45.442387 ], [ 9.07548, 45.442381 ], [ 9.075486, 45.442375 ], [ 9.075492, 45.442369 ], [ 9.075498, 45.442362 ], [ 9.075504, 45.442356 ], [ 9.075513, 45.442346 ], [ 9.075521, 45.442337 ], [ 9.075587, 45.442257 ], [ 9.075597, 45.442244 ], [ 9.07561, 45.442229 ], [ 9.075651, 45.442184 ], [ 9.075664, 45.442169 ], [ 9.075674, 45.442157 ], [ 9.075694, 45.442133 ], [ 9.075704, 45.442121 ], [ 9.075714, 45.44211 ], [ 9.075725, 45.442098 ], [ 9.075749, 45.442074 ], [ 9.075761, 45.442062 ], [ 9.075772, 45.44205 ], [ 9.075784, 45.442035 ], [ 9.075796, 45.442021 ], [ 9.075868, 45.441937 ], [ 9.075903, 45.441892 ], [ 9.075947, 45.441841 ], [ 9.075977, 45.441805 ], [ 9.075988, 45.441789 ], [ 9.076052, 45.441714 ], [ 9.076065, 45.4417 ], [ 9.076078, 45.441685 ], [ 9.07609, 45.441673 ], [ 9.076102, 45.441659 ], [ 9.076129, 45.441632 ], [ 9.07614, 45.441618 ], [ 9.076154, 45.441603 ], [ 9.076167, 45.441587 ], [ 9.076189, 45.441561 ], [ 9.076236, 45.441504 ], [ 9.076247, 45.441489 ], [ 9.076259, 45.441474 ], [ 9.076271, 45.44146 ], [ 9.076284, 45.441446 ], [ 9.076297, 45.441432 ], [ 9.076338, 45.441391 ], [ 9.076352, 45.441377 ], [ 9.076365, 45.441363 ], [ 9.076378, 45.441348 ], [ 9.07639, 45.441334 ], [ 9.076424, 45.44129 ], [ 9.076435, 45.441276 ], [ 9.076448, 45.441261 ], [ 9.076478, 45.441227 ], [ 9.076553, 45.441145 ], [ 9.076627, 45.441062 ], [ 9.076662, 45.441022 ], [ 9.076685, 45.440996 ], [ 9.076699, 45.44098 ], [ 9.076701, 45.440978 ], [ 9.076718, 45.440958 ], [ 9.076787, 45.440875 ], [ 9.076864, 45.440783 ], [ 9.076938, 45.440694 ], [ 9.07695, 45.44068 ], [ 9.076962, 45.440665 ], [ 9.076975, 45.44065 ], [ 9.076988, 45.440635 ], [ 9.077001, 45.440621 ], [ 9.077016, 45.440607 ], [ 9.077032, 45.440594 ], [ 9.077064, 45.440566 ], [ 9.07708, 45.440552 ], [ 9.077141, 45.440496 ], [ 9.077186, 45.440454 ], [ 9.0772, 45.44044 ], [ 9.077227, 45.440412 ], [ 9.077241, 45.440398 ], [ 9.077255, 45.440384 ], [ 9.077268, 45.440373 ], [ 9.077281, 45.440362 ], [ 9.077321, 45.440329 ], [ 9.077331, 45.440321 ], [ 9.077352, 45.440305 ], [ 9.077362, 45.440297 ], [ 9.077372, 45.440289 ], [ 9.077381, 45.44028 ], [ 9.077391, 45.44027 ], [ 9.0774, 45.440261 ], [ 9.077417, 45.440242 ], [ 9.077425, 45.440233 ], [ 9.077441, 45.440214 ], [ 9.077449, 45.440205 ], [ 9.077458, 45.440196 ], [ 9.077471, 45.440182 ], [ 9.077485, 45.440169 ], [ 9.077527, 45.440129 ], [ 9.077571, 45.440089 ], [ 9.077601, 45.440062 ], [ 9.077638, 45.440028 ], [ 9.077716, 45.439955 ], [ 9.077743, 45.43993 ], [ 9.077757, 45.439917 ], [ 9.077812, 45.439862 ], [ 9.077825, 45.439848 ], [ 9.07784, 45.439835 ], [ 9.077854, 45.439821 ], [ 9.077869, 45.439808 ], [ 9.077931, 45.439755 ], [ 9.077961, 45.439728 ], [ 9.077976, 45.439714 ], [ 9.077991, 45.4397 ], [ 9.078005, 45.439686 ], [ 9.078019, 45.439671 ], [ 9.078046, 45.43964 ], [ 9.078059, 45.439625 ], [ 9.078073, 45.439611 ], [ 9.078086, 45.4396 ], [ 9.0781, 45.439588 ], [ 9.078114, 45.439577 ], [ 9.078128, 45.439566 ], [ 9.078142, 45.439554 ], [ 9.078156, 45.439541 ], [ 9.07818, 45.439516 ], [ 9.078212, 45.439483 ], [ 9.078281, 45.439413 ], [ 9.078321, 45.439374 ], [ 9.078349, 45.439349 ], [ 9.078362, 45.439336 ], [ 9.078391, 45.439312 ], [ 9.078406, 45.439299 ], [ 9.078419, 45.439286 ], [ 9.078432, 45.439272 ], [ 9.078444, 45.439258 ], [ 9.078468, 45.439231 ], [ 9.07848, 45.439217 ], [ 9.078492, 45.439204 ], [ 9.078507, 45.43919 ], [ 9.078522, 45.439177 ], [ 9.078553, 45.439151 ], [ 9.078569, 45.439137 ], [ 9.078646, 45.439066 ], [ 9.078662, 45.439051 ], [ 9.078676, 45.439039 ], [ 9.078719, 45.439004 ], [ 9.078733, 45.438992 ], [ 9.078747, 45.438979 ], [ 9.078761, 45.438965 ], [ 9.078775, 45.438951 ], [ 9.078802, 45.438922 ], [ 9.078807, 45.438916 ], [ 9.078823, 45.438899 ], [ 9.078837, 45.438885 ], [ 9.078851, 45.438872 ], [ 9.078893, 45.438834 ], [ 9.078986, 45.438752 ], [ 9.079001, 45.438739 ], [ 9.079016, 45.438725 ], [ 9.07903, 45.438711 ], [ 9.079044, 45.438698 ], [ 9.079111, 45.438627 ], [ 9.079125, 45.438613 ], [ 9.079142, 45.438597 ], [ 9.079185, 45.438554 ], [ 9.079195, 45.438545 ], [ 9.07921, 45.438531 ], [ 9.079252, 45.438494 ], [ 9.079266, 45.438482 ], [ 9.079281, 45.43847 ], [ 9.0793, 45.438456 ], [ 9.079218, 45.438388 ], [ 9.079197, 45.438369 ], [ 9.07918, 45.438348 ], [ 9.079177, 45.438343 ], [ 9.079169, 45.438331 ], [ 9.079164, 45.438326 ], [ 9.07916, 45.43832 ], [ 9.079109, 45.438254 ], [ 9.079079, 45.438215 ], [ 9.079039, 45.438164 ], [ 9.07903, 45.438152 ], [ 9.079019, 45.43814 ], [ 9.079008, 45.438129 ], [ 9.078998, 45.438121 ], [ 9.078987, 45.438114 ], [ 9.078976, 45.438107 ], [ 9.078964, 45.4381 ], [ 9.078936, 45.438084 ], [ 9.078905, 45.438065 ], [ 9.078802, 45.438008 ], [ 9.078785, 45.437998 ], [ 9.078771, 45.43799 ], [ 9.078745, 45.437973 ], [ 9.078731, 45.437965 ], [ 9.078718, 45.437957 ], [ 9.078702, 45.43795 ], [ 9.078686, 45.437942 ], [ 9.07867, 45.437935 ], [ 9.078654, 45.437929 ], [ 9.078637, 45.437922 ], [ 9.078619, 45.437915 ], [ 9.078601, 45.437908 ], [ 9.078529, 45.437883 ], [ 9.078495, 45.437872 ], [ 9.078478, 45.437866 ], [ 9.078462, 45.437859 ], [ 9.078448, 45.437853 ], [ 9.078436, 45.437846 ], [ 9.078411, 45.437833 ], [ 9.0784, 45.437828 ], [ 9.078398, 45.437827 ], [ 9.078386, 45.437822 ], [ 9.078374, 45.437816 ], [ 9.078337, 45.4378 ], [ 9.078327, 45.437796 ], [ 9.078318, 45.437791 ], [ 9.078309, 45.437787 ], [ 9.078299, 45.437783 ], [ 9.07829, 45.43778 ], [ 9.078278, 45.437776 ], [ 9.078265, 45.437773 ], [ 9.078252, 45.43777 ], [ 9.078214, 45.437762 ], [ 9.07819, 45.437757 ], [ 9.078178, 45.437755 ], [ 9.078165, 45.437752 ], [ 9.078151, 45.437748 ], [ 9.078136, 45.437744 ], [ 9.078122, 45.43774 ], [ 9.078107, 45.437735 ], [ 9.078093, 45.43773 ], [ 9.078083, 45.437726 ], [ 9.078073, 45.437722 ], [ 9.078063, 45.437717 ], [ 9.078054, 45.437712 ], [ 9.078045, 45.437706 ], [ 9.078033, 45.437695 ], [ 9.078021, 45.437684 ], [ 9.078011, 45.437672 ], [ 9.078001, 45.437661 ], [ 9.07798, 45.437639 ], [ 9.077961, 45.437618 ], [ 9.077952, 45.437608 ], [ 9.077941, 45.437599 ], [ 9.077929, 45.437589 ], [ 9.077916, 45.43758 ], [ 9.077903, 45.437571 ], [ 9.077889, 45.437562 ], [ 9.077875, 45.437553 ], [ 9.077856, 45.437542 ], [ 9.077836, 45.437532 ], [ 9.077817, 45.437521 ], [ 9.077797, 45.437512 ], [ 9.077776, 45.437503 ], [ 9.077757, 45.437495 ], [ 9.077737, 45.437487 ], [ 9.077717, 45.43748 ], [ 9.077677, 45.437465 ], [ 9.077558, 45.437423 ], [ 9.077519, 45.437409 ], [ 9.077432, 45.437376 ], [ 9.07741, 45.437367 ], [ 9.077388, 45.437358 ], [ 9.077366, 45.437348 ], [ 9.077345, 45.437338 ], [ 9.077324, 45.437327 ], [ 9.077305, 45.437316 ], [ 9.077286, 45.437304 ], [ 9.077268, 45.437292 ], [ 9.077232, 45.437268 ], [ 9.077214, 45.437257 ], [ 9.077196, 45.437245 ], [ 9.077088, 45.437176 ], [ 9.077018, 45.437129 ], [ 9.077001, 45.437117 ], [ 9.076984, 45.437105 ], [ 9.076967, 45.437093 ], [ 9.076957, 45.437085 ], [ 9.076948, 45.437078 ], [ 9.076938, 45.43707 ], [ 9.07693, 45.437062 ], [ 9.076921, 45.437053 ], [ 9.076914, 45.437044 ], [ 9.076908, 45.437034 ], [ 9.076902, 45.437025 ], [ 9.076897, 45.437016 ], [ 9.076891, 45.437007 ], [ 9.076887, 45.436999 ], [ 9.076881, 45.43699 ], [ 9.076826, 45.436905 ], [ 9.076794, 45.436875 ], [ 9.07677, 45.436854 ], [ 9.076765, 45.436849 ], [ 9.076772, 45.43684 ], [ 9.076826, 45.436805 ], [ 9.076834, 45.436799 ], [ 9.076825, 45.436788 ], [ 9.076712, 45.436659 ], [ 9.076564, 45.436488 ], [ 9.076544, 45.436464 ], [ 9.076371, 45.436268 ], [ 9.076341, 45.436227 ], [ 9.07624, 45.436132 ], [ 9.076132, 45.436038 ], [ 9.076044, 45.435988 ], [ 9.075773, 45.435846 ], [ 9.075612, 45.43577 ], [ 9.075535, 45.435726 ], [ 9.075406, 45.435638 ], [ 9.07535, 45.435584 ], [ 9.075266, 45.435491 ], [ 9.075214, 45.435414 ], [ 9.075192, 45.435383 ], [ 9.075135, 45.435384 ], [ 9.075096, 45.435363 ], [ 9.075094, 45.435362 ], [ 9.075048, 45.435337 ], [ 9.07491, 45.435243 ], [ 9.074881, 45.435222 ], [ 9.074758, 45.435133 ], [ 9.074667, 45.435068 ], [ 9.07446, 45.434923 ], [ 9.074417, 45.434893 ], [ 9.074345, 45.434843 ], [ 9.074258, 45.434797 ], [ 9.074093, 45.434742 ], [ 9.073816, 45.434649 ], [ 9.073667, 45.434554 ], [ 9.073595, 45.434513 ], [ 9.073497, 45.434461 ], [ 9.073353, 45.434376 ], [ 9.073275, 45.43432 ], [ 9.073206, 45.434266 ], [ 9.073158, 45.434211 ], [ 9.073135, 45.434184 ], [ 9.073098, 45.43414 ], [ 9.073052, 45.434081 ], [ 9.073022, 45.434044 ], [ 9.072977, 45.433989 ], [ 9.072948, 45.433959 ], [ 9.072896, 45.433905 ], [ 9.072873, 45.433886 ], [ 9.072827, 45.433848 ], [ 9.072807, 45.433891 ], [ 9.072785, 45.433948 ], [ 9.072765, 45.433995 ], [ 9.072753, 45.43399 ], [ 9.072706, 45.433983 ], [ 9.072692, 45.433983 ], [ 9.072633, 45.433998 ], [ 9.072525, 45.43403 ], [ 9.07229, 45.434105 ], [ 9.07223, 45.434123 ], [ 9.072114, 45.434158 ], [ 9.071866, 45.434233 ], [ 9.071133, 45.434423 ], [ 9.071026, 45.434451 ], [ 9.071002, 45.434458 ], [ 9.07095, 45.434469 ], [ 9.070902, 45.434481 ], [ 9.070858, 45.434492 ], [ 9.070842, 45.434495 ], [ 9.070802, 45.434504 ], [ 9.070781, 45.434508 ], [ 9.070761, 45.434512 ], [ 9.07074, 45.434516 ], [ 9.070723, 45.434518 ], [ 9.070707, 45.43452 ], [ 9.070675, 45.434523 ], [ 9.070656, 45.434525 ], [ 9.070623, 45.434527 ], [ 9.070611, 45.434528 ], [ 9.070599, 45.434528 ], [ 9.070576, 45.434529 ], [ 9.070499, 45.434498 ], [ 9.070482, 45.434485 ], [ 9.07007, 45.434187 ], [ 9.069872, 45.434052 ], [ 9.069255, 45.433636 ], [ 9.067976, 45.434553 ], [ 9.067576, 45.434839 ], [ 9.067223, 45.435091 ], [ 9.06691, 45.435314 ], [ 9.06628, 45.435755 ], [ 9.06626, 45.435769 ], [ 9.066259, 45.435764 ], [ 9.066193, 45.435811 ], [ 9.066041, 45.435386 ], [ 9.065853, 45.434805 ], [ 9.065745, 45.434471 ], [ 9.065718, 45.434428 ], [ 9.06563, 45.434193 ], [ 9.065622, 45.434172 ], [ 9.065593, 45.43411 ], [ 9.065562, 45.434064 ], [ 9.065486, 45.434 ], [ 9.065431, 45.433946 ], [ 9.065153, 45.433608 ], [ 9.065142, 45.433599 ], [ 9.065079, 45.433551 ], [ 9.064763, 45.433368 ], [ 9.064618, 45.433275 ], [ 9.064619, 45.433254 ], [ 9.064598, 45.43325 ], [ 9.064253, 45.433539 ] ] ] } },
{ "type": "Feature", "properties": { "postcode": "20153", "iou_vs_official": 0.6942, "match_status": "matched", "n_seed_addresses": 94 }, "geometry": { "type": "Polygon", "coordinates": [ [ [ 9.078912, 45.459793 ], [ 9.072853, 45.460548 ], [ 9.072816, 45.460561 ], [ 9.072632, 45.460624 ], [ 9.072623, 45.460632 ], [ 9.072508, 45.46074 ], [ 9.072463, 45.460782 ], [ 9.072331, 45.460882 ], [ 9.072199, 45.461003 ], [ 9.072127, 45.461068 ], [ 9.07212, 45.461127 ], [ 9.072082, 45.461338 ], [ 9.071909, 45.461545 ], [ 9.071691, 45.461785 ], [ 9.071804, 45.461914 ], [ 9.071824, 45.46202 ], [ 9.071814, 45.462122 ], [ 9.071805, 45.462139 ], [ 9.071636, 45.462337 ], [ 9.071446, 45.462409 ], [ 9.071379, 45.46243 ], [ 9.071374, 45.462431 ], [ 9.071291, 45.46245 ], [ 9.071038, 45.462509 ], [ 9.07102, 45.462519 ], [ 9.070984, 45.462545 ], [ 9.070945, 45.462572 ], [ 9.070741, 45.462716 ], [ 9.070684, 45.462759 ], [ 9.070647, 45.462772 ], [ 9.070512, 45.462825 ], [ 9.070415, 45.462872 ], [ 9.070322, 45.462951 ], [ 9.070189, 45.463076 ], [ 9.07012, 45.463152 ], [ 9.070022, 45.463286 ], [ 9.069919, 45.463455 ], [ 9.069881, 45.463519 ], [ 9.069818, 45.463634 ], [ 9.06979, 45.463726 ], [ 9.06978, 45.463823 ], [ 9.069777, 45.463856 ], [ 9.069777, 45.46386 ], [ 9.069775, 45.463897 ], [ 9.069774, 45.463911 ], [ 9.069941, 45.464149 ], [ 9.070004, 45.464252 ], [ 9.069992, 45.464259 ], [ 9.069966, 45.464275 ], [ 9.069615, 45.46449 ], [ 9.069432, 45.464596 ], [ 9.069387, 45.464624 ], [ 9.069325, 45.46465 ], [ 9.06926, 45.464677 ], [ 9.069186, 45.464826 ], [ 9.069261, 45.464972 ], [ 9.06928, 45.465007 ], [ 9.069307, 45.465031 ], [ 9.069309, 45.46503 ], [ 9.069338, 45.465002 ], [ 9.069452, 45.464894 ], [ 9.069461, 45.46489 ], [ 9.069683, 45.464854 ], [ 9.069838, 45.464821 ], [ 9.070068, 45.464753 ], [ 9.070269, 45.464693 ], [ 9.070467, 45.464632 ], [ 9.070652, 45.464563 ], [ 9.070695, 45.464542 ], [ 9.070841, 45.464466 ], [ 9.070992, 45.464382 ], [ 9.071209, 45.464262 ], [ 9.071392, 45.464161 ], [ 9.071621, 45.464039 ], [ 9.071803, 45.463934 ], [ 9.071836, 45.463919 ], [ 9.072041, 45.463808 ], [ 9.072353, 45.463643 ], [ 9.072604, 45.46351 ], [ 9.072703, 45.463457 ], [ 9.072746, 45.463434 ], [ 9.073014, 45.463291 ], [ 9.07312, 45.463236 ], [ 9.073185, 45.463202 ], [ 9.073194, 45.463198 ], [ 9.073212, 45.463189 ], [ 9.07322, 45.463184 ], [ 9.073228, 45.46318 ], [ 9.073238, 45.463174 ], [ 9.073247, 45.463168 ], [ 9.073256, 45.463161 ], [ 9.073305, 45.463127 ], [ 9.073325, 45.463113 ], [ 9.073548, 45.462952 ], [ 9.07359, 45.462919 ], [ 9.073609, 45.462904 ], [ 9.073652, 45.462873 ], [ 9.073657, 45.462869 ], [ 9.073662, 45.462866 ], [ 9.073668, 45.462862 ], [ 9.073671, 45.46286 ], [ 9.073675, 45.462857 ], [ 9.073679, 45.462855 ], [ 9.073692, 45.462847 ], [ 9.073713, 45.462839 ], [ 9.073754, 45.462838 ], [ 9.073808, 45.462841 ], [ 9.073826, 45.462842 ], [ 9.07384, 45.462843 ], [ 9.073942, 45.462866 ], [ 9.074049, 45.462893 ], [ 9.074196, 45.46294 ], [ 9.074318, 45.462973 ], [ 9.074429, 45.463 ], [ 9.074562, 45.463038 ], [ 9.074757, 45.463096 ], [ 9.07488, 45.463129 ], [ 9.074974, 45.46315 ], [ 9.07515, 45.463202 ], [ 9.07533, 45.463265 ], [ 9.075411, 45.463308 ], [ 9.075526, 45.463376 ], [ 9.075586, 45.463422 ], [ 9.075646, 45.463471 ], [ 9.075667, 45.463503 ], [ 9.075673, 45.463524 ], [ 9.075676, 45.463536 ], [ 9.075677, 45.463538 ], [ 9.075677, 45.463561 ], [ 9.075678, 45.463586 ], [ 9.07566, 45.463665 ], [ 9.075606, 45.463681 ], [ 9.075524, 45.463729 ], [ 9.075459, 45.463802 ], [ 9.075375, 45.463907 ], [ 9.075225, 45.464108 ], [ 9.074906, 45.464534 ], [ 9.074836, 45.464644 ], [ 9.074793, 45.464707 ], [ 9.074734, 45.464871 ], [ 9.074637, 45.465133 ], [ 9.074603, 45.465226 ], [ 9.074531, 45.465432 ], [ 9.074494, 45.465543 ], [ 9.074441, 45.465691 ], [ 9.074345, 45.465982 ], [ 9.07418, 45.46646 ], [ 9.074152, 45.466547 ], [ 9.074121, 45.466618 ], [ 9.074095, 45.46667 ], [ 9.074058, 45.466713 ], [ 9.074016, 45.466757 ], [ 9.073968, 45.466789 ], [ 9.073928, 45.466807 ], [ 9.073888, 45.466825 ], [ 9.073816, 45.466852 ], [ 9.073871, 45.466869 ], [ 9.074381, 45.466983 ], [ 9.07439, 45.466985 ], [ 9.074389, 45.466987 ], [ 9.074167, 45.467444 ], [ 9.074137, 45.467506 ], [ 9.074055, 45.467672 ], [ 9.073897, 45.467981 ], [ 9.07386, 45.468054 ], [ 9.073594, 45.468602 ], [ 9.07354, 45.468711 ], [ 9.073516, 45.468764 ], [ 9.073512, 45.468772 ], [ 9.073538, 45.468802 ], [ 9.073433, 45.469057 ], [ 9.073332, 45.469312 ], [ 9.073222, 45.46958 ], [ 9.073118, 45.46985 ], [ 9.073025, 45.470095 ], [ 9.072972, 45.470239 ], [ 9.072938, 45.470335 ], [ 9.073007, 45.470316 ], [ 9.073061, 45.470305 ], [ 9.0731, 45.470299 ], [ 9.073126, 45.470294 ], [ 9.073158, 45.470286 ], [ 9.073188, 45.470282 ], [ 9.073219, 45.470277 ], [ 9.073245, 45.470274 ], [ 9.073273, 45.470273 ], [ 9.073304, 45.470274 ], [ 9.073332, 45.470275 ], [ 9.073358, 45.470277 ], [ 9.073385, 45.470279 ], [ 9.073418, 45.470284 ], [ 9.073446, 45.470288 ], [ 9.073469, 45.470291 ], [ 9.073511, 45.470294 ], [ 9.07354, 45.470297 ], [ 9.073597, 45.470302 ], [ 9.073627, 45.470305 ], [ 9.073676, 45.47031 ], [ 9.073707, 45.470313 ], [ 9.073731, 45.470315 ], [ 9.073761, 45.470318 ], [ 9.073792, 45.470319 ], [ 9.07382, 45.47032 ], [ 9.073884, 45.47032 ], [ 9.073944, 45.470321 ], [ 9.073973, 45.470322 ], [ 9.074037, 45.470324 ], [ 9.074068, 45.470325 ], [ 9.074102, 45.470327 ], [ 9.074133, 45.470328 ], [ 9.074155, 45.47033 ], [ 9.074183, 45.470333 ], [ 9.074214, 45.470336 ], [ 9.07424, 45.470341 ], [ 9.074268, 45.470346 ], [ 9.074299, 45.470352 ], [ 9.074323, 45.470357 ], [ 9.074351, 45.470366 ], [ 9.074369, 45.470373 ], [ 9.074385, 45.47038 ], [ 9.074401, 45.470386 ], [ 9.074422, 45.470394 ], [ 9.074428, 45.470396 ], [ 9.074434, 45.470398 ], [ 9.07444, 45.4704 ], [ 9.074447, 45.470402 ], [ 9.074454, 45.470403 ], [ 9.074462, 45.470405 ], [ 9.07447, 45.470407 ], [ 9.074478, 45.470409 ], [ 9.074486, 45.470412 ], [ 9.074494, 45.470415 ], [ 9.074509, 45.470421 ], [ 9.074516, 45.470424 ], [ 9.074549, 45.470436 ], [ 9.074557, 45.470439 ], [ 9.074565, 45.470442 ], [ 9.07458, 45.470448 ], [ 9.074588, 45.470451 ], [ 9.074595, 45.470454 ], [ 9.074603, 45.470457 ], [ 9.074611, 45.47046 ], [ 9.074636, 45.470468 ], [ 9.074642, 45.47047 ], [ 9.074656, 45.470474 ], [ 9.074663, 45.470476 ], [ 9.07467, 45.470479 ], [ 9.074677, 45.470481 ], [ 9.074683, 45.470484 ], [ 9.074689, 45.470487 ], [ 9.074713, 45.470498 ], [ 9.07473, 45.470506 ], [ 9.074751, 45.470516 ], [ 9.074759, 45.47052 ], [ 9.074766, 45.470523 ], [ 9.074771, 45.470525 ], [ 9.074789, 45.470532 ], [ 9.074795, 45.470535 ], [ 9.074801, 45.470538 ], [ 9.074813, 45.470544 ], [ 9.074819, 45.470546 ], [ 9.074825, 45.470549 ], [ 9.07483, 45.470551 ], [ 9.074842, 45.470555 ], [ 9.074849, 45.470558 ], [ 9.074856, 45.470561 ], [ 9.074862, 45.470564 ], [ 9.074867, 45.470567 ], [ 9.074872, 45.47057 ], [ 9.074877, 45.470574 ], [ 9.074881, 45.470578 ], [ 9.074886, 45.470582 ], [ 9.07489, 45.470586 ], [ 9.074894, 45.47059 ], [ 9.074897, 45.470594 ], [ 9.0749, 45.470597 ], [ 9.074904, 45.470601 ], [ 9.074909, 45.470604 ], [ 9.074914, 45.470608 ], [ 9.07492, 45.470613 ], [ 9.074925, 45.470617 ], [ 9.07493, 45.470623 ], [ 9.074935, 45.470628 ], [ 9.07494, 45.470634 ], [ 9.074949, 45.470645 ], [ 9.074954, 45.47065 ], [ 9.074966, 45.470666 ], [ 9.07497, 45.470671 ], [ 9.074974, 45.470676 ], [ 9.074979, 45.470681 ], [ 9.074992, 45.470695 ], [ 9.075008, 45.470713 ], [ 9.075012, 45.470717 ], [ 9.075017, 45.470723 ], [ 9.075033, 45.470739 ], [ 9.075038, 45.470745 ], [ 9.075042, 45.470749 ], [ 9.075045, 45.470753 ], [ 9.075052, 45.470761 ], [ 9.075055, 45.470764 ], [ 9.075059, 45.470769 ], [ 9.075063, 45.470774 ], [ 9.075087, 45.470799 ], [ 9.075092, 45.470804 ], [ 9.075097, 45.470809 ], [ 9.075103, 45.470814 ], [ 9.075107, 45.470818 ], [ 9.075121, 45.470831 ], [ 9.075126, 45.470835 ], [ 9.075131, 45.47084 ], [ 9.075144, 45.470853 ], [ 9.075148, 45.470858 ], [ 9.075157, 45.470866 ], [ 9.075161, 45.470871 ], [ 9.075166, 45.470875 ], [ 9.075171, 45.470879 ], [ 9.075175, 45.470883 ], [ 9.07518, 45.470887 ], [ 9.075191, 45.470895 ], [ 9.075196, 45.470899 ], [ 9.075213, 45.470912 ], [ 9.075224, 45.470921 ], [ 9.075253, 45.470947 ], [ 9.075265, 45.470957 ], [ 9.075271, 45.470963 ], [ 9.075277, 45.470968 ], [ 9.075282, 45.470973 ], [ 9.075287, 45.470978 ], [ 9.0753, 45.470992 ], [ 9.075305, 45.470997 ], [ 9.07531, 45.471002 ], [ 9.075316, 45.471007 ], [ 9.075353, 45.471039 ], [ 9.075359, 45.471045 ], [ 9.075366, 45.471051 ], [ 9.075372, 45.471057 ], [ 9.075424, 45.471109 ], [ 9.075429, 45.471113 ], [ 9.075445, 45.471129 ], [ 9.075451, 45.471134 ], [ 9.075456, 45.471139 ], [ 9.075476, 45.471161 ], [ 9.075487, 45.471172 ], [ 9.075518, 45.471203 ], [ 9.075557, 45.471237 ], [ 9.075605, 45.471281 ], [ 9.075662, 45.47133 ], [ 9.0757, 45.471361 ], [ 9.075735, 45.471389 ], [ 9.075741, 45.471393 ], [ 9.075746, 45.471397 ], [ 9.075751, 45.471401 ], [ 9.075756, 45.471406 ], [ 9.075789, 45.471435 ], [ 9.075793, 45.471439 ], [ 9.075799, 45.471444 ], [ 9.07581, 45.471453 ], [ 9.075815, 45.471458 ], [ 9.075821, 45.471463 ], [ 9.075826, 45.471467 ], [ 9.07583, 45.471472 ], [ 9.075834, 45.471477 ], [ 9.075843, 45.471486 ], [ 9.075847, 45.471491 ], [ 9.075855, 45.471501 ], [ 9.075859, 45.471506 ], [ 9.075864, 45.47151 ], [ 9.075869, 45.471515 ], [ 9.075874, 45.471519 ], [ 9.075879, 45.471523 ], [ 9.075897, 45.471536 ], [ 9.075902, 45.471539 ], [ 9.075916, 45.471549 ], [ 9.075923, 45.471554 ], [ 9.075928, 45.471558 ], [ 9.075933, 45.471563 ], [ 9.075944, 45.471572 ], [ 9.075949, 45.471577 ], [ 9.075956, 45.471583 ], [ 9.075976, 45.471599 ], [ 9.075983, 45.471604 ], [ 9.075993, 45.471613 ], [ 9.076008, 45.471626 ], [ 9.076014, 45.471631 ], [ 9.076025, 45.471642 ], [ 9.076031, 45.471647 ], [ 9.076037, 45.471652 ], [ 9.076043, 45.471657 ], [ 9.076048, 45.471661 ], [ 9.076093, 45.471694 ], [ 9.076137, 45.471727 ], [ 9.076155, 45.47174 ], [ 9.076181, 45.471761 ], [ 9.076187, 45.471766 ], [ 9.076193, 45.47177 ], [ 9.076199, 45.471774 ], [ 9.076205, 45.471778 ], [ 9.076211, 45.471782 ], [ 9.076217, 45.471786 ], [ 9.076225, 45.471791 ], [ 9.076249, 45.471806 ], [ 9.076257, 45.471811 ], [ 9.076263, 45.471815 ], [ 9.076284, 45.471829 ], [ 9.076291, 45.471833 ], [ 9.076297, 45.471838 ], [ 9.076317, 45.47185 ], [ 9.076324, 45.471854 ], [ 9.076359, 45.471877 ], [ 9.076376, 45.471888 ], [ 9.076383, 45.471892 ], [ 9.076389, 45.471896 ], [ 9.076395, 45.4719 ], [ 9.076401, 45.471903 ], [ 9.076412, 45.471909 ], [ 9.076436, 45.471922 ], [ 9.076449, 45.471929 ], [ 9.076456, 45.471934 ], [ 9.076462, 45.471937 ], [ 9.076468, 45.471941 ], [ 9.076485, 45.471953 ], [ 9.076491, 45.471957 ], [ 9.076503, 45.471965 ], [ 9.076509, 45.47197 ], [ 9.076515, 45.471974 ], [ 9.076522, 45.471978 ], [ 9.076528, 45.471982 ], [ 9.076573, 45.472007 ], [ 9.076593, 45.472018 ], [ 9.076599, 45.472022 ], [ 9.076607, 45.472025 ], [ 9.076614, 45.472028 ], [ 9.076623, 45.472031 ], [ 9.076631, 45.472034 ], [ 9.076639, 45.472036 ], [ 9.07667, 45.472043 ], [ 9.076677, 45.472045 ], [ 9.076684, 45.472047 ], [ 9.076692, 45.472048 ], [ 9.0767, 45.47205 ], [ 9.076708, 45.472051 ], [ 9.076716, 45.472053 ], [ 9.076741, 45.472057 ], [ 9.076759, 45.472059 ], [ 9.076768, 45.472061 ], [ 9.076785, 45.472063 ], [ 9.076792, 45.472064 ], [ 9.0768, 45.472065 ], [ 9.076808, 45.472066 ], [ 9.076816, 45.472066 ], [ 9.076825, 45.472067 ], [ 9.076834, 45.472067 ], [ 9.07686, 45.472069 ], [ 9.076906, 45.472072 ], [ 9.076923, 45.472073 ], [ 9.076932, 45.472073 ], [ 9.07694, 45.472073 ], [ 9.076949, 45.472073 ], [ 9.076958, 45.472073 ], [ 9.076974, 45.472072 ], [ 9.076982, 45.472072 ], [ 9.077034, 45.472071 ], [ 9.077046, 45.472071 ], [ 9.077128, 45.472071 ], [ 9.077129, 45.472071 ], [ 9.077176, 45.472065 ], [ 9.077489, 45.472016 ], [ 9.077644, 45.471998 ], [ 9.077726, 45.471986 ], [ 9.077732, 45.471996 ], [ 9.077785, 45.472086 ], [ 9.077803, 45.472117 ], [ 9.07775, 45.472155 ], [ 9.07769, 45.472198 ], [ 9.077317, 45.472467 ], [ 9.077036, 45.472669 ], [ 9.076608, 45.472977 ], [ 9.076048, 45.47338 ], [ 9.075801, 45.473559 ], [ 9.07529, 45.473932 ], [ 9.074758, 45.47432 ], [ 9.074746, 45.474337 ], [ 9.075564, 45.475 ], [ 9.075551, 45.475032 ], [ 9.075562, 45.475099 ], [ 9.075598, 45.475132 ], [ 9.075669, 45.475178 ], [ 9.075694, 45.475207 ], [ 9.075718, 45.475229 ], [ 9.075771, 45.47534 ], [ 9.075841, 45.475389 ], [ 9.075869, 45.475404 ], [ 9.075871, 45.475431 ], [ 9.075824, 45.475534 ], [ 9.075739, 45.475638 ], [ 9.075702, 45.475684 ], [ 9.075698, 45.475704 ], [ 9.075691, 45.475734 ], [ 9.075677, 45.475772 ], [ 9.075613, 45.475823 ], [ 9.075584, 45.475847 ], [ 9.075577, 45.475883 ], [ 9.075585, 45.475932 ], [ 9.075581, 45.475977 ], [ 9.075577, 45.475998 ], [ 9.075571, 45.476015 ], [ 9.075542, 45.476044 ], [ 9.075482, 45.476071 ], [ 9.075421, 45.476087 ], [ 9.075364, 45.476113 ], [ 9.07534, 45.476148 ], [ 9.075339, 45.476186 ], [ 9.075335, 45.476329 ], [ 9.075373, 45.476388 ], [ 9.075405, 45.476478 ], [ 9.075413, 45.476514 ], [ 9.075434, 45.476542 ], [ 9.075484, 45.476586 ], [ 9.075501, 45.4766 ], [ 9.075498, 45.476617 ], [ 9.075489, 45.476646 ], [ 9.075466, 45.476671 ], [ 9.075441, 45.476692 ], [ 9.075418, 45.476702 ], [ 9.075372, 45.476712 ], [ 9.075359, 45.476715 ], [ 9.075275, 45.476718 ], [ 9.075214, 45.476725 ], [ 9.075187, 45.476739 ], [ 9.075185, 45.476767 ], [ 9.07522, 45.476846 ], [ 9.075205, 45.47686 ], [ 9.075162, 45.476867 ], [ 9.075091, 45.476862 ], [ 9.074987, 45.476849 ], [ 9.074953, 45.476865 ], [ 9.074919, 45.476905 ], [ 9.074897, 45.47696 ], [ 9.074914, 45.477011 ], [ 9.075104, 45.477182 ], [ 9.075131, 45.477206 ], [ 9.07514, 45.477239 ], [ 9.075138, 45.477328 ], [ 9.075148, 45.477353 ], [ 9.075234, 45.477406 ], [ 9.075263, 45.477434 ], [ 9.075264, 45.477446 ], [ 9.075259, 45.477466 ], [ 9.075238, 45.47748 ], [ 9.075192, 45.477497 ], [ 9.075141, 45.477523 ], [ 9.075091, 45.477547 ], [ 9.075029, 45.477579 ], [ 9.074977, 45.477606 ], [ 9.074946, 45.477621 ], [ 9.074928, 45.47762 ], [ 9.074912, 45.477614 ], [ 9.074889, 45.477601 ], [ 9.074884, 45.477595 ], [ 9.074871, 45.477579 ], [ 9.074847, 45.47755 ], [ 9.074828, 45.477524 ], [ 9.074829, 45.477503 ], [ 9.074835, 45.477486 ], [ 9.074832, 45.477471 ], [ 9.074818, 45.477458 ], [ 9.074799, 45.477452 ], [ 9.074786, 45.477458 ], [ 9.074767, 45.477469 ], [ 9.074747, 45.477484 ], [ 9.074721, 45.477492 ], [ 9.074689, 45.477495 ], [ 9.074648, 45.477507 ], [ 9.074622, 45.477521 ], [ 9.074603, 45.477541 ], [ 9.074585, 45.477572 ], [ 9.074537, 45.47756 ], [ 9.074515, 45.477555 ], [ 9.074491, 45.477555 ], [ 9.074461, 45.477557 ], [ 9.074423, 45.477559 ], [ 9.07439, 45.477562 ], [ 9.074362, 45.477565 ], [ 9.074333, 45.477569 ], [ 9.074308, 45.477575 ], [ 9.074285, 45.477583 ], [ 9.07425, 45.4776 ], [ 9.074239, 45.477607 ], [ 9.074232, 45.477622 ], [ 9.074217, 45.477649 ], [ 9.074193, 45.477689 ], [ 9.074178, 45.477714 ], [ 9.074165, 45.47773 ], [ 9.074143, 45.477745 ], [ 9.074128, 45.477749 ], [ 9.074107, 45.477751 ], [ 9.074077, 45.477755 ], [ 9.074043, 45.477758 ], [ 9.074009, 45.477762 ], [ 9.07398, 45.477769 ], [ 9.073959, 45.477775 ], [ 9.073947, 45.477788 ], [ 9.073928, 45.477822 ], [ 9.073914, 45.477845 ], [ 9.073901, 45.477857 ], [ 9.073877, 45.477863 ], [ 9.073855, 45.477865 ], [ 9.073849, 45.477864 ], [ 9.07383, 45.477858 ], [ 9.073812, 45.477852 ], [ 9.073786, 45.477848 ], [ 9.073765, 45.477845 ], [ 9.073744, 45.477842 ], [ 9.073723, 45.477839 ], [ 9.073699, 45.477839 ], [ 9.073676, 45.477844 ], [ 9.073656, 45.47785 ], [ 9.073637, 45.477859 ], [ 9.073617, 45.477869 ], [ 9.073597, 45.47788 ], [ 9.073558, 45.477899 ], [ 9.073539, 45.477907 ], [ 9.073519, 45.477912 ], [ 9.073476, 45.477919 ], [ 9.073459, 45.477922 ], [ 9.073444, 45.477927 ], [ 9.073428, 45.477933 ], [ 9.073418, 45.477937 ], [ 9.073403, 45.477945 ], [ 9.073386, 45.477955 ], [ 9.07337, 45.477966 ], [ 9.073357, 45.477977 ], [ 9.073346, 45.477987 ], [ 9.073316, 45.47802 ], [ 9.073308, 45.47803 ], [ 9.073301, 45.478041 ], [ 9.073295, 45.478051 ], [ 9.073291, 45.478062 ], [ 9.073288, 45.478072 ], [ 9.073285, 45.478084 ], [ 9.073281, 45.478096 ], [ 9.073276, 45.478106 ], [ 9.073263, 45.478132 ], [ 9.073258, 45.478142 ], [ 9.073252, 45.478155 ], [ 9.073246, 45.478168 ], [ 9.073241, 45.478178 ], [ 9.073236, 45.478189 ], [ 9.073229, 45.478202 ], [ 9.073222, 45.478212 ], [ 9.073213, 45.478223 ], [ 9.073203, 45.478232 ], [ 9.073196, 45.478238 ], [ 9.073185, 45.478244 ], [ 9.07317, 45.478251 ], [ 9.073152, 45.478257 ], [ 9.073134, 45.478264 ], [ 9.073116, 45.478271 ], [ 9.073098, 45.478276 ], [ 9.073079, 45.478281 ], [ 9.073061, 45.478286 ], [ 9.073045, 45.47829 ], [ 9.073027, 45.478295 ], [ 9.072997, 45.478305 ], [ 9.072982, 45.47831 ], [ 9.072966, 45.478315 ], [ 9.072953, 45.478317 ], [ 9.072937, 45.478318 ], [ 9.072924, 45.478317 ], [ 9.072913, 45.478315 ], [ 9.072891, 45.478311 ], [ 9.072889, 45.478311 ], [ 9.072805, 45.47831 ], [ 9.072782, 45.478313 ], [ 9.072765, 45.478315 ], [ 9.072747, 45.478318 ], [ 9.072727, 45.478323 ], [ 9.07271, 45.478327 ], [ 9.072692, 45.478333 ], [ 9.072675, 45.47834 ], [ 9.072658, 45.478349 ], [ 9.072644, 45.478357 ], [ 9.07263, 45.478367 ], [ 9.072602, 45.478388 ], [ 9.072543, 45.478441 ], [ 9.072529, 45.478456 ], [ 9.072513, 45.478471 ], [ 9.0725, 45.478484 ], [ 9.072471, 45.478506 ], [ 9.072456, 45.478516 ], [ 9.072439, 45.478526 ], [ 9.072423, 45.478534 ], [ 9.072406, 45.478543 ], [ 9.072389, 45.478552 ], [ 9.072371, 45.478562 ], [ 9.07236, 45.478569 ], [ 9.072354, 45.478573 ], [ 9.072341, 45.478579 ], [ 9.07232, 45.478589 ], [ 9.072305, 45.478597 ], [ 9.072287, 45.478607 ], [ 9.072266, 45.478618 ], [ 9.07225, 45.478628 ], [ 9.072233, 45.478636 ], [ 9.072213, 45.478646 ], [ 9.072191, 45.478657 ], [ 9.072172, 45.478667 ], [ 9.072153, 45.478677 ], [ 9.072137, 45.478685 ], [ 9.07212, 45.478694 ], [ 9.072089, 45.47871 ], [ 9.072074, 45.478718 ], [ 9.072059, 45.478726 ], [ 9.072042, 45.478737 ], [ 9.072028, 45.478747 ], [ 9.072015, 45.478757 ], [ 9.072001, 45.478768 ], [ 9.071989, 45.478779 ], [ 9.071976, 45.478792 ], [ 9.071966, 45.478804 ], [ 9.071956, 45.478815 ], [ 9.071948, 45.478828 ], [ 9.071941, 45.478841 ], [ 9.071935, 45.478852 ], [ 9.071921, 45.478874 ], [ 9.071914, 45.478884 ], [ 9.071904, 45.478896 ], [ 9.071898, 45.478905 ], [ 9.07189, 45.478915 ], [ 9.071879, 45.478924 ], [ 9.071872, 45.478931 ], [ 9.071867, 45.478936 ], [ 9.071858, 45.478946 ], [ 9.071847, 45.478957 ], [ 9.071838, 45.478967 ], [ 9.071829, 45.478978 ], [ 9.071813, 45.478997 ], [ 9.071798, 45.479011 ], [ 9.071789, 45.479018 ], [ 9.07178, 45.479025 ], [ 9.071773, 45.479031 ], [ 9.071762, 45.479037 ], [ 9.071752, 45.479043 ], [ 9.071745, 45.479048 ], [ 9.071737, 45.479053 ], [ 9.071726, 45.47906 ], [ 9.071719, 45.479065 ], [ 9.071711, 45.479071 ], [ 9.071701, 45.479078 ], [ 9.07169, 45.479086 ], [ 9.071676, 45.479096 ], [ 9.071667, 45.479103 ], [ 9.071654, 45.479114 ], [ 9.071636, 45.479129 ], [ 9.071595, 45.479168 ], [ 9.071594, 45.479172 ], [ 9.071535, 45.47923 ], [ 9.071475, 45.479291 ], [ 9.071469, 45.479297 ], [ 9.071351, 45.479414 ], [ 9.071181, 45.479579 ], [ 9.071113, 45.479637 ], [ 9.070927, 45.479799 ], [ 9.070886, 45.479847 ], [ 9.070824, 45.479919 ], [ 9.070735, 45.480026 ], [ 9.070688, 45.480065 ], [ 9.070577, 45.480157 ], [ 9.070473, 45.480246 ], [ 9.070363, 45.480337 ], [ 9.070268, 45.480417 ], [ 9.070157, 45.480515 ], [ 9.07007, 45.480571 ], [ 9.069939, 45.48067 ], [ 9.069877, 45.480631 ], [ 9.069832, 45.480601 ], [ 9.069624, 45.480763 ], [ 9.069371, 45.480955 ], [ 9.069206, 45.481078 ], [ 9.06903, 45.481172 ], [ 9.068751, 45.48132 ], [ 9.068619, 45.48139 ], [ 9.068173, 45.48163 ], [ 9.067681, 45.481905 ], [ 9.067021, 45.482279 ], [ 9.06696, 45.482308 ], [ 9.066837, 45.482359 ], [ 9.066733, 45.482405 ], [ 9.066693, 45.482423 ], [ 9.066662, 45.482442 ], [ 9.066603, 45.482477 ], [ 9.066445, 45.482554 ], [ 9.066381, 45.482592 ], [ 9.066145, 45.482736 ], [ 9.066062, 45.482797 ], [ 9.066037, 45.48282 ], [ 9.066016, 45.482839 ], [ 9.065993, 45.48286 ], [ 9.065983, 45.482869 ], [ 9.065908, 45.48293 ], [ 9.065855, 45.482978 ], [ 9.065815, 45.483008 ], [ 9.065776, 45.483051 ], [ 9.065735, 45.48309 ], [ 9.065684, 45.483133 ], [ 9.06567, 45.483156 ], [ 9.06567, 45.483168 ], [ 9.0657, 45.483223 ], [ 9.065703, 45.483227 ], [ 9.065718, 45.483244 ], [ 9.065705, 45.483299 ], [ 9.065679, 45.48333 ], [ 9.065657, 45.483354 ], [ 9.065687, 45.483385 ], [ 9.065788, 45.483484 ], [ 9.065823, 45.483518 ], [ 9.065845, 45.48354 ], [ 9.06587, 45.483565 ], [ 9.065976, 45.483668 ], [ 9.065982, 45.483951 ], [ 9.06599, 45.48429 ], [ 9.065992, 45.484451 ], [ 9.066015, 45.484502 ], [ 9.066051, 45.484606 ], [ 9.066096, 45.484815 ], [ 9.066119, 45.484912 ], [ 9.066142, 45.485071 ], [ 9.066105, 45.485197 ], [ 9.066001, 45.485471 ], [ 9.065889, 45.485774 ], [ 9.065727, 45.486212 ], [ 9.066281, 45.486333 ], [ 9.066373, 45.486345 ], [ 9.066405, 45.486349 ], [ 9.06644, 45.486355 ], [ 9.06648, 45.486361 ], [ 9.066521, 45.486369 ], [ 9.066618, 45.48639 ], [ 9.066767, 45.486449 ], [ 9.066878, 45.486499 ], [ 9.066928, 45.486524 ], [ 9.06697, 45.486546 ], [ 9.067104, 45.48662 ], [ 9.067222, 45.486686 ], [ 9.067276, 45.486718 ], [ 9.067324, 45.486746 ], [ 9.067354, 45.486751 ], [ 9.067348, 45.486774 ], [ 9.06734, 45.486809 ], [ 9.067273, 45.486971 ], [ 9.067193, 45.487189 ], [ 9.067132, 45.48736 ], [ 9.067117, 45.487401 ], [ 9.067099, 45.487452 ], [ 9.067069, 45.487533 ], [ 9.067035, 45.487625 ], [ 9.067025, 45.487655 ], [ 9.066984, 45.48777 ], [ 9.066917, 45.487969 ], [ 9.06687, 45.488068 ], [ 9.06685, 45.488109 ], [ 9.06682, 45.48817 ], [ 9.066817, 45.488191 ], [ 9.066816, 45.488202 ], [ 9.066806, 45.488239 ], [ 9.066789, 45.48834 ], [ 9.066771, 45.488444 ], [ 9.066761, 45.48851 ], [ 9.066751, 45.488568 ], [ 9.066745, 45.488568 ], [ 9.0667, 45.488566 ], [ 9.066446, 45.488554 ], [ 9.066221, 45.488543 ], [ 9.066037, 45.488534 ], [ 9.065847, 45.488525 ], [ 9.065716, 45.488519 ], [ 9.065282, 45.488499 ], [ 9.064949, 45.488483 ], [ 9.064948, 45.48851 ], [ 9.064948, 45.488524 ], [ 9.064948, 45.488538 ], [ 9.064948, 45.488552 ], [ 9.06495, 45.488581 ], [ 9.064951, 45.48861 ], [ 9.064953, 45.488681 ], [ 9.064968, 45.488873 ], [ 9.06498, 45.489063 ], [ 9.064992, 45.489278 ], [ 9.065017, 45.489638 ], [ 9.065036, 45.489947 ], [ 9.065043, 45.490028 ], [ 9.065055, 45.490172 ], [ 9.065052, 45.490172 ], [ 9.063971, 45.490198 ], [ 9.063971, 45.490394 ], [ 9.063449, 45.490407 ], [ 9.063275, 45.490411 ], [ 9.063119, 45.490416 ], [ 9.062849, 45.490423 ], [ 9.062781, 45.490424 ], [ 9.062675, 45.490427 ], [ 9.062716, 45.490333 ], [ 9.062752, 45.490239 ], [ 9.062787, 45.490178 ], [ 9.062829, 45.490116 ], [ 9.062869, 45.490056 ], [ 9.062877, 45.490044 ], [ 9.062874, 45.489993 ], [ 9.062856, 45.489891 ], [ 9.062853, 45.489848 ], [ 9.062854, 45.489775 ], [ 9.06286, 45.489706 ], [ 9.062882, 45.489619 ], [ 9.062935, 45.489518 ], [ 9.062953, 45.489475 ], [ 9.06303, 45.489364 ], [ 9.063108, 45.489286 ], [ 9.063253, 45.489228 ], [ 9.0634, 45.489166 ], [ 9.063533, 45.489106 ], [ 9.063629, 45.489056 ], [ 9.063693, 45.489011 ], [ 9.063727, 45.488976 ], [ 9.063837, 45.488891 ], [ 9.063878, 45.488852 ], [ 9.063978, 45.488758 ], [ 9.064029, 45.488701 ], [ 9.064081, 45.488662 ], [ 9.064134, 45.488616 ], [ 9.064143, 45.488593 ], [ 9.064163, 45.488567 ], [ 9.064198, 45.488547 ], [ 9.064193, 45.488517 ], [ 9.064185, 45.488462 ], [ 9.064169, 45.488465 ], [ 9.064167, 45.488466 ], [ 9.064132, 45.488473 ], [ 9.064048, 45.488487 ], [ 9.063967, 45.488501 ], [ 9.063839, 45.488532 ], [ 9.063643, 45.488572 ], [ 9.063366, 45.48863 ], [ 9.063036, 45.488707 ], [ 9.06271, 45.488781 ], [ 9.062254, 45.48888 ], [ 9.062031, 45.488931 ], [ 9.061862, 45.488966 ], [ 9.06173, 45.488995 ], [ 9.061662, 45.489011 ], [ 9.061634, 45.489016 ], [ 9.061574, 45.489027 ], [ 9.061528, 45.489035 ], [ 9.061496, 45.48904 ], [ 9.061501, 45.48908 ], [ 9.061503, 45.489095 ], [ 9.061503, 45.489097 ], [ 9.061494, 45.489198 ], [ 9.061474, 45.489327 ], [ 9.061476, 45.48945 ], [ 9.061474, 45.489504 ], [ 9.061482, 45.489634 ], [ 9.061487, 45.48978 ], [ 9.061519, 45.489961 ], [ 9.061504, 45.490191 ], [ 9.061451, 45.4903 ], [ 9.061409, 45.490428 ], [ 9.061399, 45.490517 ], [ 9.061391, 45.490592 ], [ 9.0614, 45.49073 ], [ 9.061388, 45.490894 ], [ 9.061348, 45.490999 ], [ 9.061278, 45.491122 ], [ 9.061212, 45.491212 ], [ 9.061148, 45.491301 ], [ 9.061064, 45.491409 ], [ 9.060984, 45.491516 ], [ 9.060949, 45.49156 ], [ 9.060983, 45.491569 ], [ 9.061009, 45.491579 ], [ 9.061044, 45.491593 ], [ 9.061074, 45.491599 ], [ 9.06108, 45.491602 ], [ 9.061143, 45.491634 ], [ 9.061255, 45.491675 ], [ 9.061341, 45.491707 ], [ 9.061464, 45.491748 ], [ 9.061597, 45.491793 ], [ 9.061621, 45.491801 ], [ 9.061722, 45.49185 ], [ 9.061803, 45.491898 ], [ 9.061844, 45.491923 ], [ 9.061891, 45.491963 ], [ 9.061928, 45.491994 ], [ 9.061998, 45.492049 ], [ 9.062072, 45.492108 ], [ 9.062122, 45.492149 ], [ 9.062128, 45.492149 ], [ 9.062166, 45.492153 ], [ 9.062238, 45.49207 ], [ 9.062323, 45.492035 ], [ 9.062387, 45.491972 ], [ 9.062445, 45.491914 ], [ 9.062509, 45.491881 ], [ 9.062644, 45.491891 ], [ 9.062768, 45.491899 ], [ 9.062967, 45.491912 ], [ 9.06312, 45.491921 ], [ 9.063245, 45.491929 ], [ 9.063298, 45.49194 ], [ 9.063334, 45.491938 ], [ 9.063439, 45.49194 ], [ 9.06358, 45.491943 ], [ 9.063715, 45.491946 ], [ 9.063837, 45.491948 ], [ 9.063922, 45.49195 ], [ 9.063889, 45.49208 ], [ 9.063845, 45.492246 ], [ 9.063803, 45.492403 ], [ 9.063754, 45.49258 ], [ 9.063708, 45.492737 ], [ 9.063691, 45.492796 ], [ 9.063604, 45.49288 ], [ 9.063571, 45.492927 ], [ 9.063549, 45.492969 ], [ 9.063497, 45.493005 ], [ 9.063404, 45.493049 ], [ 9.063387, 45.493057 ], [ 9.063291, 45.49314 ], [ 9.063227, 45.493194 ], [ 9.063174, 45.49324 ], [ 9.063125, 45.493283 ], [ 9.063059, 45.493339 ], [ 9.062976, 45.49341 ], [ 9.062933, 45.493448 ], [ 9.062882, 45.493491 ], [ 9.062835, 45.493536 ], [ 9.062754, 45.493632 ], [ 9.062559, 45.493903 ], [ 9.062528, 45.493946 ], [ 9.062433, 45.494018 ], [ 9.06221, 45.494269 ], [ 9.062087, 45.494364 ], [ 9.061969, 45.494454 ], [ 9.061876, 45.494525 ], [ 9.061816, 45.49457 ], [ 9.061693, 45.494651 ], [ 9.06163, 45.494693 ], [ 9.061524, 45.494762 ], [ 9.06145, 45.494804 ], [ 9.061384, 45.494788 ], [ 9.061264, 45.49474 ], [ 9.061176, 45.494701 ], [ 9.061048, 45.494655 ], [ 9.060944, 45.494613 ], [ 9.060826, 45.494564 ], [ 9.060728, 45.494528 ], [ 9.060613, 45.494486 ], [ 9.060525, 45.494453 ], [ 9.060424, 45.494415 ], [ 9.060323, 45.494375 ], [ 9.060251, 45.494346 ], [ 9.060186, 45.494316 ], [ 9.060131, 45.494288 ], [ 9.060084, 45.494274 ], [ 9.060041, 45.494262 ], [ 9.059989, 45.49425 ], [ 9.05995, 45.49428 ], [ 9.059907, 45.494312 ], [ 9.059858, 45.494345 ], [ 9.059814, 45.494383 ], [ 9.059737, 45.494452 ], [ 9.059674, 45.494484 ], [ 9.059551, 45.494567 ], [ 9.05948, 45.494605 ], [ 9.059423, 45.494642 ], [ 9.059352, 45.49471 ], [ 9.05927, 45.494793 ], [ 9.059136, 45.494921 ], [ 9.059005, 45.495147 ], [ 9.058926, 45.495339 ], [ 9.058844, 45.495508 ], [ 9.058749, 45.495737 ], [ 9.058659, 45.495947 ], [ 9.058634, 45.496018 ], [ 9.058653, 45.496245 ], [ 9.058531, 45.496556 ], [ 9.058514, 45.496607 ], [ 9.058506, 45.496632 ], [ 9.058484, 45.4967 ], [ 9.058471, 45.49674 ], [ 9.058446, 45.496817 ], [ 9.058437, 45.496843 ], [ 9.058426, 45.496876 ], [ 9.058416, 45.496908 ], [ 9.058417, 45.496911 ], [ 9.058426, 45.496931 ], [ 9.058418, 45.496942 ], [ 9.058399, 45.496974 ], [ 9.058379, 45.497001 ], [ 9.058372, 45.497014 ], [ 9.058362, 45.497043 ], [ 9.058348, 45.497081 ], [ 9.05833, 45.497136 ], [ 9.058308, 45.497203 ], [ 9.058286, 45.497267 ], [ 9.058262, 45.49734 ], [ 9.058234, 45.497436 ], [ 9.058194, 45.497584 ], [ 9.058183, 45.497627 ], [ 9.058184, 45.497646 ], [ 9.058188, 45.497683 ], [ 9.058196, 45.497748 ], [ 9.05816, 45.497748 ], [ 9.056814, 45.497733 ], [ 9.05676, 45.497733 ], [ 9.056616, 45.497731 ], [ 9.056562, 45.497731 ], [ 9.05657, 45.497759 ], [ 9.056566, 45.497793 ], [ 9.056555, 45.497828 ], [ 9.056509, 45.497964 ], [ 9.056444, 45.498165 ], [ 9.05632, 45.498551 ], [ 9.056181, 45.49895 ], [ 9.056082, 45.49924 ], [ 9.056017, 45.499403 ], [ 9.055951, 45.499553 ], [ 9.055829, 45.499817 ], [ 9.055636, 45.500219 ], [ 9.055504, 45.500507 ], [ 9.055396, 45.500741 ], [ 9.055362, 45.500817 ], [ 9.055324, 45.500897 ], [ 9.055267, 45.501012 ], [ 9.055234, 45.501079 ], [ 9.055165, 45.501218 ], [ 9.055106, 45.501336 ], [ 9.05507, 45.501391 ], [ 9.055027, 45.50147 ], [ 9.054934, 45.501628 ], [ 9.05479, 45.501881 ], [ 9.054604, 45.502204 ], [ 9.054573, 45.502261 ], [ 9.054496, 45.502402 ], [ 9.054481, 45.502428 ], [ 9.054357, 45.50264 ], [ 9.054094, 45.503114 ], [ 9.054019, 45.503246 ], [ 9.054012, 45.503259 ], [ 9.053757, 45.503717 ], [ 9.053735, 45.503759 ], [ 9.053815, 45.503786 ], [ 9.053977, 45.503842 ], [ 9.05401, 45.503853 ], [ 9.05443, 45.503996 ], [ 9.054208, 45.50435 ], [ 9.053903, 45.50484 ], [ 9.053889, 45.504876 ], [ 9.053914, 45.504881 ], [ 9.054038, 45.504908 ], [ 9.05418, 45.504939 ], [ 9.054259, 45.504957 ], [ 9.054336, 45.504978 ], [ 9.054457, 45.505011 ], [ 9.054588, 45.505043 ], [ 9.054712, 45.505076 ], [ 9.054854, 45.505109 ], [ 9.054981, 45.505138 ], [ 9.055157, 45.505181 ], [ 9.055276, 45.505209 ], [ 9.055486, 45.505248 ], [ 9.055693, 45.505286 ], [ 9.055834, 45.505311 ], [ 9.05604, 45.505341 ], [ 9.05616, 45.505361 ], [ 9.056258, 45.505377 ], [ 9.056386, 45.505399 ], [ 9.056497, 45.505412 ], [ 9.056619, 45.505433 ], [ 9.056697, 45.505444 ], [ 9.056728, 45.505402 ], [ 9.056751, 45.505361 ], [ 9.05678, 45.505302 ], [ 9.056799, 45.505279 ], [ 9.056829, 45.505236 ], [ 9.056865, 45.505196 ], [ 9.056917, 45.505133 ], [ 9.056965, 45.505076 ], [ 9.057008, 45.505023 ], [ 9.057035, 45.505036 ], [ 9.057041, 45.505039 ], [ 9.0571, 45.505074 ], [ 9.05713, 45.505092 ], [ 9.057181, 45.505124 ], [ 9.0572, 45.505137 ], [ 9.05734, 45.505102 ], [ 9.057359, 45.505114 ], [ 9.057811, 45.504896 ], [ 9.057954, 45.504725 ], [ 9.058343, 45.504483 ], [ 9.058407, 45.50447 ], [ 9.058416, 45.50447 ], [ 9.058529, 45.504462 ], [ 9.058539, 45.504462 ], [ 9.058931, 45.504468 ], [ 9.059119, 45.504465 ], [ 9.059183, 45.504425 ], [ 9.059255, 45.504303 ], [ 9.059285, 45.504267 ], [ 9.059564, 45.504444 ], [ 9.059612, 45.504474 ], [ 9.059625, 45.504474 ], [ 9.059712, 45.504383 ], [ 9.059772, 45.504335 ], [ 9.059795, 45.504319 ], [ 9.059816, 45.504319 ], [ 9.059837, 45.504327 ], [ 9.059851, 45.504338 ], [ 9.059868, 45.504373 ], [ 9.059881, 45.504389 ], [ 9.059899, 45.5044 ], [ 9.059918, 45.504409 ], [ 9.059935, 45.504417 ], [ 9.059948, 45.50443 ], [ 9.059979, 45.50445 ], [ 9.060034, 45.50448 ], [ 9.060064, 45.504497 ], [ 9.060111, 45.504523 ], [ 9.060242, 45.504585 ], [ 9.060259, 45.50457 ], [ 9.060269, 45.504557 ], [ 9.060319, 45.504495 ], [ 9.060373, 45.504424 ], [ 9.060481, 45.504277 ], [ 9.060595, 45.50412 ], [ 9.060682, 45.504002 ], [ 9.060794, 45.50385 ], [ 9.060917, 45.503681 ], [ 9.060991, 45.50358 ], [ 9.06107, 45.503471 ], [ 9.061185, 45.503315 ], [ 9.061279, 45.503187 ], [ 9.061342, 45.503102 ], [ 9.061422, 45.502993 ], [ 9.061597, 45.502754 ], [ 9.061736, 45.502564 ], [ 9.061839, 45.502424 ], [ 9.061925, 45.502306 ], [ 9.061949, 45.502315 ], [ 9.063436, 45.502857 ], [ 9.064391, 45.503205 ], [ 9.064768, 45.503343 ], [ 9.064777, 45.503346 ], [ 9.065367, 45.503561 ], [ 9.065399, 45.503573 ], [ 9.065656, 45.503672 ], [ 9.065474, 45.503849 ], [ 9.065133, 45.504246 ], [ 9.065026, 45.50437 ], [ 9.064845, 45.504582 ], [ 9.064912, 45.504621 ], [ 9.065475, 45.504947 ], [ 9.065477, 45.504948 ], [ 9.065877, 45.505179 ], [ 9.066601, 45.505059 ], [ 9.066603, 45.505059 ], [ 9.067289, 45.504935 ], [ 9.067309, 45.504931 ], [ 9.067333, 45.504935 ], [ 9.067333, 45.504935 ], [ 9.067367, 45.504941 ], [ 9.067451, 45.504959 ], [ 9.067693, 45.505009 ], [ 9.068162, 45.505104 ], [ 9.068162, 45.505104 ], [ 9.068203, 45.505113 ], [ 9.06823, 45.505118 ], [ 9.068254, 45.505123 ], [ 9.06834, 45.505152 ], [ 9.0684, 45.505171 ], [ 9.068495, 45.505199 ], [ 9.068545, 45.505237 ], [ 9.068562, 45.505276 ], [ 9.068638, 45.505316 ], [ 9.068766, 45.50537 ], [ 9.068781, 45.505381 ], [ 9.068976, 45.505527 ], [ 9.06906, 45.505556 ], [ 9.069094, 45.505569 ], [ 9.069188, 45.505607 ], [ 9.069437, 45.505643 ], [ 9.069681, 45.505689 ], [ 9.069895, 45.505745 ], [ 9.069965, 45.505758 ], [ 9.070285, 45.5058 ], [ 9.070385, 45.505818 ], [ 9.070505, 45.505828 ], [ 9.070528, 45.50583 ], [ 9.07067, 45.505838 ], [ 9.070679, 45.505838 ], [ 9.070706, 45.505837 ], [ 9.070786, 45.505796 ], [ 9.070817, 45.505792 ], [ 9.070854, 45.505787 ], [ 9.071197, 45.505797 ], [ 9.071316, 45.505803 ], [ 9.071326, 45.505803 ], [ 9.07146, 45.505818 ], [ 9.07176, 45.505904 ], [ 9.071963, 45.505966 ], [ 9.072082, 45.505981 ], [ 9.072185, 45.505991 ], [ 9.072404, 45.505979 ], [ 9.072493, 45.505996 ], [ 9.072735, 45.506082 ], [ 9.072958, 45.506072 ], [ 9.073057, 45.506062 ], [ 9.073103, 45.50604 ], [ 9.073269, 45.505893 ], [ 9.073292, 45.505854 ], [ 9.073302, 45.505835 ], [ 9.073305, 45.505831 ], [ 9.073325, 45.505794 ], [ 9.073368, 45.505695 ], [ 9.073378, 45.505605 ], [ 9.073372, 45.505534 ], [ 9.073348, 45.505531 ], [ 9.073227, 45.505511 ], [ 9.073198, 45.505498 ], [ 9.0721, 45.505296 ], [ 9.072032, 45.505283 ], [ 9.072037, 45.50527 ], [ 9.072155, 45.505029 ], [ 9.072259, 45.504805 ], [ 9.072466, 45.504395 ], [ 9.072758, 45.503813 ], [ 9.072928, 45.503485 ], [ 9.072996, 45.503352 ], [ 9.073867, 45.501674 ], [ 9.073955, 45.501503 ], [ 9.074028, 45.501312 ], [ 9.074171, 45.501016 ], [ 9.074273, 45.500838 ], [ 9.074332, 45.50073 ], [ 9.07446, 45.500482 ], [ 9.07466, 45.500106 ], [ 9.074729, 45.499972 ], [ 9.074764, 45.499904 ], [ 9.074804, 45.499827 ], [ 9.074966, 45.499519 ], [ 9.075043, 45.499355 ], [ 9.075173, 45.498827 ], [ 9.075159, 45.498727 ], [ 9.075122, 45.498603 ], [ 9.074947, 45.498383 ], [ 9.074812, 45.498251 ], [ 9.074675, 45.498116 ], [ 9.074621, 45.498063 ], [ 9.074673, 45.498056 ], [ 9.074803, 45.498038 ], [ 9.075001, 45.497976 ], [ 9.075107, 45.497942 ], [ 9.075553, 45.497935 ], [ 9.075856, 45.497931 ], [ 9.075872, 45.497931 ], [ 9.076194, 45.497939 ], [ 9.07665, 45.497977 ], [ 9.076738, 45.498015 ], [ 9.076976, 45.498116 ], [ 9.077093, 45.498197 ], [ 9.077476, 45.498434 ], [ 9.077672, 45.498176 ], [ 9.077776, 45.498057 ], [ 9.078048, 45.497745 ], [ 9.078667, 45.497034 ], [ 9.078921, 45.497153 ], [ 9.078977, 45.497154 ], [ 9.07901, 45.497167 ], [ 9.079696, 45.497413 ], [ 9.080552, 45.497721 ], [ 9.080825, 45.497817 ], [ 9.080753, 45.49793 ], [ 9.080924, 45.498005 ], [ 9.081272, 45.498156 ], [ 9.081304, 45.498156 ], [ 9.08145, 45.498085 ], [ 9.081509, 45.498063 ], [ 9.081514, 45.498048 ], [ 9.081587, 45.497822 ], [ 9.08177, 45.497764 ], [ 9.082303, 45.497698 ], [ 9.082584, 45.497734 ], [ 9.082688, 45.497711 ], [ 9.082792, 45.497677 ], [ 9.082853, 45.497625 ], [ 9.083571, 45.497409 ], [ 9.083806, 45.498058 ], [ 9.084041, 45.49815 ], [ 9.084186, 45.498183 ], [ 9.08452, 45.49831 ], [ 9.086134, 45.495376 ], [ 9.086887, 45.494869 ], [ 9.088314, 45.492121 ], [ 9.091267, 45.489898 ], [ 9.092037, 45.489368 ], [ 9.093143, 45.488733 ], [ 9.095375, 45.487568 ], [ 9.098141, 45.484318 ], [ 9.102905, 45.486933 ], [ 9.104034, 45.487615 ], [ 9.106542, 45.489187 ], [ 9.106558, 45.489194 ], [ 9.107479, 45.488886 ], [ 9.110401, 45.486777 ], [ 9.110001, 45.48279 ], [ 9.110206, 45.481768 ], [ 9.111928, 45.479197 ], [ 9.113343, 45.47844 ], [ 9.11626, 45.4784 ], [ 9.118659, 45.479286 ], [ 9.118859, 45.479126 ], [ 9.120455, 45.47762 ], [ 9.120477, 45.477462 ], [ 9.11966, 45.474509 ], [ 9.119481, 45.474101 ], [ 9.119392, 45.473943 ], [ 9.119348, 45.473481 ], [ 9.118472, 45.471925 ], [ 9.118741, 45.470813 ], [ 9.118771, 45.470653 ], [ 9.118782, 45.470578 ], [ 9.118764, 45.470477 ], [ 9.116635, 45.469562 ], [ 9.116502, 45.464624 ], [ 9.115486, 45.463979 ], [ 9.113383, 45.464604 ], [ 9.111833, 45.465152 ], [ 9.111083, 45.464959 ], [ 9.105627, 45.465544 ], [ 9.10466, 45.466367 ], [ 9.099919, 45.46477 ], [ 9.099307, 45.464856 ], [ 9.099299, 45.464857 ], [ 9.099091, 45.46489 ], [ 9.098036, 45.465128 ], [ 9.097568, 45.465396 ], [ 9.096283, 45.464886 ], [ 9.094426, 45.463079 ], [ 9.09337, 45.462432 ], [ 9.092804, 45.462335 ], [ 9.092437, 45.462406 ], [ 9.091488, 45.461992 ], [ 9.091184, 45.461959 ], [ 9.090934, 45.461846 ], [ 9.090092, 45.462038 ], [ 9.089809, 45.461862 ], [ 9.088933, 45.460903 ], [ 9.087997, 45.460732 ], [ 9.087396, 45.461465 ], [ 9.087197, 45.461515 ], [ 9.081493, 45.459017 ], [ 9.080442, 45.45973 ], [ 9.079958, 45.45976 ], [ 9.078912, 45.459793 ] ] ] } },
{ "type": "Feature", "properties": { "postcode": "20154", "iou_vs_official": 0.8613, "match_status": "matched", "n_seed_addresses": 1574 }, "geometry": { "type": "Polygon", "coordinates": [ [ [ 9.162381, 45.483336 ], [ 9.162143, 45.483459 ], [ 9.162048, 45.483583 ], [ 9.16189, 45.483692 ], [ 9.161778, 45.483757 ], [ 9.161769, 45.48376 ], [ 9.161655, 45.483862 ], [ 9.161643, 45.48387 ], [ 9.161573, 45.483929 ], [ 9.161514, 45.483963 ], [ 9.161177, 45.484287 ], [ 9.161068, 45.484324 ], [ 9.161009, 45.484357 ], [ 9.160833, 45.484366 ], [ 9.160551, 45.484676 ], [ 9.16042, 45.484859 ], [ 9.160359, 45.484959 ], [ 9.16018, 45.485009 ], [ 9.159848, 45.485281 ], [ 9.159782, 45.485383 ], [ 9.159676, 45.485583 ], [ 9.159662, 45.485614 ], [ 9.158767, 45.48626 ], [ 9.159032, 45.487502 ], [ 9.158425, 45.488636 ], [ 9.158377, 45.488736 ], [ 9.160789, 45.489329 ], [ 9.161141, 45.489311 ], [ 9.161403, 45.489435 ], [ 9.161816, 45.489393 ], [ 9.162366, 45.489369 ], [ 9.162424, 45.489378 ], [ 9.162956, 45.489152 ], [ 9.163061, 45.489145 ], [ 9.163124, 45.489068 ], [ 9.163385, 45.488789 ], [ 9.163662, 45.488572 ], [ 9.164064, 45.488346 ], [ 9.164087, 45.488349 ], [ 9.164991, 45.488595 ], [ 9.164997, 45.488598 ], [ 9.165227, 45.488782 ], [ 9.165324, 45.488892 ], [ 9.16564, 45.488935 ], [ 9.165828, 45.48904 ], [ 9.165863, 45.489038 ], [ 9.166339, 45.488921 ], [ 9.166849, 45.488619 ], [ 9.166953, 45.488483 ], [ 9.167517, 45.488415 ], [ 9.167943, 45.488957 ], [ 9.168284, 45.489093 ], [ 9.168584, 45.489387 ], [ 9.168656, 45.48973 ], [ 9.168634, 45.489816 ], [ 9.168331, 45.490068 ], [ 9.168109, 45.490288 ], [ 9.168032, 45.490387 ], [ 9.167932, 45.490551 ], [ 9.16782, 45.490761 ], [ 9.168485, 45.492417 ], [ 9.169443, 45.493422 ], [ 9.169881, 45.493319 ], [ 9.170614, 45.493446 ], [ 9.172605, 45.493451 ], [ 9.172632, 45.493446 ], [ 9.174546, 45.491807 ], [ 9.174721, 45.49178 ], [ 9.175094, 45.491662 ], [ 9.175318, 45.491555 ], [ 9.177062, 45.490493 ], [ 9.177126, 45.490446 ], [ 9.177488, 45.489212 ], [ 9.177875, 45.488649 ], [ 9.178156, 45.488085 ], [ 9.178621, 45.487403 ], [ 9.179253, 45.487153 ], [ 9.179414, 45.48708 ], [ 9.179925, 45.486769 ], [ 9.181339, 45.486893 ], [ 9.182496, 45.48652 ], [ 9.182822, 45.486439 ], [ 9.182824, 45.486438 ], [ 9.183524, 45.486272 ], [ 9.183726, 45.486162 ], [ 9.183811, 45.48611 ], [ 9.18383, 45.486106 ], [ 9.183929, 45.486093 ], [ 9.183984, 45.486075 ], [ 9.184582, 45.486072 ], [ 9.184734, 45.486037 ], [ 9.185121, 45.485849 ], [ 9.185126, 45.485846 ], [ 9.185478, 45.485657 ], [ 9.185818, 45.485363 ], [ 9.185973, 45.485386 ], [ 9.186324, 45.485317 ], [ 9.186343, 45.485322 ], [ 9.186554, 45.485345 ], [ 9.187023, 45.485353 ], [ 9.187033, 45.485355 ], [ 9.187643, 45.485604 ], [ 9.187687, 45.485593 ], [ 9.188297, 45.48508 ], [ 9.188543, 45.484954 ], [ 9.18859, 45.484919 ], [ 9.18869, 45.484931 ], [ 9.188891, 45.484972 ], [ 9.18905, 45.485011 ], [ 9.189478, 45.484808 ], [ 9.189849, 45.48466 ], [ 9.190254, 45.484609 ], [ 9.190497, 45.484604 ], [ 9.190913, 45.484413 ], [ 9.190988, 45.48433 ], [ 9.191063, 45.484291 ], [ 9.191145, 45.484261 ], [ 9.191976, 45.484265 ], [ 9.193077, 45.483767 ], [ 9.192276, 45.482728 ], [ 9.191647, 45.482645 ], [ 9.191314, 45.482382 ], [ 9.190848, 45.482323 ], [ 9.190806, 45.482313 ], [ 9.190604, 45.482183 ], [ 9.190592, 45.482192 ], [ 9.190495, 45.482274 ], [ 9.190359, 45.482414 ], [ 9.190118, 45.482721 ], [ 9.189957, 45.482802 ], [ 9.189675, 45.482802 ], [ 9.189328, 45.482709 ], [ 9.189205, 45.482554 ], [ 9.188689, 45.482786 ], [ 9.188536, 45.482806 ], [ 9.188266, 45.482815 ], [ 9.188018, 45.483009 ], [ 9.187819, 45.482825 ], [ 9.187785, 45.482214 ], [ 9.187789, 45.482179 ], [ 9.187782, 45.482149 ], [ 9.187783, 45.482052 ], [ 9.187817, 45.481807 ], [ 9.187829, 45.481773 ], [ 9.187854, 45.48172 ], [ 9.187859, 45.481712 ], [ 9.187851, 45.481626 ], [ 9.187806, 45.481475 ], [ 9.1878, 45.481437 ], [ 9.187739, 45.481384 ], [ 9.187702, 45.481345 ], [ 9.187689, 45.48134 ], [ 9.187617, 45.481301 ], [ 9.187566, 45.481263 ], [ 9.187547, 45.481254 ], [ 9.187423, 45.481186 ], [ 9.187372, 45.481128 ], [ 9.187083, 45.480722 ], [ 9.187075, 45.480689 ], [ 9.18701, 45.480678 ], [ 9.186938, 45.480637 ], [ 9.186864, 45.480618 ], [ 9.186624, 45.480479 ], [ 9.186552, 45.480488 ], [ 9.186253, 45.480623 ], [ 9.186195, 45.480607 ], [ 9.186008, 45.480654 ], [ 9.185958, 45.480967 ], [ 9.185799, 45.480964 ], [ 9.185746, 45.480979 ], [ 9.185705, 45.480973 ], [ 9.185665, 45.480981 ], [ 9.185609, 45.481003 ], [ 9.185584, 45.481009 ], [ 9.185501, 45.481 ], [ 9.185464, 45.48099 ], [ 9.18539, 45.480956 ], [ 9.185263, 45.480869 ], [ 9.185234, 45.480878 ], [ 9.18522, 45.480883 ], [ 9.185127, 45.480889 ], [ 9.185102, 45.480893 ], [ 9.185085, 45.480897 ], [ 9.184948, 45.480932 ], [ 9.184875, 45.480985 ], [ 9.18481, 45.480977 ], [ 9.184676, 45.480984 ], [ 9.184457, 45.481211 ], [ 9.184439, 45.481221 ], [ 9.184367, 45.481246 ], [ 9.18432, 45.481248 ], [ 9.183955, 45.481158 ], [ 9.183898, 45.481187 ], [ 9.18384, 45.481183 ], [ 9.183788, 45.481192 ], [ 9.183636, 45.481199 ], [ 9.183499, 45.48124 ], [ 9.183448, 45.481337 ], [ 9.183447, 45.481337 ], [ 9.183308, 45.48146 ], [ 9.183166, 45.481523 ], [ 9.182998, 45.481547 ], [ 9.182787, 45.481508 ], [ 9.182623, 45.481434 ], [ 9.18246, 45.481337 ], [ 9.182415, 45.4813 ], [ 9.182129, 45.481283 ], [ 9.182018, 45.481343 ], [ 9.181954, 45.48131 ], [ 9.181654, 45.481079 ], [ 9.181599, 45.481001 ], [ 9.181555, 45.480606 ], [ 9.181544, 45.480566 ], [ 9.181539, 45.480534 ], [ 9.181538, 45.480528 ], [ 9.181519, 45.480462 ], [ 9.181517, 45.480434 ], [ 9.181504, 45.480351 ], [ 9.181512, 45.480299 ], [ 9.181484, 45.480216 ], [ 9.181473, 45.480202 ], [ 9.181514, 45.479914 ], [ 9.181357, 45.479763 ], [ 9.181377, 45.479706 ], [ 9.181298, 45.479446 ], [ 9.1812, 45.479368 ], [ 9.181332, 45.47898 ], [ 9.181284, 45.478943 ], [ 9.181096, 45.478379 ], [ 9.181158, 45.478235 ], [ 9.181083, 45.478052 ], [ 9.180977, 45.47767 ], [ 9.180919, 45.477604 ], [ 9.180755, 45.477486 ], [ 9.18052, 45.477192 ], [ 9.180432, 45.476956 ], [ 9.18049, 45.476835 ], [ 9.180577, 45.476583 ], [ 9.180676, 45.476012 ], [ 9.18067, 45.47591 ], [ 9.179383, 45.475288 ], [ 9.179248, 45.474606 ], [ 9.178584, 45.474163 ], [ 9.178092, 45.474394 ], [ 9.177212, 45.475506 ], [ 9.176748, 45.475645 ], [ 9.176395, 45.475648 ], [ 9.17571, 45.475617 ], [ 9.175584, 45.475574 ], [ 9.175437, 45.475438 ], [ 9.175284, 45.475267 ], [ 9.175131, 45.475075 ], [ 9.174917, 45.474465 ], [ 9.173602, 45.474019 ], [ 9.172467, 45.475829 ], [ 9.172277, 45.475836 ], [ 9.171981, 45.475787 ], [ 9.171834, 45.476 ], [ 9.17166, 45.476146 ], [ 9.171512, 45.476423 ], [ 9.171447, 45.476597 ], [ 9.171414, 45.476755 ], [ 9.171283, 45.476725 ], [ 9.171032, 45.476707 ], [ 9.170873, 45.476847 ], [ 9.170834, 45.476898 ], [ 9.170649, 45.47702 ], [ 9.170498, 45.47704 ], [ 9.170495, 45.477045 ], [ 9.170421, 45.477104 ], [ 9.170325, 45.477262 ], [ 9.17022, 45.477327 ], [ 9.170155, 45.477418 ], [ 9.170035, 45.47748 ], [ 9.169913, 45.477645 ], [ 9.169885, 45.477648 ], [ 9.169656, 45.47779 ], [ 9.169468, 45.47808 ], [ 9.169384, 45.478129 ], [ 9.169096, 45.478098 ], [ 9.169053, 45.478123 ], [ 9.168781, 45.478548 ], [ 9.16848, 45.478733 ], [ 9.168413, 45.478727 ], [ 9.167977, 45.478905 ], [ 9.167066, 45.479227 ], [ 9.166945, 45.479179 ], [ 9.166394, 45.479116 ], [ 9.166379, 45.479266 ], [ 9.166368, 45.479343 ], [ 9.166158, 45.480232 ], [ 9.165881, 45.48087 ], [ 9.165738, 45.480949 ], [ 9.165598, 45.480952 ], [ 9.16529, 45.481102 ], [ 9.16512, 45.48124 ], [ 9.165116, 45.481244 ], [ 9.165042, 45.481307 ], [ 9.165032, 45.481312 ], [ 9.164893, 45.481419 ], [ 9.164877, 45.481428 ], [ 9.164702, 45.48155 ], [ 9.164622, 45.481584 ], [ 9.164555, 45.481623 ], [ 9.164477, 45.481727 ], [ 9.164335, 45.481827 ], [ 9.164176, 45.481898 ], [ 9.164085, 45.482013 ], [ 9.164036, 45.48205 ], [ 9.163908, 45.482158 ], [ 9.163892, 45.482173 ], [ 9.163812, 45.482235 ], [ 9.163671, 45.482427 ], [ 9.163575, 45.482475 ], [ 9.163562, 45.482477 ], [ 9.162979, 45.482634 ], [ 9.162886, 45.482635 ], [ 9.162744, 45.482624 ], [ 9.162654, 45.482905 ], [ 9.162495, 45.483186 ], [ 9.162381, 45.483336 ] ] ] } },
{ "type": "Feature", "properties": { "postcode": "20155", "iou_vs_official": 0.7742, "match_status": "matched", "n_seed_addresses": 122 }, "geometry": { "type": "Polygon", "coordinates": [ [ [ 9.153716, 45.487911 ], [ 9.15338, 45.488841 ], [ 9.153317, 45.488943 ], [ 9.15324, 45.489616 ], [ 9.152399, 45.48987 ], [ 9.152219, 45.490369 ], [ 9.152282, 45.490914 ], [ 9.151902, 45.491421 ], [ 9.150842, 45.491251 ], [ 9.150351, 45.491515 ], [ 9.149342, 45.491043 ], [ 9.148675, 45.491551 ], [ 9.148574, 45.491851 ], [ 9.146784, 45.492717 ], [ 9.147394, 45.493243 ], [ 9.148156, 45.493731 ], [ 9.14837, 45.494202 ], [ 9.150021, 45.495341 ], [ 9.150084, 45.495754 ], [ 9.149365, 45.497027 ], [ 9.14966, 45.497672 ], [ 9.151193, 45.498425 ], [ 9.151482, 45.498393 ], [ 9.152248, 45.498705 ], [ 9.153877, 45.498974 ], [ 9.154032, 45.499036 ], [ 9.154176, 45.498946 ], [ 9.154652, 45.498685 ], [ 9.155431, 45.498386 ], [ 9.157486, 45.498104 ], [ 9.157916, 45.498026 ], [ 9.158279, 45.497783 ], [ 9.158447, 45.49777 ], [ 9.15923, 45.497382 ], [ 9.159628, 45.497331 ], [ 9.161204, 45.497766 ], [ 9.163724, 45.496666 ], [ 9.163775, 45.496675 ], [ 9.165492, 45.496105 ], [ 9.166781, 45.495852 ], [ 9.166961, 45.495672 ], [ 9.167285, 45.495286 ], [ 9.167367, 45.495072 ], [ 9.168813, 45.49411 ], [ 9.169443, 45.493422 ], [ 9.168485, 45.492417 ], [ 9.16782, 45.490761 ], [ 9.167932, 45.490551 ], [ 9.168032, 45.490387 ], [ 9.168109, 45.490288 ], [ 9.168331, 45.490068 ], [ 9.168634, 45.489816 ], [ 9.168656, 45.48973 ], [ 9.168584, 45.489387 ], [ 9.168284, 45.489093 ], [ 9.167943, 45.488957 ], [ 9.167517, 45.488415 ], [ 9.166953, 45.488483 ], [ 9.166849, 45.488619 ], [ 9.166339, 45.488921 ], [ 9.165863, 45.489038 ], [ 9.165828, 45.48904 ], [ 9.16564, 45.488935 ], [ 9.165324, 45.488892 ], [ 9.165227, 45.488782 ], [ 9.164997, 45.488598 ], [ 9.164991, 45.488595 ], [ 9.164087, 45.488349 ], [ 9.164064, 45.488346 ], [ 9.163662, 45.488572 ], [ 9.163385, 45.488789 ], [ 9.163124, 45.489068 ], [ 9.163061, 45.489145 ], [ 9.162956, 45.489152 ], [ 9.162424, 45.489378 ], [ 9.162366, 45.489369 ], [ 9.161816, 45.489393 ], [ 9.161403, 45.489435 ], [ 9.161141, 45.489311 ], [ 9.160789, 45.489329 ], [ 9.158377, 45.488736 ], [ 9.157563, 45.489387 ], [ 9.157253, 45.489134 ], [ 9.15721, 45.489111 ], [ 9.155897, 45.487999 ], [ 9.154328, 45.487978 ], [ 9.154246, 45.487967 ], [ 9.153914, 45.487971 ], [ 9.153716, 45.487911 ] ] ] } },
{ "type": "Feature", "properties": { "postcode": "20156", "iou_vs_official": 0.5409, "match_status": "matched", "n_seed_addresses": 218 }, "geometry": { "type": "Polygon", "coordinates": [ [ [ 9.134185, 45.498201 ], [ 9.133916, 45.498211 ], [ 9.133702, 45.498151 ], [ 9.133016, 45.497776 ], [ 9.132376, 45.498107 ], [ 9.132286, 45.498074 ], [ 9.130928, 45.498018 ], [ 9.13087, 45.498007 ], [ 9.13061, 45.498184 ], [ 9.130631, 45.498464 ], [ 9.130481, 45.499696 ], [ 9.130055, 45.500335 ], [ 9.129828, 45.50226 ], [ 9.129931, 45.503142 ], [ 9.129569, 45.503349 ], [ 9.128836, 45.503057 ], [ 9.126325, 45.499397 ], [ 9.126332, 45.499141 ], [ 9.126107, 45.497865 ], [ 9.125987, 45.497719 ], [ 9.123593, 45.497743 ], [ 9.122486, 45.498724 ], [ 9.123864, 45.501516 ], [ 9.123609, 45.501939 ], [ 9.123386, 45.503155 ], [ 9.120539, 45.503295 ], [ 9.118159, 45.504514 ], [ 9.116062, 45.505492 ], [ 9.115849, 45.505556 ], [ 9.121405, 45.510137 ], [ 9.124411, 45.508058 ], [ 9.125137, 45.507162 ], [ 9.126951, 45.507311 ], [ 9.128743, 45.506765 ], [ 9.128892, 45.5069 ], [ 9.13185, 45.506838 ], [ 9.13261, 45.507656 ], [ 9.133189, 45.507573 ], [ 9.1346, 45.507815 ], [ 9.135369, 45.50832 ], [ 9.136258, 45.509302 ], [ 9.137351, 45.508818 ], [ 9.138777, 45.508246 ], [ 9.14135, 45.507688 ], [ 9.143023, 45.508948 ], [ 9.147015, 45.505722 ], [ 9.14722, 45.505599 ], [ 9.148837, 45.505323 ], [ 9.149571, 45.505167 ], [ 9.15082, 45.505427 ], [ 9.150892, 45.505446 ], [ 9.151544, 45.505945 ], [ 9.151886, 45.506126 ], [ 9.152222, 45.506272 ], [ 9.153211, 45.506614 ], [ 9.15381, 45.506743 ], [ 9.153907, 45.506762 ], [ 9.154722, 45.507071 ], [ 9.155883, 45.507982 ], [ 9.156446, 45.508131 ], [ 9.158514, 45.505744 ], [ 9.15906, 45.504172 ], [ 9.159648, 45.503489 ], [ 9.15983, 45.502723 ], [ 9.159864, 45.502004 ], [ 9.159877, 45.501957 ], [ 9.158447, 45.49777 ], [ 9.158279, 45.497783 ], [ 9.157916, 45.498026 ], [ 9.157486, 45.498104 ], [ 9.155431, 45.498386 ], [ 9.154652, 45.498685 ], [ 9.154176, 45.498946 ], [ 9.154032, 45.499036 ], [ 9.153877, 45.498974 ], [ 9.152248, 45.498705 ], [ 9.151482, 45.498393 ], [ 9.151193, 45.498425 ], [ 9.14966, 45.497672 ], [ 9.149365, 45.497027 ], [ 9.150084, 45.495754 ], [ 9.150021, 45.495341 ], [ 9.14837, 45.494202 ], [ 9.148156, 45.493731 ], [ 9.147394, 45.493243 ], [ 9.146784, 45.492717 ], [ 9.146652, 45.492676 ], [ 9.146642, 45.492674 ], [ 9.146621, 45.492664 ], [ 9.146326, 45.492752 ], [ 9.145168, 45.49293 ], [ 9.144515, 45.492535 ], [ 9.143623, 45.49243 ], [ 9.143376, 45.492391 ], [ 9.143149, 45.492449 ], [ 9.14312, 45.492711 ], [ 9.142671, 45.493889 ], [ 9.141873, 45.494062 ], [ 9.141873, 45.494062 ], [ 9.141353, 45.494436 ], [ 9.141226, 45.494481 ], [ 9.140108, 45.494344 ], [ 9.138638, 45.493267 ], [ 9.138406, 45.493025 ], [ 9.138142, 45.49399 ], [ 9.13788, 45.494696 ], [ 9.137649, 45.495244 ], [ 9.137233, 45.495776 ], [ 9.136624, 45.496209 ], [ 9.136203, 45.496221 ], [ 9.135355, 45.496441 ], [ 9.135457, 45.496964 ], [ 9.135329, 45.497822 ], [ 9.135424, 45.498338 ], [ 9.13454, 45.498335 ], [ 9.134247, 45.49826 ], [ 9.134185, 45.498201 ] ] ] } },
{ "type": "Feature", "properties": { "postcode": "20157", "iou_vs_official": 0.6584, "match_status": "matched", "n_seed_addresses": 80 }, "geometry": { "type": "Polygon", "coordinates": [ [ [ 9.126951, 45.507311 ], [ 9.125137, 45.507162 ], [ 9.124411, 45.508058 ], [ 9.121405, 45.510137 ], [ 9.115849, 45.505556 ], [ 9.114861, 45.505326 ], [ 9.114847, 45.505329 ], [ 9.112619, 45.506513 ], [ 9.111491, 45.508391 ], [ 9.109826, 45.509999 ], [ 9.109785, 45.510059 ], [ 9.109244, 45.523675 ], [ 9.109387, 45.523447 ], [ 9.109594, 45.523164 ], [ 9.109647, 45.523087 ], [ 9.109661, 45.523083 ], [ 9.109705, 45.523129 ], [ 9.109778, 45.52309 ], [ 9.109786, 45.523086 ], [ 9.109806, 45.523075 ], [ 9.109884, 45.523036 ], [ 9.109896, 45.523029 ], [ 9.109904, 45.523025 ], [ 9.109944, 45.523004 ], [ 9.110116, 45.522931 ], [ 9.110129, 45.522925 ], [ 9.11025, 45.522872 ], [ 9.110277, 45.522861 ], [ 9.110415, 45.522802 ], [ 9.110441, 45.522791 ], [ 9.110503, 45.522766 ], [ 9.110584, 45.522701 ], [ 9.110626, 45.522664 ], [ 9.110639, 45.522651 ], [ 9.110647, 45.522643 ], [ 9.110785, 45.522469 ], [ 9.110825, 45.52242 ], [ 9.110845, 45.522396 ], [ 9.110912, 45.522314 ], [ 9.110923, 45.522302 ], [ 9.111029, 45.522223 ], [ 9.111061, 45.522196 ], [ 9.111068, 45.522192 ], [ 9.111171, 45.52211 ], [ 9.111284, 45.522018 ], [ 9.111324, 45.521986 ], [ 9.111422, 45.521908 ], [ 9.111592, 45.521776 ], [ 9.111593, 45.521775 ], [ 9.111726, 45.521669 ], [ 9.111753, 45.521648 ], [ 9.111766, 45.521638 ], [ 9.111919, 45.52152 ], [ 9.111944, 45.521499 ], [ 9.112018, 45.521439 ], [ 9.112105, 45.521374 ], [ 9.112119, 45.521363 ], [ 9.112245, 45.521262 ], [ 9.112314, 45.521211 ], [ 9.112355, 45.521178 ], [ 9.112509, 45.521058 ], [ 9.112579, 45.521007 ], [ 9.112606, 45.520989 ], [ 9.112668, 45.520946 ], [ 9.112712, 45.520916 ], [ 9.112729, 45.520904 ], [ 9.112881, 45.5208 ], [ 9.113202, 45.520743 ], [ 9.11358, 45.520676 ], [ 9.113853, 45.520628 ], [ 9.113922, 45.520616 ], [ 9.114535, 45.520486 ], [ 9.114885, 45.520412 ], [ 9.114993, 45.520391 ], [ 9.115062, 45.52038 ], [ 9.115109, 45.520373 ], [ 9.115173, 45.520363 ], [ 9.115203, 45.520358 ], [ 9.115219, 45.520355 ], [ 9.115322, 45.520339 ], [ 9.115411, 45.520325 ], [ 9.115461, 45.520319 ], [ 9.115508, 45.520313 ], [ 9.115544, 45.520309 ], [ 9.115583, 45.520304 ], [ 9.115615, 45.5203 ], [ 9.115633, 45.520298 ], [ 9.115654, 45.520296 ], [ 9.115671, 45.520295 ], [ 9.115697, 45.520293 ], [ 9.115706, 45.520285 ], [ 9.115724, 45.520292 ], [ 9.11578, 45.520287 ], [ 9.115798, 45.520286 ], [ 9.115828, 45.520285 ], [ 9.115867, 45.520282 ], [ 9.115925, 45.520278 ], [ 9.115971, 45.520275 ], [ 9.116015, 45.520273 ], [ 9.116126, 45.520267 ], [ 9.11629, 45.520209 ], [ 9.116322, 45.520198 ], [ 9.116324, 45.520198 ], [ 9.116357, 45.520192 ], [ 9.116441, 45.520157 ], [ 9.11647, 45.520147 ], [ 9.11648, 45.520143 ], [ 9.116519, 45.52013 ], [ 9.116613, 45.520096 ], [ 9.116615, 45.520095 ], [ 9.11662, 45.520094 ], [ 9.116641, 45.520087 ], [ 9.116714, 45.520046 ], [ 9.116779, 45.52001 ], [ 9.116807, 45.519992 ], [ 9.11683, 45.519978 ], [ 9.116842, 45.519971 ], [ 9.116906, 45.519931 ], [ 9.117, 45.51987 ], [ 9.117193, 45.519752 ], [ 9.117231, 45.519732 ], [ 9.117248, 45.519723 ], [ 9.11738, 45.51965 ], [ 9.117386, 45.519646 ], [ 9.117484, 45.519592 ], [ 9.117797, 45.519415 ], [ 9.117839, 45.519374 ], [ 9.117907, 45.519316 ], [ 9.117939, 45.519333 ], [ 9.118003, 45.519264 ], [ 9.118027, 45.519225 ], [ 9.118069, 45.519196 ], [ 9.118093, 45.51917 ], [ 9.118129, 45.519133 ], [ 9.118138, 45.519123 ], [ 9.118198, 45.519057 ], [ 9.11821, 45.519044 ], [ 9.118224, 45.519029 ], [ 9.118234, 45.519018 ], [ 9.118234, 45.519018 ], [ 9.118242, 45.51901 ], [ 9.118251, 45.519001 ], [ 9.118262, 45.518991 ], [ 9.118269, 45.518985 ], [ 9.118279, 45.518977 ], [ 9.118295, 45.518972 ], [ 9.118314, 45.518972 ], [ 9.118355, 45.518974 ], [ 9.118398, 45.51898 ], [ 9.118456, 45.51899 ], [ 9.118388, 45.519076 ], [ 9.117654, 45.520011 ], [ 9.117767, 45.520042 ], [ 9.117919, 45.520083 ], [ 9.117865, 45.520253 ], [ 9.117902, 45.520256 ], [ 9.117864, 45.520594 ], [ 9.117833, 45.520823 ], [ 9.117799, 45.521056 ], [ 9.117753, 45.521357 ], [ 9.117724, 45.521521 ], [ 9.117707, 45.521644 ], [ 9.117714, 45.521645 ], [ 9.119461, 45.521787 ], [ 9.119516, 45.521791 ], [ 9.119567, 45.521795 ], [ 9.119815, 45.521815 ], [ 9.119901, 45.521759 ], [ 9.120019, 45.521684 ], [ 9.120019, 45.521686 ], [ 9.120108, 45.52163 ], [ 9.120173, 45.521588 ], [ 9.120232, 45.521548 ], [ 9.120265, 45.52139 ], [ 9.120283, 45.521297 ], [ 9.120285, 45.521268 ], [ 9.120296, 45.52121 ], [ 9.12035, 45.520916 ], [ 9.120361, 45.52079 ], [ 9.120378, 45.520655 ], [ 9.120446, 45.520661 ], [ 9.120674, 45.520681 ], [ 9.120744, 45.520687 ], [ 9.120806, 45.520693 ], [ 9.120949, 45.520709 ], [ 9.121089, 45.520724 ], [ 9.121581, 45.520779 ], [ 9.121774, 45.5208 ], [ 9.122049, 45.520828 ], [ 9.122398, 45.520864 ], [ 9.122468, 45.520872 ], [ 9.122549, 45.520505 ], [ 9.122552, 45.520488 ], [ 9.122733, 45.520509 ], [ 9.123581, 45.520621 ], [ 9.123778, 45.520647 ], [ 9.123586, 45.520966 ], [ 9.123571, 45.520991 ], [ 9.123555, 45.521267 ], [ 9.123591, 45.521317 ], [ 9.123697, 45.521468 ], [ 9.123815, 45.521669 ], [ 9.12403, 45.52204 ], [ 9.124036, 45.522289 ], [ 9.124038, 45.522356 ], [ 9.124037, 45.522368 ], [ 9.124035, 45.522434 ], [ 9.124023, 45.522675 ], [ 9.124, 45.522725 ], [ 9.123972, 45.522758 ], [ 9.123936, 45.522789 ], [ 9.123936, 45.522789 ], [ 9.123935, 45.522789 ], [ 9.123964, 45.522791 ], [ 9.124031, 45.522794 ], [ 9.124208, 45.522787 ], [ 9.124312, 45.522783 ], [ 9.124356, 45.52278 ], [ 9.12449, 45.522791 ], [ 9.124569, 45.522797 ], [ 9.124626, 45.522793 ], [ 9.124716, 45.522786 ], [ 9.124803, 45.52278 ], [ 9.124928, 45.522781 ], [ 9.124978, 45.522782 ], [ 9.124979, 45.522782 ], [ 9.125, 45.522782 ], [ 9.125052, 45.522782 ], [ 9.12516, 45.522783 ], [ 9.125194, 45.522784 ], [ 9.125482, 45.522812 ], [ 9.125607, 45.522824 ], [ 9.125659, 45.522781 ], [ 9.125632, 45.522825 ], [ 9.126036, 45.522838 ], [ 9.126244, 45.522845 ], [ 9.126297, 45.522852 ], [ 9.126537, 45.52286 ], [ 9.126797, 45.522869 ], [ 9.126877, 45.522872 ], [ 9.126998, 45.522874 ], [ 9.127225, 45.522877 ], [ 9.127422, 45.522885 ], [ 9.127477, 45.522885 ], [ 9.127669, 45.522888 ], [ 9.127752, 45.522892 ], [ 9.12784, 45.522893 ], [ 9.127945, 45.522895 ], [ 9.128176, 45.522897 ], [ 9.128451, 45.522905 ], [ 9.128897, 45.522917 ], [ 9.128965, 45.522917 ], [ 9.128856, 45.52354 ], [ 9.128467, 45.524082 ], [ 9.128327, 45.524873 ], [ 9.128533, 45.52496 ], [ 9.128601, 45.524988 ], [ 9.128636, 45.525003 ], [ 9.128684, 45.525012 ], [ 9.128708, 45.524974 ], [ 9.128721, 45.524958 ], [ 9.128733, 45.524942 ], [ 9.128746, 45.524926 ], [ 9.128759, 45.52491 ], [ 9.128772, 45.524894 ], [ 9.128786, 45.524879 ], [ 9.1288, 45.524863 ], [ 9.128814, 45.524848 ], [ 9.128828, 45.524833 ], [ 9.128844, 45.524819 ], [ 9.128861, 45.524805 ], [ 9.128875, 45.524794 ], [ 9.128878, 45.524792 ], [ 9.128895, 45.524778 ], [ 9.128912, 45.524765 ], [ 9.12893, 45.524752 ], [ 9.128948, 45.524739 ], [ 9.128965, 45.524726 ], [ 9.128983, 45.524713 ], [ 9.129001, 45.5247 ], [ 9.129018, 45.524686 ], [ 9.129035, 45.524673 ], [ 9.129052, 45.524659 ], [ 9.12907, 45.524647 ], [ 9.129089, 45.524635 ], [ 9.129108, 45.524622 ], [ 9.129129, 45.524609 ], [ 9.129149, 45.524598 ], [ 9.129168, 45.524586 ], [ 9.129188, 45.524574 ], [ 9.129207, 45.524562 ], [ 9.129227, 45.524551 ], [ 9.129247, 45.524539 ], [ 9.129266, 45.524527 ], [ 9.129286, 45.524516 ], [ 9.129305, 45.524504 ], [ 9.129324, 45.524492 ], [ 9.129344, 45.52448 ], [ 9.129363, 45.524468 ], [ 9.129382, 45.524456 ], [ 9.1294, 45.524443 ], [ 9.129418, 45.52443 ], [ 9.129436, 45.524417 ], [ 9.129454, 45.524404 ], [ 9.129471, 45.524391 ], [ 9.129497, 45.524371 ], [ 9.129513, 45.524357 ], [ 9.12953, 45.524344 ], [ 9.129546, 45.524329 ], [ 9.129561, 45.524315 ], [ 9.12958, 45.524295 ], [ 9.129595, 45.52428 ], [ 9.129609, 45.524265 ], [ 9.129623, 45.52425 ], [ 9.129636, 45.524234 ], [ 9.12965, 45.524219 ], [ 9.129662, 45.524203 ], [ 9.129674, 45.524188 ], [ 9.12968, 45.52418 ], [ 9.129693, 45.524164 ], [ 9.129706, 45.524149 ], [ 9.129719, 45.524133 ], [ 9.129731, 45.524117 ], [ 9.129744, 45.524102 ], [ 9.129757, 45.524086 ], [ 9.12977, 45.524071 ], [ 9.129783, 45.524055 ], [ 9.129796, 45.52404 ], [ 9.129809, 45.524024 ], [ 9.129827, 45.524001 ], [ 9.129839, 45.523985 ], [ 9.12985, 45.523969 ], [ 9.12986, 45.523952 ], [ 9.12987, 45.523936 ], [ 9.12988, 45.523919 ], [ 9.129891, 45.523903 ], [ 9.12992, 45.523844 ], [ 9.129927, 45.523827 ], [ 9.129934, 45.523809 ], [ 9.129942, 45.523792 ], [ 9.129946, 45.523783 ], [ 9.129958, 45.523759 ], [ 9.12996, 45.523741 ], [ 9.129965, 45.523715 ], [ 9.129967, 45.523697 ], [ 9.129969, 45.523679 ], [ 9.129971, 45.523661 ], [ 9.129972, 45.523643 ], [ 9.129974, 45.523625 ], [ 9.129976, 45.523607 ], [ 9.129977, 45.523589 ], [ 9.129979, 45.523571 ], [ 9.12998, 45.523553 ], [ 9.12998, 45.523535 ], [ 9.12998, 45.523517 ], [ 9.129979, 45.523499 ], [ 9.129978, 45.523481 ], [ 9.129975, 45.523463 ], [ 9.129971, 45.523443 ], [ 9.129967, 45.523425 ], [ 9.129963, 45.523407 ], [ 9.129957, 45.52339 ], [ 9.129951, 45.523372 ], [ 9.129946, 45.523354 ], [ 9.129942, 45.523337 ], [ 9.129939, 45.523319 ], [ 9.129937, 45.523301 ], [ 9.129937, 45.523283 ], [ 9.129939, 45.523264 ], [ 9.129945, 45.523239 ], [ 9.129949, 45.523221 ], [ 9.129954, 45.523204 ], [ 9.129959, 45.523186 ], [ 9.129964, 45.523168 ], [ 9.129969, 45.52315 ], [ 9.129974, 45.523132 ], [ 9.129982, 45.523115 ], [ 9.12999, 45.523098 ], [ 9.129999, 45.523081 ], [ 9.130007, 45.523064 ], [ 9.130017, 45.523048 ], [ 9.130026, 45.523031 ], [ 9.130035, 45.523014 ], [ 9.130044, 45.522997 ], [ 9.130049, 45.522989 ], [ 9.13007, 45.522946 ], [ 9.130076, 45.522935 ], [ 9.130137, 45.522944 ], [ 9.130266, 45.522962 ], [ 9.130368, 45.522976 ], [ 9.131307, 45.523145 ], [ 9.131812, 45.523241 ], [ 9.132357, 45.523482 ], [ 9.132375, 45.52349 ], [ 9.132607, 45.523547 ], [ 9.13263, 45.523553 ], [ 9.132718, 45.523578 ], [ 9.133327, 45.52372 ], [ 9.133419, 45.52374 ], [ 9.133775, 45.523829 ], [ 9.134117, 45.52391 ], [ 9.134326, 45.523958 ], [ 9.134345, 45.523962 ], [ 9.134631, 45.524028 ], [ 9.134848, 45.524079 ], [ 9.13528, 45.52418 ], [ 9.135337, 45.524193 ], [ 9.135451, 45.52422 ], [ 9.135505, 45.524233 ], [ 9.135758, 45.52429 ], [ 9.135837, 45.524002 ], [ 9.135908, 45.523726 ], [ 9.135837, 45.523714 ], [ 9.135527, 45.523664 ], [ 9.135455, 45.523651 ], [ 9.135378, 45.523639 ], [ 9.135302, 45.523627 ], [ 9.135149, 45.523603 ], [ 9.135294, 45.523176 ], [ 9.135298, 45.523162 ], [ 9.135371, 45.522943 ], [ 9.134988, 45.522881 ], [ 9.134587, 45.522815 ], [ 9.134583, 45.522814 ], [ 9.134579, 45.522814 ], [ 9.134567, 45.522812 ], [ 9.134457, 45.522794 ], [ 9.134309, 45.522772 ], [ 9.134324, 45.522725 ], [ 9.134334, 45.522694 ], [ 9.134334, 45.522692 ], [ 9.134424, 45.522418 ], [ 9.134441, 45.522366 ], [ 9.134443, 45.522361 ], [ 9.134471, 45.522277 ], [ 9.13451, 45.522163 ], [ 9.134533, 45.522093 ], [ 9.134653, 45.521635 ], [ 9.134743, 45.521267 ], [ 9.134821, 45.520949 ], [ 9.134822, 45.520939 ], [ 9.134969, 45.520954 ], [ 9.13588, 45.521042 ], [ 9.135902, 45.521044 ], [ 9.13615, 45.52106 ], [ 9.136698, 45.521104 ], [ 9.136775, 45.521109 ], [ 9.136785, 45.521055 ], [ 9.136792, 45.521022 ], [ 9.136835, 45.520785 ], [ 9.136914, 45.520368 ], [ 9.136974, 45.520048 ], [ 9.136986, 45.519986 ], [ 9.137458, 45.520044 ], [ 9.137876, 45.520094 ], [ 9.137942, 45.520102 ], [ 9.13795, 45.520103 ], [ 9.137993, 45.520109 ], [ 9.138057, 45.520116 ], [ 9.138197, 45.520136 ], [ 9.138417, 45.520164 ], [ 9.138462, 45.520167 ], [ 9.138704, 45.5202 ], [ 9.138766, 45.520208 ], [ 9.139034, 45.520244 ], [ 9.139112, 45.520253 ], [ 9.139672, 45.520323 ], [ 9.139718, 45.520329 ], [ 9.13978, 45.520338 ], [ 9.140052, 45.520371 ], [ 9.140351, 45.520408 ], [ 9.140503, 45.520427 ], [ 9.140594, 45.520438 ], [ 9.141237, 45.520519 ], [ 9.141503, 45.520553 ], [ 9.141691, 45.520577 ], [ 9.1417, 45.520578 ], [ 9.141531, 45.521266 ], [ 9.14137, 45.521899 ], [ 9.142079, 45.521976 ], [ 9.14254, 45.522026 ], [ 9.142562, 45.522029 ], [ 9.142597, 45.522032 ], [ 9.142709, 45.522044 ], [ 9.1429, 45.52206 ], [ 9.142954, 45.52177 ], [ 9.143127, 45.5218 ], [ 9.143203, 45.521812 ], [ 9.143208, 45.521813 ], [ 9.143578, 45.521876 ], [ 9.143656, 45.521525 ], [ 9.143748, 45.521538 ], [ 9.143947, 45.521575 ], [ 9.143955, 45.521577 ], [ 9.144117, 45.521611 ], [ 9.144109, 45.521647 ], [ 9.144085, 45.521813 ], [ 9.144051, 45.521963 ], [ 9.14402, 45.5221 ], [ 9.143995, 45.522213 ], [ 9.143989, 45.522265 ], [ 9.143987, 45.522318 ], [ 9.143951, 45.522545 ], [ 9.14395, 45.522573 ], [ 9.143951, 45.522596 ], [ 9.143958, 45.522616 ], [ 9.143958, 45.522639 ], [ 9.143957, 45.522665 ], [ 9.144038, 45.522674 ], [ 9.144064, 45.522677 ], [ 9.144301, 45.522703 ], [ 9.144607, 45.522735 ], [ 9.145025, 45.522779 ], [ 9.145219, 45.522799 ], [ 9.145355, 45.522263 ], [ 9.145389, 45.522134 ], [ 9.145487, 45.521752 ], [ 9.145509, 45.521657 ], [ 9.14554, 45.521522 ], [ 9.145559, 45.521448 ], [ 9.145881, 45.521497 ], [ 9.146178, 45.52154 ], [ 9.146499, 45.521586 ], [ 9.14679, 45.521628 ], [ 9.146971, 45.521653 ], [ 9.147307, 45.521704 ], [ 9.147379, 45.521715 ], [ 9.147504, 45.521733 ], [ 9.147617, 45.521748 ], [ 9.14766, 45.521754 ], [ 9.147725, 45.521763 ], [ 9.147969, 45.521798 ], [ 9.148236, 45.521836 ], [ 9.14833, 45.52185 ], [ 9.148394, 45.521859 ], [ 9.148521, 45.521877 ], [ 9.148748, 45.521167 ], [ 9.148794, 45.521021 ], [ 9.148841, 45.520875 ], [ 9.148818, 45.520873 ], [ 9.148781, 45.52087 ], [ 9.148667, 45.52086 ], [ 9.148388, 45.520836 ], [ 9.148229, 45.52082 ], [ 9.148143, 45.520809 ], [ 9.148136, 45.520777 ], [ 9.148175, 45.520662 ], [ 9.148187, 45.520628 ], [ 9.148299, 45.520302 ], [ 9.148224, 45.52029 ], [ 9.148188, 45.520282 ], [ 9.148141, 45.520274 ], [ 9.147941, 45.520239 ], [ 9.147759, 45.520205 ], [ 9.147688, 45.520192 ], [ 9.14772, 45.520105 ], [ 9.147772, 45.519971 ], [ 9.147809, 45.519879 ], [ 9.147823, 45.519842 ], [ 9.147841, 45.51979 ], [ 9.147863, 45.519737 ], [ 9.147867, 45.519727 ], [ 9.147915, 45.519605 ], [ 9.147975, 45.519464 ], [ 9.148003, 45.519385 ], [ 9.148057, 45.519254 ], [ 9.148064, 45.519236 ], [ 9.148129, 45.519071 ], [ 9.14814, 45.519043 ], [ 9.148199, 45.518894 ], [ 9.148265, 45.518729 ], [ 9.148291, 45.518665 ], [ 9.148316, 45.518599 ], [ 9.148473, 45.518627 ], [ 9.148638, 45.518652 ], [ 9.14865, 45.518655 ], [ 9.149584, 45.518811 ], [ 9.149627, 45.51882 ], [ 9.149637, 45.518792 ], [ 9.149791, 45.518365 ], [ 9.150139, 45.518427 ], [ 9.150322, 45.51846 ], [ 9.150631, 45.518514 ], [ 9.150742, 45.518534 ], [ 9.151281, 45.518629 ], [ 9.151439, 45.51819 ], [ 9.151448, 45.518165 ], [ 9.151483, 45.518066 ], [ 9.151502, 45.51807 ], [ 9.151902, 45.51816 ], [ 9.152027, 45.518189 ], [ 9.152029, 45.51819 ], [ 9.152619, 45.518326 ], [ 9.152618, 45.518327 ], [ 9.152655, 45.518335 ], [ 9.153054, 45.518417 ], [ 9.153142, 45.518435 ], [ 9.153346, 45.518481 ], [ 9.153372, 45.518487 ], [ 9.153417, 45.518497 ], [ 9.153505, 45.518515 ], [ 9.153519, 45.518518 ], [ 9.153549, 45.518522 ], [ 9.153711, 45.518554 ], [ 9.153781, 45.518568 ], [ 9.153871, 45.518591 ], [ 9.153881, 45.518593 ], [ 9.153819, 45.518701 ], [ 9.153715, 45.518829 ], [ 9.15371, 45.518835 ], [ 9.15367, 45.518884 ], [ 9.153589, 45.518984 ], [ 9.153585, 45.518988 ], [ 9.153496, 45.519075 ], [ 9.152908, 45.519369 ], [ 9.15161, 45.520194 ], [ 9.151527, 45.520271 ], [ 9.151248, 45.520728 ], [ 9.150979, 45.521167 ], [ 9.151223, 45.521162 ], [ 9.151351, 45.521166 ], [ 9.151455, 45.521187 ], [ 9.15153, 45.521202 ], [ 9.151521, 45.521256 ], [ 9.151511, 45.521292 ], [ 9.151502, 45.521322 ], [ 9.151499, 45.521336 ], [ 9.151491, 45.521363 ], [ 9.151453, 45.521502 ], [ 9.151423, 45.521615 ], [ 9.1514, 45.521708 ], [ 9.151396, 45.521723 ], [ 9.15135, 45.5219 ], [ 9.151323, 45.522 ], [ 9.151283, 45.52215 ], [ 9.151249, 45.522231 ], [ 9.151242, 45.522256 ], [ 9.151191, 45.522434 ], [ 9.151137, 45.52263 ], [ 9.151989, 45.522536 ], [ 9.1549, 45.520816 ], [ 9.158377, 45.518861 ], [ 9.156647, 45.514949 ], [ 9.156292, 45.514223 ], [ 9.156756, 45.513494 ], [ 9.156852, 45.508519 ], [ 9.156446, 45.508131 ], [ 9.155883, 45.507982 ], [ 9.154722, 45.507071 ], [ 9.153907, 45.506762 ], [ 9.15381, 45.506743 ], [ 9.153211, 45.506614 ], [ 9.152222, 45.506272 ], [ 9.151886, 45.506126 ], [ 9.151544, 45.505945 ], [ 9.150892, 45.505446 ], [ 9.15082, 45.505427 ], [ 9.149571, 45.505167 ], [ 9.148837, 45.505323 ], [ 9.14722, 45.505599 ], [ 9.147015, 45.505722 ], [ 9.143023, 45.508948 ], [ 9.14135, 45.507688 ], [ 9.138777, 45.508246 ], [ 9.137351, 45.508818 ], [ 9.136258, 45.509302 ], [ 9.135369, 45.50832 ], [ 9.1346, 45.507815 ], [ 9.133189, 45.507573 ], [ 9.13261, 45.507656 ], [ 9.13185, 45.506838 ], [ 9.128892, 45.5069 ], [ 9.128743, 45.506765 ], [ 9.126951, 45.507311 ] ] ] } },
{ "type": "Feature", "properties": { "postcode": "20158", "iou_vs_official": 0.7427, "match_status": "matched", "n_seed_addresses": 385 }, "geometry": { "type": "Polygon", "coordinates": [ [ [ 9.159628, 45.497331 ], [ 9.15923, 45.497382 ], [ 9.158447, 45.49777 ], [ 9.159877, 45.501957 ], [ 9.159864, 45.502004 ], [ 9.15983, 45.502723 ], [ 9.159648, 45.503489 ], [ 9.15906, 45.504172 ], [ 9.158514, 45.505744 ], [ 9.156446, 45.508131 ], [ 9.156852, 45.508519 ], [ 9.157376, 45.508718 ], [ 9.161289, 45.509105 ], [ 9.16318, 45.510341 ], [ 9.16345, 45.510308 ], [ 9.164045, 45.510424 ], [ 9.165057, 45.509927 ], [ 9.165546, 45.509472 ], [ 9.165783, 45.509131 ], [ 9.167171, 45.507478 ], [ 9.167741, 45.507195 ], [ 9.16839, 45.507098 ], [ 9.168875, 45.506751 ], [ 9.170122, 45.507038 ], [ 9.171276, 45.507548 ], [ 9.172374, 45.508382 ], [ 9.172434, 45.508454 ], [ 9.173673, 45.508246 ], [ 9.174714, 45.508403 ], [ 9.174874, 45.508447 ], [ 9.175853, 45.50773 ], [ 9.176575, 45.506104 ], [ 9.177622, 45.506628 ], [ 9.177714, 45.506576 ], [ 9.179457, 45.505498 ], [ 9.181759, 45.50638 ], [ 9.181918, 45.504421 ], [ 9.181591, 45.503845 ], [ 9.181489, 45.503451 ], [ 9.181443, 45.503241 ], [ 9.181421, 45.503099 ], [ 9.181381, 45.502816 ], [ 9.181389, 45.502493 ], [ 9.181426, 45.502108 ], [ 9.1816, 45.501672 ], [ 9.181766, 45.501429 ], [ 9.181767, 45.501422 ], [ 9.181817, 45.501248 ], [ 9.181938, 45.500923 ], [ 9.181974, 45.500862 ], [ 9.182098, 45.500757 ], [ 9.182398, 45.500316 ], [ 9.182665, 45.499628 ], [ 9.1834, 45.499117 ], [ 9.18285, 45.49847 ], [ 9.182453, 45.497393 ], [ 9.181335, 45.497635 ], [ 9.181294, 45.497696 ], [ 9.180509, 45.498415 ], [ 9.180399, 45.498551 ], [ 9.180211, 45.498667 ], [ 9.179725, 45.498267 ], [ 9.179634, 45.497 ], [ 9.178823, 45.496543 ], [ 9.178636, 45.496352 ], [ 9.178395, 45.496313 ], [ 9.178048, 45.496344 ], [ 9.176808, 45.497086 ], [ 9.17625, 45.49702 ], [ 9.176342, 45.496197 ], [ 9.176334, 45.496122 ], [ 9.176509, 45.494953 ], [ 9.175094, 45.491662 ], [ 9.174721, 45.49178 ], [ 9.174546, 45.491807 ], [ 9.172632, 45.493446 ], [ 9.172605, 45.493451 ], [ 9.170614, 45.493446 ], [ 9.169881, 45.493319 ], [ 9.169443, 45.493422 ], [ 9.168813, 45.49411 ], [ 9.167367, 45.495072 ], [ 9.167285, 45.495286 ], [ 9.166961, 45.495672 ], [ 9.166781, 45.495852 ], [ 9.165492, 45.496105 ], [ 9.163775, 45.496675 ], [ 9.163724, 45.496666 ], [ 9.161204, 45.497766 ], [ 9.159628, 45.497331 ] ] ] } },
{ "type": "Feature", "properties": { "postcode": "20159", "iou_vs_official": 0.808, "match_status": "matched", "n_seed_addresses": 892 }, "geometry": { "type": "Polygon", "coordinates": [ [ [ 9.177875, 45.488649 ], [ 9.177488, 45.489212 ], [ 9.177126, 45.490446 ], [ 9.177062, 45.490493 ], [ 9.175318, 45.491555 ], [ 9.175094, 45.491662 ], [ 9.176509, 45.494953 ], [ 9.176334, 45.496122 ], [ 9.176342, 45.496197 ], [ 9.17625, 45.49702 ], [ 9.176808, 45.497086 ], [ 9.178048, 45.496344 ], [ 9.178395, 45.496313 ], [ 9.178636, 45.496352 ], [ 9.178823, 45.496543 ], [ 9.179634, 45.497 ], [ 9.179725, 45.498267 ], [ 9.180211, 45.498667 ], [ 9.180399, 45.498551 ], [ 9.180509, 45.498415 ], [ 9.181294, 45.497696 ], [ 9.181335, 45.497635 ], [ 9.182453, 45.497393 ], [ 9.18285, 45.49847 ], [ 9.1834, 45.499117 ], [ 9.182665, 45.499628 ], [ 9.182398, 45.500316 ], [ 9.182098, 45.500757 ], [ 9.181974, 45.500862 ], [ 9.181938, 45.500923 ], [ 9.181817, 45.501248 ], [ 9.181767, 45.501422 ], [ 9.181766, 45.501429 ], [ 9.1816, 45.501672 ], [ 9.181426, 45.502108 ], [ 9.181389, 45.502493 ], [ 9.181381, 45.502816 ], [ 9.181421, 45.503099 ], [ 9.181443, 45.503241 ], [ 9.181489, 45.503451 ], [ 9.181591, 45.503845 ], [ 9.181918, 45.504421 ], [ 9.181759, 45.50638 ], [ 9.183242, 45.509296 ], [ 9.183269, 45.50934 ], [ 9.183285, 45.509351 ], [ 9.187258, 45.50513 ], [ 9.189102, 45.50539 ], [ 9.190439, 45.50482 ], [ 9.190488, 45.504816 ], [ 9.190947, 45.504808 ], [ 9.191776, 45.505296 ], [ 9.192852, 45.505358 ], [ 9.193103, 45.505324 ], [ 9.194005, 45.5053 ], [ 9.194061, 45.505287 ], [ 9.194179, 45.505271 ], [ 9.19493, 45.505262 ], [ 9.195998, 45.504537 ], [ 9.196088, 45.504414 ], [ 9.196294, 45.504174 ], [ 9.198168, 45.50473 ], [ 9.198781, 45.504788 ], [ 9.198863, 45.504714 ], [ 9.198753, 45.503201 ], [ 9.198697, 45.502926 ], [ 9.198626, 45.502822 ], [ 9.1986, 45.502795 ], [ 9.198474, 45.502556 ], [ 9.198441, 45.502311 ], [ 9.198444, 45.502277 ], [ 9.19837, 45.502068 ], [ 9.198211, 45.501779 ], [ 9.198194, 45.50177 ], [ 9.198125, 45.501761 ], [ 9.197817, 45.501682 ], [ 9.197794, 45.50159 ], [ 9.197713, 45.501173 ], [ 9.197451, 45.500857 ], [ 9.197426, 45.500834 ], [ 9.197383, 45.500622 ], [ 9.197204, 45.50042 ], [ 9.197038, 45.500221 ], [ 9.197167, 45.499749 ], [ 9.197078, 45.499667 ], [ 9.196632, 45.499433 ], [ 9.196571, 45.499415 ], [ 9.196226, 45.498923 ], [ 9.196221, 45.49892 ], [ 9.196163, 45.498496 ], [ 9.19605, 45.498264 ], [ 9.196031, 45.498244 ], [ 9.195973, 45.49814 ], [ 9.195963, 45.498116 ], [ 9.195907, 45.498024 ], [ 9.1958, 45.497733 ], [ 9.195792, 45.497691 ], [ 9.195799, 45.497641 ], [ 9.19569, 45.49748 ], [ 9.195629, 45.497365 ], [ 9.195573, 45.497187 ], [ 9.195547, 45.496996 ], [ 9.195547, 45.496805 ], [ 9.195572, 45.496629 ], [ 9.19551, 45.496593 ], [ 9.195203, 45.496353 ], [ 9.195086, 45.496247 ], [ 9.194795, 45.49616 ], [ 9.19466, 45.495661 ], [ 9.194348, 45.495417 ], [ 9.194262, 45.495199 ], [ 9.194043, 45.495024 ], [ 9.193831, 45.494892 ], [ 9.193779, 45.494866 ], [ 9.19373, 45.494846 ], [ 9.193712, 45.49484 ], [ 9.193573, 45.494784 ], [ 9.193572, 45.4947 ], [ 9.193393, 45.493421 ], [ 9.193156, 45.493373 ], [ 9.192931, 45.492963 ], [ 9.192882, 45.492903 ], [ 9.192667, 45.492295 ], [ 9.192557, 45.492144 ], [ 9.19254, 45.492128 ], [ 9.192519, 45.492066 ], [ 9.192464, 45.49195 ], [ 9.192463, 45.491949 ], [ 9.192409, 45.491834 ], [ 9.192348, 45.491748 ], [ 9.192292, 45.491595 ], [ 9.192157, 45.491472 ], [ 9.192154, 45.491465 ], [ 9.192146, 45.491428 ], [ 9.192104, 45.491317 ], [ 9.192042, 45.491205 ], [ 9.192035, 45.491184 ], [ 9.19199, 45.491107 ], [ 9.191948, 45.491048 ], [ 9.191941, 45.491041 ], [ 9.191863, 45.490841 ], [ 9.191811, 45.490784 ], [ 9.191744, 45.490676 ], [ 9.191727, 45.490659 ], [ 9.191701, 45.490597 ], [ 9.191658, 45.490523 ], [ 9.191626, 45.490447 ], [ 9.191568, 45.490363 ], [ 9.191523, 45.490249 ], [ 9.191428, 45.489913 ], [ 9.191432, 45.489859 ], [ 9.191483, 45.489802 ], [ 9.191584, 45.48977 ], [ 9.191602, 45.489765 ], [ 9.191791, 45.489748 ], [ 9.192099, 45.489762 ], [ 9.192287, 45.489204 ], [ 9.192284, 45.488914 ], [ 9.192202, 45.488868 ], [ 9.192041, 45.488851 ], [ 9.191972, 45.488883 ], [ 9.191829, 45.488925 ], [ 9.191691, 45.48893 ], [ 9.19154, 45.488836 ], [ 9.191438, 45.488751 ], [ 9.191128, 45.488761 ], [ 9.190921, 45.489001 ], [ 9.190761, 45.489026 ], [ 9.190579, 45.488441 ], [ 9.190572, 45.488427 ], [ 9.190553, 45.48835 ], [ 9.190532, 45.488306 ], [ 9.190509, 45.488241 ], [ 9.19049, 45.48818 ], [ 9.190476, 45.488116 ], [ 9.190474, 45.488111 ], [ 9.190465, 45.488084 ], [ 9.190435, 45.488066 ], [ 9.190388, 45.488054 ], [ 9.190247, 45.487992 ], [ 9.190223, 45.487985 ], [ 9.190166, 45.487952 ], [ 9.190124, 45.487934 ], [ 9.190061, 45.487901 ], [ 9.190031, 45.487881 ], [ 9.18996, 45.487859 ], [ 9.189879, 45.487817 ], [ 9.189824, 45.487781 ], [ 9.189776, 45.487773 ], [ 9.189637, 45.487703 ], [ 9.189536, 45.487604 ], [ 9.189479, 45.487491 ], [ 9.189383, 45.487165 ], [ 9.189383, 45.487164 ], [ 9.18941, 45.486962 ], [ 9.189379, 45.48692 ], [ 9.189317, 45.48675 ], [ 9.189296, 45.48667 ], [ 9.189108, 45.486426 ], [ 9.189132, 45.486214 ], [ 9.189169, 45.486022 ], [ 9.189145, 45.485247 ], [ 9.18905, 45.485011 ], [ 9.188891, 45.484972 ], [ 9.18869, 45.484931 ], [ 9.18859, 45.484919 ], [ 9.188543, 45.484954 ], [ 9.188297, 45.48508 ], [ 9.187687, 45.485593 ], [ 9.187643, 45.485604 ], [ 9.187033, 45.485355 ], [ 9.187023, 45.485353 ], [ 9.186554, 45.485345 ], [ 9.186343, 45.485322 ], [ 9.186324, 45.485317 ], [ 9.185973, 45.485386 ], [ 9.185818, 45.485363 ], [ 9.185478, 45.485657 ], [ 9.185126, 45.485846 ], [ 9.185121, 45.485849 ], [ 9.184734, 45.486037 ], [ 9.184582, 45.486072 ], [ 9.183984, 45.486075 ], [ 9.183929, 45.486093 ], [ 9.18383, 45.486106 ], [ 9.183811, 45.48611 ], [ 9.183726, 45.486162 ], [ 9.183524, 45.486272 ], [ 9.182824, 45.486438 ], [ 9.182822, 45.486439 ], [ 9.182496, 45.48652 ], [ 9.181339, 45.486893 ], [ 9.179925, 45.486769 ], [ 9.179414, 45.48708 ], [ 9.179253, 45.487153 ], [ 9.178621, 45.487403 ], [ 9.178156, 45.488085 ], [ 9.177875, 45.488649 ] ] ] } },
{ "type": "Feature", "properties": { "postcode": "20161", "iou_vs_official": 0.8876, "match_status": "matched", "n_seed_addresses": 209 }, "geometry": { "type": "Polygon", "coordinates": [ [ [ 9.156647, 45.514949 ], [ 9.158377, 45.518861 ], [ 9.1549, 45.520816 ], [ 9.151989, 45.522536 ], [ 9.151137, 45.52263 ], [ 9.151117, 45.522702 ], [ 9.151106, 45.522743 ], [ 9.151053, 45.522933 ], [ 9.151051, 45.522939 ], [ 9.151045, 45.52296 ], [ 9.151034, 45.523021 ], [ 9.151438, 45.523079 ], [ 9.151865, 45.523139 ], [ 9.151875, 45.52314 ], [ 9.151831, 45.523302 ], [ 9.151735, 45.523654 ], [ 9.151684, 45.523807 ], [ 9.151565, 45.524258 ], [ 9.152595, 45.524397 ], [ 9.15248, 45.524892 ], [ 9.152366, 45.525398 ], [ 9.152632, 45.525433 ], [ 9.152623, 45.525463 ], [ 9.152558, 45.5257 ], [ 9.152691, 45.52572 ], [ 9.152787, 45.525733 ], [ 9.152793, 45.525733 ], [ 9.153122, 45.525782 ], [ 9.153546, 45.525843 ], [ 9.153573, 45.525744 ], [ 9.153584, 45.525703 ], [ 9.153595, 45.525661 ], [ 9.153603, 45.525634 ], [ 9.15361, 45.525606 ], [ 9.153623, 45.525558 ], [ 9.153932, 45.525592 ], [ 9.154413, 45.525647 ], [ 9.155106, 45.525727 ], [ 9.155036, 45.525991 ], [ 9.154971, 45.526234 ], [ 9.155509, 45.526301 ], [ 9.155842, 45.526343 ], [ 9.156295, 45.5264 ], [ 9.156363, 45.526408 ], [ 9.156394, 45.526411 ], [ 9.156414, 45.526418 ], [ 9.156238, 45.526987 ], [ 9.156198, 45.527075 ], [ 9.156177, 45.527149 ], [ 9.156072, 45.52752 ], [ 9.155998, 45.527727 ], [ 9.155886, 45.528114 ], [ 9.155806, 45.528363 ], [ 9.155662, 45.528817 ], [ 9.155761, 45.528831 ], [ 9.156172, 45.528887 ], [ 9.15683, 45.528984 ], [ 9.156868, 45.52899 ], [ 9.156917, 45.528998 ], [ 9.156871, 45.529173 ], [ 9.156787, 45.529449 ], [ 9.156593, 45.53009 ], [ 9.157, 45.53014 ], [ 9.156993, 45.53017 ], [ 9.156983, 45.530212 ], [ 9.156809, 45.530935 ], [ 9.156792, 45.531006 ], [ 9.156797, 45.531006 ], [ 9.157807, 45.531144 ], [ 9.157781, 45.531239 ], [ 9.15757, 45.532019 ], [ 9.157507, 45.53225 ], [ 9.157505, 45.53225 ], [ 9.157469, 45.532389 ], [ 9.157824, 45.532493 ], [ 9.15793, 45.532523 ], [ 9.158002, 45.532543 ], [ 9.158421, 45.532665 ], [ 9.158555, 45.5327 ], [ 9.158543, 45.532871 ], [ 9.158532, 45.533005 ], [ 9.158517, 45.533176 ], [ 9.158515, 45.533451 ], [ 9.159384, 45.533556 ], [ 9.159506, 45.533571 ], [ 9.159974, 45.533627 ], [ 9.160301, 45.533667 ], [ 9.160624, 45.533706 ], [ 9.160762, 45.533723 ], [ 9.160838, 45.533733 ], [ 9.161028, 45.533753 ], [ 9.161073, 45.53376 ], [ 9.161189, 45.533777 ], [ 9.161127, 45.533965 ], [ 9.161093, 45.534067 ], [ 9.16103, 45.534259 ], [ 9.16097, 45.534597 ], [ 9.160909, 45.534619 ], [ 9.16098, 45.534628 ], [ 9.161004, 45.534631 ], [ 9.161031, 45.534634 ], [ 9.161069, 45.534628 ], [ 9.161131, 45.534635 ], [ 9.162605, 45.5348 ], [ 9.162971, 45.534841 ], [ 9.163012, 45.534846 ], [ 9.164317, 45.534992 ], [ 9.164286, 45.535149 ], [ 9.164637, 45.535189 ], [ 9.164924, 45.535223 ], [ 9.165008, 45.535232 ], [ 9.165057, 45.535238 ], [ 9.165139, 45.535247 ], [ 9.165198, 45.535254 ], [ 9.165595, 45.5353 ], [ 9.165612, 45.535302 ], [ 9.165666, 45.535308 ], [ 9.165676, 45.535309 ], [ 9.165581, 45.535797 ], [ 9.166038, 45.535839 ], [ 9.166048, 45.535841 ], [ 9.166119, 45.535846 ], [ 9.166384, 45.535872 ], [ 9.166883, 45.535919 ], [ 9.167114, 45.535942 ], [ 9.167168, 45.535946 ], [ 9.167193, 45.53578 ], [ 9.16721, 45.535637 ], [ 9.167211, 45.535633 ], [ 9.167248, 45.535637 ], [ 9.167292, 45.535641 ], [ 9.16737, 45.535651 ], [ 9.16761, 45.53568 ], [ 9.16783, 45.535707 ], [ 9.167921, 45.535718 ], [ 9.167926, 45.535719 ], [ 9.168004, 45.535729 ], [ 9.168106, 45.535741 ], [ 9.168215, 45.535754 ], [ 9.168326, 45.535768 ], [ 9.168651, 45.535809 ], [ 9.168659, 45.535699 ], [ 9.168658, 45.535698 ], [ 9.168723, 45.535711 ], [ 9.16873, 45.535673 ], [ 9.168758, 45.535512 ], [ 9.168759, 45.535506 ], [ 9.168792, 45.535315 ], [ 9.168941, 45.535326 ], [ 9.169203, 45.535343 ], [ 9.169321, 45.535354 ], [ 9.169966, 45.53541 ], [ 9.1702, 45.535425 ], [ 9.170817, 45.53548 ], [ 9.170883, 45.535159 ], [ 9.170898, 45.535081 ], [ 9.171006, 45.535088 ], [ 9.171278, 45.535106 ], [ 9.171488, 45.535124 ], [ 9.171616, 45.53513 ], [ 9.171922, 45.53515 ], [ 9.171964, 45.534921 ], [ 9.172348, 45.534935 ], [ 9.172683, 45.534943 ], [ 9.172783, 45.534946 ], [ 9.172957, 45.534952 ], [ 9.174211, 45.534992 ], [ 9.174166, 45.535583 ], [ 9.174043, 45.535913 ], [ 9.174272, 45.535923 ], [ 9.174332, 45.535925 ], [ 9.17463, 45.535929 ], [ 9.175113, 45.535939 ], [ 9.175689, 45.535947 ], [ 9.175742, 45.53537 ], [ 9.176082, 45.535392 ], [ 9.176485, 45.535418 ], [ 9.176801, 45.535438 ], [ 9.177035, 45.535451 ], [ 9.177101, 45.535456 ], [ 9.177188, 45.535463 ], [ 9.177276, 45.535467 ], [ 9.177652, 45.535494 ], [ 9.177668, 45.535466 ], [ 9.17797, 45.534944 ], [ 9.178028, 45.534877 ], [ 9.178098, 45.534796 ], [ 9.178148, 45.534816 ], [ 9.178246, 45.534855 ], [ 9.178688, 45.535079 ], [ 9.178996, 45.535244 ], [ 9.179065, 45.535287 ], [ 9.17908, 45.535236 ], [ 9.179149, 45.53499 ], [ 9.179163, 45.534991 ], [ 9.17923, 45.535002 ], [ 9.179921, 45.535103 ], [ 9.179963, 45.535109 ], [ 9.18007, 45.535127 ], [ 9.180231, 45.534366 ], [ 9.180249, 45.534281 ], [ 9.180277, 45.534137 ], [ 9.180561, 45.534163 ], [ 9.180786, 45.534196 ], [ 9.181522, 45.534299 ], [ 9.181586, 45.534307 ], [ 9.181636, 45.534314 ], [ 9.181676, 45.53432 ], [ 9.181885, 45.534344 ], [ 9.181914, 45.534287 ], [ 9.18197, 45.534177 ], [ 9.181995, 45.53418 ], [ 9.183001, 45.534325 ], [ 9.183175, 45.533669 ], [ 9.183301, 45.533193 ], [ 9.183398, 45.533207 ], [ 9.183608, 45.533245 ], [ 9.183906, 45.533311 ], [ 9.183894, 45.533123 ], [ 9.183658, 45.532021 ], [ 9.183841, 45.524988 ], [ 9.183837, 45.524981 ], [ 9.181727, 45.521672 ], [ 9.181811, 45.520665 ], [ 9.18368, 45.515849 ], [ 9.183967, 45.513788 ], [ 9.183939, 45.51309 ], [ 9.184351, 45.511966 ], [ 9.183285, 45.509351 ], [ 9.183269, 45.50934 ], [ 9.183242, 45.509296 ], [ 9.181759, 45.50638 ], [ 9.179457, 45.505498 ], [ 9.177714, 45.506576 ], [ 9.177622, 45.506628 ], [ 9.176575, 45.506104 ], [ 9.175853, 45.50773 ], [ 9.174874, 45.508447 ], [ 9.174714, 45.508403 ], [ 9.173673, 45.508246 ], [ 9.172434, 45.508454 ], [ 9.172374, 45.508382 ], [ 9.171276, 45.507548 ], [ 9.170122, 45.507038 ], [ 9.168875, 45.506751 ], [ 9.16839, 45.507098 ], [ 9.167741, 45.507195 ], [ 9.167171, 45.507478 ], [ 9.165783, 45.509131 ], [ 9.165546, 45.509472 ], [ 9.165057, 45.509927 ], [ 9.164045, 45.510424 ], [ 9.16345, 45.510308 ], [ 9.16318, 45.510341 ], [ 9.161289, 45.509105 ], [ 9.157376, 45.508718 ], [ 9.156852, 45.508519 ], [ 9.156756, 45.513494 ], [ 9.156292, 45.514223 ], [ 9.156647, 45.514949 ] ] ] } },
{ "type": "Feature", "properties": { "postcode": "20162", "iou_vs_official": 0.8511, "match_status": "matched", "n_seed_addresses": 142 }, "geometry": { "type": "Polygon", "coordinates": [ [ [ 9.183285, 45.509351 ], [ 9.184351, 45.511966 ], [ 9.183939, 45.51309 ], [ 9.183967, 45.513788 ], [ 9.18368, 45.515849 ], [ 9.181811, 45.520665 ], [ 9.181727, 45.521672 ], [ 9.183837, 45.524981 ], [ 9.183841, 45.524988 ], [ 9.183658, 45.532021 ], [ 9.183894, 45.533123 ], [ 9.183906, 45.533311 ], [ 9.184021, 45.533336 ], [ 9.184244, 45.533358 ], [ 9.184261, 45.53336 ], [ 9.184302, 45.533361 ], [ 9.184299, 45.533336 ], [ 9.184298, 45.533318 ], [ 9.184299, 45.533291 ], [ 9.184302, 45.533273 ], [ 9.184304, 45.533255 ], [ 9.184306, 45.533237 ], [ 9.184307, 45.533218 ], [ 9.184308, 45.533199 ], [ 9.18431, 45.533181 ], [ 9.184314, 45.533163 ], [ 9.184331, 45.533112 ], [ 9.184341, 45.533089 ], [ 9.184349, 45.533072 ], [ 9.184358, 45.533055 ], [ 9.184367, 45.533038 ], [ 9.184378, 45.533022 ], [ 9.184389, 45.533006 ], [ 9.1844, 45.53299 ], [ 9.184411, 45.532973 ], [ 9.184422, 45.532957 ], [ 9.184432, 45.53294 ], [ 9.184441, 45.532923 ], [ 9.184449, 45.532907 ], [ 9.184457, 45.532889 ], [ 9.184466, 45.532872 ], [ 9.184479, 45.532855 ], [ 9.184491, 45.532839 ], [ 9.184503, 45.532823 ], [ 9.184514, 45.532807 ], [ 9.184527, 45.532791 ], [ 9.184539, 45.532775 ], [ 9.184551, 45.532759 ], [ 9.184561, 45.532742 ], [ 9.184571, 45.532725 ], [ 9.184581, 45.532709 ], [ 9.184589, 45.532691 ], [ 9.184599, 45.532668 ], [ 9.184606, 45.532651 ], [ 9.184612, 45.532633 ], [ 9.184619, 45.532616 ], [ 9.184626, 45.532589 ], [ 9.184629, 45.532571 ], [ 9.184633, 45.532549 ], [ 9.184635, 45.532531 ], [ 9.184638, 45.532513 ], [ 9.184642, 45.532495 ], [ 9.184646, 45.532477 ], [ 9.184649, 45.532459 ], [ 9.18465, 45.532453 ], [ 9.184652, 45.532441 ], [ 9.184653, 45.532423 ], [ 9.184655, 45.532405 ], [ 9.184658, 45.532379 ], [ 9.18466, 45.532361 ], [ 9.184663, 45.532334 ], [ 9.184663, 45.532316 ], [ 9.184664, 45.532298 ], [ 9.184665, 45.53228 ], [ 9.184666, 45.532262 ], [ 9.184667, 45.532244 ], [ 9.184667, 45.532226 ], [ 9.184667, 45.532207 ], [ 9.184669, 45.532189 ], [ 9.184671, 45.532171 ], [ 9.184673, 45.532154 ], [ 9.184676, 45.532136 ], [ 9.184678, 45.532117 ], [ 9.18468, 45.532096 ], [ 9.184682, 45.532078 ], [ 9.184685, 45.53206 ], [ 9.18469, 45.532042 ], [ 9.184695, 45.532024 ], [ 9.184698, 45.531997 ], [ 9.184698, 45.531979 ], [ 9.184701, 45.531956 ], [ 9.184707, 45.531938 ], [ 9.184711, 45.531921 ], [ 9.184716, 45.531903 ], [ 9.184719, 45.531885 ], [ 9.184721, 45.531867 ], [ 9.184723, 45.531849 ], [ 9.184724, 45.531831 ], [ 9.184725, 45.531813 ], [ 9.184725, 45.531794 ], [ 9.184725, 45.531776 ], [ 9.184724, 45.531758 ], [ 9.184723, 45.531739 ], [ 9.184723, 45.531721 ], [ 9.184722, 45.531703 ], [ 9.184724, 45.531676 ], [ 9.184726, 45.531658 ], [ 9.184728, 45.531631 ], [ 9.184729, 45.531613 ], [ 9.18473, 45.531595 ], [ 9.184731, 45.531577 ], [ 9.184733, 45.531559 ], [ 9.184736, 45.531542 ], [ 9.184738, 45.531524 ], [ 9.18474, 45.531506 ], [ 9.184742, 45.531487 ], [ 9.184745, 45.531469 ], [ 9.184749, 45.531452 ], [ 9.18471, 45.53132 ], [ 9.184742, 45.531218 ], [ 9.184785, 45.531062 ], [ 9.184921, 45.530574 ], [ 9.184948, 45.530579 ], [ 9.185249, 45.530612 ], [ 9.185381, 45.530626 ], [ 9.185424, 45.530631 ], [ 9.185683, 45.53066 ], [ 9.185832, 45.530676 ], [ 9.185994, 45.530694 ], [ 9.186197, 45.530716 ], [ 9.186553, 45.530765 ], [ 9.186592, 45.530771 ], [ 9.186591, 45.530745 ], [ 9.186593, 45.53073 ], [ 9.186616, 45.530503 ], [ 9.186643, 45.530279 ], [ 9.186673, 45.530076 ], [ 9.186673, 45.530066 ], [ 9.18661, 45.530058 ], [ 9.186599, 45.530057 ], [ 9.186543, 45.53005 ], [ 9.186595, 45.529922 ], [ 9.186623, 45.529852 ], [ 9.186626, 45.529847 ], [ 9.186654, 45.529778 ], [ 9.186713, 45.529636 ], [ 9.186726, 45.529603 ], [ 9.186706, 45.529594 ], [ 9.186666, 45.529574 ], [ 9.186737, 45.529496 ], [ 9.186822, 45.529404 ], [ 9.186877, 45.529333 ], [ 9.187106, 45.52904 ], [ 9.187115, 45.529029 ], [ 9.187131, 45.529015 ], [ 9.187147, 45.529001 ], [ 9.187163, 45.528986 ], [ 9.187177, 45.528971 ], [ 9.187191, 45.528957 ], [ 9.187206, 45.528942 ], [ 9.18722, 45.528927 ], [ 9.187234, 45.528912 ], [ 9.187249, 45.528897 ], [ 9.187271, 45.528875 ], [ 9.187292, 45.528856 ], [ 9.187308, 45.528842 ], [ 9.187322, 45.528827 ], [ 9.187337, 45.528812 ], [ 9.187352, 45.528798 ], [ 9.187365, 45.528782 ], [ 9.187377, 45.528766 ], [ 9.187389, 45.52875 ], [ 9.187401, 45.528734 ], [ 9.187416, 45.528717 ], [ 9.187429, 45.528702 ], [ 9.187443, 45.528687 ], [ 9.187458, 45.528672 ], [ 9.187472, 45.528657 ], [ 9.187491, 45.528634 ], [ 9.187503, 45.528618 ], [ 9.187514, 45.528601 ], [ 9.187526, 45.528585 ], [ 9.187538, 45.528569 ], [ 9.187551, 45.528554 ], [ 9.187563, 45.528538 ], [ 9.187576, 45.528522 ], [ 9.18759, 45.528507 ], [ 9.187604, 45.528492 ], [ 9.187617, 45.528477 ], [ 9.18763, 45.528461 ], [ 9.187649, 45.528438 ], [ 9.187667, 45.528418 ], [ 9.187681, 45.528403 ], [ 9.187693, 45.528387 ], [ 9.187704, 45.52837 ], [ 9.187718, 45.528355 ], [ 9.187734, 45.52834 ], [ 9.187749, 45.528326 ], [ 9.187763, 45.528311 ], [ 9.187778, 45.528296 ], [ 9.187792, 45.528281 ], [ 9.187807, 45.528266 ], [ 9.187821, 45.528251 ], [ 9.187836, 45.528237 ], [ 9.18786, 45.528216 ], [ 9.187877, 45.528202 ], [ 9.187895, 45.528189 ], [ 9.187912, 45.528175 ], [ 9.187929, 45.528162 ], [ 9.187946, 45.528149 ], [ 9.188009, 45.528092 ], [ 9.188044, 45.528054 ], [ 9.188072, 45.528028 ], [ 9.18811, 45.528 ], [ 9.188128, 45.527987 ], [ 9.188144, 45.527973 ], [ 9.18816, 45.527959 ], [ 9.188178, 45.52794 ], [ 9.188192, 45.527924 ], [ 9.188205, 45.527909 ], [ 9.188218, 45.527893 ], [ 9.18823, 45.527877 ], [ 9.188242, 45.527861 ], [ 9.188255, 45.527846 ], [ 9.188269, 45.527831 ], [ 9.188282, 45.527815 ], [ 9.188295, 45.5278 ], [ 9.188309, 45.527785 ], [ 9.188321, 45.527769 ], [ 9.188339, 45.527748 ], [ 9.188355, 45.527734 ], [ 9.18838, 45.527713 ], [ 9.188397, 45.5277 ], [ 9.188412, 45.527685 ], [ 9.188427, 45.527671 ], [ 9.188444, 45.527657 ], [ 9.188462, 45.527644 ], [ 9.18848, 45.527631 ], [ 9.188498, 45.527618 ], [ 9.188516, 45.527606 ], [ 9.188537, 45.527589 ], [ 9.188552, 45.527575 ], [ 9.188564, 45.527559 ], [ 9.188575, 45.527543 ], [ 9.188587, 45.527526 ], [ 9.188599, 45.527511 ], [ 9.188612, 45.527495 ], [ 9.188626, 45.52748 ], [ 9.18864, 45.527465 ], [ 9.188655, 45.52745 ], [ 9.188672, 45.527435 ], [ 9.18869, 45.527421 ], [ 9.188707, 45.527408 ], [ 9.188722, 45.527393 ], [ 9.188738, 45.527379 ], [ 9.188754, 45.527365 ], [ 9.188769, 45.52735 ], [ 9.188784, 45.527336 ], [ 9.188799, 45.527321 ], [ 9.188815, 45.527307 ], [ 9.188831, 45.527293 ], [ 9.188848, 45.527279 ], [ 9.188865, 45.527257 ], [ 9.188876, 45.527241 ], [ 9.188887, 45.527224 ], [ 9.188898, 45.527208 ], [ 9.188909, 45.527192 ], [ 9.188922, 45.527176 ], [ 9.188934, 45.52716 ], [ 9.188945, 45.527144 ], [ 9.18896, 45.527129 ], [ 9.188978, 45.527116 ], [ 9.188995, 45.527102 ], [ 9.189015, 45.527085 ], [ 9.189088, 45.527093 ], [ 9.189148, 45.527099 ], [ 9.189275, 45.527111 ], [ 9.189563, 45.52714 ], [ 9.189826, 45.527166 ], [ 9.19034, 45.527216 ], [ 9.190392, 45.527221 ], [ 9.190405, 45.527218 ], [ 9.190405, 45.527228 ], [ 9.190402, 45.527304 ], [ 9.190402, 45.527307 ], [ 9.1904, 45.527353 ], [ 9.190384, 45.527631 ], [ 9.190429, 45.527653 ], [ 9.190472, 45.527656 ], [ 9.190492, 45.527658 ], [ 9.190518, 45.527683 ], [ 9.190503, 45.527765 ], [ 9.190516, 45.527782 ], [ 9.190518, 45.527785 ], [ 9.190872, 45.52782 ], [ 9.190979, 45.527831 ], [ 9.191188, 45.527851 ], [ 9.191196, 45.527854 ], [ 9.191243, 45.527887 ], [ 9.19137, 45.527902 ], [ 9.191565, 45.527924 ], [ 9.191746, 45.527944 ], [ 9.191836, 45.527953 ], [ 9.192194, 45.527976 ], [ 9.192586, 45.527999 ], [ 9.192596, 45.527999 ], [ 9.192698, 45.528001 ], [ 9.192669, 45.527731 ], [ 9.192645, 45.527514 ], [ 9.192642, 45.527446 ], [ 9.192637, 45.52739 ], [ 9.192627, 45.527262 ], [ 9.192625, 45.527237 ], [ 9.192698, 45.527235 ], [ 9.192758, 45.527234 ], [ 9.193025, 45.527265 ], [ 9.193279, 45.527303 ], [ 9.193628, 45.527349 ], [ 9.193868, 45.527382 ], [ 9.194035, 45.527406 ], [ 9.19414, 45.527422 ], [ 9.194214, 45.527433 ], [ 9.19425, 45.527437 ], [ 9.194316, 45.527439 ], [ 9.194403, 45.527448 ], [ 9.194538, 45.527479 ], [ 9.194636, 45.527498 ], [ 9.19474, 45.527517 ], [ 9.195087, 45.527572 ], [ 9.195329, 45.527607 ], [ 9.19558, 45.527638 ], [ 9.195735, 45.527654 ], [ 9.195823, 45.527663 ], [ 9.195884, 45.527669 ], [ 9.195999, 45.527679 ], [ 9.196084, 45.527684 ], [ 9.19608, 45.527698 ], [ 9.196072, 45.527725 ], [ 9.196054, 45.527786 ], [ 9.195851, 45.528479 ], [ 9.195656, 45.528458 ], [ 9.195618, 45.528652 ], [ 9.195542, 45.529048 ], [ 9.195486, 45.52933 ], [ 9.195483, 45.529351 ], [ 9.195646, 45.529368 ], [ 9.195724, 45.529376 ], [ 9.195827, 45.529388 ], [ 9.196297, 45.529446 ], [ 9.196413, 45.529461 ], [ 9.196587, 45.529482 ], [ 9.19662, 45.529387 ], [ 9.196638, 45.529337 ], [ 9.196767, 45.528988 ], [ 9.196866, 45.528718 ], [ 9.19694, 45.528518 ], [ 9.197019, 45.528304 ], [ 9.197114, 45.528045 ], [ 9.197104, 45.528043 ], [ 9.197105, 45.52804 ], [ 9.197108, 45.528031 ], [ 9.197111, 45.528013 ], [ 9.197124, 45.527979 ], [ 9.197124, 45.527977 ], [ 9.197135, 45.527951 ], [ 9.19737, 45.527987 ], [ 9.197442, 45.527997 ], [ 9.197507, 45.528006 ], [ 9.197513, 45.527969 ], [ 9.197563, 45.527823 ], [ 9.197572, 45.527796 ], [ 9.197576, 45.527786 ], [ 9.197658, 45.527545 ], [ 9.197755, 45.527268 ], [ 9.197914, 45.527296 ], [ 9.198194, 45.527349 ], [ 9.198544, 45.527416 ], [ 9.199001, 45.527502 ], [ 9.199145, 45.527529 ], [ 9.199092, 45.527631 ], [ 9.199024, 45.527764 ], [ 9.19897, 45.527871 ], [ 9.198936, 45.527937 ], [ 9.198908, 45.527992 ], [ 9.199132, 45.528057 ], [ 9.199297, 45.528107 ], [ 9.199304, 45.528107 ], [ 9.199301, 45.52811 ], [ 9.199185, 45.528267 ], [ 9.199176, 45.528287 ], [ 9.200297, 45.528461 ], [ 9.200491, 45.52849 ], [ 9.200474, 45.528541 ], [ 9.200469, 45.528556 ], [ 9.200461, 45.528582 ], [ 9.200409, 45.528735 ], [ 9.200316, 45.52901 ], [ 9.200232, 45.529259 ], [ 9.200189, 45.529381 ], [ 9.200081, 45.529729 ], [ 9.200662, 45.529814 ], [ 9.200693, 45.529819 ], [ 9.201167, 45.529888 ], [ 9.201317, 45.529379 ], [ 9.201317, 45.529379 ], [ 9.201459, 45.528913 ], [ 9.20151, 45.528745 ], [ 9.201515, 45.528728 ], [ 9.201519, 45.52871 ], [ 9.201531, 45.52865 ], [ 9.201994, 45.52874 ], [ 9.20212, 45.528772 ], [ 9.202111, 45.528813 ], [ 9.202097, 45.528872 ], [ 9.202023, 45.529094 ], [ 9.203031, 45.529207 ], [ 9.20307, 45.529084 ], [ 9.203086, 45.529031 ], [ 9.203091, 45.529013 ], [ 9.203104, 45.528969 ], [ 9.203217, 45.528996 ], [ 9.203456, 45.52904 ], [ 9.20364, 45.529065 ], [ 9.203847, 45.529092 ], [ 9.204077, 45.529122 ], [ 9.204131, 45.529129 ], [ 9.204281, 45.529147 ], [ 9.204549, 45.529185 ], [ 9.204923, 45.529231 ], [ 9.205137, 45.529256 ], [ 9.205297, 45.529272 ], [ 9.205705, 45.529312 ], [ 9.205747, 45.529316 ], [ 9.205898, 45.528743 ], [ 9.206046, 45.52819 ], [ 9.206124, 45.52791 ], [ 9.206128, 45.527895 ], [ 9.206146, 45.527897 ], [ 9.207165, 45.527982 ], [ 9.207366, 45.527998 ], [ 9.207522, 45.528281 ], [ 9.207893, 45.528311 ], [ 9.20804, 45.528323 ], [ 9.210369, 45.528498 ], [ 9.210208, 45.52821 ], [ 9.210215, 45.52821 ], [ 9.210474, 45.528229 ], [ 9.210496, 45.52823 ], [ 9.210739, 45.528249 ], [ 9.211114, 45.528276 ], [ 9.211217, 45.528283 ], [ 9.210911, 45.526466 ], [ 9.210746, 45.525421 ], [ 9.210762, 45.525333 ], [ 9.21007, 45.524592 ], [ 9.210097, 45.52258 ], [ 9.20887, 45.521213 ], [ 9.20794, 45.521501 ], [ 9.206341, 45.520638 ], [ 9.206514, 45.519125 ], [ 9.206451, 45.518981 ], [ 9.206354, 45.518808 ], [ 9.206312, 45.518738 ], [ 9.206219, 45.51855 ], [ 9.206147, 45.518405 ], [ 9.206047, 45.518132 ], [ 9.205267, 45.517312 ], [ 9.205171, 45.517094 ], [ 9.204763, 45.516699 ], [ 9.204722, 45.516407 ], [ 9.20441, 45.515207 ], [ 9.202366, 45.514384 ], [ 9.202025, 45.51427 ], [ 9.202352, 45.513248 ], [ 9.203093, 45.512328 ], [ 9.203179, 45.511691 ], [ 9.203098, 45.511374 ], [ 9.203068, 45.510812 ], [ 9.202939, 45.510594 ], [ 9.202663, 45.510212 ], [ 9.202283, 45.510109 ], [ 9.202002, 45.509909 ], [ 9.201721, 45.509566 ], [ 9.201825, 45.509091 ], [ 9.201825, 45.509086 ], [ 9.201816, 45.508741 ], [ 9.20175, 45.508454 ], [ 9.201746, 45.508448 ], [ 9.201707, 45.50834 ], [ 9.201619, 45.508165 ], [ 9.201611, 45.508129 ], [ 9.201572, 45.508034 ], [ 9.201483, 45.507924 ], [ 9.2013, 45.507461 ], [ 9.201288, 45.507456 ], [ 9.201198, 45.507267 ], [ 9.201006, 45.507005 ], [ 9.200994, 45.506992 ], [ 9.200599, 45.506775 ], [ 9.200289, 45.506668 ], [ 9.200042, 45.506616 ], [ 9.199736, 45.506582 ], [ 9.199688, 45.506544 ], [ 9.199544, 45.506453 ], [ 9.199495, 45.506377 ], [ 9.199485, 45.506364 ], [ 9.199368, 45.50624 ], [ 9.198781, 45.504788 ], [ 9.198168, 45.50473 ], [ 9.196294, 45.504174 ], [ 9.196088, 45.504414 ], [ 9.195998, 45.504537 ], [ 9.19493, 45.505262 ], [ 9.194179, 45.505271 ], [ 9.194061, 45.505287 ], [ 9.194005, 45.5053 ], [ 9.193103, 45.505324 ], [ 9.192852, 45.505358 ], [ 9.191776, 45.505296 ], [ 9.190947, 45.504808 ], [ 9.190488, 45.504816 ], [ 9.190439, 45.50482 ], [ 9.189102, 45.50539 ], [ 9.187258, 45.50513 ], [ 9.183285, 45.509351 ] ] ] } }
]
}
